Trial,StimulusType,Reaction,ReactionTime(ms),ErrorType,Label
1,Target,Yes,802,None,ADHD
2,Non-Target,No,0,None,ADHD
3,Non-Target,No,0,None,ADHD
4,Target,Yes,835,None,ADHD
5,Non-Target,No,0,None,ADHD
6,Non-Target,No,0,None,ADHD
7,Non-Target,No,0,None,ADHD
8,Target,Yes,761,None,ADHD
9,Target,Yes,896,None,ADHD
10,Target,Yes,645,None,ADHD
11,Non-Target,No,0,None,ADHD
12,Non-Target,No,0,None,ADHD
13,Target,Yes,715,None,ADHD
14,Non-Target,Yes,616,Commission,ADHD
15,Target,Yes,951,None,ADHD
16,Non-Target,No,0,None,ADHD
17,Target,No,0,Omission,ADHD
18,Non-Target,No,0,None,ADHD
19,Non-Target,No,0,None,ADHD
20,Non-Target,No,0,None,ADHD
21,Non-Target,No,0,None,ADHD
22,Non-Target,No,0,None,ADHD
23,Non-Target,No,0,None,ADHD
24,Non-Target,No,0,None,ADHD
25,Non-Target,No,0,None,ADHD
26,Target,Yes,920,None,ADHD
27,Non-Target,No,0,None,ADHD
28,Non-Target,No,0,None,ADHD
29,Target,Yes,685,None,ADHD
30,Non-Target,Yes,533,Commission,ADHD
31,Target,Yes,832,None,ADHD
32,Non-Target,No,0,None,ADHD
33,Target,Yes,841,None,ADHD
34,Non-Target,No,0,None,ADHD
35,Target,Yes,480,None,ADHD
36,Non-Target,No,0,None,ADHD
37,Non-Target,No,0,None,ADHD
38,Non-Target,No,0,None,ADHD
39,Non-Target,No,0,None,ADHD
40,Non-Target,No,0,None,ADHD
41,Non-Target,No,0,None,ADHD
42,Target,Yes,819,None,ADHD
43,Non-Target,No,0,None,ADHD
44,Non-Target,No,0,None,ADHD
45,Non-Target,No,0,None,ADHD
46,Target,Yes,749,None,ADHD
47,Non-Target,No,0,None,ADHD
48,Non-Target,No,0,None,ADHD
49,Non-Target,No,0,None,ADHD
50,Non-Target,No,0,None,ADHD
51,Target,Yes,606,None,ADHD
52,Non-Target,Yes,746,Commission,ADHD
53,Non-Target,No,0,None,ADHD
54,Non-Target,No,0,None,ADHD
55,Target,Yes,551,None,ADHD
56,Target,Yes,525,None,ADHD
57,Target,Yes,782,None,ADHD
58,Non-Target,No,0,None,ADHD
59,Non-Target,No,0,None,ADHD
60,Non-Target,No,0,None,ADHD
61,Non-Target,No,0,None,ADHD
62,Non-Target,Yes,604,Commission,ADHD
63,Non-Target,Yes,595,Commission,ADHD
64,Target,No,0,Omission,ADHD
65,Non-Target,No,0,None,ADHD
66,Non-Target,No,0,None,ADHD
67,Target,No,0,Omission,ADHD
68,Non-Target,No,0,None,ADHD
69,Non-Target,No,0,None,ADHD
70,Target,No,0,Omission,ADHD
71,Non-Target,Yes,758,Commission,ADHD
72,Non-Target,No,0,None,ADHD
73,Non-Target,No,0,None,ADHD
74,Non-Target,Yes,654,Commission,ADHD
75,Target,Yes,859,None,ADHD
76,Non-Target,No,0,None,ADHD
77,Non-Target,No,0,None,ADHD
78,Non-Target,No,0,None,ADHD
79,Target,Yes,598,None,ADHD
80,Non-Target,No,0,None,ADHD
81,Non-Target,No,0,None,ADHD
82,Target,Yes,632,None,ADHD
83,Target,Yes,761,None,ADHD
84,Non-Target,No,0,None,ADHD
85,Target,Yes,734,None,ADHD
86,Non-Target,No,0,None,ADHD
87,Target,Yes,869,None,ADHD
88,Non-Target,No,0,None,ADHD
89,Target,Yes,650,None,ADHD
90,Non-Target,No,0,None,ADHD
91,Target,No,0,Omission,ADHD
92,Non-Target,No,0,None,ADHD
93,Non-Target,No,0,None,ADHD
94,Non-Target,No,0,None,ADHD
95,Non-Target,No,0,None,ADHD
96,Non-Target,No,0,None,ADHD
97,Non-Target,No,0,None,ADHD
98,Non-Target,No,0,None,ADHD
99,Non-Target,No,0,None,ADHD
100,Target,Yes,691,None,ADHD
101,Non-Target,No,0,None,ADHD
102,Target,Yes,687,None,ADHD
103,Non-Target,No,0,None,ADHD
104,Non-Target,No,0,None,ADHD
105,Target,Yes,650,None,ADHD
106,Non-Target,Yes,551,Commission,ADHD
107,Non-Target,Yes,749,Commission,ADHD
108,Non-Target,No,0,None,ADHD
109,Non-Target,Yes,768,Commission,ADHD
110,Target,Yes,747,None,ADHD
111,Target,Yes,746,None,ADHD
112,Non-Target,No,0,None,ADHD
113,Target,No,0,Omission,ADHD
114,Target,Yes,643,None,ADHD
115,Non-Target,Yes,887,Commission,ADHD
116,Non-Target,No,0,None,ADHD
117,Non-Target,No,0,None,ADHD
118,Non-Target,No,0,None,ADHD
119,Non-Target,No,0,None,ADHD
120,Non-Target,No,0,None,ADHD
121,Non-Target,No,0,None,ADHD
122,Target,Yes,531,None,ADHD
123,Non-Target,No,0,None,ADHD
124,Non-Target,No,0,None,ADHD
125,Target,Yes,726,None,ADHD
126,Target,Yes,892,None,ADHD
127,Non-Target,No,0,None,ADHD
128,Non-Target,Yes,544,Commission,ADHD
129,Non-Target,No,0,None,ADHD
130,Non-Target,No,0,None,ADHD
131,Non-Target,No,0,None,ADHD
132,Non-Target,No,0,None,ADHD
133,Non-Target,No,0,None,ADHD
134,Non-Target,No,0,None,ADHD
135,Non-Target,No,0,None,ADHD
136,Target,Yes,545,None,ADHD
137,Non-Target,No,0,None,ADHD
138,Non-Target,Yes,547,Commission,ADHD
139,Non-Target,No,0,None,ADHD
140,Non-Target,No,0,None,ADHD
141,Non-Target,No,0,None,ADHD
142,Non-Target,No,0,None,ADHD
143,Non-Target,No,0,None,ADHD
144,Non-Target,No,0,None,ADHD
145,Non-Target,No,0,None,ADHD
146,Target,Yes,702,None,ADHD
147,Target,Yes,564,None,ADHD
148,Non-Target,No,0,None,ADHD
149,Target,Yes,730,None,ADHD
150,Target,Yes,702,None,ADHD
151,Non-Target,No,0,None,ADHD
152,Non-Target,No,0,None,ADHD
153,Non-Target,No,0,None,ADHD
154,Non-Target,No,0,None,ADHD
155,Non-Target,Yes,714,Commission,ADHD
156,Target,No,0,Omission,ADHD
157,Non-Target,No,0,None,ADHD
158,Non-Target,No,0,None,ADHD
159,Target,Yes,650,None,ADHD
160,Target,Yes,815,None,ADHD
161,Non-Target,Yes,643,Commission,ADHD
162,Target,No,0,Omission,ADHD
163,Non-Target,No,0,None,ADHD
164,Non-Target,No,0,None,ADHD
165,Non-Target,No,0,None,ADHD
166,Non-Target,No,0,None,ADHD
167,Non-Target,No,0,None,ADHD
168,Non-Target,No,0,None,ADHD
169,Non-Target,No,0,None,ADHD
170,Non-Target,No,0,None,ADHD
171,Non-Target,No,0,None,ADHD
172,Target,Yes,914,None,ADHD
173,Non-Target,No,0,None,ADHD
174,Non-Target,Yes,889,Commission,ADHD
175,Non-Target,Yes,659,Commission,ADHD
176,Non-Target,No,0,None,ADHD
177,Non-Target,No,0,None,ADHD
178,Target,Yes,712,None,ADHD
179,Non-Target,No,0,None,ADHD
180,Target,Yes,718,None,ADHD
181,Non-Target,No,0,None,ADHD
182,Non-Target,No,0,None,ADHD
183,Non-Target,No,0,None,ADHD
184,Non-Target,No,0,None,ADHD
185,Non-Target,No,0,None,ADHD
186,Target,No,0,Omission,ADHD
187,Target,Yes,891,None,ADHD
188,Target,Yes,681,None,ADHD
189,Non-Target,No,0,None,ADHD
190,Non-Target,No,0,None,ADHD
191,Non-Target,No,0,None,ADHD
192,Non-Target,No,0,None,ADHD
193,Non-Target,No,0,None,ADHD
194,Non-Target,No,0,None,ADHD
195,Target,Yes,773,None,ADHD
196,Target,Yes,879,None,ADHD
197,Target,Yes,739,None,ADHD
198,Non-Target,Yes,474,Commission,ADHD
199,Non-Target,No,0,None,ADHD
200,Non-Target,No,0,None,ADHD
201,Non-Target,No,0,None,ADHD
202,Non-Target,No,0,None,ADHD
203,Non-Target,No,0,None,ADHD
204,Non-Target,Yes,598,Commission,ADHD
205,Non-Target,No,0,None,ADHD
206,Non-Target,No,0,None,ADHD
207,Non-Target,No,0,None,ADHD
208,Non-Target,No,0,None,ADHD
209,Target,No,0,Omission,ADHD
210,Target,No,0,Omission,ADHD
211,Non-Target,No,0,None,ADHD
212,Non-Target,No,0,None,ADHD
213,Non-Target,No,0,None,ADHD
214,Non-Target,No,0,None,ADHD
215,Non-Target,No,0,None,ADHD
216,Non-Target,Yes,623,Commission,ADHD
217,Non-Target,No,0,None,ADHD
218,Non-Target,Yes,761,Commission,ADHD
219,Target,Yes,821,None,ADHD
220,Non-Target,No,0,None,ADHD
221,Non-Target,No,0,None,ADHD
222,Non-Target,No,0,None,ADHD
223,Non-Target,Yes,740,Commission,ADHD
224,Target,Yes,673,None,ADHD
225,Non-Target,No,0,None,ADHD
226,Non-Target,No,0,None,ADHD
227,Non-Target,Yes,692,Commission,ADHD
228,Non-Target,No,0,None,ADHD
229,Non-Target,Yes,683,Commission,ADHD
230,Target,Yes,801,None,ADHD
231,Non-Target,No,0,None,ADHD
232,Target,No,0,Omission,ADHD
233,Non-Target,Yes,766,Commission,ADHD
234,Non-Target,No,0,None,ADHD
235,Non-Target,No,0,None,ADHD
236,Non-Target,No,0,None,ADHD
237,Target,Yes,673,None,ADHD
238,Target,No,0,Omission,ADHD
239,Non-Target,No,0,None,ADHD
240,Target,Yes,955,None,ADHD
241,Non-Target,No,0,None,ADHD
242,Non-Target,No,0,None,ADHD
243,Non-Target,No,0,None,ADHD
244,Non-Target,No,0,None,ADHD
245,Non-Target,No,0,None,ADHD
246,Non-Target,Yes,704,Commission,ADHD
247,Non-Target,No,0,None,ADHD
248,Non-Target,No,0,None,ADHD
249,Target,No,0,Omission,ADHD
250,Non-Target,No,0,None,ADHD
251,Non-Target,No,0,None,ADHD
252,Non-Target,No,0,None,ADHD
253,Target,Yes,691,None,ADHD
254,Non-Target,No,0,None,ADHD
255,Non-Target,Yes,582,Commission,ADHD
256,Non-Target,No,0,None,ADHD
257,Non-Target,Yes,620,Commission,ADHD
258,Non-Target,No,0,None,ADHD
259,Non-Target,No,0,None,ADHD
260,Non-Target,No,0,None,ADHD
261,Non-Target,Yes,786,Commission,ADHD
262,Target,No,0,Omission,ADHD
263,Non-Target,No,0,None,ADHD
264,Non-Target,No,0,None,ADHD
265,Non-Target,No,0,None,ADHD
266,Non-Target,No,0,None,ADHD
267,Non-Target,Yes,649,Commission,ADHD
268,Non-Target,No,0,None,ADHD
269,Target,Yes,832,None,ADHD
270,Target,Yes,811,None,ADHD
271,Non-Target,No,0,None,ADHD
272,Target,No,0,Omission,ADHD
273,Non-Target,No,0,None,ADHD
274,Non-Target,No,0,None,ADHD
275,Non-Target,No,0,None,ADHD
276,Non-Target,No,0,None,ADHD
277,Non-Target,No,0,None,ADHD
278,Target,Yes,667,None,ADHD
279,Target,Yes,645,None,ADHD
280,Non-Target,No,0,None,ADHD
281,Non-Target,Yes,831,Commission,ADHD
282,Target,Yes,924,None,ADHD
283,Target,No,0,Omission,ADHD
284,Non-Target,No,0,None,ADHD
285,Non-Target,No,0,None,ADHD
286,Non-Target,No,0,None,ADHD
287,Non-Target,No,0,None,ADHD
288,Non-Target,No,0,None,ADHD
289,Target,No,0,Omission,ADHD
290,Target,Yes,830,None,ADHD
291,Non-Target,No,0,None,ADHD
292,Non-Target,No,0,None,ADHD
293,Non-Target,No,0,None,ADHD
294,Non-Target,No,0,None,ADHD
295,Non-Target,Yes,825,Commission,ADHD
296,Target,Yes,697,None,ADHD
297,Non-Target,No,0,None,ADHD
298,Target,Yes,577,None,ADHD
299,Target,No,0,Omission,ADHD
300,Non-Target,No,0,None,ADHD
301,Non-Target,No,0,None,ADHD
302,Target,No,0,Omission,ADHD
303,Target,No,0,Omission,ADHD
304,Target,Yes,800,None,ADHD
305,Target,Yes,799,None,ADHD
306,Non-Target,No,0,None,ADHD
307,Target,Yes,675,None,ADHD
308,Target,Yes,632,None,ADHD
309,Non-Target,No,0,None,ADHD
310,Non-Target,No,0,None,ADHD
311,Non-Target,No,0,None,ADHD
312,Non-Target,Yes,604,Commission,ADHD
313,Non-Target,Yes,773,Commission,ADHD
314,Non-Target,No,0,None,ADHD
315,Non-Target,Yes,712,Commission,ADHD
316,Non-Target,No,0,None,ADHD
317,Target,Yes,772,None,ADHD
318,Non-Target,No,0,None,ADHD
319,Non-Target,Yes,694,Commission,ADHD
320,Target,Yes,709,None,ADHD
321,Non-Target,No,0,None,ADHD
322,Target,Yes,591,None,ADHD
323,Non-Target,No,0,None,ADHD
324,Non-Target,Yes,648,Commission,ADHD
325,Non-Target,Yes,835,Commission,ADHD
326,Non-Target,No,0,None,ADHD
327,Non-Target,No,0,None,ADHD
328,Non-Target,No,0,None,ADHD
329,Non-Target,No,0,None,ADHD
330,Target,Yes,785,None,ADHD
331,Non-Target,Yes,826,Commission,ADHD
332,Non-Target,No,0,None,ADHD
333,Non-Target,No,0,None,ADHD
334,Non-Target,No,0,None,ADHD
335,Non-Target,No,0,None,ADHD
336,Non-Target,No,0,None,ADHD
337,Target,Yes,728,None,ADHD
338,Non-Target,No,0,None,ADHD
339,Non-Target,No,0,None,ADHD
340,Non-Target,No,0,None,ADHD
341,Non-Target,No,0,None,ADHD
342,Non-Target,No,0,None,ADHD
343,Non-Target,Yes,808,Commission,ADHD
344,Target,Yes,740,None,ADHD
345,Non-Target,No,0,None,ADHD
346,Non-Target,No,0,None,ADHD
347,Non-Target,No,0,None,ADHD
348,Target,No,0,Omission,ADHD
349,Non-Target,Yes,804,Commission,ADHD
350,Target,No,0,Omission,ADHD
351,Non-Target,No,0,None,ADHD
352,Non-Target,No,0,None,ADHD
353,Non-Target,No,0,None,ADHD
354,Target,Yes,585,None,ADHD
355,Target,Yes,836,None,ADHD
356,Target,Yes,688,None,ADHD
357,Non-Target,No,0,None,ADHD
358,Non-Target,No,0,None,ADHD
359,Non-Target,Yes,794,Commission,ADHD
360,Non-Target,No,0,None,ADHD
361,Non-Target,Yes,714,Commission,ADHD
362,Non-Target,No,0,None,ADHD
363,Target,No,0,Omission,ADHD
364,Non-Target,No,0,None,ADHD
365,Target,Yes,850,None,ADHD
366,Target,Yes,756,None,ADHD
367,Target,Yes,603,None,ADHD
368,Target,Yes,796,None,ADHD
369,Non-Target,No,0,None,ADHD
370,Non-Target,No,0,None,ADHD
371,Target,Yes,760,None,ADHD
372,Target,Yes,656,None,ADHD
373,Non-Target,No,0,None,ADHD
374,Target,Yes,616,None,ADHD
375,Non-Target,No,0,None,ADHD
376,Non-Target,Yes,834,Commission,ADHD
377,Target,Yes,715,None,ADHD
378,Non-Target,No,0,None,ADHD
379,Non-Target,No,0,None,ADHD
380,Target,No,0,Omission,ADHD
381,Non-Target,No,0,None,ADHD
382,Target,Yes,831,None,ADHD
383,Target,No,0,Omission,ADHD
384,Target,Yes,662,None,ADHD
385,Non-Target,No,0,None,ADHD
386,Non-Target,No,0,None,ADHD
387,Non-Target,No,0,None,ADHD
388,Non-Target,No,0,None,ADHD
389,Target,Yes,764,None,ADHD
390,Non-Target,No,0,None,ADHD
391,Non-Target,No,0,None,ADHD
392,Non-Target,No,0,None,ADHD
393,Target,Yes,900,None,ADHD
394,Non-Target,Yes,596,Commission,ADHD
395,Non-Target,No,0,None,ADHD
396,Target,No,0,Omission,ADHD
397,Non-Target,No,0,None,ADHD
398,Non-Target,No,0,None,ADHD
399,Non-Target,No,0,None,ADHD
400,Non-Target,No,0,None,ADHD
401,Target,Yes,567,None,ADHD
402,Non-Target,Yes,880,Commission,ADHD
403,Non-Target,No,0,None,ADHD
404,Non-Target,No,0,None,ADHD
405,Non-Target,No,0,None,ADHD
406,Target,No,0,Omission,ADHD
407,Non-Target,No,0,None,ADHD
408,Target,Yes,733,None,ADHD
409,Non-Target,No,0,None,ADHD
410,Non-Target,No,0,None,ADHD
411,Non-Target,No,0,None,ADHD
412,Non-Target,No,0,None,ADHD
413,Target,Yes,693,None,ADHD
414,Non-Target,No,0,None,ADHD
415,Target,Yes,644,None,ADHD
416,Target,Yes,625,None,ADHD
417,Non-Target,Yes,805,Commission,ADHD
418,Non-Target,No,0,None,ADHD
419,Non-Target,No,0,None,ADHD
420,Non-Target,No,0,None,ADHD
421,Target,Yes,730,None,ADHD
422,Non-Target,No,0,None,ADHD
423,Non-Target,Yes,702,Commission,ADHD
424,Target,No,0,Omission,ADHD
425,Target,Yes,707,None,ADHD
426,Non-Target,No,0,None,ADHD
427,Non-Target,No,0,None,ADHD
428,Non-Target,No,0,None,ADHD
429,Target,Yes,759,None,ADHD
430,Target,No,0,Omission,ADHD
431,Target,No,0,Omission,ADHD
432,Non-Target,No,0,None,ADHD
433,Non-Target,No,0,None,ADHD
434,Target,No,0,Omission,ADHD
435,Target,Yes,889,None,ADHD
436,Non-Target,No,0,None,ADHD
437,Non-Target,Yes,674,Commission,ADHD
438,Non-Target,Yes,672,Commission,ADHD
439,Non-Target,No,0,None,ADHD
440,Non-Target,No,0,None,ADHD
441,Non-Target,Yes,537,Commission,ADHD
442,Target,No,0,Omission,ADHD
443,Non-Target,Yes,643,Commission,ADHD
444,Non-Target,No,0,None,ADHD
445,Non-Target,No,0,None,ADHD
446,Non-Target,No,0,None,ADHD
447,Target,Yes,835,None,ADHD
448,Non-Target,No,0,None,ADHD
449,Non-Target,Yes,674,Commission,ADHD
450,Non-Target,No,0,None,ADHD
451,Non-Target,No,0,None,ADHD
452,Non-Target,No,0,None,ADHD
453,Non-Target,No,0,None,ADHD
454,Target,No,0,Omission,ADHD
455,Non-Target,No,0,None,ADHD
456,Non-Target,No,0,None,ADHD
457,Target,Yes,750,None,ADHD
458,Target,Yes,668,None,ADHD
459,Target,No,0,Omission,ADHD
460,Target,Yes,728,None,ADHD
461,Non-Target,No,0,None,ADHD
462,Non-Target,No,0,None,ADHD
463,Non-Target,Yes,827,Commission,ADHD
464,Non-Target,No,0,None,ADHD
465,Non-Target,No,0,None,ADHD
466,Non-Target,No,0,None,ADHD
467,Non-Target,No,0,None,ADHD
468,Target,Yes,538,None,ADHD
469,Non-Target,No,0,None,ADHD
470,Non-Target,No,0,None,ADHD
471,Non-Target,No,0,None,ADHD
472,Non-Target,No,0,None,ADHD
473,Non-Target,No,0,None,ADHD
474,Non-Target,No,0,None,ADHD
475,Target,Yes,978,None,ADHD
476,Non-Target,No,0,None,ADHD
477,Non-Target,No,0,None,ADHD
478,Non-Target,No,0,None,ADHD
479,Non-Target,No,0,None,ADHD
480,Non-Target,No,0,None,ADHD
481,Non-Target,No,0,None,ADHD
482,Target,Yes,784,None,ADHD
483,Target,Yes,961,None,ADHD
484,Target,No,0,Omission,ADHD
485,Non-Target,No,0,None,ADHD
486,Non-Target,No,0,None,ADHD
487,Non-Target,No,0,None,ADHD
488,Non-Target,Yes,839,Commission,ADHD
489,Non-Target,No,0,None,ADHD
490,Target,No,0,Omission,ADHD
491,Non-Target,No,0,None,ADHD
492,Non-Target,No,0,None,ADHD
493,Target,No,0,Omission,ADHD
494,Non-Target,No,0,None,ADHD
495,Non-Target,No,0,None,ADHD
496,Non-Target,No,0,None,ADHD
497,Non-Target,No,0,None,ADHD
498,Non-Target,No,0,None,ADHD
499,Non-Target,No,0,None,ADHD
500,Target,No,0,Omission,ADHD
501,Non-Target,No,0,None,ADHD
502,Non-Target,No,0,None,ADHD
503,Target,No,0,Omission,ADHD
504,Non-Target,No,0,None,ADHD
505,Target,Yes,649,None,ADHD
506,Non-Target,No,0,None,ADHD
507,Target,Yes,564,None,ADHD
508,Non-Target,No,0,None,ADHD
509,Target,Yes,721,None,ADHD
510,Non-Target,No,0,None,ADHD
511,Non-Target,No,0,None,ADHD
512,Target,Yes,763,None,ADHD
513,Non-Target,No,0,None,ADHD
514,Non-Target,No,0,None,ADHD
515,Target,Yes,737,None,ADHD
516,Target,Yes,627,None,ADHD
517,Non-Target,No,0,None,ADHD
518,Non-Target,No,0,None,ADHD
519,Non-Target,No,0,None,ADHD
520,Non-Target,Yes,517,Commission,ADHD
521,Non-Target,No,0,None,ADHD
522,Non-Target,No,0,None,ADHD
523,Non-Target,No,0,None,ADHD
524,Non-Target,No,0,None,ADHD
525,Non-Target,No,0,None,ADHD
526,Non-Target,No,0,None,ADHD
527,Non-Target,No,0,None,ADHD
528,Non-Target,No,0,None,ADHD
529,Non-Target,No,0,None,ADHD
530,Target,Yes,675,None,ADHD
531,Non-Target,No,0,None,ADHD
532,Non-Target,No,0,None,ADHD
533,Non-Target,No,0,None,ADHD
534,Non-Target,No,0,None,ADHD
535,Target,Yes,518,None,ADHD
536,Target,Yes,461,None,ADHD
537,Non-Target,No,0,None,ADHD
538,Non-Target,No,0,None,ADHD
539,Target,Yes,670,None,ADHD
540,Non-Target,No,0,None,ADHD
541,Target,Yes,937,None,ADHD
542,Non-Target,No,0,None,ADHD
543,Target,Yes,629,None,ADHD
544,Target,No,0,Omission,ADHD
545,Target,Yes,835,None,ADHD
546,Target,Yes,799,None,ADHD
547,Non-Target,Yes,755,Commission,ADHD
548,Non-Target,No,0,None,ADHD
549,Non-Target,No,0,None,ADHD
550,Target,Yes,852,None,ADHD
551,Non-Target,No,0,None,ADHD
552,Non-Target,No,0,None,ADHD
553,Target,No,0,Omission,ADHD
554,Non-Target,No,0,None,ADHD
555,Non-Target,No,0,None,ADHD
556,Non-Target,No,0,None,ADHD
557,Non-Target,Yes,763,Commission,ADHD
558,Non-Target,No,0,None,ADHD
559,Non-Target,No,0,None,ADHD
560,Target,Yes,670,None,ADHD
561,Non-Target,No,0,None,ADHD
562,Non-Target,No,0,None,ADHD
563,Target,No,0,Omission,ADHD
564,Non-Target,No,0,None,ADHD
565,Non-Target,No,0,None,ADHD
566,Non-Target,No,0,None,ADHD
567,Non-Target,Yes,999,Commission,ADHD
568,Non-Target,No,0,None,ADHD
569,Non-Target,No,0,None,ADHD
570,Target,Yes,901,None,ADHD
571,Target,No,0,Omission,ADHD
572,Non-Target,No,0,None,ADHD
573,Non-Target,No,0,None,ADHD
574,Target,Yes,630,None,ADHD
575,Non-Target,No,0,None,ADHD
576,Non-Target,No,0,None,ADHD
577,Non-Target,Yes,628,Commission,ADHD
578,Non-Target,No,0,None,ADHD
579,Target,Yes,728,None,ADHD
580,Non-Target,No,0,None,ADHD
581,Target,Yes,680,None,ADHD
582,Non-Target,No,0,None,ADHD
583,Non-Target,No,0,None,ADHD
584,Non-Target,No,0,None,ADHD
585,Non-Target,No,0,None,ADHD
586,Non-Target,No,0,None,ADHD
587,Non-Target,No,0,None,ADHD
588,Non-Target,No,0,None,ADHD
589,Target,Yes,745,None,ADHD
590,Target,Yes,854,None,ADHD
591,Non-Target,No,0,None,ADHD
592,Target,Yes,782,None,ADHD
593,Non-Target,Yes,813,Commission,ADHD
594,Non-Target,No,0,None,ADHD
595,Target,Yes,616,None,ADHD
596,Non-Target,No,0,None,ADHD
597,Non-Target,No,0,None,ADHD
598,Non-Target,No,0,None,ADHD
599,Non-Target,No,0,None,ADHD
600,Non-Target,No,0,None,ADHD
601,Non-Target,No,0,None,ADHD
602,Target,Yes,648,None,ADHD
603,Non-Target,Yes,619,Commission,ADHD
604,Non-Target,Yes,824,Commission,ADHD
605,Non-Target,No,0,None,ADHD
606,Non-Target,No,0,None,ADHD
607,Non-Target,No,0,None,ADHD
608,Target,Yes,634,None,ADHD
609,Target,No,0,Omission,ADHD
610,Target,No,0,Omission,ADHD
611,Non-Target,No,0,None,ADHD
612,Target,Yes,786,None,ADHD
613,Target,Yes,849,None,ADHD
614,Non-Target,Yes,852,Commission,ADHD
615,Non-Target,No,0,None,ADHD
616,Target,Yes,1029,None,ADHD
617,Non-Target,No,0,None,ADHD
618,Target,No,0,Omission,ADHD
619,Non-Target,No,0,None,ADHD
620,Non-Target,No,0,None,ADHD
621,Non-Target,No,0,None,ADHD
622,Non-Target,No,0,None,ADHD
623,Target,Yes,667,None,ADHD
624,Target,Yes,833,None,ADHD
625,Non-Target,No,0,None,ADHD
626,Target,Yes,561,None,ADHD
627,Non-Target,No,0,None,ADHD
628,Non-Target,Yes,755,Commission,ADHD
629,Non-Target,No,0,None,ADHD
630,Target,No,0,Omission,ADHD
631,Non-Target,Yes,645,Commission,ADHD
632,Target,No,0,Omission,ADHD
633,Non-Target,No,0,None,ADHD
634,Target,Yes,765,None,ADHD
635,Non-Target,No,0,None,ADHD
636,Non-Target,Yes,778,Commission,ADHD
637,Non-Target,No,0,None,ADHD
638,Non-Target,No,0,None,ADHD
639,Target,Yes,716,None,ADHD
640,Non-Target,No,0,None,ADHD
641,Non-Target,No,0,None,ADHD
642,Non-Target,No,0,None,ADHD
643,Target,Yes,719,None,ADHD
644,Non-Target,Yes,739,Commission,ADHD
645,Target,Yes,791,None,ADHD
646,Non-Target,No,0,None,ADHD
647,Non-Target,No,0,None,ADHD
648,Non-Target,Yes,841,Commission,ADHD
649,Non-Target,No,0,None,ADHD
650,Non-Target,No,0,None,ADHD
651,Non-Target,No,0,None,ADHD
652,Target,Yes,741,None,ADHD
653,Non-Target,Yes,674,Commission,ADHD
654,Target,Yes,668,None,ADHD
655,Non-Target,No,0,None,ADHD
656,Target,Yes,598,None,ADHD
657,Target,No,0,Omission,ADHD
658,Non-Target,No,0,None,ADHD
659,Non-Target,No,0,None,ADHD
660,Non-Target,No,0,None,ADHD
661,Target,Yes,1082,None,ADHD
662,Non-Target,Yes,715,Commission,ADHD
663,Non-Target,No,0,None,ADHD
664,Target,No,0,Omission,ADHD
665,Non-Target,No,0,None,ADHD
666,Non-Target,No,0,None,ADHD
667,Non-Target,No,0,None,ADHD
668,Non-Target,Yes,794,Commission,ADHD
669,Non-Target,No,0,None,ADHD
670,Non-Target,No,0,None,ADHD
671,Target,Yes,738,None,ADHD
672,Non-Target,No,0,None,ADHD
673,Non-Target,No,0,None,ADHD
674,Target,Yes,675,None,ADHD
675,Target,Yes,657,None,ADHD
676,Target,Yes,782,None,ADHD
677,Non-Target,No,0,None,ADHD
678,Non-Target,No,0,None,ADHD
679,Non-Target,No,0,None,ADHD
680,Target,Yes,579,None,ADHD
681,Non-Target,No,0,None,ADHD
682,Non-Target,No,0,None,ADHD
683,Non-Target,No,0,None,ADHD
684,Non-Target,No,0,None,ADHD
685,Target,Yes,704,None,ADHD
686,Non-Target,No,0,None,ADHD
687,Target,No,0,Omission,ADHD
688,Non-Target,Yes,738,Commission,ADHD
689,Target,Yes,694,None,ADHD
690,Non-Target,No,0,None,ADHD
691,Non-Target,No,0,None,ADHD
692,Non-Target,No,0,None,ADHD
693,Target,Yes,829,None,ADHD
694,Target,Yes,849,None,ADHD
695,Target,Yes,709,None,ADHD
696,Non-Target,No,0,None,ADHD
697,Non-Target,No,0,None,ADHD
698,Non-Target,No,0,None,ADHD
699,Non-Target,No,0,None,ADHD
700,Non-Target,No,0,None,ADHD
701,Target,Yes,736,None,ADHD
702,Non-Target,No,0,None,ADHD
703,Target,Yes,730,None,ADHD
704,Target,No,0,Omission,ADHD
705,Non-Target,No,0,None,ADHD
706,Target,No,0,Omission,ADHD
707,Non-Target,No,0,None,ADHD
708,Non-Target,No,0,None,ADHD
709,Non-Target,No,0,None,ADHD
710,Target,No,0,Omission,ADHD
711,Target,Yes,802,None,ADHD
712,Target,No,0,Omission,ADHD
713,Target,Yes,759,None,ADHD
714,Non-Target,No,0,None,ADHD
715,Non-Target,No,0,None,ADHD
716,Non-Target,No,0,None,ADHD
717,Non-Target,No,0,None,ADHD
718,Target,Yes,616,None,ADHD
719,Target,No,0,Omission,ADHD
720,Target,Yes,658,None,ADHD
721,Non-Target,No,0,None,ADHD
722,Non-Target,No,0,None,ADHD
723,Non-Target,No,0,None,ADHD
724,Target,Yes,628,None,ADHD
725,Target,Yes,662,None,ADHD
726,Target,Yes,719,None,ADHD
727,Non-Target,Yes,980,Commission,ADHD
728,Target,Yes,666,None,ADHD
729,Target,No,0,Omission,ADHD
730,Non-Target,No,0,None,ADHD
731,Non-Target,No,0,None,ADHD
732,Non-Target,No,0,None,ADHD
733,Non-Target,No,0,None,ADHD
734,Non-Target,No,0,None,ADHD
735,Target,Yes,747,None,ADHD
736,Non-Target,Yes,894,Commission,ADHD
737,Non-Target,Yes,774,Commission,ADHD
738,Target,No,0,Omission,ADHD
739,Non-Target,No,0,None,ADHD
740,Non-Target,No,0,None,ADHD
741,Non-Target,No,0,None,ADHD
742,Non-Target,Yes,850,Commission,ADHD
743,Target,No,0,Omission,ADHD
744,Target,Yes,552,None,ADHD
745,Target,Yes,743,None,ADHD
746,Non-Target,No,0,None,ADHD
747,Non-Target,No,0,None,ADHD
748,Target,Yes,795,None,ADHD
749,Non-Target,No,0,None,ADHD
750,Target,Yes,652,None,ADHD
751,Non-Target,No,0,None,ADHD
752,Non-Target,No,0,None,ADHD
753,Non-Target,No,0,None,ADHD
754,Non-Target,No,0,None,ADHD
755,Target,Yes,882,None,ADHD
756,Non-Target,Yes,535,Commission,ADHD
757,Non-Target,No,0,None,ADHD
758,Non-Target,No,0,None,ADHD
759,Non-Target,No,0,None,ADHD
760,Non-Target,No,0,None,ADHD
761,Target,Yes,554,None,ADHD
762,Non-Target,Yes,884,Commission,ADHD
763,Target,Yes,764,None,ADHD
764,Non-Target,No,0,None,ADHD
765,Non-Target,No,0,None,ADHD
766,Non-Target,No,0,None,ADHD
767,Non-Target,Yes,642,Commission,ADHD
768,Non-Target,No,0,None,ADHD
769,Target,No,0,Omission,ADHD
770,Target,Yes,609,None,ADHD
771,Non-Target,No,0,None,ADHD
772,Non-Target,No,0,None,ADHD
773,Non-Target,No,0,None,ADHD
774,Non-Target,No,0,None,ADHD
775,Non-Target,No,0,None,ADHD
776,Non-Target,No,0,None,ADHD
777,Target,Yes,743,None,ADHD
778,Non-Target,No,0,None,ADHD
779,Non-Target,No,0,None,ADHD
780,Non-Target,No,0,None,ADHD
781,Non-Target,No,0,None,ADHD
782,Non-Target,No,0,None,ADHD
783,Target,Yes,742,None,ADHD
784,Non-Target,Yes,619,Commission,ADHD
785,Target,Yes,745,None,ADHD
786,Target,Yes,775,None,ADHD
787,Non-Target,No,0,None,ADHD
788,Non-Target,No,0,None,ADHD
789,Non-Target,No,0,None,ADHD
790,Target,Yes,754,None,ADHD
791,Target,No,0,Omission,ADHD
792,Non-Target,No,0,None,ADHD
793,Non-Target,No,0,None,ADHD
794,Non-Target,No,0,None,ADHD
795,Non-Target,No,0,None,ADHD
796,Target,Yes,583,None,ADHD
797,Non-Target,No,0,None,ADHD
798,Target,Yes,687,None,ADHD
799,Non-Target,No,0,None,ADHD
800,Non-Target,No,0,None,ADHD
801,Non-Target,No,0,None,ADHD
802,Non-Target,No,0,None,ADHD
803,Non-Target,Yes,908,Commission,ADHD
804,Target,Yes,782,None,ADHD
805,Non-Target,No,0,None,ADHD
806,Non-Target,No,0,None,ADHD
807,Non-Target,No,0,None,ADHD
808,Non-Target,No,0,None,ADHD
809,Non-Target,Yes,724,Commission,ADHD
810,Target,Yes,836,None,ADHD
811,Target,Yes,616,None,ADHD
812,Non-Target,No,0,None,ADHD
813,Non-Target,Yes,696,Commission,ADHD
814,Target,Yes,671,None,ADHD
815,Non-Target,No,0,None,ADHD
816,Non-Target,Yes,648,Commission,ADHD
817,Non-Target,No,0,None,ADHD
818,Non-Target,No,0,None,ADHD
819,Non-Target,No,0,None,ADHD
820,Non-Target,No,0,None,ADHD
821,Non-Target,No,0,None,ADHD
822,Non-Target,No,0,None,ADHD
823,Target,No,0,Omission,ADHD
824,Non-Target,No,0,None,ADHD
825,Target,No,0,Omission,ADHD
826,Non-Target,No,0,None,ADHD
827,Target,Yes,627,None,ADHD
828,Non-Target,No,0,None,ADHD
829,Non-Target,No,0,None,ADHD
830,Non-Target,No,0,None,ADHD
831,Non-Target,No,0,None,ADHD
832,Non-Target,No,0,None,ADHD
833,Non-Target,No,0,None,ADHD
834,Target,No,0,Omission,ADHD
835,Target,Yes,588,None,ADHD
836,Target,Yes,631,None,ADHD
837,Non-Target,No,0,None,ADHD
838,Target,Yes,468,None,ADHD
839,Non-Target,No,0,None,ADHD
840,Non-Target,No,0,None,ADHD
841,Non-Target,Yes,908,Commission,ADHD
842,Non-Target,No,0,None,ADHD
843,Non-Target,Yes,741,Commission,ADHD
844,Target,Yes,814,None,ADHD
845,Non-Target,No,0,None,ADHD
846,Target,Yes,624,None,ADHD
847,Non-Target,No,0,None,ADHD
848,Non-Target,No,0,None,ADHD
849,Target,Yes,898,None,ADHD
850,Non-Target,No,0,None,ADHD
851,Target,Yes,791,None,ADHD
852,Target,Yes,668,None,ADHD
853,Non-Target,No,0,None,ADHD
854,Target,Yes,682,None,ADHD
855,Non-Target,No,0,None,ADHD
856,Non-Target,No,0,None,ADHD
857,Target,Yes,901,None,ADHD
858,Target,No,0,Omission,ADHD
859,Non-Target,No,0,None,ADHD
860,Non-Target,No,0,None,ADHD
861,Non-Target,No,0,None,ADHD
862,Non-Target,No,0,None,ADHD
863,Non-Target,No,0,None,ADHD
864,Non-Target,No,0,None,ADHD
865,Non-Target,No,0,None,ADHD
866,Non-Target,No,0,None,ADHD
867,Non-Target,No,0,None,ADHD
868,Target,No,0,Omission,ADHD
869,Non-Target,No,0,None,ADHD
870,Target,Yes,717,None,ADHD
871,Non-Target,No,0,None,ADHD
872,Target,Yes,713,None,ADHD
873,Non-Target,No,0,None,ADHD
874,Non-Target,Yes,803,Commission,ADHD
875,Non-Target,No,0,None,ADHD
876,Non-Target,No,0,None,ADHD
877,Non-Target,No,0,None,ADHD
878,Non-Target,No,0,None,ADHD
879,Non-Target,No,0,None,ADHD
880,Non-Target,No,0,None,ADHD
881,Non-Target,No,0,None,ADHD
882,Target,Yes,511,None,ADHD
883,Non-Target,Yes,802,Commission,ADHD
884,Non-Target,No,0,None,ADHD
885,Target,Yes,826,None,ADHD
886,Non-Target,No,0,None,ADHD
887,Non-Target,No,0,None,ADHD
888,Target,Yes,630,None,ADHD
889,Target,No,0,Omission,ADHD
890,Non-Target,No,0,None,ADHD
891,Non-Target,No,0,None,ADHD
892,Non-Target,Yes,766,Commission,ADHD
893,Non-Target,No,0,None,ADHD
894,Non-Target,No,0,None,ADHD
895,Non-Target,Yes,609,Commission,ADHD
896,Target,Yes,694,None,ADHD
897,Target,Yes,647,None,ADHD
898,Non-Target,No,0,None,ADHD
899,Target,Yes,838,None,ADHD
900,Non-Target,Yes,587,Commission,ADHD
901,Target,Yes,676,None,ADHD
902,Non-Target,Yes,672,Commission,ADHD
903,Non-Target,No,0,None,ADHD
904,Non-Target,No,0,None,ADHD
905,Target,Yes,674,None,ADHD
906,Non-Target,No,0,None,ADHD
907,Non-Target,No,0,None,ADHD
908,Non-Target,No,0,None,ADHD
909,Target,Yes,743,None,ADHD
910,Non-Target,No,0,None,ADHD
911,Non-Target,No,0,None,ADHD
912,Non-Target,No,0,None,ADHD
913,Target,No,0,Omission,ADHD
914,Target,Yes,748,None,ADHD
915,Non-Target,No,0,None,ADHD
916,Target,No,0,Omission,ADHD
917,Target,Yes,622,None,ADHD
918,Target,Yes,771,None,ADHD
919,Non-Target,No,0,None,ADHD
920,Target,No,0,Omission,ADHD
921,Non-Target,No,0,None,ADHD
922,Non-Target,No,0,None,ADHD
923,Non-Target,Yes,722,Commission,ADHD
924,Non-Target,No,0,None,ADHD
925,Target,No,0,Omission,ADHD
926,Target,Yes,780,None,ADHD
927,Non-Target,No,0,None,ADHD
928,Target,Yes,717,None,ADHD
929,Target,Yes,805,None,ADHD
930,Non-Target,No,0,None,ADHD
931,Target,No,0,Omission,ADHD
932,Non-Target,No,0,None,ADHD
933,Target,Yes,695,None,ADHD
934,Non-Target,No,0,None,ADHD
935,Target,Yes,768,None,ADHD
936,Non-Target,No,0,None,ADHD
937,Non-Target,No,0,None,ADHD
938,Non-Target,No,0,None,ADHD
939,Target,Yes,677,None,ADHD
940,Target,Yes,757,None,ADHD
941,Non-Target,No,0,None,ADHD
942,Non-Target,No,0,None,ADHD
943,Non-Target,No,0,None,ADHD
944,Target,Yes,807,None,ADHD
945,Non-Target,No,0,None,ADHD
946,Non-Target,No,0,None,ADHD
947,Non-Target,No,0,None,ADHD
948,Non-Target,No,0,None,ADHD
949,Non-Target,No,0,None,ADHD
950,Target,Yes,518,None,ADHD
951,Non-Target,No,0,None,ADHD
952,Non-Target,No,0,None,ADHD
953,Target,Yes,677,None,ADHD
954,Target,Yes,759,None,ADHD
955,Target,No,0,Omission,ADHD
956,Non-Target,No,0,None,ADHD
957,Non-Target,No,0,None,ADHD
958,Non-Target,No,0,None,ADHD
959,Target,Yes,627,None,ADHD
960,Non-Target,No,0,None,ADHD
961,Non-Target,No,0,None,ADHD
962,Non-Target,No,0,None,ADHD
963,Non-Target,No,0,None,ADHD
964,Non-Target,No,0,None,ADHD
965,Target,Yes,656,None,ADHD
966,Non-Target,No,0,None,ADHD
967,Non-Target,No,0,None,ADHD
968,Target,Yes,632,None,ADHD
969,Non-Target,No,0,None,ADHD
970,Non-Target,No,0,None,ADHD
971,Target,Yes,655,None,ADHD
972,Non-Target,Yes,487,Commission,ADHD
973,Non-Target,No,0,None,ADHD
974,Target,Yes,923,None,ADHD
975,Non-Target,Yes,891,Commission,ADHD
976,Non-Target,No,0,None,ADHD
977,Non-Target,No,0,None,ADHD
978,Non-Target,Yes,583,Commission,ADHD
979,Target,Yes,775,None,ADHD
980,Non-Target,No,0,None,ADHD
981,Target,Yes,958,None,ADHD
982,Non-Target,No,0,None,ADHD
983,Non-Target,No,0,None,ADHD
984,Target,Yes,677,None,ADHD
985,Non-Target,No,0,None,ADHD
986,Target,Yes,699,None,ADHD
987,Non-Target,No,0,None,ADHD
988,Non-Target,No,0,None,ADHD
989,Non-Target,No,0,None,ADHD
990,Non-Target,No,0,None,ADHD
991,Non-Target,No,0,None,ADHD
992,Non-Target,No,0,None,ADHD
993,Non-Target,Yes,731,Commission,ADHD
994,Non-Target,No,0,None,ADHD
995,Target,No,0,Omission,ADHD
996,Target,No,0,Omission,ADHD
997,Non-Target,No,0,None,ADHD
998,Target,No,0,Omission,ADHD
999,Non-Target,No,0,None,ADHD
1000,Non-Target,No,0,None,ADHD
1001,Non-Target,No,0,None,ADHD
1002,Target,Yes,739,None,ADHD
1003,Target,Yes,715,None,ADHD
1004,Non-Target,No,0,None,ADHD
1005,Non-Target,No,0,None,ADHD
1006,Target,Yes,548,None,ADHD
1007,Non-Target,No,0,None,ADHD
1008,Non-Target,No,0,None,ADHD
1009,Non-Target,No,0,None,ADHD
1010,Non-Target,No,0,None,ADHD
1011,Non-Target,No,0,None,ADHD
1012,Target,Yes,695,None,ADHD
1013,Non-Target,No,0,None,ADHD
1014,Non-Target,No,0,None,ADHD
1015,Non-Target,No,0,None,ADHD
1016,Non-Target,No,0,None,ADHD
1017,Target,Yes,618,None,ADHD
1018,Non-Target,No,0,None,ADHD
1019,Non-Target,No,0,None,ADHD
1020,Non-Target,Yes,673,Commission,ADHD
1021,Non-Target,No,0,None,ADHD
1022,Target,Yes,653,None,ADHD
1023,Target,Yes,826,None,ADHD
1024,Non-Target,No,0,None,ADHD
1025,Non-Target,No,0,None,ADHD
1026,Target,Yes,713,None,ADHD
1027,Target,No,0,Omission,ADHD
1028,Target,No,0,Omission,ADHD
1029,Non-Target,No,0,None,ADHD
1030,Non-Target,Yes,681,Commission,ADHD
1031,Non-Target,No,0,None,ADHD
1032,Non-Target,No,0,None,ADHD
1033,Non-Target,No,0,None,ADHD
1034,Non-Target,No,0,None,ADHD
1035,Non-Target,No,0,None,ADHD
1036,Non-Target,No,0,None,ADHD
1037,Non-Target,No,0,None,ADHD
1038,Non-Target,No,0,None,ADHD
1039,Non-Target,No,0,None,ADHD
1040,Non-Target,No,0,None,ADHD
1041,Non-Target,No,0,None,ADHD
1042,Non-Target,No,0,None,ADHD
1043,Target,Yes,548,None,ADHD
1044,Non-Target,No,0,None,ADHD
1045,Non-Target,No,0,None,ADHD
1046,Non-Target,Yes,582,Commission,ADHD
1047,Non-Target,No,0,None,ADHD
1048,Target,No,0,Omission,ADHD
1049,Target,Yes,616,None,ADHD
1050,Target,No,0,Omission,ADHD
1051,Non-Target,No,0,None,ADHD
1052,Non-Target,No,0,None,ADHD
1053,Non-Target,No,0,None,ADHD
1054,Non-Target,No,0,None,ADHD
1055,Non-Target,No,0,None,ADHD
1056,Non-Target,No,0,None,ADHD
1057,Target,Yes,558,None,ADHD
1058,Non-Target,No,0,None,ADHD
1059,Target,Yes,728,None,ADHD
1060,Target,Yes,702,None,ADHD
1061,Target,Yes,740,None,ADHD
1062,Non-Target,No,0,None,ADHD
1063,Non-Target,No,0,None,ADHD
1064,Target,Yes,628,None,ADHD
1065,Target,Yes,917,None,ADHD
1066,Non-Target,No,0,None,ADHD
1067,Non-Target,No,0,None,ADHD
1068,Target,Yes,695,None,ADHD
1069,Non-Target,No,0,None,ADHD
1070,Non-Target,No,0,None,ADHD
1071,Non-Target,No,0,None,ADHD
1072,Non-Target,Yes,588,Commission,ADHD
1073,Non-Target,Yes,519,Commission,ADHD
1074,Non-Target,No,0,None,ADHD
1075,Non-Target,No,0,None,ADHD
1076,Non-Target,No,0,None,ADHD
1077,Target,No,0,Omission,ADHD
1078,Non-Target,Yes,993,Commission,ADHD
1079,Target,Yes,847,None,ADHD
1080,Non-Target,No,0,None,ADHD
1081,Target,No,0,Omission,ADHD
1082,Target,Yes,611,None,ADHD
1083,Target,Yes,810,None,ADHD
1084,Target,Yes,594,None,ADHD
1085,Non-Target,No,0,None,ADHD
1086,Target,Yes,834,None,ADHD
1087,Non-Target,No,0,None,ADHD
1088,Non-Target,No,0,None,ADHD
1089,Non-Target,No,0,None,ADHD
1090,Non-Target,No,0,None,ADHD
1091,Target,Yes,815,None,ADHD
1092,Target,Yes,725,None,ADHD
1093,Non-Target,No,0,None,ADHD
1094,Non-Target,No,0,None,ADHD
1095,Target,Yes,630,None,ADHD
1096,Non-Target,No,0,None,ADHD
1097,Non-Target,No,0,None,ADHD
1098,Non-Target,No,0,None,ADHD
1099,Target,Yes,740,None,ADHD
1100,Non-Target,No,0,None,ADHD
1101,Non-Target,No,0,None,ADHD
1102,Non-Target,No,0,None,ADHD
1103,Target,No,0,Omission,ADHD
1104,Non-Target,No,0,None,ADHD
1105,Target,Yes,548,None,ADHD
1106,Target,Yes,537,None,ADHD
1107,Non-Target,No,0,None,ADHD
1108,Non-Target,No,0,None,ADHD
1109,Non-Target,No,0,None,ADHD
1110,Non-Target,Yes,817,Commission,ADHD
1111,Non-Target,No,0,None,ADHD
1112,Non-Target,No,0,None,ADHD
1113,Non-Target,No,0,None,ADHD
1114,Non-Target,No,0,None,ADHD
1115,Target,Yes,655,None,ADHD
1116,Non-Target,No,0,None,ADHD
1117,Target,Yes,711,None,ADHD
1118,Target,No,0,Omission,ADHD
1119,Non-Target,No,0,None,ADHD
1120,Non-Target,No,0,None,ADHD
1121,Target,No,0,Omission,ADHD
1122,Non-Target,No,0,None,ADHD
1123,Non-Target,No,0,None,ADHD
1124,Non-Target,No,0,None,ADHD
1125,Non-Target,No,0,None,ADHD
1126,Non-Target,Yes,589,Commission,ADHD
1127,Non-Target,No,0,None,ADHD
1128,Non-Target,No,0,None,ADHD
1129,Target,No,0,Omission,ADHD
1130,Target,Yes,673,None,ADHD
1131,Non-Target,Yes,651,Commission,ADHD
1132,Target,Yes,677,None,ADHD
1133,Non-Target,No,0,None,ADHD
1134,Non-Target,No,0,None,ADHD
1135,Non-Target,No,0,None,ADHD
1136,Non-Target,No,0,None,ADHD
1137,Target,No,0,Omission,ADHD
1138,Target,Yes,662,None,ADHD
1139,Target,Yes,837,None,ADHD
1140,Non-Target,No,0,None,ADHD
1141,Non-Target,No,0,None,ADHD
1142,Non-Target,No,0,None,ADHD
1143,Non-Target,No,0,None,ADHD
1144,Non-Target,No,0,None,ADHD
1145,Non-Target,No,0,None,ADHD
1146,Non-Target,No,0,None,ADHD
1147,Non-Target,No,0,None,ADHD
1148,Target,No,0,Omission,ADHD
1149,Non-Target,No,0,None,ADHD
1150,Non-Target,No,0,None,ADHD
1151,Non-Target,No,0,None,ADHD
1152,Non-Target,No,0,None,ADHD
1153,Non-Target,No,0,None,ADHD
1154,Target,No,0,Omission,ADHD
1155,Non-Target,No,0,None,ADHD
1156,Target,Yes,560,None,ADHD
1157,Target,Yes,773,None,ADHD
1158,Non-Target,No,0,None,ADHD
1159,Non-Target,No,0,None,ADHD
1160,Non-Target,No,0,None,ADHD
1161,Non-Target,No,0,None,ADHD
1162,Non-Target,No,0,None,ADHD
1163,Target,Yes,736,None,ADHD
1164,Target,No,0,Omission,ADHD
1165,Non-Target,No,0,None,ADHD
1166,Non-Target,No,0,None,ADHD
1167,Non-Target,No,0,None,ADHD
1168,Non-Target,Yes,598,Commission,ADHD
1169,Non-Target,No,0,None,ADHD
1170,Non-Target,No,0,None,ADHD
1171,Non-Target,No,0,None,ADHD
1172,Non-Target,No,0,None,ADHD
1173,Non-Target,No,0,None,ADHD
1174,Target,Yes,931,None,ADHD
1175,Non-Target,No,0,None,ADHD
1176,Non-Target,No,0,None,ADHD
1177,Non-Target,No,0,None,ADHD
1178,Non-Target,No,0,None,ADHD
1179,Target,Yes,787,None,ADHD
1180,Non-Target,No,0,None,ADHD
1181,Non-Target,No,0,None,ADHD
1182,Target,Yes,770,None,ADHD
1183,Non-Target,No,0,None,ADHD
1184,Non-Target,No,0,None,ADHD
1185,Target,Yes,673,None,ADHD
1186,Non-Target,No,0,None,ADHD
1187,Non-Target,No,0,None,ADHD
1188,Non-Target,No,0,None,ADHD
1189,Non-Target,No,0,None,ADHD
1190,Non-Target,No,0,None,ADHD
1191,Non-Target,No,0,None,ADHD
1192,Non-Target,No,0,None,ADHD
1193,Target,Yes,943,None,ADHD
1194,Target,Yes,718,None,ADHD
1195,Non-Target,No,0,None,ADHD
1196,Target,Yes,819,None,ADHD
1197,Non-Target,Yes,818,Commission,ADHD
1198,Non-Target,No,0,None,ADHD
1199,Target,Yes,503,None,ADHD
1200,Non-Target,No,0,None,ADHD
