Trial,StimulusType,Reaction,ReactionTime(ms),ErrorType,Label
1,Target,Yes,872,None,ADHD
2,Target,Yes,482,None,ADHD
3,Non-Target,No,0,None,ADHD
4,Non-Target,No,0,None,ADHD
5,Non-Target,No,0,None,ADHD
6,Non-Target,Yes,445,Commission,ADHD
7,Non-Target,No,0,None,ADHD
8,Target,Yes,637,None,ADHD
9,Non-Target,No,0,None,ADHD
10,Non-Target,No,0,None,ADHD
11,Non-Target,No,0,None,ADHD
12,Target,Yes,600,None,ADHD
13,Non-Target,No,0,None,ADHD
14,Non-Target,No,0,None,ADHD
15,Target,Yes,604,None,ADHD
16,Target,No,0,Omission,ADHD
17,Non-Target,No,0,None,ADHD
18,Non-Target,No,0,None,ADHD
19,Target,Yes,567,None,ADHD
20,Non-Target,No,0,None,ADHD
21,Target,No,0,Omission,ADHD
22,Non-Target,No,0,None,ADHD
23,Target,Yes,642,None,ADHD
24,Non-Target,No,0,None,ADHD
25,Non-Target,Yes,680,Commission,ADHD
26,Target,Yes,667,None,ADHD
27,Non-Target,No,0,None,ADHD
28,Target,Yes,413,None,ADHD
29,Non-Target,No,0,None,ADHD
30,Non-Target,No,0,None,ADHD
31,Non-Target,No,0,None,ADHD
32,Non-Target,No,0,None,ADHD
33,Non-Target,Yes,517,Commission,ADHD
34,Non-Target,No,0,None,ADHD
35,Target,Yes,629,None,ADHD
36,Target,Yes,697,None,ADHD
37,Non-Target,No,0,None,ADHD
38,Non-Target,No,0,None,ADHD
39,Non-Target,No,0,None,ADHD
40,Target,Yes,501,None,ADHD
41,Target,No,0,Omission,ADHD
42,Target,Yes,648,None,ADHD
43,Target,No,0,Omission,ADHD
44,Non-Target,Yes,622,Commission,ADHD
45,Non-Target,No,0,None,ADHD
46,Target,Yes,670,None,ADHD
47,Non-Target,No,0,None,ADHD
48,Target,Yes,635,None,ADHD
49,Non-Target,No,0,None,ADHD
50,Non-Target,No,0,None,ADHD
51,Non-Target,No,0,None,ADHD
52,Target,Yes,593,None,ADHD
53,Non-Target,Yes,606,Commission,ADHD
54,Non-Target,No,0,None,ADHD
55,Target,Yes,536,None,ADHD
56,Non-Target,No,0,None,ADHD
57,Target,No,0,Omission,ADHD
58,Non-Target,No,0,None,ADHD
59,Target,Yes,754,None,ADHD
60,Non-Target,No,0,None,ADHD
61,Non-Target,No,0,None,ADHD
62,Non-Target,Yes,742,Commission,ADHD
63,Non-Target,No,0,None,ADHD
64,Non-Target,No,0,None,ADHD
65,Target,Yes,476,None,ADHD
66,Target,Yes,680,None,ADHD
67,Target,Yes,457,None,ADHD
68,Target,Yes,994,None,ADHD
69,Target,Yes,518,None,ADHD
70,Target,Yes,456,None,ADHD
71,Non-Target,No,0,None,ADHD
72,Non-Target,No,0,None,ADHD
73,Target,Yes,648,None,ADHD
74,Target,Yes,879,None,ADHD
75,Non-Target,No,0,None,ADHD
76,Non-Target,No,0,None,ADHD
77,Target,No,0,Omission,ADHD
78,Target,No,0,Omission,ADHD
79,Non-Target,Yes,670,Commission,ADHD
80,Non-Target,No,0,None,ADHD
81,Target,Yes,701,None,ADHD
82,Target,Yes,587,None,ADHD
83,Target,Yes,823,None,ADHD
84,Non-Target,No,0,None,ADHD
85,Non-Target,No,0,None,ADHD
86,Non-Target,Yes,664,Commission,ADHD
87,Target,Yes,765,None,ADHD
88,Target,Yes,609,None,ADHD
89,Non-Target,No,0,None,ADHD
90,Non-Target,No,0,None,ADHD
91,Non-Target,No,0,None,ADHD
92,Non-Target,Yes,551,Commission,ADHD
93,Target,Yes,629,None,ADHD
94,Target,Yes,834,None,ADHD
95,Non-Target,Yes,650,Commission,ADHD
96,Non-Target,Yes,626,Commission,ADHD
97,Non-Target,Yes,672,Commission,ADHD
98,Target,Yes,636,None,ADHD
99,Target,Yes,240,None,ADHD
100,Target,Yes,617,None,ADHD
101,Target,Yes,595,None,ADHD
102,Target,Yes,725,None,ADHD
103,Non-Target,No,0,None,ADHD
104,Target,Yes,723,None,ADHD
105,Non-Target,No,0,None,ADHD
106,Target,Yes,661,None,ADHD
107,Non-Target,No,0,None,ADHD
108,Non-Target,No,0,None,ADHD
109,Non-Target,No,0,None,ADHD
110,Non-Target,No,0,None,ADHD
111,Non-Target,No,0,None,ADHD
112,Non-Target,No,0,None,ADHD
113,Non-Target,No,0,None,ADHD
114,Non-Target,No,0,None,ADHD
115,Target,Yes,621,None,ADHD
116,Non-Target,No,0,None,ADHD
117,Non-Target,No,0,None,ADHD
118,Non-Target,No,0,None,ADHD
119,Target,Yes,656,None,ADHD
120,Target,Yes,302,None,ADHD
121,Target,Yes,442,None,ADHD
122,Non-Target,Yes,499,Commission,ADHD
123,Non-Target,No,0,None,ADHD
124,Non-Target,No,0,None,ADHD
125,Non-Target,Yes,783,Commission,ADHD
126,Non-Target,No,0,None,ADHD
127,Non-Target,No,0,None,ADHD
128,Non-Target,No,0,None,ADHD
129,Non-Target,No,0,None,ADHD
130,Target,Yes,672,None,ADHD
131,Target,Yes,738,None,ADHD
132,Non-Target,No,0,None,ADHD
133,Non-Target,No,0,None,ADHD
134,Non-Target,No,0,None,ADHD
135,Non-Target,No,0,None,ADHD
136,Target,Yes,494,None,ADHD
137,Non-Target,No,0,None,ADHD
138,Non-Target,No,0,None,ADHD
139,Target,Yes,686,None,ADHD
140,Target,Yes,586,None,ADHD
141,Non-Target,No,0,None,ADHD
142,Target,Yes,947,None,ADHD
143,Non-Target,No,0,None,ADHD
144,Non-Target,No,0,None,ADHD
145,Target,Yes,633,None,ADHD
146,Non-Target,No,0,None,ADHD
147,Non-Target,No,0,None,ADHD
148,Non-Target,No,0,None,ADHD
149,Non-Target,No,0,None,ADHD
150,Non-Target,No,0,None,ADHD
151,Target,Yes,626,None,ADHD
152,Non-Target,No,0,None,ADHD
153,Target,No,0,Omission,ADHD
154,Non-Target,No,0,None,ADHD
155,Non-Target,No,0,None,ADHD
156,Non-Target,No,0,None,ADHD
157,Target,Yes,681,None,ADHD
158,Target,Yes,628,None,ADHD
159,Target,Yes,609,None,ADHD
160,Non-Target,No,0,None,ADHD
161,Non-Target,No,0,None,ADHD
162,Non-Target,Yes,414,Commission,ADHD
163,Non-Target,Yes,412,Commission,ADHD
164,Non-Target,No,0,None,ADHD
165,Non-Target,No,0,None,ADHD
166,Target,No,0,Omission,ADHD
167,Target,Yes,698,None,ADHD
168,Target,Yes,599,None,ADHD
169,Non-Target,No,0,None,ADHD
170,Non-Target,No,0,None,ADHD
171,Non-Target,Yes,433,Commission,ADHD
172,Non-Target,No,0,None,ADHD
173,Non-Target,No,0,None,ADHD
174,Non-Target,No,0,None,ADHD
175,Non-Target,No,0,None,ADHD
176,Non-Target,No,0,None,ADHD
177,Non-Target,No,0,None,ADHD
178,Non-Target,No,0,None,ADHD
179,Non-Target,No,0,None,ADHD
180,Target,Yes,842,None,ADHD
181,Target,Yes,985,None,ADHD
182,Non-Target,No,0,None,ADHD
183,Target,Yes,581,None,ADHD
184,Non-Target,No,0,None,ADHD
185,Non-Target,No,0,None,ADHD
186,Non-Target,No,0,None,ADHD
187,Non-Target,Yes,713,Commission,ADHD
188,Target,No,0,Omission,ADHD
189,Target,Yes,586,None,ADHD
190,Target,Yes,615,None,ADHD
191,Non-Target,No,0,None,ADHD
192,Non-Target,No,0,None,ADHD
193,Non-Target,No,0,None,ADHD
194,Non-Target,No,0,None,ADHD
195,Non-Target,No,0,None,ADHD
196,Non-Target,No,0,None,ADHD
197,Non-Target,No,0,None,ADHD
198,Non-Target,No,0,None,ADHD
199,Target,Yes,570,None,ADHD
200,Target,Yes,609,None,ADHD
201,Target,Yes,657,None,ADHD
202,Target,Yes,633,None,ADHD
203,Non-Target,No,0,None,ADHD
204,Non-Target,No,0,None,ADHD
205,Non-Target,Yes,564,Commission,ADHD
206,Non-Target,No,0,None,ADHD
207,Non-Target,No,0,None,ADHD
208,Non-Target,No,0,None,ADHD
209,Target,No,0,Omission,ADHD
210,Non-Target,No,0,None,ADHD
211,Non-Target,No,0,None,ADHD
212,Target,Yes,672,None,ADHD
213,Target,Yes,717,None,ADHD
214,Target,Yes,516,None,ADHD
215,Target,Yes,803,None,ADHD
216,Target,Yes,642,None,ADHD
217,Target,Yes,878,None,ADHD
218,Non-Target,No,0,None,ADHD
219,Non-Target,No,0,None,ADHD
220,Non-Target,Yes,761,Commission,ADHD
221,Non-Target,No,0,None,ADHD
222,Non-Target,No,0,None,ADHD
223,Non-Target,No,0,None,ADHD
224,Target,Yes,533,None,ADHD
225,Target,Yes,728,None,ADHD
226,Target,Yes,715,None,ADHD
227,Target,No,0,Omission,ADHD
228,Non-Target,No,0,None,ADHD
229,Non-Target,No,0,None,ADHD
230,Non-Target,No,0,None,ADHD
231,Non-Target,No,0,None,ADHD
232,Target,Yes,532,None,ADHD
233,Non-Target,No,0,None,ADHD
234,Non-Target,No,0,None,ADHD
235,Non-Target,No,0,None,ADHD
236,Non-Target,No,0,None,ADHD
237,Target,Yes,710,None,ADHD
238,Non-Target,No,0,None,ADHD
239,Target,Yes,538,None,ADHD
240,Non-Target,No,0,None,ADHD
241,Non-Target,No,0,None,ADHD
242,Non-Target,No,0,None,ADHD
243,Non-Target,No,0,None,ADHD
244,Non-Target,No,0,None,ADHD
245,Non-Target,No,0,None,ADHD
246,Non-Target,No,0,None,ADHD
247,Non-Target,Yes,566,Commission,ADHD
248,Non-Target,No,0,None,ADHD
249,Target,Yes,804,None,ADHD
250,Non-Target,No,0,None,ADHD
251,Target,No,0,Omission,ADHD
252,Non-Target,Yes,534,Commission,ADHD
253,Non-Target,Yes,403,Commission,ADHD
254,Target,Yes,848,None,ADHD
255,Target,Yes,687,None,ADHD
256,Non-Target,No,0,None,ADHD
257,Target,No,0,Omission,ADHD
258,Target,Yes,908,None,ADHD
259,Target,Yes,728,None,ADHD
260,Non-Target,No,0,None,ADHD
261,Non-Target,No,0,None,ADHD
262,Non-Target,No,0,None,ADHD
263,Non-Target,No,0,None,ADHD
264,Non-Target,No,0,None,ADHD
265,Non-Target,No,0,None,ADHD
266,Non-Target,No,0,None,ADHD
267,Non-Target,No,0,None,ADHD
268,Non-Target,No,0,None,ADHD
269,Non-Target,No,0,None,ADHD
270,Target,No,0,Omission,ADHD
271,Non-Target,No,0,None,ADHD
272,Non-Target,No,0,None,ADHD
273,Non-Target,No,0,None,ADHD
274,Non-Target,No,0,None,ADHD
275,Non-Target,No,0,None,ADHD
276,Non-Target,No,0,None,ADHD
277,Non-Target,No,0,None,ADHD
278,Non-Target,No,0,None,ADHD
279,Non-Target,No,0,None,ADHD
280,Non-Target,No,0,None,ADHD
281,Non-Target,No,0,None,ADHD
282,Target,Yes,710,None,ADHD
283,Non-Target,No,0,None,ADHD
284,Non-Target,No,0,None,ADHD
285,Non-Target,No,0,None,ADHD
286,Non-Target,No,0,None,ADHD
287,Non-Target,No,0,None,ADHD
288,Non-Target,No,0,None,ADHD
289,Non-Target,No,0,None,ADHD
290,Non-Target,No,0,None,ADHD
291,Target,Yes,806,None,ADHD
292,Non-Target,No,0,None,ADHD
293,Target,Yes,607,None,ADHD
294,Target,Yes,714,None,ADHD
295,Non-Target,Yes,486,Commission,ADHD
296,Target,Yes,448,None,ADHD
297,Non-Target,No,0,None,ADHD
298,Target,Yes,648,None,ADHD
299,Non-Target,Yes,624,Commission,ADHD
300,Non-Target,No,0,None,ADHD
301,Non-Target,No,0,None,ADHD
302,Non-Target,Yes,765,Commission,ADHD
303,Target,Yes,432,None,ADHD
304,Non-Target,No,0,None,ADHD
305,Non-Target,No,0,None,ADHD
306,Target,Yes,496,None,ADHD
307,Target,No,0,Omission,ADHD
308,Target,No,0,Omission,ADHD
309,Target,Yes,492,None,ADHD
310,Non-Target,No,0,None,ADHD
311,Non-Target,No,0,None,ADHD
312,Non-Target,No,0,None,ADHD
313,Target,No,0,Omission,ADHD
314,Non-Target,No,0,None,ADHD
315,Non-Target,No,0,None,ADHD
316,Target,Yes,601,None,ADHD
317,Non-Target,No,0,None,ADHD
318,Target,Yes,612,None,ADHD
319,Non-Target,No,0,None,ADHD
320,Non-Target,No,0,None,ADHD
321,Target,Yes,726,None,ADHD
322,Non-Target,No,0,None,ADHD
323,Non-Target,No,0,None,ADHD
324,Non-Target,No,0,None,ADHD
325,Non-Target,No,0,None,ADHD
326,Non-Target,No,0,None,ADHD
327,Non-Target,No,0,None,ADHD
328,Non-Target,No,0,None,ADHD
329,Non-Target,No,0,None,ADHD
330,Target,Yes,550,None,ADHD
331,Non-Target,No,0,None,ADHD
332,Non-Target,No,0,None,ADHD
333,Non-Target,No,0,None,ADHD
334,Non-Target,No,0,None,ADHD
335,Target,Yes,533,None,ADHD
336,Non-Target,No,0,None,ADHD
337,Non-Target,No,0,None,ADHD
338,Non-Target,No,0,None,ADHD
339,Non-Target,No,0,None,ADHD
340,Non-Target,No,0,None,ADHD
341,Non-Target,No,0,None,ADHD
342,Non-Target,No,0,None,ADHD
343,Non-Target,No,0,None,ADHD
344,Target,Yes,720,None,ADHD
345,Non-Target,No,0,None,ADHD
346,Non-Target,No,0,None,ADHD
347,Non-Target,No,0,None,ADHD
348,Target,Yes,405,None,ADHD
349,Non-Target,No,0,None,ADHD
350,Target,Yes,535,None,ADHD
351,Non-Target,No,0,None,ADHD
352,Non-Target,No,0,None,ADHD
353,Target,No,0,Omission,ADHD
354,Target,Yes,570,None,ADHD
355,Non-Target,No,0,None,ADHD
356,Non-Target,No,0,None,ADHD
357,Non-Target,No,0,None,ADHD
358,Target,Yes,940,None,ADHD
359,Non-Target,No,0,None,ADHD
360,Target,Yes,800,None,ADHD
361,Non-Target,No,0,None,ADHD
362,Non-Target,No,0,None,ADHD
363,Non-Target,No,0,None,ADHD
364,Non-Target,No,0,None,ADHD
365,Non-Target,No,0,None,ADHD
366,Target,No,0,Omission,ADHD
367,Non-Target,No,0,None,ADHD
368,Target,Yes,683,None,ADHD
369,Target,No,0,Omission,ADHD
370,Non-Target,No,0,None,ADHD
371,Target,No,0,Omission,ADHD
372,Target,No,0,Omission,ADHD
373,Non-Target,Yes,609,Commission,ADHD
374,Non-Target,No,0,None,ADHD
375,Target,Yes,768,None,ADHD
376,Target,Yes,683,None,ADHD
377,Non-Target,No,0,None,ADHD
378,Target,Yes,641,None,ADHD
379,Non-Target,No,0,None,ADHD
380,Non-Target,No,0,None,ADHD
381,Target,Yes,573,None,ADHD
382,Non-Target,No,0,None,ADHD
383,Non-Target,No,0,None,ADHD
384,Non-Target,No,0,None,ADHD
385,Non-Target,No,0,None,ADHD
386,Target,Yes,581,None,ADHD
387,Non-Target,No,0,None,ADHD
388,Non-Target,No,0,None,ADHD
389,Non-Target,No,0,None,ADHD
390,Target,Yes,647,None,ADHD
391,Non-Target,Yes,648,Commission,ADHD
392,Non-Target,No,0,None,ADHD
393,Non-Target,No,0,None,ADHD
394,Target,Yes,638,None,ADHD
395,Non-Target,No,0,None,ADHD
396,Non-Target,No,0,None,ADHD
397,Non-Target,No,0,None,ADHD
398,Non-Target,No,0,None,ADHD
399,Non-Target,Yes,543,Commission,ADHD
400,Non-Target,No,0,None,ADHD
401,Non-Target,No,0,None,ADHD
402,Target,Yes,675,None,ADHD
403,Non-Target,Yes,571,Commission,ADHD
404,Target,Yes,600,None,ADHD
405,Non-Target,Yes,382,Commission,ADHD
406,Non-Target,No,0,None,ADHD
407,Non-Target,No,0,None,ADHD
408,Target,Yes,899,None,ADHD
409,Non-Target,No,0,None,ADHD
410,Non-Target,No,0,None,ADHD
411,Non-Target,Yes,510,Commission,ADHD
412,Target,No,0,Omission,ADHD
413,Non-Target,No,0,None,ADHD
414,Non-Target,Yes,692,Commission,ADHD
415,Target,No,0,Omission,ADHD
416,Non-Target,No,0,None,ADHD
417,Target,No,0,Omission,ADHD
418,Non-Target,No,0,None,ADHD
419,Target,No,0,Omission,ADHD
420,Non-Target,No,0,None,ADHD
421,Non-Target,No,0,None,ADHD
422,Target,Yes,771,None,ADHD
423,Target,No,0,Omission,ADHD
424,Non-Target,No,0,None,ADHD
425,Non-Target,No,0,None,ADHD
426,Non-Target,No,0,None,ADHD
427,Non-Target,No,0,None,ADHD
428,Non-Target,No,0,None,ADHD
429,Non-Target,No,0,None,ADHD
430,Non-Target,No,0,None,ADHD
431,Target,No,0,Omission,ADHD
432,Target,Yes,937,None,ADHD
433,Non-Target,No,0,None,ADHD
434,Non-Target,No,0,None,ADHD
435,Non-Target,No,0,None,ADHD
436,Non-Target,No,0,None,ADHD
437,Non-Target,No,0,None,ADHD
438,Non-Target,No,0,None,ADHD
439,Non-Target,No,0,None,ADHD
440,Non-Target,No,0,None,ADHD
441,Non-Target,No,0,None,ADHD
442,Target,Yes,739,None,ADHD
443,Non-Target,No,0,None,ADHD
444,Non-Target,No,0,None,ADHD
445,Non-Target,Yes,664,Commission,ADHD
446,Non-Target,No,0,None,ADHD
447,Non-Target,No,0,None,ADHD
448,Target,Yes,668,None,ADHD
449,Non-Target,No,0,None,ADHD
450,Non-Target,Yes,445,Commission,ADHD
451,Target,Yes,597,None,ADHD
452,Non-Target,No,0,None,ADHD
453,Target,No,0,Omission,ADHD
454,Non-Target,No,0,None,ADHD
455,Non-Target,No,0,None,ADHD
456,Non-Target,No,0,None,ADHD
457,Non-Target,No,0,None,ADHD
458,Target,Yes,663,None,ADHD
459,Non-Target,No,0,None,ADHD
460,Non-Target,No,0,None,ADHD
461,Non-Target,No,0,None,ADHD
462,Non-Target,No,0,None,ADHD
463,Non-Target,Yes,587,Commission,ADHD
464,Non-Target,No,0,None,ADHD
465,Target,Yes,411,None,ADHD
466,Non-Target,Yes,784,Commission,ADHD
467,Target,Yes,424,None,ADHD
468,Target,Yes,496,None,ADHD
469,Target,Yes,495,None,ADHD
470,Non-Target,No,0,None,ADHD
471,Non-Target,Yes,626,Commission,ADHD
472,Target,No,0,Omission,ADHD
473,Target,No,0,Omission,ADHD
474,Non-Target,No,0,None,ADHD
475,Non-Target,No,0,None,ADHD
476,Non-Target,No,0,None,ADHD
477,Non-Target,No,0,None,ADHD
478,Target,Yes,604,None,ADHD
479,Non-Target,No,0,None,ADHD
480,Non-Target,No,0,None,ADHD
481,Non-Target,No,0,None,ADHD
482,Target,Yes,750,None,ADHD
483,Non-Target,No,0,None,ADHD
484,Non-Target,No,0,None,ADHD
485,Non-Target,No,0,None,ADHD
486,Non-Target,No,0,None,ADHD
487,Target,Yes,285,None,ADHD
488,Target,Yes,808,None,ADHD
489,Non-Target,No,0,None,ADHD
490,Target,Yes,752,None,ADHD
491,Target,Yes,662,None,ADHD
492,Target,Yes,441,None,ADHD
493,Non-Target,No,0,None,ADHD
494,Target,Yes,690,None,ADHD
495,Non-Target,No,0,None,ADHD
496,Non-Target,No,0,None,ADHD
497,Non-Target,No,0,None,ADHD
498,Non-Target,No,0,None,ADHD
499,Non-Target,No,0,None,ADHD
500,Non-Target,No,0,None,ADHD
501,Non-Target,No,0,None,ADHD
502,Target,No,0,Omission,ADHD
503,Non-Target,No,0,None,ADHD
504,Non-Target,Yes,437,Commission,ADHD
505,Non-Target,No,0,None,ADHD
506,Non-Target,No,0,None,ADHD
507,Target,Yes,605,None,ADHD
508,Target,No,0,Omission,ADHD
509,Non-Target,Yes,822,Commission,ADHD
510,Non-Target,No,0,None,ADHD
511,Non-Target,Yes,740,Commission,ADHD
512,Target,Yes,578,None,ADHD
513,Non-Target,No,0,None,ADHD
514,Non-Target,No,0,None,ADHD
515,Non-Target,No,0,None,ADHD
516,Non-Target,No,0,None,ADHD
517,Non-Target,No,0,None,ADHD
518,Target,Yes,539,None,ADHD
519,Target,Yes,416,None,ADHD
520,Target,Yes,730,None,ADHD
521,Non-Target,No,0,None,ADHD
522,Non-Target,No,0,None,ADHD
523,Non-Target,No,0,None,ADHD
524,Non-Target,No,0,None,ADHD
525,Non-Target,No,0,None,ADHD
526,Non-Target,No,0,None,ADHD
527,Non-Target,No,0,None,ADHD
528,Target,No,0,Omission,ADHD
529,Non-Target,No,0,None,ADHD
530,Non-Target,No,0,None,ADHD
531,Target,Yes,613,None,ADHD
532,Non-Target,No,0,None,ADHD
533,Non-Target,No,0,None,ADHD
534,Non-Target,No,0,None,ADHD
535,Non-Target,No,0,None,ADHD
536,Non-Target,No,0,None,ADHD
537,Non-Target,No,0,None,ADHD
538,Non-Target,No,0,None,ADHD
539,Non-Target,No,0,None,ADHD
540,Non-Target,No,0,None,ADHD
541,Non-Target,No,0,None,ADHD
542,Target,Yes,654,None,ADHD
543,Non-Target,No,0,None,ADHD
544,Target,Yes,517,None,ADHD
545,Target,Yes,542,None,ADHD
546,Non-Target,No,0,None,ADHD
547,Non-Target,No,0,None,ADHD
548,Non-Target,Yes,512,Commission,ADHD
549,Target,Yes,654,None,ADHD
550,Non-Target,No,0,None,ADHD
551,Non-Target,No,0,None,ADHD
552,Target,Yes,515,None,ADHD
553,Non-Target,No,0,None,ADHD
554,Non-Target,No,0,None,ADHD
555,Non-Target,No,0,None,ADHD
556,Target,No,0,Omission,ADHD
557,Target,Yes,298,None,ADHD
558,Target,Yes,715,None,ADHD
559,Target,Yes,624,None,ADHD
560,Target,Yes,558,None,ADHD
561,Non-Target,No,0,None,ADHD
562,Non-Target,No,0,None,ADHD
563,Non-Target,No,0,None,ADHD
564,Target,Yes,534,None,ADHD
565,Non-Target,No,0,None,ADHD
566,Non-Target,No,0,None,ADHD
567,Target,Yes,606,None,ADHD
568,Non-Target,No,0,None,ADHD
569,Non-Target,No,0,None,ADHD
570,Non-Target,No,0,None,ADHD
571,Non-Target,No,0,None,ADHD
572,Target,Yes,671,None,ADHD
573,Non-Target,No,0,None,ADHD
574,Non-Target,No,0,None,ADHD
575,Non-Target,No,0,None,ADHD
576,Target,Yes,864,None,ADHD
577,Non-Target,No,0,None,ADHD
578,Non-Target,No,0,None,ADHD
579,Non-Target,No,0,None,ADHD
580,Non-Target,No,0,None,ADHD
581,Non-Target,No,0,None,ADHD
582,Non-Target,No,0,None,ADHD
583,Target,No,0,Omission,ADHD
584,Non-Target,No,0,None,ADHD
585,Non-Target,No,0,None,ADHD
586,Target,Yes,776,None,ADHD
587,Target,Yes,675,None,ADHD
588,Non-Target,No,0,None,ADHD
589,Target,Yes,671,None,ADHD
590,Non-Target,No,0,None,ADHD
591,Target,Yes,586,None,ADHD
592,Target,Yes,643,None,ADHD
593,Non-Target,Yes,654,Commission,ADHD
594,Non-Target,No,0,None,ADHD
595,Target,No,0,Omission,ADHD
596,Non-Target,No,0,None,ADHD
597,Non-Target,No,0,None,ADHD
598,Non-Target,No,0,None,ADHD
599,Non-Target,No,0,None,ADHD
600,Non-Target,No,0,None,ADHD
601,Target,Yes,561,None,ADHD
602,Non-Target,No,0,None,ADHD
603,Non-Target,No,0,None,ADHD
604,Non-Target,No,0,None,ADHD
605,Target,No,0,Omission,ADHD
606,Target,Yes,525,None,ADHD
607,Non-Target,No,0,None,ADHD
608,Non-Target,No,0,None,ADHD
609,Target,Yes,706,None,ADHD
610,Non-Target,No,0,None,ADHD
611,Target,No,0,Omission,ADHD
612,Non-Target,No,0,None,ADHD
613,Non-Target,No,0,None,ADHD
614,Target,Yes,599,None,ADHD
615,Non-Target,Yes,876,Commission,ADHD
616,Target,Yes,543,None,ADHD
617,Non-Target,No,0,None,ADHD
618,Target,No,0,Omission,ADHD
619,Non-Target,No,0,None,ADHD
620,Non-Target,No,0,None,ADHD
621,Non-Target,No,0,None,ADHD
622,Non-Target,No,0,None,ADHD
623,Non-Target,No,0,None,ADHD
624,Non-Target,No,0,None,ADHD
625,Target,Yes,691,None,ADHD
626,Target,Yes,668,None,ADHD
627,Target,Yes,675,None,ADHD
628,Non-Target,No,0,None,ADHD
629,Non-Target,No,0,None,ADHD
630,Non-Target,No,0,None,ADHD
631,Non-Target,No,0,None,ADHD
632,Non-Target,No,0,None,ADHD
633,Non-Target,No,0,None,ADHD
634,Non-Target,No,0,None,ADHD
635,Non-Target,No,0,None,ADHD
636,Non-Target,No,0,None,ADHD
637,Target,Yes,708,None,ADHD
638,Non-Target,No,0,None,ADHD
639,Non-Target,No,0,None,ADHD
640,Non-Target,No,0,None,ADHD
641,Non-Target,Yes,650,Commission,ADHD
642,Non-Target,No,0,None,ADHD
643,Non-Target,No,0,None,ADHD
644,Non-Target,No,0,None,ADHD
645,Non-Target,No,0,None,ADHD
646,Non-Target,No,0,None,ADHD
647,Non-Target,No,0,None,ADHD
648,Target,Yes,478,None,ADHD
649,Non-Target,No,0,None,ADHD
650,Non-Target,No,0,None,ADHD
651,Target,Yes,430,None,ADHD
652,Target,Yes,640,None,ADHD
653,Non-Target,Yes,529,Commission,ADHD
654,Non-Target,No,0,None,ADHD
655,Target,No,0,Omission,ADHD
656,Target,Yes,349,None,ADHD
657,Target,Yes,481,None,ADHD
658,Non-Target,No,0,None,ADHD
659,Target,Yes,643,None,ADHD
660,Target,No,0,Omission,ADHD
661,Non-Target,No,0,None,ADHD
662,Non-Target,No,0,None,ADHD
663,Non-Target,No,0,None,ADHD
664,Target,Yes,510,None,ADHD
665,Non-Target,No,0,None,ADHD
666,Non-Target,No,0,None,ADHD
667,Non-Target,Yes,656,Commission,ADHD
668,Target,Yes,683,None,ADHD
669,Target,Yes,560,None,ADHD
670,Non-Target,No,0,None,ADHD
671,Target,Yes,635,None,ADHD
672,Non-Target,No,0,None,ADHD
673,Target,No,0,Omission,ADHD
674,Non-Target,No,0,None,ADHD
675,Non-Target,No,0,None,ADHD
676,Non-Target,No,0,None,ADHD
677,Target,Yes,724,None,ADHD
678,Target,Yes,691,None,ADHD
679,Non-Target,No,0,None,ADHD
680,Non-Target,No,0,None,ADHD
681,Non-Target,No,0,None,ADHD
682,Target,Yes,628,None,ADHD
683,Target,No,0,Omission,ADHD
684,Non-Target,No,0,None,ADHD
685,Non-Target,No,0,None,ADHD
686,Non-Target,No,0,None,ADHD
687,Non-Target,No,0,None,ADHD
688,Non-Target,No,0,None,ADHD
689,Target,No,0,Omission,ADHD
690,Target,Yes,622,None,ADHD
691,Non-Target,No,0,None,ADHD
692,Target,Yes,533,None,ADHD
693,Non-Target,No,0,None,ADHD
694,Non-Target,No,0,None,ADHD
695,Target,Yes,704,None,ADHD
696,Non-Target,No,0,None,ADHD
697,Non-Target,Yes,553,Commission,ADHD
698,Target,Yes,635,None,ADHD
699,Non-Target,No,0,None,ADHD
700,Non-Target,No,0,None,ADHD
701,Target,Yes,750,None,ADHD
702,Non-Target,No,0,None,ADHD
703,Non-Target,No,0,None,ADHD
704,Non-Target,No,0,None,ADHD
705,Non-Target,No,0,None,ADHD
706,Target,No,0,Omission,ADHD
707,Target,Yes,707,None,ADHD
708,Non-Target,No,0,None,ADHD
709,Non-Target,No,0,None,ADHD
710,Non-Target,No,0,None,ADHD
711,Non-Target,No,0,None,ADHD
712,Non-Target,No,0,None,ADHD
713,Non-Target,No,0,None,ADHD
714,Target,Yes,738,None,ADHD
715,Target,Yes,581,None,ADHD
716,Non-Target,No,0,None,ADHD
717,Non-Target,No,0,None,ADHD
718,Non-Target,No,0,None,ADHD
719,Non-Target,No,0,None,ADHD
720,Non-Target,Yes,400,Commission,ADHD
721,Non-Target,No,0,None,ADHD
722,Target,Yes,573,None,ADHD
723,Non-Target,No,0,None,ADHD
724,Non-Target,No,0,None,ADHD
725,Non-Target,No,0,None,ADHD
726,Non-Target,No,0,None,ADHD
727,Non-Target,No,0,None,ADHD
728,Non-Target,No,0,None,ADHD
729,Target,Yes,620,None,ADHD
730,Non-Target,No,0,None,ADHD
731,Target,Yes,533,None,ADHD
732,Non-Target,No,0,None,ADHD
733,Non-Target,No,0,None,ADHD
734,Non-Target,No,0,None,ADHD
735,Target,Yes,548,None,ADHD
736,Non-Target,Yes,684,Commission,ADHD
737,Target,Yes,601,None,ADHD
738,Non-Target,No,0,None,ADHD
739,Non-Target,No,0,None,ADHD
740,Non-Target,No,0,None,ADHD
741,Target,No,0,Omission,ADHD
742,Non-Target,No,0,None,ADHD
743,Non-Target,No,0,None,ADHD
744,Non-Target,No,0,None,ADHD
745,Non-Target,No,0,None,ADHD
746,Non-Target,No,0,None,ADHD
747,Target,Yes,590,None,ADHD
748,Non-Target,No,0,None,ADHD
749,Non-Target,No,0,None,ADHD
750,Target,Yes,673,None,ADHD
751,Target,Yes,665,None,ADHD
752,Non-Target,No,0,None,ADHD
753,Non-Target,No,0,None,ADHD
754,Target,No,0,Omission,ADHD
755,Non-Target,No,0,None,ADHD
756,Target,Yes,451,None,ADHD
757,Non-Target,No,0,None,ADHD
758,Non-Target,No,0,None,ADHD
759,Non-Target,No,0,None,ADHD
760,Non-Target,No,0,None,ADHD
761,Non-Target,No,0,None,ADHD
762,Non-Target,No,0,None,ADHD
763,Non-Target,Yes,485,Commission,ADHD
764,Non-Target,No,0,None,ADHD
765,Target,No,0,Omission,ADHD
766,Non-Target,No,0,None,ADHD
767,Non-Target,No,0,None,ADHD
768,Target,Yes,740,None,ADHD
769,Non-Target,No,0,None,ADHD
770,Target,Yes,833,None,ADHD
771,Non-Target,No,0,None,ADHD
772,Non-Target,No,0,None,ADHD
773,Non-Target,No,0,None,ADHD
774,Target,Yes,857,None,ADHD
775,Non-Target,No,0,None,ADHD
776,Non-Target,No,0,None,ADHD
777,Target,Yes,862,None,ADHD
778,Target,Yes,849,None,ADHD
779,Non-Target,No,0,None,ADHD
780,Non-Target,No,0,None,ADHD
781,Non-Target,No,0,None,ADHD
782,Non-Target,No,0,None,ADHD
783,Target,Yes,609,None,ADHD
784,Target,Yes,493,None,ADHD
785,Target,Yes,681,None,ADHD
786,Non-Target,Yes,730,Commission,ADHD
787,Non-Target,No,0,None,ADHD
788,Non-Target,No,0,None,ADHD
789,Non-Target,No,0,None,ADHD
790,Non-Target,No,0,None,ADHD
791,Non-Target,No,0,None,ADHD
792,Target,Yes,635,None,ADHD
793,Non-Target,No,0,None,ADHD
794,Target,Yes,801,None,ADHD
795,Non-Target,No,0,None,ADHD
796,Target,Yes,522,None,ADHD
797,Target,Yes,540,None,ADHD
798,Non-Target,No,0,None,ADHD
799,Target,Yes,813,None,ADHD
800,Target,Yes,496,None,ADHD
801,Target,No,0,Omission,ADHD
802,Target,Yes,469,None,ADHD
803,Target,Yes,400,None,ADHD
804,Target,Yes,894,None,ADHD
805,Non-Target,No,0,None,ADHD
806,Non-Target,No,0,None,ADHD
807,Target,Yes,633,None,ADHD
808,Non-Target,No,0,None,ADHD
809,Target,Yes,541,None,ADHD
810,Non-Target,No,0,None,ADHD
811,Non-Target,No,0,None,ADHD
812,Non-Target,No,0,None,ADHD
813,Non-Target,No,0,None,ADHD
814,Target,Yes,771,None,ADHD
815,Non-Target,No,0,None,ADHD
816,Target,Yes,825,None,ADHD
817,Non-Target,No,0,None,ADHD
818,Non-Target,No,0,None,ADHD
819,Target,Yes,614,None,ADHD
820,Target,No,0,Omission,ADHD
821,Non-Target,No,0,None,ADHD
822,Non-Target,No,0,None,ADHD
823,Non-Target,No,0,None,ADHD
824,Target,Yes,719,None,ADHD
825,Non-Target,No,0,None,ADHD
826,Non-Target,No,0,None,ADHD
827,Non-Target,No,0,None,ADHD
828,Non-Target,No,0,None,ADHD
829,Target,Yes,571,None,ADHD
830,Non-Target,No,0,None,ADHD
831,Non-Target,No,0,None,ADHD
832,Non-Target,No,0,None,ADHD
833,Target,Yes,656,None,ADHD
834,Target,Yes,583,None,ADHD
835,Target,No,0,Omission,ADHD
836,Target,Yes,738,None,ADHD
837,Non-Target,No,0,None,ADHD
838,Non-Target,No,0,None,ADHD
839,Target,Yes,699,None,ADHD
840,Non-Target,No,0,None,ADHD
841,Non-Target,No,0,None,ADHD
842,Non-Target,Yes,510,Commission,ADHD
843,Target,Yes,685,None,ADHD
844,Non-Target,No,0,None,ADHD
845,Non-Target,No,0,None,ADHD
846,Non-Target,No,0,None,ADHD
847,Non-Target,Yes,560,Commission,ADHD
848,Target,No,0,Omission,ADHD
849,Target,Yes,330,None,ADHD
850,Non-Target,No,0,None,ADHD
851,Non-Target,No,0,None,ADHD
852,Target,Yes,510,None,ADHD
853,Non-Target,No,0,None,ADHD
854,Non-Target,No,0,None,ADHD
855,Non-Target,No,0,None,ADHD
856,Target,Yes,426,None,ADHD
857,Non-Target,No,0,None,ADHD
858,Non-Target,No,0,None,ADHD
859,Non-Target,No,0,None,ADHD
860,Non-Target,No,0,None,ADHD
861,Non-Target,No,0,None,ADHD
862,Non-Target,No,0,None,ADHD
863,Target,Yes,592,None,ADHD
864,Non-Target,No,0,None,ADHD
865,Non-Target,Yes,572,Commission,ADHD
866,Non-Target,Yes,468,Commission,ADHD
867,Non-Target,No,0,None,ADHD
868,Non-Target,No,0,None,ADHD
869,Non-Target,Yes,688,Commission,ADHD
870,Target,Yes,553,None,ADHD
871,Target,Yes,554,None,ADHD
872,Non-Target,No,0,None,ADHD
873,Non-Target,No,0,None,ADHD
874,Target,Yes,542,None,ADHD
875,Non-Target,No,0,None,ADHD
876,Target,No,0,Omission,ADHD
877,Non-Target,No,0,None,ADHD
878,Non-Target,No,0,None,ADHD
879,Target,Yes,574,None,ADHD
880,Target,Yes,628,None,ADHD
881,Non-Target,No,0,None,ADHD
882,Target,Yes,474,None,ADHD
883,Non-Target,No,0,None,ADHD
884,Target,Yes,805,None,ADHD
885,Non-Target,No,0,None,ADHD
886,Non-Target,No,0,None,ADHD
887,Non-Target,No,0,None,ADHD
888,Target,Yes,430,None,ADHD
889,Target,Yes,628,None,ADHD
890,Target,Yes,649,None,ADHD
891,Target,Yes,705,None,ADHD
892,Non-Target,No,0,None,ADHD
893,Non-Target,No,0,None,ADHD
894,Non-Target,No,0,None,ADHD
895,Non-Target,No,0,None,ADHD
896,Non-Target,No,0,None,ADHD
897,Target,Yes,581,None,ADHD
898,Non-Target,No,0,None,ADHD
899,Non-Target,No,0,None,ADHD
900,Non-Target,No,0,None,ADHD
901,Non-Target,No,0,None,ADHD
902,Target,Yes,699,None,ADHD
903,Target,No,0,Omission,ADHD
904,Target,Yes,881,None,ADHD
905,Non-Target,No,0,None,ADHD
906,Non-Target,No,0,None,ADHD
907,Non-Target,No,0,None,ADHD
908,Non-Target,No,0,None,ADHD
909,Target,No,0,Omission,ADHD
910,Target,Yes,587,None,ADHD
911,Non-Target,No,0,None,ADHD
912,Non-Target,No,0,None,ADHD
913,Non-Target,No,0,None,ADHD
914,Non-Target,No,0,None,ADHD
915,Non-Target,No,0,None,ADHD
916,Non-Target,Yes,701,Commission,ADHD
917,Non-Target,No,0,None,ADHD
918,Non-Target,No,0,None,ADHD
919,Non-Target,No,0,None,ADHD
920,Non-Target,No,0,None,ADHD
921,Target,Yes,799,None,ADHD
922,Target,Yes,781,None,ADHD
923,Non-Target,No,0,None,ADHD
924,Target,Yes,420,None,ADHD
925,Non-Target,No,0,None,ADHD
926,Target,Yes,716,None,ADHD
927,Target,Yes,502,None,ADHD
928,Non-Target,No,0,None,ADHD
929,Target,Yes,674,None,ADHD
930,Target,Yes,760,None,ADHD
931,Non-Target,No,0,None,ADHD
932,Target,Yes,758,None,ADHD
933,Non-Target,No,0,None,ADHD
934,Non-Target,No,0,None,ADHD
935,Non-Target,No,0,None,ADHD
936,Target,Yes,695,None,ADHD
937,Non-Target,No,0,None,ADHD
938,Target,No,0,Omission,ADHD
939,Non-Target,No,0,None,ADHD
940,Target,No,0,Omission,ADHD
941,Non-Target,No,0,None,ADHD
942,Non-Target,No,0,None,ADHD
943,Non-Target,No,0,None,ADHD
944,Non-Target,No,0,None,ADHD
945,Non-Target,No,0,None,ADHD
946,Target,Yes,515,None,ADHD
947,Target,Yes,612,None,ADHD
948,Non-Target,No,0,None,ADHD
949,Target,No,0,Omission,ADHD
950,Target,Yes,473,None,ADHD
951,Non-Target,No,0,None,ADHD
952,Non-Target,No,0,None,ADHD
953,Non-Target,No,0,None,ADHD
954,Non-Target,No,0,None,ADHD
955,Non-Target,No,0,None,ADHD
956,Non-Target,No,0,None,ADHD
957,Target,Yes,670,None,ADHD
958,Non-Target,No,0,None,ADHD
959,Non-Target,No,0,None,ADHD
960,Target,Yes,554,None,ADHD
961,Non-Target,No,0,None,ADHD
962,Target,Yes,444,None,ADHD
963,Non-Target,No,0,None,ADHD
964,Non-Target,No,0,None,ADHD
965,Target,Yes,1002,None,ADHD
966,Non-Target,Yes,400,Commission,ADHD
967,Target,No,0,Omission,ADHD
968,Target,Yes,727,None,ADHD
969,Non-Target,No,0,None,ADHD
970,Non-Target,No,0,None,ADHD
971,Target,Yes,742,None,ADHD
972,Target,Yes,740,None,ADHD
973,Non-Target,No,0,None,ADHD
974,Target,Yes,565,None,ADHD
975,Target,No,0,Omission,ADHD
976,Target,Yes,548,None,ADHD
977,Non-Target,No,0,None,ADHD
978,Target,Yes,702,None,ADHD
979,Non-Target,No,0,None,ADHD
980,Target,No,0,Omission,ADHD
981,Non-Target,No,0,None,ADHD
982,Target,No,0,Omission,ADHD
983,Non-Target,No,0,None,ADHD
984,Non-Target,Yes,645,Commission,ADHD
985,Non-Target,No,0,None,ADHD
986,Non-Target,No,0,None,ADHD
987,Target,Yes,673,None,ADHD
988,Non-Target,Yes,689,Commission,ADHD
989,Non-Target,No,0,None,ADHD
990,Non-Target,No,0,None,ADHD
991,Non-Target,No,0,None,ADHD
992,Target,Yes,503,None,ADHD
993,Target,Yes,820,None,ADHD
994,Non-Target,No,0,None,ADHD
995,Non-Target,No,0,None,ADHD
996,Non-Target,No,0,None,ADHD
997,Non-Target,No,0,None,ADHD
998,Target,Yes,463,None,ADHD
999,Non-Target,No,0,None,ADHD
1000,Non-Target,No,0,None,ADHD
1001,Non-Target,No,0,None,ADHD
1002,Non-Target,No,0,None,ADHD
1003,Non-Target,No,0,None,ADHD
1004,Target,No,0,Omission,ADHD
1005,Target,No,0,Omission,ADHD
1006,Non-Target,No,0,None,ADHD
1007,Target,No,0,Omission,ADHD
1008,Non-Target,No,0,None,ADHD
1009,Non-Target,No,0,None,ADHD
1010,Non-Target,No,0,None,ADHD
1011,Non-Target,No,0,None,ADHD
1012,Target,Yes,713,None,ADHD
1013,Non-Target,No,0,None,ADHD
1014,Non-Target,No,0,None,ADHD
1015,Target,Yes,716,None,ADHD
1016,Non-Target,Yes,659,Commission,ADHD
1017,Non-Target,No,0,None,ADHD
1018,Target,Yes,779,None,ADHD
1019,Non-Target,No,0,None,ADHD
1020,Non-Target,No,0,None,ADHD
1021,Target,Yes,521,None,ADHD
1022,Non-Target,No,0,None,ADHD
1023,Non-Target,No,0,None,ADHD
1024,Non-Target,No,0,None,ADHD
1025,Non-Target,No,0,None,ADHD
1026,Non-Target,No,0,None,ADHD
1027,Target,No,0,Omission,ADHD
1028,Non-Target,No,0,None,ADHD
1029,Non-Target,No,0,None,ADHD
1030,Non-Target,No,0,None,ADHD
1031,Target,Yes,230,None,ADHD
1032,Non-Target,No,0,None,ADHD
1033,Non-Target,No,0,None,ADHD
1034,Non-Target,No,0,None,ADHD
1035,Non-Target,No,0,None,ADHD
1036,Non-Target,No,0,None,ADHD
1037,Target,No,0,Omission,ADHD
1038,Non-Target,No,0,None,ADHD
1039,Non-Target,No,0,None,ADHD
1040,Non-Target,No,0,None,ADHD
1041,Non-Target,No,0,None,ADHD
1042,Non-Target,No,0,None,ADHD
1043,Non-Target,No,0,None,ADHD
1044,Non-Target,Yes,625,Commission,ADHD
1045,Target,Yes,534,None,ADHD
1046,Non-Target,No,0,None,ADHD
1047,Non-Target,No,0,None,ADHD
1048,Target,No,0,Omission,ADHD
1049,Non-Target,No,0,None,ADHD
1050,Target,Yes,529,None,ADHD
1051,Target,Yes,760,None,ADHD
1052,Target,Yes,501,None,ADHD
1053,Target,No,0,Omission,ADHD
1054,Non-Target,No,0,None,ADHD
1055,Non-Target,No,0,None,ADHD
1056,Non-Target,No,0,None,ADHD
1057,Non-Target,No,0,None,ADHD
1058,Target,Yes,711,None,ADHD
1059,Non-Target,No,0,None,ADHD
1060,Target,Yes,546,None,ADHD
1061,Non-Target,No,0,None,ADHD
1062,Non-Target,No,0,None,ADHD
1063,Non-Target,No,0,None,ADHD
1064,Target,Yes,576,None,ADHD
1065,Non-Target,Yes,628,Commission,ADHD
1066,Target,No,0,Omission,ADHD
1067,Target,Yes,624,None,ADHD
1068,Target,Yes,548,None,ADHD
1069,Target,Yes,523,None,ADHD
1070,Target,Yes,460,None,ADHD
1071,Non-Target,No,0,None,ADHD
1072,Target,Yes,531,None,ADHD
1073,Non-Target,No,0,None,ADHD
1074,Non-Target,No,0,None,ADHD
1075,Non-Target,No,0,None,ADHD
1076,Non-Target,No,0,None,ADHD
1077,Non-Target,No,0,None,ADHD
1078,Non-Target,No,0,None,ADHD
1079,Target,No,0,Omission,ADHD
1080,Non-Target,No,0,None,ADHD
1081,Target,Yes,608,None,ADHD
1082,Target,Yes,731,None,ADHD
1083,Target,Yes,561,None,ADHD
1084,Target,Yes,488,None,ADHD
1085,Non-Target,No,0,None,ADHD
1086,Non-Target,No,0,None,ADHD
1087,Non-Target,No,0,None,ADHD
1088,Non-Target,No,0,None,ADHD
1089,Non-Target,No,0,None,ADHD
1090,Non-Target,No,0,None,ADHD
1091,Non-Target,Yes,558,Commission,ADHD
1092,Non-Target,Yes,610,Commission,ADHD
1093,Target,No,0,Omission,ADHD
1094,Non-Target,No,0,None,ADHD
1095,Non-Target,No,0,None,ADHD
1096,Non-Target,No,0,None,ADHD
1097,Target,Yes,917,None,ADHD
1098,Non-Target,No,0,None,ADHD
1099,Target,Yes,600,None,ADHD
1100,Non-Target,No,0,None,ADHD
1101,Non-Target,No,0,None,ADHD
1102,Non-Target,No,0,None,ADHD
1103,Non-Target,No,0,None,ADHD
1104,Non-Target,No,0,None,ADHD
1105,Non-Target,No,0,None,ADHD
1106,Non-Target,No,0,None,ADHD
1107,Non-Target,No,0,None,ADHD
1108,Non-Target,No,0,None,ADHD
1109,Non-Target,No,0,None,ADHD
1110,Non-Target,Yes,571,Commission,ADHD
1111,Non-Target,No,0,None,ADHD
1112,Non-Target,No,0,None,ADHD
1113,Target,Yes,862,None,ADHD
1114,Non-Target,No,0,None,ADHD
1115,Target,Yes,512,None,ADHD
1116,Non-Target,No,0,None,ADHD
1117,Target,Yes,799,None,ADHD
1118,Non-Target,No,0,None,ADHD
1119,Target,Yes,738,None,ADHD
1120,Non-Target,No,0,None,ADHD
1121,Non-Target,No,0,None,ADHD
1122,Target,Yes,624,None,ADHD
1123,Non-Target,No,0,None,ADHD
1124,Non-Target,No,0,None,ADHD
1125,Non-Target,No,0,None,ADHD
1126,Target,No,0,Omission,ADHD
1127,Target,Yes,757,None,ADHD
1128,Target,Yes,736,None,ADHD
1129,Non-Target,No,0,None,ADHD
1130,Target,Yes,424,None,ADHD
1131,Non-Target,No,0,None,ADHD
1132,Target,Yes,632,None,ADHD
1133,Target,Yes,695,None,ADHD
1134,Non-Target,No,0,None,ADHD
1135,Non-Target,No,0,None,ADHD
1136,Non-Target,No,0,None,ADHD
1137,Non-Target,No,0,None,ADHD
1138,Non-Target,No,0,None,ADHD
1139,Non-Target,No,0,None,ADHD
1140,Non-Target,No,0,None,ADHD
1141,Target,Yes,779,None,ADHD
1142,Target,Yes,961,None,ADHD
1143,Target,Yes,675,None,ADHD
1144,Non-Target,No,0,None,ADHD
1145,Non-Target,No,0,None,ADHD
1146,Non-Target,No,0,None,ADHD
1147,Non-Target,No,0,None,ADHD
1148,Non-Target,No,0,None,ADHD
1149,Non-Target,No,0,None,ADHD
1150,Target,Yes,872,None,ADHD
1151,Non-Target,No,0,None,ADHD
1152,Non-Target,No,0,None,ADHD
1153,Non-Target,No,0,None,ADHD
1154,Non-Target,No,0,None,ADHD
1155,Non-Target,No,0,None,ADHD
1156,Non-Target,No,0,None,ADHD
1157,Target,Yes,722,None,ADHD
1158,Non-Target,No,0,None,ADHD
1159,Non-Target,No,0,None,ADHD
1160,Target,Yes,656,None,ADHD
1161,Non-Target,No,0,None,ADHD
1162,Non-Target,No,0,None,ADHD
1163,Non-Target,No,0,None,ADHD
1164,Target,Yes,597,None,ADHD
1165,Non-Target,No,0,None,ADHD
1166,Non-Target,No,0,None,ADHD
1167,Non-Target,No,0,None,ADHD
1168,Non-Target,No,0,None,ADHD
1169,Non-Target,Yes,618,Commission,ADHD
1170,Non-Target,No,0,None,ADHD
1171,Non-Target,No,0,None,ADHD
1172,Target,Yes,708,None,ADHD
1173,Non-Target,No,0,None,ADHD
1174,Non-Target,No,0,None,ADHD
1175,Target,No,0,Omission,ADHD
1176,Non-Target,No,0,None,ADHD
1177,Non-Target,No,0,None,ADHD
1178,Non-Target,Yes,739,Commission,ADHD
1179,Non-Target,No,0,None,ADHD
1180,Non-Target,No,0,None,ADHD
1181,Non-Target,Yes,732,Commission,ADHD
1182,Non-Target,No,0,None,ADHD
1183,Non-Target,No,0,None,ADHD
1184,Target,Yes,603,None,ADHD
1185,Non-Target,No,0,None,ADHD
1186,Target,Yes,605,None,ADHD
1187,Non-Target,No,0,None,ADHD
1188,Target,Yes,542,None,ADHD
1189,Non-Target,No,0,None,ADHD
1190,Target,Yes,496,None,ADHD
1191,Target,Yes,531,None,ADHD
1192,Non-Target,No,0,None,ADHD
1193,Non-Target,No,0,None,ADHD
1194,Target,Yes,728,None,ADHD
1195,Non-Target,No,0,None,ADHD
1196,Target,Yes,686,None,ADHD
1197,Non-Target,No,0,None,ADHD
1198,Non-Target,No,0,None,ADHD
1199,Non-Target,No,0,None,ADHD
1200,Non-Target,No,0,None,ADHD
