Trial,StimulusType,Reaction,ReactionTime(ms),ErrorType,Label
1,Target,No,0,Omission,ADHD
2,Non-Target,No,0,None,ADHD
3,Non-Target,No,0,None,ADHD
4,Non-Target,No,0,None,ADHD
5,Target,No,0,Omission,ADHD
6,Non-Target,No,0,None,ADHD
7,Non-Target,No,0,None,ADHD
8,Non-Target,No,0,None,ADHD
9,Non-Target,No,0,None,ADHD
10,Non-Target,No,0,None,ADHD
11,Non-Target,Yes,545,Commission,ADHD
12,Non-Target,No,0,None,ADHD
13,Non-Target,No,0,None,ADHD
14,Non-Target,Yes,714,Commission,ADHD
15,Non-Target,No,0,None,ADHD
16,Target,Yes,652,None,ADHD
17,Non-Target,No,0,None,ADHD
18,Target,Yes,711,None,ADHD
19,Target,Yes,796,None,ADHD
20,Target,Yes,685,None,ADHD
21,Non-Target,No,0,None,ADHD
22,Non-Target,Yes,724,Commission,ADHD
23,Non-Target,No,0,None,ADHD
24,Non-Target,No,0,None,ADHD
25,Non-Target,No,0,None,ADHD
26,Non-Target,No,0,None,ADHD
27,Target,Yes,806,None,ADHD
28,Non-Target,No,0,None,ADHD
29,Non-Target,No,0,None,ADHD
30,Non-Target,No,0,None,ADHD
31,Target,Yes,930,None,ADHD
32,Non-Target,No,0,None,ADHD
33,Non-Target,No,0,None,ADHD
34,Target,Yes,671,None,ADHD
35,Non-Target,No,0,None,ADHD
36,Target,Yes,642,None,ADHD
37,Non-Target,No,0,None,ADHD
38,Non-Target,No,0,None,ADHD
39,Non-Target,Yes,868,Commission,ADHD
40,Non-Target,No,0,None,ADHD
41,Non-Target,No,0,None,ADHD
42,Target,Yes,919,None,ADHD
43,Non-Target,No,0,None,ADHD
44,Non-Target,No,0,None,ADHD
45,Target,Yes,477,None,ADHD
46,Non-Target,Yes,530,Commission,ADHD
47,Non-Target,No,0,None,ADHD
48,Non-Target,No,0,None,ADHD
49,Non-Target,No,0,None,ADHD
50,Non-Target,No,0,None,ADHD
51,Non-Target,Yes,689,Commission,ADHD
52,Non-Target,No,0,None,ADHD
53,Non-Target,No,0,None,ADHD
54,Non-Target,Yes,964,Commission,ADHD
55,Target,Yes,727,None,ADHD
56,Target,Yes,879,None,ADHD
57,Non-Target,No,0,None,ADHD
58,Non-Target,Yes,670,Commission,ADHD
59,Non-Target,Yes,780,Commission,ADHD
60,Non-Target,No,0,None,ADHD
61,Non-Target,No,0,None,ADHD
62,Non-Target,No,0,None,ADHD
63,Non-Target,No,0,None,ADHD
64,Non-Target,No,0,None,ADHD
65,Non-Target,No,0,None,ADHD
66,Non-Target,No,0,None,ADHD
67,Non-Target,No,0,None,ADHD
68,Target,Yes,737,None,ADHD
69,Non-Target,No,0,None,ADHD
70,Target,Yes,721,None,ADHD
71,Target,Yes,586,None,ADHD
72,Non-Target,No,0,None,ADHD
73,Non-Target,No,0,None,ADHD
74,Non-Target,Yes,733,Commission,ADHD
75,Non-Target,No,0,None,ADHD
76,Target,Yes,785,None,ADHD
77,Non-Target,No,0,None,ADHD
78,Non-Target,No,0,None,ADHD
79,Target,No,0,Omission,ADHD
80,Non-Target,No,0,None,ADHD
81,Non-Target,No,0,None,ADHD
82,Non-Target,No,0,None,ADHD
83,Non-Target,No,0,None,ADHD
84,Non-Target,No,0,None,ADHD
85,Target,No,0,Omission,ADHD
86,Non-Target,No,0,None,ADHD
87,Non-Target,No,0,None,ADHD
88,Non-Target,No,0,None,ADHD
89,Non-Target,No,0,None,ADHD
90,Non-Target,No,0,None,ADHD
91,Target,Yes,678,None,ADHD
92,Non-Target,No,0,None,ADHD
93,Non-Target,No,0,None,ADHD
94,Target,Yes,856,None,ADHD
95,Target,No,0,Omission,ADHD
96,Non-Target,No,0,None,ADHD
97,Non-Target,No,0,None,ADHD
98,Non-Target,No,0,None,ADHD
99,Non-Target,No,0,None,ADHD
100,Non-Target,No,0,None,ADHD
101,Non-Target,No,0,None,ADHD
102,Target,Yes,610,None,ADHD
103,Target,Yes,616,None,ADHD
104,Non-Target,No,0,None,ADHD
105,Non-Target,No,0,None,ADHD
106,Non-Target,No,0,None,ADHD
107,Non-Target,No,0,None,ADHD
108,Non-Target,Yes,707,Commission,ADHD
109,Non-Target,No,0,None,ADHD
110,Non-Target,No,0,None,ADHD
111,Non-Target,No,0,None,ADHD
112,Non-Target,No,0,None,ADHD
113,Non-Target,Yes,721,Commission,ADHD
114,Non-Target,No,0,None,ADHD
115,Non-Target,No,0,None,ADHD
116,Non-Target,No,0,None,ADHD
117,Non-Target,No,0,None,ADHD
118,Non-Target,No,0,None,ADHD
119,Non-Target,Yes,630,Commission,ADHD
120,Non-Target,Yes,619,Commission,ADHD
121,Target,No,0,Omission,ADHD
122,Non-Target,Yes,687,Commission,ADHD
123,Non-Target,No,0,None,ADHD
124,Non-Target,No,0,None,ADHD
125,Non-Target,Yes,760,Commission,ADHD
126,Non-Target,No,0,None,ADHD
127,Non-Target,No,0,None,ADHD
128,Non-Target,No,0,None,ADHD
129,Target,Yes,735,None,ADHD
130,Non-Target,No,0,None,ADHD
131,Non-Target,No,0,None,ADHD
132,Non-Target,No,0,None,ADHD
133,Non-Target,Yes,648,Commission,ADHD
134,Non-Target,No,0,None,ADHD
135,Non-Target,Yes,801,Commission,ADHD
136,Non-Target,No,0,None,ADHD
137,Non-Target,No,0,None,ADHD
138,Non-Target,No,0,None,ADHD
139,Non-Target,No,0,None,ADHD
140,Non-Target,No,0,None,ADHD
141,Non-Target,No,0,None,ADHD
142,Non-Target,No,0,None,ADHD
143,Non-Target,No,0,None,ADHD
144,Non-Target,No,0,None,ADHD
145,Non-Target,Yes,807,Commission,ADHD
146,Target,Yes,381,None,ADHD
147,Non-Target,No,0,None,ADHD
148,Non-Target,Yes,472,Commission,ADHD
149,Non-Target,No,0,None,ADHD
150,Target,Yes,599,None,ADHD
151,Non-Target,No,0,None,ADHD
152,Non-Target,Yes,628,Commission,ADHD
153,Target,Yes,713,None,ADHD
154,Target,Yes,675,None,ADHD
155,Non-Target,No,0,None,ADHD
156,Non-Target,No,0,None,ADHD
157,Non-Target,No,0,None,ADHD
158,Non-Target,No,0,None,ADHD
159,Non-Target,No,0,None,ADHD
160,Target,Yes,881,None,ADHD
161,Target,Yes,514,None,ADHD
162,Non-Target,No,0,None,ADHD
163,Non-Target,No,0,None,ADHD
164,Target,Yes,617,None,ADHD
165,Non-Target,No,0,None,ADHD
166,Target,Yes,562,None,ADHD
167,Non-Target,No,0,None,ADHD
168,Non-Target,Yes,725,Commission,ADHD
169,Non-Target,No,0,None,ADHD
170,Target,Yes,709,None,ADHD
171,Target,No,0,Omission,ADHD
172,Non-Target,No,0,None,ADHD
173,Target,No,0,Omission,ADHD
174,Non-Target,No,0,None,ADHD
175,Non-Target,No,0,None,ADHD
176,Non-Target,No,0,None,ADHD
177,Target,Yes,525,None,ADHD
178,Non-Target,No,0,None,ADHD
179,Non-Target,No,0,None,ADHD
180,Target,Yes,493,None,ADHD
181,Target,Yes,646,None,ADHD
182,Non-Target,No,0,None,ADHD
183,Non-Target,No,0,None,ADHD
184,Non-Target,Yes,553,Commission,ADHD
185,Non-Target,No,0,None,ADHD
186,Non-Target,No,0,None,ADHD
187,Non-Target,No,0,None,ADHD
188,Non-Target,No,0,None,ADHD
189,Non-Target,No,0,None,ADHD
190,Non-Target,No,0,None,ADHD
191,Non-Target,Yes,593,Commission,ADHD
192,Non-Target,No,0,None,ADHD
193,Non-Target,No,0,None,ADHD
194,Non-Target,No,0,None,ADHD
195,Non-Target,No,0,None,ADHD
196,Non-Target,No,0,None,ADHD
197,Non-Target,No,0,None,ADHD
198,Non-Target,No,0,None,ADHD
199,Non-Target,No,0,None,ADHD
200,Non-Target,No,0,None,ADHD
201,Target,Yes,741,None,ADHD
202,Target,Yes,564,None,ADHD
203,Non-Target,No,0,None,ADHD
204,Target,Yes,605,None,ADHD
205,Non-Target,Yes,771,Commission,ADHD
206,Target,Yes,861,None,ADHD
207,Non-Target,No,0,None,ADHD
208,Target,Yes,759,None,ADHD
209,Non-Target,No,0,None,ADHD
210,Non-Target,No,0,None,ADHD
211,Non-Target,Yes,585,Commission,ADHD
212,Target,Yes,606,None,ADHD
213,Non-Target,No,0,None,ADHD
214,Non-Target,No,0,None,ADHD
215,Non-Target,No,0,None,ADHD
216,Target,Yes,658,None,ADHD
217,Non-Target,No,0,None,ADHD
218,Non-Target,No,0,None,ADHD
219,Non-Target,No,0,None,ADHD
220,Non-Target,No,0,None,ADHD
221,Non-Target,No,0,None,ADHD
222,Non-Target,No,0,None,ADHD
223,Non-Target,No,0,None,ADHD
224,Non-Target,No,0,None,ADHD
225,Non-Target,No,0,None,ADHD
226,Non-Target,No,0,None,ADHD
227,Non-Target,No,0,None,ADHD
228,Non-Target,No,0,None,ADHD
229,Non-Target,No,0,None,ADHD
230,Non-Target,No,0,None,ADHD
231,Non-Target,Yes,535,Commission,ADHD
232,Non-Target,No,0,None,ADHD
233,Target,Yes,643,None,ADHD
234,Non-Target,No,0,None,ADHD
235,Non-Target,No,0,None,ADHD
236,Non-Target,Yes,812,Commission,ADHD
237,Non-Target,No,0,None,ADHD
238,Target,Yes,850,None,ADHD
239,Non-Target,No,0,None,ADHD
240,Non-Target,No,0,None,ADHD
241,Non-Target,No,0,None,ADHD
242,Non-Target,No,0,None,ADHD
243,Target,Yes,514,None,ADHD
244,Target,Yes,723,None,ADHD
245,Non-Target,No,0,None,ADHD
246,Target,Yes,694,None,ADHD
247,Non-Target,No,0,None,ADHD
248,Non-Target,No,0,None,ADHD
249,Target,Yes,549,None,ADHD
250,Non-Target,No,0,None,ADHD
251,Target,Yes,783,None,ADHD
252,Non-Target,No,0,None,ADHD
253,Non-Target,No,0,None,ADHD
254,Target,Yes,449,None,ADHD
255,Non-Target,No,0,None,ADHD
256,Target,Yes,898,None,ADHD
257,Non-Target,Yes,495,Commission,ADHD
258,Non-Target,No,0,None,ADHD
259,Target,Yes,617,None,ADHD
260,Target,Yes,849,None,ADHD
261,Target,Yes,783,None,ADHD
262,Non-Target,No,0,None,ADHD
263,Non-Target,No,0,None,ADHD
264,Non-Target,No,0,None,ADHD
265,Non-Target,No,0,None,ADHD
266,Non-Target,No,0,None,ADHD
267,Non-Target,Yes,780,Commission,ADHD
268,Non-Target,No,0,None,ADHD
269,Non-Target,No,0,None,ADHD
270,Non-Target,No,0,None,ADHD
271,Non-Target,No,0,None,ADHD
272,Non-Target,No,0,None,ADHD
273,Non-Target,No,0,None,ADHD
274,Non-Target,No,0,None,ADHD
275,Target,Yes,687,None,ADHD
276,Non-Target,No,0,None,ADHD
277,Non-Target,No,0,None,ADHD
278,Non-Target,No,0,None,ADHD
279,Non-Target,No,0,None,ADHD
280,Non-Target,No,0,None,ADHD
281,Non-Target,No,0,None,ADHD
282,Target,No,0,Omission,ADHD
283,Target,Yes,710,None,ADHD
284,Non-Target,No,0,None,ADHD
285,Non-Target,No,0,None,ADHD
286,Non-Target,No,0,None,ADHD
287,Non-Target,No,0,None,ADHD
288,Target,Yes,834,None,ADHD
289,Non-Target,No,0,None,ADHD
290,Non-Target,Yes,606,Commission,ADHD
291,Non-Target,No,0,None,ADHD
292,Target,Yes,583,None,ADHD
293,Non-Target,No,0,None,ADHD
294,Non-Target,No,0,None,ADHD
295,Target,Yes,653,None,ADHD
296,Non-Target,No,0,None,ADHD
297,Non-Target,No,0,None,ADHD
298,Target,Yes,567,None,ADHD
299,Non-Target,Yes,620,Commission,ADHD
300,Non-Target,No,0,None,ADHD
301,Non-Target,Yes,676,Commission,ADHD
302,Non-Target,No,0,None,ADHD
303,Non-Target,No,0,None,ADHD
304,Non-Target,No,0,None,ADHD
305,Non-Target,No,0,None,ADHD
306,Non-Target,No,0,None,ADHD
307,Non-Target,No,0,None,ADHD
308,Target,No,0,Omission,ADHD
309,Target,Yes,796,None,ADHD
310,Non-Target,No,0,None,ADHD
311,Non-Target,No,0,None,ADHD
312,Non-Target,No,0,None,ADHD
313,Target,Yes,593,None,ADHD
314,Target,No,0,Omission,ADHD
315,Target,Yes,476,None,ADHD
316,Non-Target,No,0,None,ADHD
317,Non-Target,No,0,None,ADHD
318,Target,Yes,648,None,ADHD
319,Non-Target,No,0,None,ADHD
320,Target,No,0,Omission,ADHD
321,Target,Yes,371,None,ADHD
322,Non-Target,No,0,None,ADHD
323,Non-Target,No,0,None,ADHD
324,Target,Yes,708,None,ADHD
325,Non-Target,No,0,None,ADHD
326,Non-Target,No,0,None,ADHD
327,Non-Target,No,0,None,ADHD
328,Non-Target,No,0,None,ADHD
329,Non-Target,No,0,None,ADHD
330,Non-Target,No,0,None,ADHD
331,Target,No,0,Omission,ADHD
332,Non-Target,No,0,None,ADHD
333,Non-Target,No,0,None,ADHD
334,Non-Target,No,0,None,ADHD
335,Non-Target,No,0,None,ADHD
336,Non-Target,No,0,None,ADHD
337,Target,Yes,597,None,ADHD
338,Target,Yes,953,None,ADHD
339,Non-Target,Yes,494,Commission,ADHD
340,Non-Target,No,0,None,ADHD
341,Non-Target,No,0,None,ADHD
342,Non-Target,No,0,None,ADHD
343,Non-Target,No,0,None,ADHD
344,Non-Target,No,0,None,ADHD
345,Non-Target,No,0,None,ADHD
346,Non-Target,No,0,None,ADHD
347,Non-Target,No,0,None,ADHD
348,Target,Yes,778,None,ADHD
349,Non-Target,No,0,None,ADHD
350,Target,Yes,666,None,ADHD
351,Non-Target,No,0,None,ADHD
352,Non-Target,No,0,None,ADHD
353,Non-Target,No,0,None,ADHD
354,Non-Target,No,0,None,ADHD
355,Target,No,0,Omission,ADHD
356,Non-Target,No,0,None,ADHD
357,Non-Target,No,0,None,ADHD
358,Non-Target,No,0,None,ADHD
359,Target,Yes,707,None,ADHD
360,Non-Target,No,0,None,ADHD
361,Non-Target,No,0,None,ADHD
362,Non-Target,No,0,None,ADHD
363,Non-Target,No,0,None,ADHD
364,Target,No,0,Omission,ADHD
365,Non-Target,No,0,None,ADHD
366,Non-Target,No,0,None,ADHD
367,Target,Yes,735,None,ADHD
368,Target,Yes,936,None,ADHD
369,Non-Target,No,0,None,ADHD
370,Non-Target,No,0,None,ADHD
371,Non-Target,No,0,None,ADHD
372,Target,Yes,489,None,ADHD
373,Non-Target,No,0,None,ADHD
374,Target,Yes,850,None,ADHD
375,Non-Target,Yes,540,Commission,ADHD
376,Target,Yes,624,None,ADHD
377,Non-Target,No,0,None,ADHD
378,Non-Target,No,0,None,ADHD
379,Non-Target,No,0,None,ADHD
380,Non-Target,No,0,None,ADHD
381,Target,Yes,613,None,ADHD
382,Non-Target,No,0,None,ADHD
383,Target,Yes,808,None,ADHD
384,Non-Target,No,0,None,ADHD
385,Non-Target,No,0,None,ADHD
386,Target,Yes,909,None,ADHD
387,Non-Target,Yes,905,Commission,ADHD
388,Non-Target,Yes,610,Commission,ADHD
389,Non-Target,No,0,None,ADHD
390,Target,No,0,Omission,ADHD
391,Non-Target,No,0,None,ADHD
392,Non-Target,No,0,None,ADHD
393,Non-Target,No,0,None,ADHD
394,Target,Yes,541,None,ADHD
395,Non-Target,No,0,None,ADHD
396,Target,Yes,778,None,ADHD
397,Target,Yes,541,None,ADHD
398,Target,Yes,913,None,ADHD
399,Non-Target,No,0,None,ADHD
400,Non-Target,Yes,613,Commission,ADHD
401,Non-Target,No,0,None,ADHD
402,Target,Yes,628,None,ADHD
403,Non-Target,No,0,None,ADHD
404,Target,No,0,Omission,ADHD
405,Target,Yes,571,None,ADHD
406,Target,No,0,Omission,ADHD
407,Non-Target,No,0,None,ADHD
408,Non-Target,No,0,None,ADHD
409,Target,Yes,696,None,ADHD
410,Target,Yes,742,None,ADHD
411,Non-Target,No,0,None,ADHD
412,Non-Target,Yes,715,Commission,ADHD
413,Non-Target,No,0,None,ADHD
414,Non-Target,No,0,None,ADHD
415,Non-Target,No,0,None,ADHD
416,Non-Target,No,0,None,ADHD
417,Target,Yes,473,None,ADHD
418,Non-Target,No,0,None,ADHD
419,Target,No,0,Omission,ADHD
420,Non-Target,No,0,None,ADHD
421,Non-Target,No,0,None,ADHD
422,Non-Target,No,0,None,ADHD
423,Non-Target,Yes,831,Commission,ADHD
424,Non-Target,No,0,None,ADHD
425,Non-Target,No,0,None,ADHD
426,Non-Target,Yes,1009,Commission,ADHD
427,Non-Target,No,0,None,ADHD
428,Non-Target,No,0,None,ADHD
429,Target,No,0,Omission,ADHD
430,Non-Target,No,0,None,ADHD
431,Non-Target,No,0,None,ADHD
432,Target,Yes,813,None,ADHD
433,Non-Target,Yes,891,Commission,ADHD
434,Non-Target,No,0,None,ADHD
435,Target,Yes,695,None,ADHD
436,Target,No,0,Omission,ADHD
437,Target,Yes,893,None,ADHD
438,Non-Target,No,0,None,ADHD
439,Target,No,0,Omission,ADHD
440,Non-Target,Yes,696,Commission,ADHD
441,Non-Target,No,0,None,ADHD
442,Non-Target,No,0,None,ADHD
443,Non-Target,No,0,None,ADHD
444,Target,No,0,Omission,ADHD
445,Non-Target,No,0,None,ADHD
446,Non-Target,No,0,None,ADHD
447,Non-Target,No,0,None,ADHD
448,Target,Yes,544,None,ADHD
449,Non-Target,No,0,None,ADHD
450,Target,Yes,967,None,ADHD
451,Non-Target,No,0,None,ADHD
452,Non-Target,No,0,None,ADHD
453,Non-Target,No,0,None,ADHD
454,Non-Target,No,0,None,ADHD
455,Non-Target,No,0,None,ADHD
456,Non-Target,No,0,None,ADHD
457,Non-Target,No,0,None,ADHD
458,Non-Target,No,0,None,ADHD
459,Target,No,0,Omission,ADHD
460,Non-Target,No,0,None,ADHD
461,Non-Target,No,0,None,ADHD
462,Target,Yes,804,None,ADHD
463,Non-Target,No,0,None,ADHD
464,Non-Target,No,0,None,ADHD
465,Non-Target,No,0,None,ADHD
466,Target,Yes,998,None,ADHD
467,Target,Yes,620,None,ADHD
468,Target,Yes,854,None,ADHD
469,Non-Target,No,0,None,ADHD
470,Target,No,0,Omission,ADHD
471,Non-Target,No,0,None,ADHD
472,Non-Target,No,0,None,ADHD
473,Target,No,0,Omission,ADHD
474,Non-Target,No,0,None,ADHD
475,Non-Target,No,0,None,ADHD
476,Non-Target,No,0,None,ADHD
477,Non-Target,Yes,744,Commission,ADHD
478,Non-Target,Yes,779,Commission,ADHD
479,Non-Target,No,0,None,ADHD
480,Non-Target,No,0,None,ADHD
481,Target,Yes,680,None,ADHD
482,Non-Target,No,0,None,ADHD
483,Non-Target,No,0,None,ADHD
484,Target,Yes,723,None,ADHD
485,Target,Yes,542,None,ADHD
486,Non-Target,No,0,None,ADHD
487,Non-Target,No,0,None,ADHD
488,Non-Target,No,0,None,ADHD
489,Non-Target,No,0,None,ADHD
490,Non-Target,Yes,845,Commission,ADHD
491,Non-Target,No,0,None,ADHD
492,Target,Yes,679,None,ADHD
493,Target,Yes,826,None,ADHD
494,Target,Yes,894,None,ADHD
495,Target,No,0,Omission,ADHD
496,Non-Target,Yes,642,Commission,ADHD
497,Target,No,0,Omission,ADHD
498,Non-Target,No,0,None,ADHD
499,Non-Target,No,0,None,ADHD
500,Non-Target,No,0,None,ADHD
501,Non-Target,No,0,None,ADHD
502,Non-Target,Yes,757,Commission,ADHD
503,Target,Yes,721,None,ADHD
504,Non-Target,No,0,None,ADHD
505,Non-Target,No,0,None,ADHD
506,Target,Yes,868,None,ADHD
507,Non-Target,No,0,None,ADHD
508,Target,No,0,Omission,ADHD
509,Non-Target,No,0,None,ADHD
510,Non-Target,No,0,None,ADHD
511,Non-Target,No,0,None,ADHD
512,Non-Target,No,0,None,ADHD
513,Non-Target,No,0,None,ADHD
514,Target,Yes,567,None,ADHD
515,Non-Target,No,0,None,ADHD
516,Non-Target,Yes,539,Commission,ADHD
517,Non-Target,No,0,None,ADHD
518,Non-Target,No,0,None,ADHD
519,Target,No,0,Omission,ADHD
520,Non-Target,No,0,None,ADHD
521,Non-Target,No,0,None,ADHD
522,Non-Target,No,0,None,ADHD
523,Non-Target,Yes,731,Commission,ADHD
524,Non-Target,Yes,747,Commission,ADHD
525,Non-Target,Yes,704,Commission,ADHD
526,Non-Target,No,0,None,ADHD
527,Non-Target,No,0,None,ADHD
528,Target,Yes,836,None,ADHD
529,Non-Target,No,0,None,ADHD
530,Non-Target,No,0,None,ADHD
531,Target,Yes,687,None,ADHD
532,Non-Target,No,0,None,ADHD
533,Non-Target,No,0,None,ADHD
534,Non-Target,No,0,None,ADHD
535,Target,No,0,Omission,ADHD
536,Non-Target,No,0,None,ADHD
537,Non-Target,No,0,None,ADHD
538,Target,Yes,885,None,ADHD
539,Non-Target,No,0,None,ADHD
540,Non-Target,No,0,None,ADHD
541,Non-Target,No,0,None,ADHD
542,Non-Target,Yes,689,Commission,ADHD
543,Non-Target,No,0,None,ADHD
544,Non-Target,Yes,814,Commission,ADHD
545,Non-Target,No,0,None,ADHD
546,Non-Target,No,0,None,ADHD
547,Non-Target,No,0,None,ADHD
548,Non-Target,No,0,None,ADHD
549,Non-Target,No,0,None,ADHD
550,Non-Target,Yes,686,Commission,ADHD
551,Non-Target,No,0,None,ADHD
552,Target,Yes,678,None,ADHD
553,Non-Target,Yes,954,Commission,ADHD
554,Non-Target,No,0,None,ADHD
555,Non-Target,Yes,745,Commission,ADHD
556,Non-Target,No,0,None,ADHD
557,Non-Target,No,0,None,ADHD
558,Non-Target,No,0,None,ADHD
559,Non-Target,No,0,None,ADHD
560,Non-Target,No,0,None,ADHD
561,Non-Target,No,0,None,ADHD
562,Non-Target,No,0,None,ADHD
563,Target,Yes,537,None,ADHD
564,Target,Yes,607,None,ADHD
565,Target,Yes,686,None,ADHD
566,Non-Target,No,0,None,ADHD
567,Target,Yes,678,None,ADHD
568,Non-Target,No,0,None,ADHD
569,Target,Yes,652,None,ADHD
570,Non-Target,No,0,None,ADHD
571,Target,Yes,640,None,ADHD
572,Non-Target,No,0,None,ADHD
573,Non-Target,No,0,None,ADHD
574,Non-Target,No,0,None,ADHD
575,Non-Target,No,0,None,ADHD
576,Non-Target,No,0,None,ADHD
577,Non-Target,No,0,None,ADHD
578,Non-Target,No,0,None,ADHD
579,Non-Target,No,0,None,ADHD
580,Non-Target,No,0,None,ADHD
581,Target,Yes,583,None,ADHD
582,Non-Target,No,0,None,ADHD
583,Non-Target,No,0,None,ADHD
584,Non-Target,No,0,None,ADHD
585,Target,No,0,Omission,ADHD
586,Non-Target,No,0,None,ADHD
587,Target,No,0,Omission,ADHD
588,Non-Target,No,0,None,ADHD
589,Target,Yes,731,None,ADHD
590,Non-Target,Yes,850,Commission,ADHD
591,Target,Yes,894,None,ADHD
592,Target,Yes,838,None,ADHD
593,Non-Target,No,0,None,ADHD
594,Non-Target,No,0,None,ADHD
595,Target,Yes,618,None,ADHD
596,Target,No,0,Omission,ADHD
597,Non-Target,No,0,None,ADHD
598,Non-Target,Yes,821,Commission,ADHD
599,Non-Target,No,0,None,ADHD
600,Target,Yes,610,None,ADHD
601,Non-Target,Yes,686,Commission,ADHD
602,Target,Yes,750,None,ADHD
603,Non-Target,No,0,None,ADHD
604,Non-Target,No,0,None,ADHD
605,Non-Target,No,0,None,ADHD
606,Non-Target,No,0,None,ADHD
607,Non-Target,No,0,None,ADHD
608,Non-Target,No,0,None,ADHD
609,Target,No,0,Omission,ADHD
610,Non-Target,No,0,None,ADHD
611,Non-Target,No,0,None,ADHD
612,Non-Target,No,0,None,ADHD
613,Non-Target,No,0,None,ADHD
614,Non-Target,No,0,None,ADHD
615,Non-Target,No,0,None,ADHD
616,Target,No,0,Omission,ADHD
617,Target,Yes,740,None,ADHD
618,Target,Yes,934,None,ADHD
619,Non-Target,Yes,729,Commission,ADHD
620,Non-Target,Yes,657,Commission,ADHD
621,Target,No,0,Omission,ADHD
622,Target,No,0,Omission,ADHD
623,Non-Target,No,0,None,ADHD
624,Non-Target,No,0,None,ADHD
625,Non-Target,No,0,None,ADHD
626,Target,Yes,621,None,ADHD
627,Non-Target,No,0,None,ADHD
628,Non-Target,Yes,802,Commission,ADHD
629,Non-Target,No,0,None,ADHD
630,Target,Yes,690,None,ADHD
631,Target,No,0,Omission,ADHD
632,Non-Target,No,0,None,ADHD
633,Non-Target,No,0,None,ADHD
634,Non-Target,No,0,None,ADHD
635,Non-Target,No,0,None,ADHD
636,Non-Target,No,0,None,ADHD
637,Non-Target,No,0,None,ADHD
638,Non-Target,No,0,None,ADHD
639,Target,Yes,622,None,ADHD
640,Non-Target,No,0,None,ADHD
641,Non-Target,No,0,None,ADHD
642,Non-Target,Yes,490,Commission,ADHD
643,Target,Yes,443,None,ADHD
644,Non-Target,Yes,584,Commission,ADHD
645,Non-Target,No,0,None,ADHD
646,Non-Target,No,0,None,ADHD
647,Target,No,0,Omission,ADHD
648,Non-Target,No,0,None,ADHD
649,Non-Target,No,0,None,ADHD
650,Target,Yes,870,None,ADHD
651,Target,Yes,780,None,ADHD
652,Target,Yes,611,None,ADHD
653,Target,Yes,668,None,ADHD
654,Non-Target,No,0,None,ADHD
655,Non-Target,No,0,None,ADHD
656,Target,Yes,641,None,ADHD
657,Target,Yes,625,None,ADHD
658,Non-Target,No,0,None,ADHD
659,Non-Target,No,0,None,ADHD
660,Non-Target,Yes,721,Commission,ADHD
661,Non-Target,No,0,None,ADHD
662,Non-Target,No,0,None,ADHD
663,Target,Yes,668,None,ADHD
664,Target,Yes,602,None,ADHD
665,Target,Yes,795,None,ADHD
666,Non-Target,No,0,None,ADHD
667,Target,No,0,Omission,ADHD
668,Non-Target,Yes,679,Commission,ADHD
669,Non-Target,No,0,None,ADHD
670,Non-Target,No,0,None,ADHD
671,Non-Target,No,0,None,ADHD
672,Non-Target,No,0,None,ADHD
673,Non-Target,No,0,None,ADHD
674,Non-Target,No,0,None,ADHD
675,Non-Target,No,0,None,ADHD
676,Target,Yes,432,None,ADHD
677,Non-Target,Yes,735,Commission,ADHD
678,Target,Yes,594,None,ADHD
679,Target,Yes,703,None,ADHD
680,Target,Yes,528,None,ADHD
681,Non-Target,No,0,None,ADHD
682,Non-Target,No,0,None,ADHD
683,Non-Target,No,0,None,ADHD
684,Non-Target,Yes,635,Commission,ADHD
685,Target,No,0,Omission,ADHD
686,Non-Target,No,0,None,ADHD
687,Non-Target,No,0,None,ADHD
688,Target,No,0,Omission,ADHD
689,Non-Target,Yes,676,Commission,ADHD
690,Non-Target,No,0,None,ADHD
691,Target,Yes,603,None,ADHD
692,Non-Target,No,0,None,ADHD
693,Target,Yes,578,None,ADHD
694,Non-Target,No,0,None,ADHD
695,Target,No,0,Omission,ADHD
696,Non-Target,No,0,None,ADHD
697,Target,No,0,Omission,ADHD
698,Non-Target,No,0,None,ADHD
699,Target,Yes,768,None,ADHD
700,Non-Target,No,0,None,ADHD
701,Non-Target,No,0,None,ADHD
702,Non-Target,No,0,None,ADHD
703,Target,Yes,523,None,ADHD
704,Target,Yes,860,None,ADHD
705,Target,Yes,535,None,ADHD
706,Target,Yes,711,None,ADHD
707,Target,Yes,633,None,ADHD
708,Non-Target,No,0,None,ADHD
709,Non-Target,No,0,None,ADHD
710,Non-Target,No,0,None,ADHD
711,Target,Yes,933,None,ADHD
712,Non-Target,No,0,None,ADHD
713,Non-Target,Yes,714,Commission,ADHD
714,Non-Target,No,0,None,ADHD
715,Non-Target,No,0,None,ADHD
716,Non-Target,No,0,None,ADHD
717,Non-Target,No,0,None,ADHD
718,Non-Target,No,0,None,ADHD
719,Non-Target,No,0,None,ADHD
720,Non-Target,No,0,None,ADHD
721,Non-Target,No,0,None,ADHD
722,Non-Target,No,0,None,ADHD
723,Target,No,0,Omission,ADHD
724,Non-Target,No,0,None,ADHD
725,Target,Yes,791,None,ADHD
726,Non-Target,No,0,None,ADHD
727,Target,Yes,495,None,ADHD
728,Non-Target,No,0,None,ADHD
729,Target,No,0,Omission,ADHD
730,Target,No,0,Omission,ADHD
731,Non-Target,No,0,None,ADHD
732,Target,No,0,Omission,ADHD
733,Target,Yes,625,None,ADHD
734,Non-Target,Yes,961,Commission,ADHD
735,Non-Target,No,0,None,ADHD
736,Target,Yes,588,None,ADHD
737,Non-Target,No,0,None,ADHD
738,Non-Target,Yes,814,Commission,ADHD
739,Non-Target,No,0,None,ADHD
740,Non-Target,No,0,None,ADHD
741,Non-Target,Yes,786,Commission,ADHD
742,Non-Target,No,0,None,ADHD
743,Target,No,0,Omission,ADHD
744,Non-Target,Yes,766,Commission,ADHD
745,Non-Target,No,0,None,ADHD
746,Non-Target,No,0,None,ADHD
747,Non-Target,No,0,None,ADHD
748,Non-Target,Yes,685,Commission,ADHD
749,Non-Target,Yes,687,Commission,ADHD
750,Non-Target,No,0,None,ADHD
751,Non-Target,No,0,None,ADHD
752,Non-Target,No,0,None,ADHD
753,Non-Target,No,0,None,ADHD
754,Target,Yes,593,None,ADHD
755,Target,No,0,Omission,ADHD
756,Target,Yes,686,None,ADHD
757,Target,No,0,Omission,ADHD
758,Non-Target,No,0,None,ADHD
759,Target,No,0,Omission,ADHD
760,Non-Target,Yes,755,Commission,ADHD
761,Target,Yes,630,None,ADHD
762,Non-Target,Yes,570,Commission,ADHD
763,Non-Target,No,0,None,ADHD
764,Non-Target,No,0,None,ADHD
765,Target,Yes,664,None,ADHD
766,Non-Target,No,0,None,ADHD
767,Non-Target,No,0,None,ADHD
768,Non-Target,No,0,None,ADHD
769,Non-Target,Yes,783,Commission,ADHD
770,Target,Yes,806,None,ADHD
771,Non-Target,No,0,None,ADHD
772,Non-Target,No,0,None,ADHD
773,Target,Yes,530,None,ADHD
774,Non-Target,No,0,None,ADHD
775,Non-Target,No,0,None,ADHD
776,Target,Yes,636,None,ADHD
777,Non-Target,No,0,None,ADHD
778,Non-Target,Yes,553,Commission,ADHD
779,Non-Target,Yes,721,Commission,ADHD
780,Non-Target,No,0,None,ADHD
781,Non-Target,No,0,None,ADHD
782,Non-Target,Yes,443,Commission,ADHD
783,Non-Target,No,0,None,ADHD
784,Non-Target,No,0,None,ADHD
785,Non-Target,No,0,None,ADHD
786,Non-Target,No,0,None,ADHD
787,Non-Target,No,0,None,ADHD
788,Non-Target,No,0,None,ADHD
789,Non-Target,No,0,None,ADHD
790,Non-Target,No,0,None,ADHD
791,Non-Target,No,0,None,ADHD
792,Target,Yes,859,None,ADHD
793,Target,Yes,661,None,ADHD
794,Non-Target,No,0,None,ADHD
795,Target,Yes,635,None,ADHD
796,Target,No,0,Omission,ADHD
797,Target,Yes,635,None,ADHD
798,Non-Target,No,0,None,ADHD
799,Non-Target,No,0,None,ADHD
800,Non-Target,No,0,None,ADHD
801,Target,Yes,404,None,ADHD
802,Non-Target,No,0,None,ADHD
803,Non-Target,Yes,649,Commission,ADHD
804,Non-Target,No,0,None,ADHD
805,Non-Target,No,0,None,ADHD
806,Non-Target,No,0,None,ADHD
807,Non-Target,No,0,None,ADHD
808,Non-Target,No,0,None,ADHD
809,Non-Target,No,0,None,ADHD
810,Non-Target,Yes,415,Commission,ADHD
811,Non-Target,No,0,None,ADHD
812,Non-Target,No,0,None,ADHD
813,Target,Yes,941,None,ADHD
814,Non-Target,No,0,None,ADHD
815,Target,Yes,642,None,ADHD
816,Target,Yes,784,None,ADHD
817,Non-Target,No,0,None,ADHD
818,Non-Target,No,0,None,ADHD
819,Non-Target,No,0,None,ADHD
820,Target,Yes,519,None,ADHD
821,Target,Yes,669,None,ADHD
822,Non-Target,No,0,None,ADHD
823,Target,Yes,817,None,ADHD
824,Non-Target,Yes,544,Commission,ADHD
825,Target,No,0,Omission,ADHD
826,Non-Target,No,0,None,ADHD
827,Target,No,0,Omission,ADHD
828,Non-Target,No,0,None,ADHD
829,Non-Target,No,0,None,ADHD
830,Non-Target,No,0,None,ADHD
831,Target,No,0,Omission,ADHD
832,Target,No,0,Omission,ADHD
833,Target,Yes,839,None,ADHD
834,Non-Target,No,0,None,ADHD
835,Non-Target,No,0,None,ADHD
836,Non-Target,Yes,920,Commission,ADHD
837,Non-Target,No,0,None,ADHD
838,Non-Target,No,0,None,ADHD
839,Non-Target,Yes,608,Commission,ADHD
840,Non-Target,No,0,None,ADHD
841,Non-Target,No,0,None,ADHD
842,Non-Target,No,0,None,ADHD
843,Non-Target,No,0,None,ADHD
844,Target,Yes,265,None,ADHD
845,Non-Target,Yes,684,Commission,ADHD
846,Target,Yes,818,None,ADHD
847,Non-Target,No,0,None,ADHD
848,Target,Yes,744,None,ADHD
849,Non-Target,No,0,None,ADHD
850,Non-Target,No,0,None,ADHD
851,Target,Yes,518,None,ADHD
852,Target,Yes,867,None,ADHD
853,Non-Target,No,0,None,ADHD
854,Non-Target,No,0,None,ADHD
855,Non-Target,No,0,None,ADHD
856,Target,Yes,713,None,ADHD
857,Target,Yes,563,None,ADHD
858,Non-Target,No,0,None,ADHD
859,Target,Yes,912,None,ADHD
860,Non-Target,No,0,None,ADHD
861,Target,Yes,932,None,ADHD
862,Non-Target,No,0,None,ADHD
863,Non-Target,No,0,None,ADHD
864,Target,Yes,584,None,ADHD
865,Non-Target,Yes,629,Commission,ADHD
866,Non-Target,No,0,None,ADHD
867,Non-Target,No,0,None,ADHD
868,Non-Target,No,0,None,ADHD
869,Non-Target,No,0,None,ADHD
870,Target,Yes,725,None,ADHD
871,Target,Yes,853,None,ADHD
872,Non-Target,Yes,707,Commission,ADHD
873,Target,No,0,Omission,ADHD
874,Target,Yes,712,None,ADHD
875,Target,Yes,994,None,ADHD
876,Target,No,0,Omission,ADHD
877,Non-Target,No,0,None,ADHD
878,Target,Yes,847,None,ADHD
879,Target,Yes,875,None,ADHD
880,Non-Target,No,0,None,ADHD
881,Non-Target,No,0,None,ADHD
882,Non-Target,No,0,None,ADHD
883,Target,No,0,Omission,ADHD
884,Target,No,0,Omission,ADHD
885,Target,Yes,569,None,ADHD
886,Non-Target,Yes,731,Commission,ADHD
887,Target,Yes,759,None,ADHD
888,Non-Target,No,0,None,ADHD
889,Non-Target,No,0,None,ADHD
890,Target,No,0,Omission,ADHD
891,Non-Target,Yes,638,Commission,ADHD
892,Non-Target,No,0,None,ADHD
893,Non-Target,No,0,None,ADHD
894,Non-Target,No,0,None,ADHD
895,Non-Target,No,0,None,ADHD
896,Non-Target,No,0,None,ADHD
897,Non-Target,No,0,None,ADHD
898,Non-Target,Yes,718,Commission,ADHD
899,Non-Target,No,0,None,ADHD
900,Non-Target,No,0,None,ADHD
901,Non-Target,No,0,None,ADHD
902,Target,Yes,517,None,ADHD
903,Non-Target,No,0,None,ADHD
904,Non-Target,No,0,None,ADHD
905,Target,Yes,531,None,ADHD
906,Non-Target,No,0,None,ADHD
907,Target,No,0,Omission,ADHD
908,Non-Target,No,0,None,ADHD
909,Non-Target,Yes,831,Commission,ADHD
910,Non-Target,No,0,None,ADHD
911,Target,No,0,Omission,ADHD
912,Target,Yes,730,None,ADHD
913,Non-Target,No,0,None,ADHD
914,Target,Yes,896,None,ADHD
915,Non-Target,No,0,None,ADHD
916,Non-Target,No,0,None,ADHD
917,Non-Target,No,0,None,ADHD
918,Target,Yes,769,None,ADHD
919,Non-Target,No,0,None,ADHD
920,Non-Target,Yes,761,Commission,ADHD
921,Non-Target,No,0,None,ADHD
922,Non-Target,No,0,None,ADHD
923,Non-Target,No,0,None,ADHD
924,Target,Yes,721,None,ADHD
925,Non-Target,Yes,692,Commission,ADHD
926,Target,Yes,757,None,ADHD
927,Non-Target,No,0,None,ADHD
928,Non-Target,No,0,None,ADHD
929,Target,Yes,425,None,ADHD
930,Target,Yes,574,None,ADHD
931,Target,Yes,725,None,ADHD
932,Non-Target,No,0,None,ADHD
933,Target,Yes,732,None,ADHD
934,Non-Target,No,0,None,ADHD
935,Target,Yes,585,None,ADHD
936,Target,Yes,533,None,ADHD
937,Non-Target,No,0,None,ADHD
938,Non-Target,Yes,646,Commission,ADHD
939,Target,Yes,686,None,ADHD
940,Non-Target,No,0,None,ADHD
941,Non-Target,No,0,None,ADHD
942,Non-Target,No,0,None,ADHD
943,Target,No,0,Omission,ADHD
944,Non-Target,No,0,None,ADHD
945,Non-Target,No,0,None,ADHD
946,Target,No,0,Omission,ADHD
947,Non-Target,No,0,None,ADHD
948,Non-Target,No,0,None,ADHD
949,Non-Target,No,0,None,ADHD
950,Target,Yes,691,None,ADHD
951,Non-Target,No,0,None,ADHD
952,Target,Yes,822,None,ADHD
953,Non-Target,No,0,None,ADHD
954,Non-Target,No,0,None,ADHD
955,Non-Target,No,0,None,ADHD
956,Target,No,0,Omission,ADHD
957,Non-Target,No,0,None,ADHD
958,Non-Target,No,0,None,ADHD
959,Non-Target,No,0,None,ADHD
960,Non-Target,No,0,None,ADHD
961,Target,Yes,637,None,ADHD
962,Target,Yes,599,None,ADHD
963,Target,Yes,727,None,ADHD
964,Non-Target,No,0,None,ADHD
965,Target,Yes,597,None,ADHD
966,Non-Target,No,0,None,ADHD
967,Target,Yes,949,None,ADHD
968,Non-Target,No,0,None,ADHD
969,Non-Target,No,0,None,ADHD
970,Non-Target,No,0,None,ADHD
971,Non-Target,No,0,None,ADHD
972,Non-Target,No,0,None,ADHD
973,Non-Target,No,0,None,ADHD
974,Non-Target,No,0,None,ADHD
975,Non-Target,No,0,None,ADHD
976,Target,No,0,Omission,ADHD
977,Non-Target,No,0,None,ADHD
978,Non-Target,Yes,709,Commission,ADHD
979,Non-Target,No,0,None,ADHD
980,Non-Target,No,0,None,ADHD
981,Non-Target,No,0,None,ADHD
982,Non-Target,Yes,836,Commission,ADHD
983,Non-Target,No,0,None,ADHD
984,Non-Target,No,0,None,ADHD
985,Non-Target,No,0,None,ADHD
986,Non-Target,No,0,None,ADHD
987,Target,No,0,Omission,ADHD
988,Target,Yes,761,None,ADHD
989,Non-Target,No,0,None,ADHD
990,Non-Target,No,0,None,ADHD
991,Non-Target,No,0,None,ADHD
992,Target,Yes,647,None,ADHD
993,Non-Target,No,0,None,ADHD
994,Non-Target,Yes,906,Commission,ADHD
995,Non-Target,No,0,None,ADHD
996,Non-Target,No,0,None,ADHD
997,Non-Target,No,0,None,ADHD
998,Non-Target,No,0,None,ADHD
999,Non-Target,No,0,None,ADHD
1000,Non-Target,Yes,839,Commission,ADHD
1001,Non-Target,Yes,703,Commission,ADHD
1002,Non-Target,No,0,None,ADHD
1003,Non-Target,No,0,None,ADHD
1004,Non-Target,No,0,None,ADHD
1005,Non-Target,No,0,None,ADHD
1006,Non-Target,Yes,671,Commission,ADHD
1007,Non-Target,No,0,None,ADHD
1008,Non-Target,No,0,None,ADHD
1009,Target,Yes,598,None,ADHD
1010,Non-Target,No,0,None,ADHD
1011,Non-Target,No,0,None,ADHD
1012,Non-Target,No,0,None,ADHD
1013,Non-Target,Yes,736,Commission,ADHD
1014,Non-Target,Yes,566,Commission,ADHD
1015,Non-Target,No,0,None,ADHD
1016,Non-Target,No,0,None,ADHD
1017,Non-Target,No,0,None,ADHD
1018,Non-Target,Yes,703,Commission,ADHD
1019,Target,Yes,724,None,ADHD
1020,Non-Target,No,0,None,ADHD
1021,Non-Target,No,0,None,ADHD
1022,Non-Target,No,0,None,ADHD
1023,Non-Target,No,0,None,ADHD
1024,Non-Target,No,0,None,ADHD
1025,Non-Target,No,0,None,ADHD
1026,Non-Target,Yes,709,Commission,ADHD
1027,Non-Target,No,0,None,ADHD
1028,Non-Target,No,0,None,ADHD
1029,Target,No,0,Omission,ADHD
1030,Non-Target,Yes,675,Commission,ADHD
1031,Target,No,0,Omission,ADHD
1032,Non-Target,No,0,None,ADHD
1033,Non-Target,No,0,None,ADHD
1034,Non-Target,No,0,None,ADHD
1035,Non-Target,No,0,None,ADHD
1036,Non-Target,No,0,None,ADHD
1037,Non-Target,No,0,None,ADHD
1038,Non-Target,Yes,754,Commission,ADHD
1039,Target,No,0,Omission,ADHD
1040,Non-Target,No,0,None,ADHD
1041,Non-Target,No,0,None,ADHD
1042,Non-Target,No,0,None,ADHD
1043,Non-Target,No,0,None,ADHD
1044,Non-Target,No,0,None,ADHD
1045,Non-Target,No,0,None,ADHD
1046,Non-Target,No,0,None,ADHD
1047,Non-Target,No,0,None,ADHD
1048,Non-Target,No,0,None,ADHD
1049,Non-Target,No,0,None,ADHD
1050,Non-Target,No,0,None,ADHD
1051,Non-Target,No,0,None,ADHD
1052,Target,No,0,Omission,ADHD
1053,Non-Target,No,0,None,ADHD
1054,Non-Target,No,0,None,ADHD
1055,Target,No,0,Omission,ADHD
1056,Target,Yes,557,None,ADHD
1057,Target,Yes,641,None,ADHD
1058,Target,No,0,Omission,ADHD
1059,Target,No,0,Omission,ADHD
1060,Non-Target,No,0,None,ADHD
1061,Target,No,0,Omission,ADHD
1062,Target,Yes,548,None,ADHD
1063,Non-Target,No,0,None,ADHD
1064,Non-Target,No,0,None,ADHD
1065,Non-Target,No,0,None,ADHD
1066,Target,Yes,822,None,ADHD
1067,Non-Target,No,0,None,ADHD
1068,Non-Target,No,0,None,ADHD
1069,Target,Yes,646,None,ADHD
1070,Non-Target,No,0,None,ADHD
1071,Non-Target,Yes,664,Commission,ADHD
1072,Non-Target,No,0,None,ADHD
1073,Non-Target,No,0,None,ADHD
1074,Non-Target,No,0,None,ADHD
1075,Non-Target,Yes,581,Commission,ADHD
1076,Non-Target,Yes,474,Commission,ADHD
1077,Target,No,0,Omission,ADHD
1078,Target,No,0,Omission,ADHD
1079,Non-Target,Yes,851,Commission,ADHD
1080,Non-Target,No,0,None,ADHD
1081,Target,Yes,664,None,ADHD
1082,Non-Target,No,0,None,ADHD
1083,Non-Target,No,0,None,ADHD
1084,Non-Target,No,0,None,ADHD
1085,Non-Target,No,0,None,ADHD
1086,Target,No,0,Omission,ADHD
1087,Non-Target,No,0,None,ADHD
1088,Target,No,0,Omission,ADHD
1089,Non-Target,No,0,None,ADHD
1090,Non-Target,No,0,None,ADHD
1091,Target,Yes,691,None,ADHD
1092,Non-Target,No,0,None,ADHD
1093,Target,Yes,651,None,ADHD
1094,Non-Target,No,0,None,ADHD
1095,Non-Target,No,0,None,ADHD
1096,Non-Target,Yes,732,Commission,ADHD
1097,Target,Yes,742,None,ADHD
1098,Non-Target,No,0,None,ADHD
1099,Non-Target,No,0,None,ADHD
1100,Non-Target,No,0,None,ADHD
1101,Non-Target,Yes,786,Commission,ADHD
1102,Target,Yes,603,None,ADHD
1103,Non-Target,No,0,None,ADHD
1104,Non-Target,No,0,None,ADHD
1105,Target,Yes,727,None,ADHD
1106,Target,Yes,776,None,ADHD
1107,Non-Target,No,0,None,ADHD
1108,Target,Yes,649,None,ADHD
1109,Non-Target,No,0,None,ADHD
1110,Target,Yes,650,None,ADHD
1111,Non-Target,Yes,875,Commission,ADHD
1112,Non-Target,No,0,None,ADHD
1113,Non-Target,No,0,None,ADHD
1114,Non-Target,No,0,None,ADHD
1115,Non-Target,No,0,None,ADHD
1116,Non-Target,No,0,None,ADHD
1117,Non-Target,No,0,None,ADHD
1118,Non-Target,No,0,None,ADHD
1119,Target,Yes,707,None,ADHD
1120,Non-Target,Yes,378,Commission,ADHD
1121,Non-Target,Yes,663,Commission,ADHD
1122,Target,Yes,639,None,ADHD
1123,Non-Target,Yes,782,Commission,ADHD
1124,Non-Target,No,0,None,ADHD
1125,Non-Target,No,0,None,ADHD
1126,Non-Target,Yes,760,Commission,ADHD
1127,Target,Yes,450,None,ADHD
1128,Non-Target,No,0,None,ADHD
1129,Target,Yes,855,None,ADHD
1130,Non-Target,No,0,None,ADHD
1131,Non-Target,Yes,576,Commission,ADHD
1132,Non-Target,No,0,None,ADHD
1133,Non-Target,No,0,None,ADHD
1134,Non-Target,Yes,784,Commission,ADHD
1135,Non-Target,No,0,None,ADHD
1136,Non-Target,No,0,None,ADHD
1137,Non-Target,No,0,None,ADHD
1138,Non-Target,No,0,None,ADHD
1139,Target,Yes,625,None,ADHD
1140,Non-Target,No,0,None,ADHD
1141,Non-Target,No,0,None,ADHD
1142,Non-Target,No,0,None,ADHD
1143,Non-Target,No,0,None,ADHD
1144,Non-Target,No,0,None,ADHD
1145,Non-Target,Yes,564,Commission,ADHD
1146,Target,No,0,Omission,ADHD
1147,Non-Target,No,0,None,ADHD
1148,Non-Target,No,0,None,ADHD
1149,Non-Target,No,0,None,ADHD
1150,Non-Target,No,0,None,ADHD
1151,Non-Target,No,0,None,ADHD
1152,Target,Yes,822,None,ADHD
1153,Non-Target,No,0,None,ADHD
1154,Target,Yes,687,None,ADHD
1155,Non-Target,No,0,None,ADHD
1156,Non-Target,No,0,None,ADHD
1157,Non-Target,Yes,697,Commission,ADHD
1158,Non-Target,No,0,None,ADHD
1159,Target,Yes,675,None,ADHD
1160,Non-Target,No,0,None,ADHD
1161,Non-Target,No,0,None,ADHD
1162,Non-Target,No,0,None,ADHD
1163,Non-Target,No,0,None,ADHD
1164,Non-Target,No,0,None,ADHD
1165,Non-Target,No,0,None,ADHD
1166,Non-Target,No,0,None,ADHD
1167,Non-Target,No,0,None,ADHD
1168,Non-Target,No,0,None,ADHD
1169,Target,No,0,Omission,ADHD
1170,Non-Target,No,0,None,ADHD
1171,Non-Target,Yes,807,Commission,ADHD
1172,Target,Yes,463,None,ADHD
1173,Target,Yes,831,None,ADHD
1174,Non-Target,Yes,915,Commission,ADHD
1175,Non-Target,No,0,None,ADHD
1176,Non-Target,No,0,None,ADHD
1177,Non-Target,No,0,None,ADHD
1178,Non-Target,No,0,None,ADHD
1179,Non-Target,No,0,None,ADHD
1180,Non-Target,No,0,None,ADHD
1181,Non-Target,No,0,None,ADHD
1182,Non-Target,No,0,None,ADHD
1183,Non-Target,No,0,None,ADHD
1184,Target,Yes,706,None,ADHD
1185,Non-Target,Yes,528,Commission,ADHD
1186,Target,No,0,Omission,ADHD
1187,Non-Target,No,0,None,ADHD
1188,Non-Target,Yes,807,Commission,ADHD
1189,Target,Yes,498,None,ADHD
1190,Non-Target,No,0,None,ADHD
1191,Target,No,0,Omission,ADHD
1192,Target,Yes,685,None,ADHD
1193,Target,Yes,543,None,ADHD
1194,Non-Target,No,0,None,ADHD
1195,Non-Target,Yes,619,Commission,ADHD
1196,Non-Target,Yes,676,Commission,ADHD
1197,Non-Target,No,0,None,ADHD
1198,Target,Yes,683,None,ADHD
1199,Non-Target,No,0,None,ADHD
1200,Target,No,0,Omission,ADHD
