Trial,StimulusType,Reaction,ReactionTime(ms),ErrorType,Label
1,Non-Target,Yes,599,Commission,ADHD
2,Non-Target,No,0,None,ADHD
3,Non-Target,No,0,None,ADHD
4,Non-Target,No,0,None,ADHD
5,Target,Yes,355,None,ADHD
6,Non-Target,Yes,623,Commission,ADHD
7,Non-Target,No,0,None,ADHD
8,Non-Target,Yes,558,Commission,ADHD
9,Non-Target,No,0,None,ADHD
10,Target,No,0,Omission,ADHD
11,Non-Target,No,0,None,ADHD
12,Target,No,0,Omission,ADHD
13,Target,Yes,664,None,ADHD
14,Non-Target,No,0,None,ADHD
15,Non-Target,No,0,None,ADHD
16,Non-Target,Yes,654,Commission,ADHD
17,Non-Target,No,0,None,ADHD
18,Target,Yes,671,None,ADHD
19,Non-Target,No,0,None,ADHD
20,Non-Target,No,0,None,ADHD
21,Non-Target,No,0,None,ADHD
22,Non-Target,No,0,None,ADHD
23,Non-Target,No,0,None,ADHD
24,Non-Target,No,0,None,ADHD
25,Non-Target,No,0,None,ADHD
26,Non-Target,No,0,None,ADHD
27,Non-Target,No,0,None,ADHD
28,Target,No,0,Omission,ADHD
29,Non-Target,No,0,None,ADHD
30,Target,No,0,Omission,ADHD
31,Target,No,0,Omission,ADHD
32,Non-Target,No,0,None,ADHD
33,Non-Target,No,0,None,ADHD
34,Non-Target,No,0,None,ADHD
35,Non-Target,Yes,623,Commission,ADHD
36,Non-Target,No,0,None,ADHD
37,Target,Yes,842,None,ADHD
38,Non-Target,No,0,None,ADHD
39,Non-Target,No,0,None,ADHD
40,Non-Target,No,0,None,ADHD
41,Non-Target,No,0,None,ADHD
42,Target,Yes,471,None,ADHD
43,Non-Target,No,0,None,ADHD
44,Non-Target,No,0,None,ADHD
45,Non-Target,No,0,None,ADHD
46,Target,No,0,Omission,ADHD
47,Non-Target,No,0,None,ADHD
48,Non-Target,No,0,None,ADHD
49,Target,Yes,803,None,ADHD
50,Non-Target,No,0,None,ADHD
51,Non-Target,No,0,None,ADHD
52,Non-Target,No,0,None,ADHD
53,Non-Target,No,0,None,ADHD
54,Non-Target,No,0,None,ADHD
55,Target,Yes,594,None,ADHD
56,Non-Target,No,0,None,ADHD
57,Non-Target,No,0,None,ADHD
58,Non-Target,No,0,None,ADHD
59,Non-Target,No,0,None,ADHD
60,Target,Yes,704,None,ADHD
61,Target,Yes,567,None,ADHD
62,Target,Yes,476,None,ADHD
63,Non-Target,No,0,None,ADHD
64,Target,Yes,780,None,ADHD
65,Target,No,0,Omission,ADHD
66,Non-Target,Yes,644,Commission,ADHD
67,Non-Target,No,0,None,ADHD
68,Non-Target,No,0,None,ADHD
69,Target,No,0,Omission,ADHD
70,Non-Target,No,0,None,ADHD
71,Target,Yes,853,None,ADHD
72,Non-Target,No,0,None,ADHD
73,Non-Target,Yes,568,Commission,ADHD
74,Target,No,0,Omission,ADHD
75,Non-Target,No,0,None,ADHD
76,Non-Target,No,0,None,ADHD
77,Non-Target,Yes,629,Commission,ADHD
78,Non-Target,No,0,None,ADHD
79,Non-Target,No,0,None,ADHD
80,Non-Target,No,0,None,ADHD
81,Target,Yes,639,None,ADHD
82,Target,Yes,725,None,ADHD
83,Non-Target,Yes,610,Commission,ADHD
84,Non-Target,Yes,691,Commission,ADHD
85,Non-Target,No,0,None,ADHD
86,Non-Target,No,0,None,ADHD
87,Non-Target,No,0,None,ADHD
88,Non-Target,No,0,None,ADHD
89,Target,Yes,591,None,ADHD
90,Target,Yes,711,None,ADHD
91,Target,Yes,756,None,ADHD
92,Non-Target,No,0,None,ADHD
93,Target,No,0,Omission,ADHD
94,Target,Yes,573,None,ADHD
95,Non-Target,No,0,None,ADHD
96,Non-Target,No,0,None,ADHD
97,Non-Target,No,0,None,ADHD
98,Target,Yes,528,None,ADHD
99,Non-Target,No,0,None,ADHD
100,Non-Target,No,0,None,ADHD
101,Target,Yes,750,None,ADHD
102,Non-Target,No,0,None,ADHD
103,Target,Yes,682,None,ADHD
104,Non-Target,Yes,812,Commission,ADHD
105,Non-Target,No,0,None,ADHD
106,Target,Yes,459,None,ADHD
107,Target,Yes,504,None,ADHD
108,Non-Target,No,0,None,ADHD
109,Non-Target,Yes,729,Commission,ADHD
110,Non-Target,No,0,None,ADHD
111,Non-Target,No,0,None,ADHD
112,Non-Target,No,0,None,ADHD
113,Non-Target,No,0,None,ADHD
114,Non-Target,No,0,None,ADHD
115,Non-Target,No,0,None,ADHD
116,Non-Target,No,0,None,ADHD
117,Non-Target,No,0,None,ADHD
118,Target,Yes,657,None,ADHD
119,Non-Target,No,0,None,ADHD
120,Non-Target,No,0,None,ADHD
121,Non-Target,No,0,None,ADHD
122,Non-Target,No,0,None,ADHD
123,Target,No,0,Omission,ADHD
124,Non-Target,No,0,None,ADHD
125,Non-Target,No,0,None,ADHD
126,Target,Yes,520,None,ADHD
127,Non-Target,No,0,None,ADHD
128,Non-Target,No,0,None,ADHD
129,Target,Yes,853,None,ADHD
130,Non-Target,No,0,None,ADHD
131,Non-Target,Yes,692,Commission,ADHD
132,Non-Target,No,0,None,ADHD
133,Non-Target,No,0,None,ADHD
134,Non-Target,No,0,None,ADHD
135,Non-Target,No,0,None,ADHD
136,Non-Target,No,0,None,ADHD
137,Non-Target,No,0,None,ADHD
138,Non-Target,Yes,662,Commission,ADHD
139,Non-Target,No,0,None,ADHD
140,Non-Target,No,0,None,ADHD
141,Non-Target,No,0,None,ADHD
142,Target,Yes,567,None,ADHD
143,Non-Target,No,0,None,ADHD
144,Non-Target,No,0,None,ADHD
145,Non-Target,Yes,563,Commission,ADHD
146,Non-Target,No,0,None,ADHD
147,Non-Target,No,0,None,ADHD
148,Target,Yes,668,None,ADHD
149,Non-Target,No,0,None,ADHD
150,Non-Target,Yes,560,Commission,ADHD
151,Non-Target,No,0,None,ADHD
152,Non-Target,No,0,None,ADHD
153,Non-Target,No,0,None,ADHD
154,Non-Target,No,0,None,ADHD
155,Non-Target,No,0,None,ADHD
156,Non-Target,No,0,None,ADHD
157,Non-Target,No,0,None,ADHD
158,Non-Target,No,0,None,ADHD
159,Non-Target,No,0,None,ADHD
160,Non-Target,No,0,None,ADHD
161,Target,Yes,498,None,ADHD
162,Non-Target,No,0,None,ADHD
163,Non-Target,No,0,None,ADHD
164,Target,Yes,849,None,ADHD
165,Non-Target,Yes,564,Commission,ADHD
166,Non-Target,No,0,None,ADHD
167,Target,Yes,550,None,ADHD
168,Target,Yes,604,None,ADHD
169,Target,Yes,797,None,ADHD
170,Non-Target,No,0,None,ADHD
171,Non-Target,No,0,None,ADHD
172,Non-Target,No,0,None,ADHD
173,Target,Yes,806,None,ADHD
174,Target,Yes,694,None,ADHD
175,Non-Target,No,0,None,ADHD
176,Non-Target,No,0,None,ADHD
177,Non-Target,No,0,None,ADHD
178,Target,Yes,647,None,ADHD
179,Non-Target,No,0,None,ADHD
180,Non-Target,No,0,None,ADHD
181,Non-Target,No,0,None,ADHD
182,Non-Target,No,0,None,ADHD
183,Non-Target,No,0,None,ADHD
184,Target,Yes,524,None,ADHD
185,Target,Yes,501,None,ADHD
186,Non-Target,No,0,None,ADHD
187,Non-Target,No,0,None,ADHD
188,Non-Target,No,0,None,ADHD
189,Non-Target,No,0,None,ADHD
190,Non-Target,No,0,None,ADHD
191,Target,Yes,556,None,ADHD
192,Target,Yes,595,None,ADHD
193,Non-Target,No,0,None,ADHD
194,Non-Target,No,0,None,ADHD
195,Non-Target,No,0,None,ADHD
196,Target,Yes,518,None,ADHD
197,Non-Target,No,0,None,ADHD
198,Non-Target,No,0,None,ADHD
199,Non-Target,No,0,None,ADHD
200,Non-Target,No,0,None,ADHD
201,Non-Target,Yes,636,Commission,ADHD
202,Target,Yes,549,None,ADHD
203,Target,Yes,409,None,ADHD
204,Target,Yes,721,None,ADHD
205,Non-Target,No,0,None,ADHD
206,Target,No,0,Omission,ADHD
207,Non-Target,No,0,None,ADHD
208,Target,Yes,718,None,ADHD
209,Non-Target,Yes,539,Commission,ADHD
210,Non-Target,No,0,None,ADHD
211,Non-Target,No,0,None,ADHD
212,Non-Target,Yes,440,Commission,ADHD
213,Non-Target,No,0,None,ADHD
214,Target,Yes,706,None,ADHD
215,Non-Target,No,0,None,ADHD
216,Target,No,0,Omission,ADHD
217,Non-Target,No,0,None,ADHD
218,Non-Target,No,0,None,ADHD
219,Target,Yes,592,None,ADHD
220,Target,Yes,826,None,ADHD
221,Non-Target,No,0,None,ADHD
222,Non-Target,No,0,None,ADHD
223,Non-Target,No,0,None,ADHD
224,Non-Target,No,0,None,ADHD
225,Non-Target,No,0,None,ADHD
226,Non-Target,No,0,None,ADHD
227,Non-Target,No,0,None,ADHD
228,Non-Target,No,0,None,ADHD
229,Target,No,0,Omission,ADHD
230,Non-Target,Yes,723,Commission,ADHD
231,Non-Target,No,0,None,ADHD
232,Non-Target,Yes,748,Commission,ADHD
233,Non-Target,No,0,None,ADHD
234,Non-Target,No,0,None,ADHD
235,Non-Target,No,0,None,ADHD
236,Non-Target,No,0,None,ADHD
237,Non-Target,No,0,None,ADHD
238,Non-Target,No,0,None,ADHD
239,Non-Target,No,0,None,ADHD
240,Target,Yes,742,None,ADHD
241,Target,No,0,Omission,ADHD
242,Non-Target,No,0,None,ADHD
243,Non-Target,No,0,None,ADHD
244,Non-Target,Yes,599,Commission,ADHD
245,Non-Target,No,0,None,ADHD
246,Non-Target,No,0,None,ADHD
247,Target,Yes,498,None,ADHD
248,Non-Target,No,0,None,ADHD
249,Target,Yes,530,None,ADHD
250,Non-Target,No,0,None,ADHD
251,Non-Target,No,0,None,ADHD
252,Non-Target,Yes,707,Commission,ADHD
253,Non-Target,No,0,None,ADHD
254,Non-Target,No,0,None,ADHD
255,Non-Target,No,0,None,ADHD
256,Non-Target,No,0,None,ADHD
257,Non-Target,No,0,None,ADHD
258,Non-Target,No,0,None,ADHD
259,Target,Yes,504,None,ADHD
260,Non-Target,No,0,None,ADHD
261,Non-Target,No,0,None,ADHD
262,Target,Yes,499,None,ADHD
263,Non-Target,No,0,None,ADHD
264,Target,Yes,840,None,ADHD
265,Non-Target,No,0,None,ADHD
266,Non-Target,No,0,None,ADHD
267,Non-Target,No,0,None,ADHD
268,Non-Target,No,0,None,ADHD
269,Non-Target,Yes,751,Commission,ADHD
270,Non-Target,Yes,630,Commission,ADHD
271,Target,No,0,Omission,ADHD
272,Target,Yes,659,None,ADHD
273,Target,Yes,663,None,ADHD
274,Non-Target,No,0,None,ADHD
275,Non-Target,No,0,None,ADHD
276,Target,Yes,489,None,ADHD
277,Target,Yes,827,None,ADHD
278,Target,Yes,630,None,ADHD
279,Target,Yes,375,None,ADHD
280,Non-Target,No,0,None,ADHD
281,Non-Target,No,0,None,ADHD
282,Non-Target,No,0,None,ADHD
283,Non-Target,No,0,None,ADHD
284,Non-Target,No,0,None,ADHD
285,Non-Target,No,0,None,ADHD
286,Target,Yes,716,None,ADHD
287,Non-Target,No,0,None,ADHD
288,Non-Target,No,0,None,ADHD
289,Non-Target,No,0,None,ADHD
290,Non-Target,No,0,None,ADHD
291,Non-Target,Yes,572,Commission,ADHD
292,Non-Target,No,0,None,ADHD
293,Non-Target,Yes,683,Commission,ADHD
294,Target,Yes,540,None,ADHD
295,Non-Target,Yes,550,Commission,ADHD
296,Non-Target,No,0,None,ADHD
297,Non-Target,No,0,None,ADHD
298,Non-Target,No,0,None,ADHD
299,Non-Target,No,0,None,ADHD
300,Target,Yes,609,None,ADHD
301,Non-Target,No,0,None,ADHD
302,Target,Yes,789,None,ADHD
303,Target,No,0,Omission,ADHD
304,Target,Yes,574,None,ADHD
305,Non-Target,No,0,None,ADHD
306,Target,Yes,551,None,ADHD
307,Target,Yes,601,None,ADHD
308,Non-Target,No,0,None,ADHD
309,Non-Target,No,0,None,ADHD
310,Non-Target,No,0,None,ADHD
311,Target,Yes,590,None,ADHD
312,Non-Target,No,0,None,ADHD
313,Non-Target,No,0,None,ADHD
314,Target,Yes,504,None,ADHD
315,Non-Target,No,0,None,ADHD
316,Non-Target,No,0,None,ADHD
317,Non-Target,No,0,None,ADHD
318,Target,Yes,773,None,ADHD
319,Target,Yes,690,None,ADHD
320,Target,Yes,563,None,ADHD
321,Non-Target,No,0,None,ADHD
322,Non-Target,No,0,None,ADHD
323,Target,Yes,532,None,ADHD
324,Target,No,0,Omission,ADHD
325,Non-Target,No,0,None,ADHD
326,Non-Target,No,0,None,ADHD
327,Non-Target,No,0,None,ADHD
328,Non-Target,No,0,None,ADHD
329,Target,Yes,783,None,ADHD
330,Non-Target,No,0,None,ADHD
331,Non-Target,No,0,None,ADHD
332,Non-Target,Yes,577,Commission,ADHD
333,Target,No,0,Omission,ADHD
334,Non-Target,No,0,None,ADHD
335,Non-Target,No,0,None,ADHD
336,Non-Target,No,0,None,ADHD
337,Non-Target,No,0,None,ADHD
338,Target,Yes,580,None,ADHD
339,Non-Target,No,0,None,ADHD
340,Target,Yes,603,None,ADHD
341,Non-Target,No,0,None,ADHD
342,Non-Target,Yes,772,Commission,ADHD
343,Non-Target,No,0,None,ADHD
344,Target,Yes,601,None,ADHD
345,Target,Yes,717,None,ADHD
346,Non-Target,No,0,None,ADHD
347,Non-Target,No,0,None,ADHD
348,Non-Target,No,0,None,ADHD
349,Non-Target,No,0,None,ADHD
350,Target,No,0,Omission,ADHD
351,Non-Target,No,0,None,ADHD
352,Target,Yes,606,None,ADHD
353,Non-Target,Yes,598,Commission,ADHD
354,Non-Target,Yes,712,Commission,ADHD
355,Target,Yes,461,None,ADHD
356,Non-Target,No,0,None,ADHD
357,Non-Target,No,0,None,ADHD
358,Non-Target,No,0,None,ADHD
359,Non-Target,No,0,None,ADHD
360,Non-Target,No,0,None,ADHD
361,Non-Target,No,0,None,ADHD
362,Non-Target,No,0,None,ADHD
363,Non-Target,Yes,978,Commission,ADHD
364,Target,Yes,731,None,ADHD
365,Non-Target,No,0,None,ADHD
366,Non-Target,No,0,None,ADHD
367,Target,Yes,625,None,ADHD
368,Non-Target,No,0,None,ADHD
369,Target,Yes,564,None,ADHD
370,Non-Target,No,0,None,ADHD
371,Non-Target,No,0,None,ADHD
372,Non-Target,No,0,None,ADHD
373,Non-Target,No,0,None,ADHD
374,Non-Target,No,0,None,ADHD
375,Non-Target,No,0,None,ADHD
376,Non-Target,No,0,None,ADHD
377,Non-Target,No,0,None,ADHD
378,Target,Yes,598,None,ADHD
379,Non-Target,No,0,None,ADHD
380,Target,Yes,654,None,ADHD
381,Non-Target,No,0,None,ADHD
382,Non-Target,No,0,None,ADHD
383,Non-Target,No,0,None,ADHD
384,Target,Yes,688,None,ADHD
385,Non-Target,No,0,None,ADHD
386,Non-Target,No,0,None,ADHD
387,Non-Target,No,0,None,ADHD
388,Target,No,0,Omission,ADHD
389,Non-Target,No,0,None,ADHD
390,Non-Target,Yes,375,Commission,ADHD
391,Non-Target,No,0,None,ADHD
392,Non-Target,Yes,689,Commission,ADHD
393,Target,Yes,477,None,ADHD
394,Non-Target,No,0,None,ADHD
395,Target,Yes,788,None,ADHD
396,Target,No,0,Omission,ADHD
397,Non-Target,Yes,509,Commission,ADHD
398,Non-Target,No,0,None,ADHD
399,Non-Target,Yes,503,Commission,ADHD
400,Non-Target,No,0,None,ADHD
401,Non-Target,No,0,None,ADHD
402,Non-Target,No,0,None,ADHD
403,Non-Target,No,0,None,ADHD
404,Non-Target,No,0,None,ADHD
405,Non-Target,No,0,None,ADHD
406,Non-Target,No,0,None,ADHD
407,Non-Target,Yes,532,Commission,ADHD
408,Target,Yes,713,None,ADHD
409,Non-Target,No,0,None,ADHD
410,Non-Target,No,0,None,ADHD
411,Target,Yes,464,None,ADHD
412,Non-Target,No,0,None,ADHD
413,Non-Target,No,0,None,ADHD
414,Non-Target,Yes,509,Commission,ADHD
415,Non-Target,No,0,None,ADHD
416,Non-Target,No,0,None,ADHD
417,Target,Yes,611,None,ADHD
418,Non-Target,No,0,None,ADHD
419,Non-Target,No,0,None,ADHD
420,Target,Yes,790,None,ADHD
421,Non-Target,No,0,None,ADHD
422,Non-Target,No,0,None,ADHD
423,Non-Target,No,0,None,ADHD
424,Non-Target,No,0,None,ADHD
425,Target,No,0,Omission,ADHD
426,Non-Target,Yes,579,Commission,ADHD
427,Non-Target,Yes,740,Commission,ADHD
428,Non-Target,No,0,None,ADHD
429,Target,Yes,614,None,ADHD
430,Target,Yes,527,None,ADHD
431,Target,Yes,654,None,ADHD
432,Non-Target,No,0,None,ADHD
433,Non-Target,No,0,None,ADHD
434,Non-Target,Yes,569,Commission,ADHD
435,Target,No,0,Omission,ADHD
436,Non-Target,No,0,None,ADHD
437,Non-Target,Yes,623,Commission,ADHD
438,Target,Yes,691,None,ADHD
439,Target,No,0,Omission,ADHD
440,Non-Target,Yes,816,Commission,ADHD
441,Target,Yes,692,None,ADHD
442,Non-Target,No,0,None,ADHD
443,Non-Target,No,0,None,ADHD
444,Target,Yes,577,None,ADHD
445,Non-Target,Yes,515,Commission,ADHD
446,Target,Yes,603,None,ADHD
447,Target,No,0,Omission,ADHD
448,Target,Yes,639,None,ADHD
449,Target,Yes,659,None,ADHD
450,Non-Target,Yes,901,Commission,ADHD
451,Non-Target,No,0,None,ADHD
452,Non-Target,No,0,None,ADHD
453,Non-Target,No,0,None,ADHD
454,Non-Target,No,0,None,ADHD
455,Target,Yes,728,None,ADHD
456,Target,Yes,532,None,ADHD
457,Target,Yes,610,None,ADHD
458,Non-Target,No,0,None,ADHD
459,Non-Target,No,0,None,ADHD
460,Non-Target,No,0,None,ADHD
461,Non-Target,No,0,None,ADHD
462,Non-Target,No,0,None,ADHD
463,Non-Target,No,0,None,ADHD
464,Non-Target,No,0,None,ADHD
465,Non-Target,No,0,None,ADHD
466,Non-Target,No,0,None,ADHD
467,Non-Target,No,0,None,ADHD
468,Target,Yes,535,None,ADHD
469,Non-Target,No,0,None,ADHD
470,Target,Yes,739,None,ADHD
471,Non-Target,No,0,None,ADHD
472,Non-Target,No,0,None,ADHD
473,Non-Target,No,0,None,ADHD
474,Non-Target,No,0,None,ADHD
475,Non-Target,No,0,None,ADHD
476,Non-Target,No,0,None,ADHD
477,Non-Target,No,0,None,ADHD
478,Non-Target,No,0,None,ADHD
479,Non-Target,No,0,None,ADHD
480,Non-Target,Yes,585,Commission,ADHD
481,Non-Target,No,0,None,ADHD
482,Target,No,0,Omission,ADHD
483,Non-Target,No,0,None,ADHD
484,Target,Yes,631,None,ADHD
485,Target,Yes,604,None,ADHD
486,Non-Target,No,0,None,ADHD
487,Non-Target,No,0,None,ADHD
488,Non-Target,No,0,None,ADHD
489,Target,Yes,635,None,ADHD
490,Target,Yes,438,None,ADHD
491,Non-Target,No,0,None,ADHD
492,Non-Target,No,0,None,ADHD
493,Non-Target,No,0,None,ADHD
494,Non-Target,No,0,None,ADHD
495,Non-Target,No,0,None,ADHD
496,Non-Target,No,0,None,ADHD
497,Target,Yes,490,None,ADHD
498,Target,Yes,559,None,ADHD
499,Target,Yes,726,None,ADHD
500,Non-Target,No,0,None,ADHD
501,Target,No,0,Omission,ADHD
502,Non-Target,No,0,None,ADHD
503,Non-Target,No,0,None,ADHD
504,Target,Yes,395,None,ADHD
505,Target,Yes,672,None,ADHD
506,Target,No,0,Omission,ADHD
507,Target,Yes,599,None,ADHD
508,Target,Yes,772,None,ADHD
509,Non-Target,No,0,None,ADHD
510,Target,Yes,697,None,ADHD
511,Non-Target,No,0,None,ADHD
512,Target,Yes,881,None,ADHD
513,Target,Yes,563,None,ADHD
514,Non-Target,No,0,None,ADHD
515,Non-Target,No,0,None,ADHD
516,Target,Yes,562,None,ADHD
517,Non-Target,No,0,None,ADHD
518,Non-Target,No,0,None,ADHD
519,Non-Target,No,0,None,ADHD
520,Non-Target,No,0,None,ADHD
521,Target,Yes,457,None,ADHD
522,Non-Target,No,0,None,ADHD
523,Non-Target,No,0,None,ADHD
524,Target,Yes,651,None,ADHD
525,Non-Target,No,0,None,ADHD
526,Non-Target,No,0,None,ADHD
527,Non-Target,No,0,None,ADHD
528,Target,No,0,Omission,ADHD
529,Non-Target,Yes,658,Commission,ADHD
530,Non-Target,No,0,None,ADHD
531,Target,Yes,549,None,ADHD
532,Non-Target,Yes,803,Commission,ADHD
533,Non-Target,No,0,None,ADHD
534,Target,Yes,544,None,ADHD
535,Non-Target,No,0,None,ADHD
536,Target,Yes,899,None,ADHD
537,Non-Target,Yes,794,Commission,ADHD
538,Non-Target,No,0,None,ADHD
539,Target,No,0,Omission,ADHD
540,Non-Target,No,0,None,ADHD
541,Non-Target,No,0,None,ADHD
542,Non-Target,No,0,None,ADHD
543,Non-Target,No,0,None,ADHD
544,Non-Target,No,0,None,ADHD
545,Non-Target,No,0,None,ADHD
546,Non-Target,No,0,None,ADHD
547,Non-Target,Yes,544,Commission,ADHD
548,Non-Target,Yes,696,Commission,ADHD
549,Target,Yes,473,None,ADHD
550,Non-Target,No,0,None,ADHD
551,Non-Target,No,0,None,ADHD
552,Non-Target,Yes,769,Commission,ADHD
553,Non-Target,No,0,None,ADHD
554,Non-Target,No,0,None,ADHD
555,Target,Yes,579,None,ADHD
556,Non-Target,No,0,None,ADHD
557,Target,No,0,Omission,ADHD
558,Non-Target,No,0,None,ADHD
559,Target,Yes,645,None,ADHD
560,Non-Target,No,0,None,ADHD
561,Non-Target,No,0,None,ADHD
562,Non-Target,No,0,None,ADHD
563,Target,Yes,531,None,ADHD
564,Non-Target,Yes,563,Commission,ADHD
565,Non-Target,No,0,None,ADHD
566,Non-Target,No,0,None,ADHD
567,Non-Target,No,0,None,ADHD
568,Non-Target,No,0,None,ADHD
569,Non-Target,Yes,618,Commission,ADHD
570,Target,No,0,Omission,ADHD
571,Non-Target,No,0,None,ADHD
572,Target,Yes,774,None,ADHD
573,Non-Target,No,0,None,ADHD
574,Target,No,0,Omission,ADHD
575,Target,Yes,803,None,ADHD
576,Target,Yes,573,None,ADHD
577,Non-Target,No,0,None,ADHD
578,Target,Yes,739,None,ADHD
579,Non-Target,No,0,None,ADHD
580,Non-Target,No,0,None,ADHD
581,Non-Target,No,0,None,ADHD
582,Non-Target,No,0,None,ADHD
583,Non-Target,No,0,None,ADHD
584,Non-Target,Yes,682,Commission,ADHD
585,Target,No,0,Omission,ADHD
586,Non-Target,No,0,None,ADHD
587,Non-Target,Yes,651,Commission,ADHD
588,Non-Target,No,0,None,ADHD
589,Non-Target,No,0,None,ADHD
590,Target,No,0,Omission,ADHD
591,Target,Yes,521,None,ADHD
592,Non-Target,No,0,None,ADHD
593,Non-Target,No,0,None,ADHD
594,Non-Target,No,0,None,ADHD
595,Non-Target,No,0,None,ADHD
596,Non-Target,No,0,None,ADHD
597,Non-Target,No,0,None,ADHD
598,Non-Target,No,0,None,ADHD
599,Target,No,0,Omission,ADHD
600,Target,No,0,Omission,ADHD
601,Non-Target,No,0,None,ADHD
602,Target,Yes,477,None,ADHD
603,Target,Yes,708,None,ADHD
604,Non-Target,No,0,None,ADHD
605,Target,Yes,482,None,ADHD
606,Non-Target,Yes,643,Commission,ADHD
607,Non-Target,No,0,None,ADHD
608,Target,Yes,564,None,ADHD
609,Non-Target,No,0,None,ADHD
610,Target,No,0,Omission,ADHD
611,Non-Target,No,0,None,ADHD
612,Non-Target,No,0,None,ADHD
613,Non-Target,No,0,None,ADHD
614,Non-Target,No,0,None,ADHD
615,Non-Target,No,0,None,ADHD
616,Target,Yes,719,None,ADHD
617,Non-Target,Yes,441,Commission,ADHD
618,Non-Target,No,0,None,ADHD
619,Non-Target,No,0,None,ADHD
620,Non-Target,No,0,None,ADHD
621,Non-Target,No,0,None,ADHD
622,Non-Target,No,0,None,ADHD
623,Non-Target,No,0,None,ADHD
624,Non-Target,No,0,None,ADHD
625,Non-Target,No,0,None,ADHD
626,Non-Target,No,0,None,ADHD
627,Target,Yes,871,None,ADHD
628,Target,Yes,787,None,ADHD
629,Target,No,0,Omission,ADHD
630,Non-Target,No,0,None,ADHD
631,Non-Target,No,0,None,ADHD
632,Target,Yes,567,None,ADHD
633,Non-Target,No,0,None,ADHD
634,Non-Target,No,0,None,ADHD
635,Non-Target,No,0,None,ADHD
636,Non-Target,No,0,None,ADHD
637,Target,Yes,614,None,ADHD
638,Non-Target,No,0,None,ADHD
639,Non-Target,No,0,None,ADHD
640,Target,Yes,576,None,ADHD
641,Non-Target,No,0,None,ADHD
642,Non-Target,No,0,None,ADHD
643,Non-Target,No,0,None,ADHD
644,Target,Yes,630,None,ADHD
645,Non-Target,No,0,None,ADHD
646,Non-Target,No,0,None,ADHD
647,Non-Target,Yes,669,Commission,ADHD
648,Non-Target,No,0,None,ADHD
649,Target,Yes,660,None,ADHD
650,Non-Target,No,0,None,ADHD
651,Target,Yes,933,None,ADHD
652,Non-Target,No,0,None,ADHD
653,Non-Target,No,0,None,ADHD
654,Non-Target,No,0,None,ADHD
655,Non-Target,No,0,None,ADHD
656,Non-Target,No,0,None,ADHD
657,Non-Target,No,0,None,ADHD
658,Target,No,0,Omission,ADHD
659,Target,Yes,540,None,ADHD
660,Non-Target,Yes,566,Commission,ADHD
661,Non-Target,No,0,None,ADHD
662,Non-Target,No,0,None,ADHD
663,Non-Target,Yes,548,Commission,ADHD
664,Target,Yes,774,None,ADHD
665,Target,Yes,825,None,ADHD
666,Target,No,0,Omission,ADHD
667,Non-Target,No,0,None,ADHD
668,Non-Target,No,0,None,ADHD
669,Non-Target,No,0,None,ADHD
670,Non-Target,No,0,None,ADHD
671,Target,No,0,Omission,ADHD
672,Non-Target,No,0,None,ADHD
673,Target,No,0,Omission,ADHD
674,Non-Target,No,0,None,ADHD
675,Non-Target,No,0,None,ADHD
676,Target,Yes,659,None,ADHD
677,Target,Yes,547,None,ADHD
678,Non-Target,No,0,None,ADHD
679,Target,Yes,706,None,ADHD
680,Non-Target,No,0,None,ADHD
681,Non-Target,No,0,None,ADHD
682,Non-Target,No,0,None,ADHD
683,Non-Target,Yes,524,Commission,ADHD
684,Non-Target,Yes,510,Commission,ADHD
685,Non-Target,No,0,None,ADHD
686,Target,Yes,705,None,ADHD
687,Non-Target,Yes,510,Commission,ADHD
688,Target,Yes,705,None,ADHD
689,Non-Target,No,0,None,ADHD
690,Non-Target,Yes,682,Commission,ADHD
691,Non-Target,No,0,None,ADHD
692,Non-Target,No,0,None,ADHD
693,Target,Yes,568,None,ADHD
694,Non-Target,No,0,None,ADHD
695,Non-Target,No,0,None,ADHD
696,Non-Target,No,0,None,ADHD
697,Target,Yes,770,None,ADHD
698,Target,No,0,Omission,ADHD
699,Non-Target,Yes,715,Commission,ADHD
700,Target,Yes,753,None,ADHD
701,Non-Target,No,0,None,ADHD
702,Non-Target,Yes,653,Commission,ADHD
703,Non-Target,No,0,None,ADHD
704,Non-Target,No,0,None,ADHD
705,Non-Target,No,0,None,ADHD
706,Non-Target,No,0,None,ADHD
707,Non-Target,No,0,None,ADHD
708,Target,Yes,406,None,ADHD
709,Non-Target,No,0,None,ADHD
710,Non-Target,No,0,None,ADHD
711,Non-Target,No,0,None,ADHD
712,Non-Target,No,0,None,ADHD
713,Non-Target,No,0,None,ADHD
714,Non-Target,No,0,None,ADHD
715,Non-Target,No,0,None,ADHD
716,Non-Target,Yes,585,Commission,ADHD
717,Target,No,0,Omission,ADHD
718,Non-Target,Yes,509,Commission,ADHD
719,Non-Target,No,0,None,ADHD
720,Non-Target,No,0,None,ADHD
721,Non-Target,No,0,None,ADHD
722,Target,Yes,762,None,ADHD
723,Non-Target,No,0,None,ADHD
724,Non-Target,No,0,None,ADHD
725,Non-Target,No,0,None,ADHD
726,Target,Yes,551,None,ADHD
727,Non-Target,No,0,None,ADHD
728,Non-Target,No,0,None,ADHD
729,Non-Target,No,0,None,ADHD
730,Non-Target,No,0,None,ADHD
731,Non-Target,Yes,645,Commission,ADHD
732,Non-Target,No,0,None,ADHD
733,Non-Target,Yes,572,Commission,ADHD
734,Non-Target,No,0,None,ADHD
735,Non-Target,No,0,None,ADHD
736,Target,Yes,725,None,ADHD
737,Non-Target,No,0,None,ADHD
738,Non-Target,No,0,None,ADHD
739,Target,Yes,573,None,ADHD
740,Target,Yes,705,None,ADHD
741,Non-Target,No,0,None,ADHD
742,Target,Yes,693,None,ADHD
743,Non-Target,No,0,None,ADHD
744,Non-Target,No,0,None,ADHD
745,Non-Target,No,0,None,ADHD
746,Non-Target,No,0,None,ADHD
747,Target,Yes,458,None,ADHD
748,Non-Target,No,0,None,ADHD
749,Target,Yes,665,None,ADHD
750,Non-Target,No,0,None,ADHD
751,Non-Target,No,0,None,ADHD
752,Non-Target,Yes,784,Commission,ADHD
753,Target,Yes,572,None,ADHD
754,Non-Target,Yes,473,Commission,ADHD
755,Non-Target,No,0,None,ADHD
756,Non-Target,No,0,None,ADHD
757,Target,Yes,728,None,ADHD
758,Non-Target,Yes,550,Commission,ADHD
759,Non-Target,No,0,None,ADHD
760,Target,Yes,596,None,ADHD
761,Non-Target,No,0,None,ADHD
762,Non-Target,Yes,594,Commission,ADHD
763,Non-Target,No,0,None,ADHD
764,Non-Target,No,0,None,ADHD
765,Non-Target,Yes,555,Commission,ADHD
766,Non-Target,No,0,None,ADHD
767,Non-Target,No,0,None,ADHD
768,Non-Target,No,0,None,ADHD
769,Non-Target,No,0,None,ADHD
770,Non-Target,No,0,None,ADHD
771,Non-Target,No,0,None,ADHD
772,Non-Target,No,0,None,ADHD
773,Non-Target,No,0,None,ADHD
774,Non-Target,No,0,None,ADHD
775,Non-Target,Yes,660,Commission,ADHD
776,Target,Yes,577,None,ADHD
777,Target,Yes,522,None,ADHD
778,Non-Target,Yes,606,Commission,ADHD
779,Non-Target,No,0,None,ADHD
780,Target,Yes,572,None,ADHD
781,Target,Yes,632,None,ADHD
782,Target,Yes,609,None,ADHD
783,Target,Yes,415,None,ADHD
784,Non-Target,No,0,None,ADHD
785,Non-Target,No,0,None,ADHD
786,Target,Yes,530,None,ADHD
787,Non-Target,No,0,None,ADHD
788,Non-Target,Yes,615,Commission,ADHD
789,Target,Yes,568,None,ADHD
790,Non-Target,No,0,None,ADHD
791,Target,Yes,510,None,ADHD
792,Target,No,0,Omission,ADHD
793,Non-Target,Yes,753,Commission,ADHD
794,Target,Yes,805,None,ADHD
795,Non-Target,No,0,None,ADHD
796,Non-Target,Yes,763,Commission,ADHD
797,Non-Target,No,0,None,ADHD
798,Target,Yes,772,None,ADHD
799,Non-Target,No,0,None,ADHD
800,Target,Yes,573,None,ADHD
801,Non-Target,No,0,None,ADHD
802,Non-Target,No,0,None,ADHD
803,Non-Target,Yes,757,Commission,ADHD
804,Target,Yes,815,None,ADHD
805,Non-Target,No,0,None,ADHD
806,Non-Target,No,0,None,ADHD
807,Non-Target,No,0,None,ADHD
808,Non-Target,No,0,None,ADHD
809,Target,Yes,440,None,ADHD
810,Non-Target,No,0,None,ADHD
811,Non-Target,Yes,459,Commission,ADHD
812,Target,Yes,618,None,ADHD
813,Non-Target,No,0,None,ADHD
814,Non-Target,No,0,None,ADHD
815,Non-Target,No,0,None,ADHD
816,Target,Yes,611,None,ADHD
817,Target,Yes,473,None,ADHD
818,Target,No,0,Omission,ADHD
819,Target,Yes,669,None,ADHD
820,Target,Yes,549,None,ADHD
821,Target,No,0,Omission,ADHD
822,Target,No,0,Omission,ADHD
823,Non-Target,No,0,None,ADHD
824,Non-Target,No,0,None,ADHD
825,Non-Target,No,0,None,ADHD
826,Non-Target,No,0,None,ADHD
827,Target,Yes,600,None,ADHD
828,Non-Target,No,0,None,ADHD
829,Target,Yes,769,None,ADHD
830,Non-Target,No,0,None,ADHD
831,Non-Target,No,0,None,ADHD
832,Target,No,0,Omission,ADHD
833,Target,No,0,Omission,ADHD
834,Non-Target,No,0,None,ADHD
835,Target,Yes,727,None,ADHD
836,Target,Yes,700,None,ADHD
837,Non-Target,No,0,None,ADHD
838,Target,No,0,Omission,ADHD
839,Target,Yes,611,None,ADHD
840,Non-Target,No,0,None,ADHD
841,Non-Target,No,0,None,ADHD
842,Non-Target,No,0,None,ADHD
843,Target,Yes,770,None,ADHD
844,Non-Target,No,0,None,ADHD
845,Target,Yes,788,None,ADHD
846,Non-Target,No,0,None,ADHD
847,Non-Target,No,0,None,ADHD
848,Non-Target,No,0,None,ADHD
849,Non-Target,No,0,None,ADHD
850,Non-Target,No,0,None,ADHD
851,Non-Target,No,0,None,ADHD
852,Target,Yes,795,None,ADHD
853,Target,No,0,Omission,ADHD
854,Non-Target,No,0,None,ADHD
855,Target,No,0,Omission,ADHD
856,Non-Target,No,0,None,ADHD
857,Target,Yes,668,None,ADHD
858,Target,No,0,Omission,ADHD
859,Non-Target,Yes,557,Commission,ADHD
860,Non-Target,Yes,425,Commission,ADHD
861,Non-Target,No,0,None,ADHD
862,Target,Yes,701,None,ADHD
863,Non-Target,No,0,None,ADHD
864,Target,Yes,530,None,ADHD
865,Non-Target,No,0,None,ADHD
866,Non-Target,No,0,None,ADHD
867,Non-Target,No,0,None,ADHD
868,Target,Yes,635,None,ADHD
869,Target,Yes,587,None,ADHD
870,Non-Target,Yes,556,Commission,ADHD
871,Non-Target,No,0,None,ADHD
872,Target,Yes,866,None,ADHD
873,Non-Target,No,0,None,ADHD
874,Target,Yes,757,None,ADHD
875,Non-Target,Yes,518,Commission,ADHD
876,Non-Target,No,0,None,ADHD
877,Non-Target,No,0,None,ADHD
878,Target,Yes,540,None,ADHD
879,Non-Target,No,0,None,ADHD
880,Target,Yes,829,None,ADHD
881,Target,No,0,Omission,ADHD
882,Non-Target,No,0,None,ADHD
883,Non-Target,No,0,None,ADHD
884,Non-Target,No,0,None,ADHD
885,Non-Target,No,0,None,ADHD
886,Non-Target,No,0,None,ADHD
887,Non-Target,No,0,None,ADHD
888,Non-Target,No,0,None,ADHD
889,Target,Yes,615,None,ADHD
890,Non-Target,No,0,None,ADHD
891,Target,Yes,639,None,ADHD
892,Non-Target,Yes,618,Commission,ADHD
893,Non-Target,No,0,None,ADHD
894,Non-Target,Yes,495,Commission,ADHD
895,Non-Target,No,0,None,ADHD
896,Non-Target,No,0,None,ADHD
897,Non-Target,No,0,None,ADHD
898,Non-Target,No,0,None,ADHD
899,Target,Yes,552,None,ADHD
900,Target,Yes,694,None,ADHD
901,Target,Yes,638,None,ADHD
902,Non-Target,Yes,709,Commission,ADHD
903,Target,Yes,536,None,ADHD
904,Target,No,0,Omission,ADHD
905,Non-Target,Yes,552,Commission,ADHD
906,Non-Target,No,0,None,ADHD
907,Non-Target,No,0,None,ADHD
908,Non-Target,Yes,551,Commission,ADHD
909,Non-Target,Yes,472,Commission,ADHD
910,Non-Target,Yes,488,Commission,ADHD
911,Non-Target,No,0,None,ADHD
912,Target,Yes,846,None,ADHD
913,Target,Yes,662,None,ADHD
914,Non-Target,No,0,None,ADHD
915,Non-Target,No,0,None,ADHD
916,Target,Yes,675,None,ADHD
917,Non-Target,No,0,None,ADHD
918,Non-Target,No,0,None,ADHD
919,Non-Target,No,0,None,ADHD
920,Non-Target,No,0,None,ADHD
921,Target,Yes,657,None,ADHD
922,Non-Target,No,0,None,ADHD
923,Target,Yes,671,None,ADHD
924,Non-Target,Yes,609,Commission,ADHD
925,Non-Target,No,0,None,ADHD
926,Non-Target,No,0,None,ADHD
927,Target,Yes,725,None,ADHD
928,Target,Yes,597,None,ADHD
929,Non-Target,No,0,None,ADHD
930,Non-Target,Yes,687,Commission,ADHD
931,Non-Target,No,0,None,ADHD
932,Non-Target,No,0,None,ADHD
933,Non-Target,No,0,None,ADHD
934,Target,Yes,450,None,ADHD
935,Non-Target,No,0,None,ADHD
936,Non-Target,No,0,None,ADHD
937,Non-Target,No,0,None,ADHD
938,Non-Target,No,0,None,ADHD
939,Target,No,0,Omission,ADHD
940,Non-Target,No,0,None,ADHD
941,Non-Target,No,0,None,ADHD
942,Non-Target,No,0,None,ADHD
943,Target,No,0,Omission,ADHD
944,Non-Target,No,0,None,ADHD
945,Non-Target,No,0,None,ADHD
946,Non-Target,No,0,None,ADHD
947,Non-Target,No,0,None,ADHD
948,Non-Target,No,0,None,ADHD
949,Target,Yes,609,None,ADHD
950,Non-Target,Yes,642,Commission,ADHD
951,Non-Target,No,0,None,ADHD
952,Non-Target,No,0,None,ADHD
953,Non-Target,No,0,None,ADHD
954,Non-Target,No,0,None,ADHD
955,Non-Target,No,0,None,ADHD
956,Non-Target,No,0,None,ADHD
957,Non-Target,No,0,None,ADHD
958,Target,Yes,859,None,ADHD
959,Non-Target,No,0,None,ADHD
960,Non-Target,Yes,711,Commission,ADHD
961,Non-Target,No,0,None,ADHD
962,Non-Target,No,0,None,ADHD
963,Target,Yes,739,None,ADHD
964,Non-Target,No,0,None,ADHD
965,Non-Target,No,0,None,ADHD
966,Non-Target,No,0,None,ADHD
967,Non-Target,No,0,None,ADHD
968,Non-Target,No,0,None,ADHD
969,Non-Target,No,0,None,ADHD
970,Target,Yes,517,None,ADHD
971,Target,Yes,631,None,ADHD
972,Non-Target,No,0,None,ADHD
973,Target,Yes,645,None,ADHD
974,Non-Target,Yes,574,Commission,ADHD
975,Target,No,0,Omission,ADHD
976,Target,Yes,606,None,ADHD
977,Target,No,0,Omission,ADHD
978,Target,Yes,533,None,ADHD
979,Non-Target,No,0,None,ADHD
980,Non-Target,No,0,None,ADHD
981,Non-Target,No,0,None,ADHD
982,Target,Yes,640,None,ADHD
983,Target,Yes,780,None,ADHD
984,Non-Target,No,0,None,ADHD
985,Non-Target,Yes,505,Commission,ADHD
986,Non-Target,No,0,None,ADHD
987,Non-Target,No,0,None,ADHD
988,Non-Target,No,0,None,ADHD
989,Non-Target,No,0,None,ADHD
990,Non-Target,No,0,None,ADHD
991,Non-Target,No,0,None,ADHD
992,Non-Target,No,0,None,ADHD
993,Non-Target,No,0,None,ADHD
994,Target,Yes,605,None,ADHD
995,Target,Yes,730,None,ADHD
996,Non-Target,Yes,666,Commission,ADHD
997,Target,Yes,568,None,ADHD
998,Non-Target,No,0,None,ADHD
999,Non-Target,No,0,None,ADHD
1000,Non-Target,No,0,None,ADHD
1001,Target,No,0,Omission,ADHD
1002,Target,No,0,Omission,ADHD
1003,Target,No,0,Omission,ADHD
1004,Non-Target,No,0,None,ADHD
1005,Non-Target,No,0,None,ADHD
1006,Target,Yes,710,None,ADHD
1007,Non-Target,No,0,None,ADHD
1008,Non-Target,No,0,None,ADHD
1009,Non-Target,No,0,None,ADHD
1010,Target,Yes,650,None,ADHD
1011,Non-Target,No,0,None,ADHD
1012,Non-Target,No,0,None,ADHD
1013,Non-Target,No,0,None,ADHD
1014,Non-Target,No,0,None,ADHD
1015,Non-Target,No,0,None,ADHD
1016,Target,Yes,743,None,ADHD
1017,Non-Target,No,0,None,ADHD
1018,Non-Target,No,0,None,ADHD
1019,Non-Target,No,0,None,ADHD
1020,Non-Target,No,0,None,ADHD
1021,Non-Target,No,0,None,ADHD
1022,Non-Target,No,0,None,ADHD
1023,Target,Yes,731,None,ADHD
1024,Target,Yes,590,None,ADHD
1025,Non-Target,Yes,494,Commission,ADHD
1026,Target,Yes,808,None,ADHD
1027,Non-Target,No,0,None,ADHD
1028,Non-Target,No,0,None,ADHD
1029,Non-Target,No,0,None,ADHD
1030,Non-Target,No,0,None,ADHD
1031,Non-Target,No,0,None,ADHD
1032,Target,Yes,729,None,ADHD
1033,Target,Yes,657,None,ADHD
1034,Non-Target,No,0,None,ADHD
1035,Target,Yes,716,None,ADHD
1036,Target,Yes,391,None,ADHD
1037,Non-Target,No,0,None,ADHD
1038,Target,Yes,642,None,ADHD
1039,Non-Target,No,0,None,ADHD
1040,Non-Target,Yes,672,Commission,ADHD
1041,Non-Target,Yes,601,Commission,ADHD
1042,Non-Target,No,0,None,ADHD
1043,Non-Target,No,0,None,ADHD
1044,Non-Target,Yes,754,Commission,ADHD
1045,Non-Target,No,0,None,ADHD
1046,Target,Yes,600,None,ADHD
1047,Non-Target,No,0,None,ADHD
1048,Non-Target,No,0,None,ADHD
1049,Non-Target,No,0,None,ADHD
1050,Non-Target,No,0,None,ADHD
1051,Non-Target,No,0,None,ADHD
1052,Non-Target,No,0,None,ADHD
1053,Non-Target,No,0,None,ADHD
1054,Non-Target,No,0,None,ADHD
1055,Target,Yes,568,None,ADHD
1056,Target,Yes,699,None,ADHD
1057,Non-Target,No,0,None,ADHD
1058,Non-Target,No,0,None,ADHD
1059,Target,Yes,667,None,ADHD
1060,Target,Yes,646,None,ADHD
1061,Target,Yes,518,None,ADHD
1062,Target,Yes,796,None,ADHD
1063,Target,Yes,646,None,ADHD
1064,Non-Target,No,0,None,ADHD
1065,Non-Target,No,0,None,ADHD
1066,Non-Target,Yes,719,Commission,ADHD
1067,Target,Yes,510,None,ADHD
1068,Target,No,0,Omission,ADHD
1069,Target,No,0,Omission,ADHD
1070,Non-Target,No,0,None,ADHD
1071,Non-Target,No,0,None,ADHD
1072,Non-Target,Yes,703,Commission,ADHD
1073,Target,No,0,Omission,ADHD
1074,Non-Target,No,0,None,ADHD
1075,Non-Target,No,0,None,ADHD
1076,Non-Target,No,0,None,ADHD
1077,Non-Target,No,0,None,ADHD
1078,Non-Target,No,0,None,ADHD
1079,Non-Target,No,0,None,ADHD
1080,Non-Target,No,0,None,ADHD
1081,Non-Target,No,0,None,ADHD
1082,Non-Target,No,0,None,ADHD
1083,Non-Target,No,0,None,ADHD
1084,Non-Target,Yes,823,Commission,ADHD
1085,Target,No,0,Omission,ADHD
1086,Non-Target,No,0,None,ADHD
1087,Target,Yes,741,None,ADHD
1088,Target,Yes,790,None,ADHD
1089,Non-Target,No,0,None,ADHD
1090,Non-Target,No,0,None,ADHD
1091,Target,No,0,Omission,ADHD
1092,Non-Target,No,0,None,ADHD
1093,Non-Target,No,0,None,ADHD
1094,Target,Yes,708,None,ADHD
1095,Target,No,0,Omission,ADHD
1096,Target,Yes,759,None,ADHD
1097,Non-Target,No,0,None,ADHD
1098,Non-Target,No,0,None,ADHD
1099,Non-Target,No,0,None,ADHD
1100,Non-Target,No,0,None,ADHD
1101,Non-Target,No,0,None,ADHD
1102,Target,Yes,495,None,ADHD
1103,Non-Target,Yes,567,Commission,ADHD
1104,Non-Target,No,0,None,ADHD
1105,Target,Yes,607,None,ADHD
1106,Non-Target,No,0,None,ADHD
1107,Target,Yes,471,None,ADHD
1108,Non-Target,Yes,662,Commission,ADHD
1109,Non-Target,No,0,None,ADHD
1110,Non-Target,No,0,None,ADHD
1111,Non-Target,No,0,None,ADHD
1112,Non-Target,No,0,None,ADHD
1113,Target,Yes,620,None,ADHD
1114,Target,No,0,Omission,ADHD
1115,Non-Target,No,0,None,ADHD
1116,Target,No,0,Omission,ADHD
1117,Non-Target,No,0,None,ADHD
1118,Target,No,0,Omission,ADHD
1119,Non-Target,No,0,None,ADHD
1120,Target,No,0,Omission,ADHD
1121,Non-Target,Yes,722,Commission,ADHD
1122,Non-Target,No,0,None,ADHD
1123,Non-Target,No,0,None,ADHD
1124,Non-Target,No,0,None,ADHD
1125,Target,Yes,592,None,ADHD
1126,Non-Target,No,0,None,ADHD
1127,Non-Target,Yes,572,Commission,ADHD
1128,Non-Target,No,0,None,ADHD
1129,Target,Yes,590,None,ADHD
1130,Non-Target,No,0,None,ADHD
1131,Non-Target,No,0,None,ADHD
1132,Target,No,0,Omission,ADHD
1133,Target,Yes,636,None,ADHD
1134,Target,No,0,Omission,ADHD
1135,Target,Yes,541,None,ADHD
1136,Non-Target,No,0,None,ADHD
1137,Non-Target,No,0,None,ADHD
1138,Target,No,0,Omission,ADHD
1139,Non-Target,No,0,None,ADHD
1140,Non-Target,No,0,None,ADHD
1141,Non-Target,No,0,None,ADHD
1142,Target,Yes,576,None,ADHD
1143,Non-Target,No,0,None,ADHD
1144,Non-Target,Yes,763,Commission,ADHD
1145,Non-Target,No,0,None,ADHD
1146,Target,Yes,686,None,ADHD
1147,Non-Target,No,0,None,ADHD
1148,Target,Yes,702,None,ADHD
1149,Target,Yes,612,None,ADHD
1150,Target,No,0,Omission,ADHD
1151,Non-Target,No,0,None,ADHD
1152,Non-Target,No,0,None,ADHD
1153,Non-Target,No,0,None,ADHD
1154,Target,Yes,695,None,ADHD
1155,Non-Target,No,0,None,ADHD
1156,Non-Target,No,0,None,ADHD
1157,Non-Target,No,0,None,ADHD
1158,Non-Target,No,0,None,ADHD
1159,Target,No,0,Omission,ADHD
1160,Non-Target,No,0,None,ADHD
1161,Non-Target,No,0,None,ADHD
1162,Non-Target,No,0,None,ADHD
1163,Non-Target,No,0,None,ADHD
1164,Non-Target,No,0,None,ADHD
1165,Target,No,0,Omission,ADHD
1166,Target,Yes,559,None,ADHD
1167,Non-Target,No,0,None,ADHD
1168,Non-Target,No,0,None,ADHD
1169,Non-Target,No,0,None,ADHD
1170,Non-Target,No,0,None,ADHD
1171,Non-Target,No,0,None,ADHD
1172,Non-Target,No,0,None,ADHD
1173,Target,Yes,716,None,ADHD
1174,Non-Target,No,0,None,ADHD
1175,Non-Target,No,0,None,ADHD
1176,Non-Target,No,0,None,ADHD
1177,Non-Target,Yes,734,Commission,ADHD
1178,Target,Yes,622,None,ADHD
1179,Non-Target,No,0,None,ADHD
1180,Target,Yes,597,None,ADHD
1181,Target,No,0,Omission,ADHD
1182,Non-Target,No,0,None,ADHD
1183,Non-Target,No,0,None,ADHD
1184,Non-Target,No,0,None,ADHD
1185,Target,No,0,Omission,ADHD
1186,Target,Yes,512,None,ADHD
1187,Non-Target,No,0,None,ADHD
1188,Non-Target,No,0,None,ADHD
1189,Non-Target,No,0,None,ADHD
1190,Non-Target,No,0,None,ADHD
1191,Non-Target,No,0,None,ADHD
1192,Non-Target,No,0,None,ADHD
1193,Non-Target,No,0,None,ADHD
1194,Non-Target,No,0,None,ADHD
1195,Non-Target,Yes,701,Commission,ADHD
1196,Target,No,0,Omission,ADHD
1197,Non-Target,No,0,None,ADHD
1198,Non-Target,Yes,819,Commission,ADHD
1199,Non-Target,Yes,735,Commission,ADHD
1200,Non-Target,No,0,None,ADHD
