Trial,StimulusType,Reaction,ReactionTime(ms),ErrorType,Label
1,Non-Target,No,0,None,ADHD
2,Non-Target,No,0,None,ADHD
3,Non-Target,No,0,None,ADHD
4,Target,Yes,619,None,ADHD
5,Target,Yes,832,None,ADHD
6,Target,Yes,853,None,ADHD
7,Non-Target,No,0,None,ADHD
8,Target,Yes,670,None,ADHD
9,Non-Target,No,0,None,ADHD
10,Target,Yes,728,None,ADHD
11,Non-Target,No,0,None,ADHD
12,Non-Target,No,0,None,ADHD
13,Non-Target,No,0,None,ADHD
14,Non-Target,No,0,None,ADHD
15,Non-Target,No,0,None,ADHD
16,Target,Yes,509,None,ADHD
17,Non-Target,No,0,None,ADHD
18,Non-Target,No,0,None,ADHD
19,Non-Target,No,0,None,ADHD
20,Non-Target,Yes,609,Commission,ADHD
21,Non-Target,No,0,None,ADHD
22,Non-Target,No,0,None,ADHD
23,Non-Target,No,0,None,ADHD
24,Target,Yes,463,None,ADHD
25,Non-Target,Yes,635,Commission,ADHD
26,Target,Yes,732,None,ADHD
27,Target,No,0,Omission,ADHD
28,Non-Target,No,0,None,ADHD
29,Non-Target,No,0,None,ADHD
30,Non-Target,No,0,None,ADHD
31,Target,Yes,530,None,ADHD
32,Target,Yes,947,None,ADHD
33,Non-Target,No,0,None,ADHD
34,Non-Target,No,0,None,ADHD
35,Target,Yes,716,None,ADHD
36,Non-Target,No,0,None,ADHD
37,Non-Target,Yes,696,Commission,ADHD
38,Target,Yes,697,None,ADHD
39,Non-Target,Yes,743,Commission,ADHD
40,Non-Target,No,0,None,ADHD
41,Non-Target,No,0,None,ADHD
42,Non-Target,No,0,None,ADHD
43,Non-Target,No,0,None,ADHD
44,Non-Target,No,0,None,ADHD
45,Non-Target,No,0,None,ADHD
46,Non-Target,No,0,None,ADHD
47,Non-Target,No,0,None,ADHD
48,Non-Target,Yes,817,Commission,ADHD
49,Non-Target,No,0,None,ADHD
50,Non-Target,No,0,None,ADHD
51,Non-Target,Yes,800,Commission,ADHD
52,Non-Target,No,0,None,ADHD
53,Non-Target,No,0,None,ADHD
54,Non-Target,No,0,None,ADHD
55,Non-Target,No,0,None,ADHD
56,Non-Target,No,0,None,ADHD
57,Target,Yes,712,None,ADHD
58,Non-Target,Yes,614,Commission,ADHD
59,Non-Target,No,0,None,ADHD
60,Target,Yes,849,None,ADHD
61,Non-Target,No,0,None,ADHD
62,Non-Target,No,0,None,ADHD
63,Non-Target,Yes,697,Commission,ADHD
64,Target,Yes,751,None,ADHD
65,Target,Yes,858,None,ADHD
66,Non-Target,No,0,None,ADHD
67,Target,Yes,800,None,ADHD
68,Target,Yes,789,None,ADHD
69,Non-Target,No,0,None,ADHD
70,Non-Target,No,0,None,ADHD
71,Non-Target,No,0,None,ADHD
72,Target,No,0,Omission,ADHD
73,Non-Target,No,0,None,ADHD
74,Non-Target,No,0,None,ADHD
75,Non-Target,No,0,None,ADHD
76,Non-Target,No,0,None,ADHD
77,Non-Target,No,0,None,ADHD
78,Non-Target,No,0,None,ADHD
79,Non-Target,No,0,None,ADHD
80,Non-Target,No,0,None,ADHD
81,Non-Target,No,0,None,ADHD
82,Target,Yes,634,None,ADHD
83,Non-Target,No,0,None,ADHD
84,Non-Target,No,0,None,ADHD
85,Non-Target,No,0,None,ADHD
86,Non-Target,No,0,None,ADHD
87,Target,Yes,733,None,ADHD
88,Non-Target,No,0,None,ADHD
89,Target,Yes,727,None,ADHD
90,Non-Target,No,0,None,ADHD
91,Non-Target,No,0,None,ADHD
92,Non-Target,No,0,None,ADHD
93,Non-Target,Yes,858,Commission,ADHD
94,Non-Target,No,0,None,ADHD
95,Target,Yes,885,None,ADHD
96,Target,Yes,766,None,ADHD
97,Target,No,0,Omission,ADHD
98,Non-Target,No,0,None,ADHD
99,Target,Yes,624,None,ADHD
100,Non-Target,Yes,871,Commission,ADHD
101,Target,Yes,637,None,ADHD
102,Non-Target,No,0,None,ADHD
103,Target,No,0,Omission,ADHD
104,Target,No,0,Omission,ADHD
105,Non-Target,No,0,None,ADHD
106,Non-Target,No,0,None,ADHD
107,Target,Yes,660,None,ADHD
108,Non-Target,No,0,None,ADHD
109,Non-Target,No,0,None,ADHD
110,Non-Target,No,0,None,ADHD
111,Non-Target,No,0,None,ADHD
112,Non-Target,No,0,None,ADHD
113,Target,Yes,732,None,ADHD
114,Non-Target,No,0,None,ADHD
115,Non-Target,No,0,None,ADHD
116,Target,Yes,589,None,ADHD
117,Non-Target,No,0,None,ADHD
118,Target,Yes,621,None,ADHD
119,Target,No,0,Omission,ADHD
120,Non-Target,No,0,None,ADHD
121,Target,Yes,635,None,ADHD
122,Non-Target,No,0,None,ADHD
123,Non-Target,No,0,None,ADHD
124,Non-Target,No,0,None,ADHD
125,Non-Target,No,0,None,ADHD
126,Non-Target,No,0,None,ADHD
127,Non-Target,No,0,None,ADHD
128,Target,Yes,715,None,ADHD
129,Non-Target,No,0,None,ADHD
130,Target,No,0,Omission,ADHD
131,Non-Target,No,0,None,ADHD
132,Non-Target,No,0,None,ADHD
133,Non-Target,No,0,None,ADHD
134,Non-Target,No,0,None,ADHD
135,Non-Target,No,0,None,ADHD
136,Target,Yes,810,None,ADHD
137,Target,No,0,Omission,ADHD
138,Target,Yes,659,None,ADHD
139,Non-Target,No,0,None,ADHD
140,Non-Target,No,0,None,ADHD
141,Non-Target,No,0,None,ADHD
142,Non-Target,No,0,None,ADHD
143,Non-Target,No,0,None,ADHD
144,Non-Target,No,0,None,ADHD
145,Target,Yes,633,None,ADHD
146,Non-Target,No,0,None,ADHD
147,Non-Target,No,0,None,ADHD
148,Target,No,0,Omission,ADHD
149,Non-Target,No,0,None,ADHD
150,Target,Yes,801,None,ADHD
151,Non-Target,Yes,644,Commission,ADHD
152,Non-Target,No,0,None,ADHD
153,Target,Yes,574,None,ADHD
154,Non-Target,No,0,None,ADHD
155,Target,Yes,630,None,ADHD
156,Non-Target,Yes,894,Commission,ADHD
157,Target,No,0,Omission,ADHD
158,Target,Yes,685,None,ADHD
159,Target,No,0,Omission,ADHD
160,Non-Target,No,0,None,ADHD
161,Non-Target,No,0,None,ADHD
162,Target,No,0,Omission,ADHD
163,Non-Target,No,0,None,ADHD
164,Target,No,0,Omission,ADHD
165,Non-Target,No,0,None,ADHD
166,Target,Yes,680,None,ADHD
167,Non-Target,No,0,None,ADHD
168,Non-Target,No,0,None,ADHD
169,Non-Target,No,0,None,ADHD
170,Target,Yes,863,None,ADHD
171,Target,Yes,433,None,ADHD
172,Non-Target,No,0,None,ADHD
173,Non-Target,No,0,None,ADHD
174,Target,Yes,584,None,ADHD
175,Non-Target,Yes,561,Commission,ADHD
176,Non-Target,No,0,None,ADHD
177,Non-Target,No,0,None,ADHD
178,Target,No,0,Omission,ADHD
179,Non-Target,No,0,None,ADHD
180,Target,Yes,591,None,ADHD
181,Non-Target,No,0,None,ADHD
182,Target,No,0,Omission,ADHD
183,Target,No,0,Omission,ADHD
184,Target,Yes,649,None,ADHD
185,Target,Yes,679,None,ADHD
186,Target,Yes,600,None,ADHD
187,Non-Target,No,0,None,ADHD
188,Target,Yes,590,None,ADHD
189,Non-Target,No,0,None,ADHD
190,Target,Yes,717,None,ADHD
191,Non-Target,No,0,None,ADHD
192,Non-Target,No,0,None,ADHD
193,Non-Target,No,0,None,ADHD
194,Non-Target,No,0,None,ADHD
195,Non-Target,No,0,None,ADHD
196,Non-Target,No,0,None,ADHD
197,Non-Target,No,0,None,ADHD
198,Non-Target,No,0,None,ADHD
199,Non-Target,No,0,None,ADHD
200,Non-Target,No,0,None,ADHD
201,Target,Yes,491,None,ADHD
202,Non-Target,No,0,None,ADHD
203,Target,Yes,603,None,ADHD
204,Non-Target,No,0,None,ADHD
205,Non-Target,No,0,None,ADHD
206,Non-Target,No,0,None,ADHD
207,Non-Target,No,0,None,ADHD
208,Non-Target,No,0,None,ADHD
209,Non-Target,No,0,None,ADHD
210,Target,Yes,648,None,ADHD
211,Target,Yes,742,None,ADHD
212,Non-Target,No,0,None,ADHD
213,Non-Target,No,0,None,ADHD
214,Non-Target,No,0,None,ADHD
215,Target,No,0,Omission,ADHD
216,Non-Target,No,0,None,ADHD
217,Non-Target,No,0,None,ADHD
218,Target,Yes,764,None,ADHD
219,Non-Target,No,0,None,ADHD
220,Target,Yes,698,None,ADHD
221,Target,Yes,551,None,ADHD
222,Target,Yes,726,None,ADHD
223,Non-Target,No,0,None,ADHD
224,Non-Target,No,0,None,ADHD
225,Non-Target,No,0,None,ADHD
226,Non-Target,Yes,828,Commission,ADHD
227,Non-Target,No,0,None,ADHD
228,Non-Target,No,0,None,ADHD
229,Non-Target,No,0,None,ADHD
230,Target,Yes,840,None,ADHD
231,Non-Target,No,0,None,ADHD
232,Target,No,0,Omission,ADHD
233,Target,Yes,584,None,ADHD
234,Non-Target,No,0,None,ADHD
235,Non-Target,No,0,None,ADHD
236,Non-Target,No,0,None,ADHD
237,Non-Target,No,0,None,ADHD
238,Non-Target,No,0,None,ADHD
239,Non-Target,No,0,None,ADHD
240,Non-Target,No,0,None,ADHD
241,Non-Target,No,0,None,ADHD
242,Non-Target,No,0,None,ADHD
243,Target,Yes,840,None,ADHD
244,Target,Yes,853,None,ADHD
245,Non-Target,No,0,None,ADHD
246,Non-Target,No,0,None,ADHD
247,Non-Target,No,0,None,ADHD
248,Target,No,0,Omission,ADHD
249,Non-Target,No,0,None,ADHD
250,Target,Yes,606,None,ADHD
251,Non-Target,No,0,None,ADHD
252,Target,Yes,884,None,ADHD
253,Target,Yes,782,None,ADHD
254,Non-Target,No,0,None,ADHD
255,Target,No,0,Omission,ADHD
256,Target,No,0,Omission,ADHD
257,Non-Target,Yes,635,Commission,ADHD
258,Non-Target,No,0,None,ADHD
259,Non-Target,No,0,None,ADHD
260,Non-Target,No,0,None,ADHD
261,Non-Target,No,0,None,ADHD
262,Non-Target,No,0,None,ADHD
263,Non-Target,No,0,None,ADHD
264,Non-Target,No,0,None,ADHD
265,Non-Target,No,0,None,ADHD
266,Target,No,0,Omission,ADHD
267,Target,Yes,628,None,ADHD
268,Non-Target,No,0,None,ADHD
269,Non-Target,Yes,743,Commission,ADHD
270,Non-Target,No,0,None,ADHD
271,Non-Target,No,0,None,ADHD
272,Target,No,0,Omission,ADHD
273,Non-Target,No,0,None,ADHD
274,Target,No,0,Omission,ADHD
275,Non-Target,No,0,None,ADHD
276,Non-Target,Yes,926,Commission,ADHD
277,Non-Target,No,0,None,ADHD
278,Non-Target,No,0,None,ADHD
279,Non-Target,No,0,None,ADHD
280,Non-Target,No,0,None,ADHD
281,Non-Target,Yes,790,Commission,ADHD
282,Non-Target,No,0,None,ADHD
283,Non-Target,No,0,None,ADHD
284,Target,Yes,625,None,ADHD
285,Non-Target,No,0,None,ADHD
286,Non-Target,No,0,None,ADHD
287,Target,Yes,824,None,ADHD
288,Non-Target,No,0,None,ADHD
289,Non-Target,No,0,None,ADHD
290,Non-Target,No,0,None,ADHD
291,Non-Target,No,0,None,ADHD
292,Target,No,0,Omission,ADHD
293,Non-Target,No,0,None,ADHD
294,Target,No,0,Omission,ADHD
295,Non-Target,Yes,539,Commission,ADHD
296,Non-Target,No,0,None,ADHD
297,Target,Yes,898,None,ADHD
298,Target,Yes,758,None,ADHD
299,Non-Target,Yes,775,Commission,ADHD
300,Non-Target,No,0,None,ADHD
301,Non-Target,No,0,None,ADHD
302,Non-Target,No,0,None,ADHD
303,Target,No,0,Omission,ADHD
304,Non-Target,No,0,None,ADHD
305,Target,Yes,617,None,ADHD
306,Non-Target,No,0,None,ADHD
307,Non-Target,No,0,None,ADHD
308,Non-Target,No,0,None,ADHD
309,Non-Target,No,0,None,ADHD
310,Non-Target,No,0,None,ADHD
311,Non-Target,No,0,None,ADHD
312,Non-Target,No,0,None,ADHD
313,Non-Target,No,0,None,ADHD
314,Non-Target,No,0,None,ADHD
315,Target,Yes,704,None,ADHD
316,Non-Target,No,0,None,ADHD
317,Non-Target,No,0,None,ADHD
318,Target,No,0,Omission,ADHD
319,Target,Yes,818,None,ADHD
320,Non-Target,No,0,None,ADHD
321,Non-Target,No,0,None,ADHD
322,Non-Target,No,0,None,ADHD
323,Non-Target,No,0,None,ADHD
324,Non-Target,No,0,None,ADHD
325,Target,Yes,819,None,ADHD
326,Non-Target,No,0,None,ADHD
327,Non-Target,No,0,None,ADHD
328,Non-Target,No,0,None,ADHD
329,Non-Target,No,0,None,ADHD
330,Non-Target,No,0,None,ADHD
331,Non-Target,No,0,None,ADHD
332,Non-Target,No,0,None,ADHD
333,Non-Target,No,0,None,ADHD
334,Non-Target,No,0,None,ADHD
335,Target,Yes,612,None,ADHD
336,Non-Target,No,0,None,ADHD
337,Non-Target,Yes,609,Commission,ADHD
338,Target,Yes,692,None,ADHD
339,Non-Target,No,0,None,ADHD
340,Non-Target,Yes,879,Commission,ADHD
341,Non-Target,No,0,None,ADHD
342,Non-Target,No,0,None,ADHD
343,Target,Yes,918,None,ADHD
344,Non-Target,No,0,None,ADHD
345,Target,No,0,Omission,ADHD
346,Non-Target,Yes,344,Commission,ADHD
347,Non-Target,No,0,None,ADHD
348,Non-Target,No,0,None,ADHD
349,Target,No,0,Omission,ADHD
350,Non-Target,No,0,None,ADHD
351,Non-Target,No,0,None,ADHD
352,Non-Target,No,0,None,ADHD
353,Non-Target,No,0,None,ADHD
354,Non-Target,No,0,None,ADHD
355,Non-Target,No,0,None,ADHD
356,Non-Target,No,0,None,ADHD
357,Non-Target,No,0,None,ADHD
358,Non-Target,No,0,None,ADHD
359,Non-Target,No,0,None,ADHD
360,Non-Target,No,0,None,ADHD
361,Target,No,0,Omission,ADHD
362,Non-Target,No,0,None,ADHD
363,Non-Target,No,0,None,ADHD
364,Non-Target,No,0,None,ADHD
365,Non-Target,No,0,None,ADHD
366,Non-Target,No,0,None,ADHD
367,Non-Target,No,0,None,ADHD
368,Non-Target,No,0,None,ADHD
369,Non-Target,No,0,None,ADHD
370,Non-Target,No,0,None,ADHD
371,Non-Target,No,0,None,ADHD
372,Non-Target,No,0,None,ADHD
373,Target,No,0,Omission,ADHD
374,Target,Yes,835,None,ADHD
375,Non-Target,No,0,None,ADHD
376,Non-Target,No,0,None,ADHD
377,Target,Yes,786,None,ADHD
378,Target,Yes,726,None,ADHD
379,Non-Target,No,0,None,ADHD
380,Target,Yes,586,None,ADHD
381,Non-Target,No,0,None,ADHD
382,Target,Yes,657,None,ADHD
383,Non-Target,No,0,None,ADHD
384,Non-Target,No,0,None,ADHD
385,Target,Yes,679,None,ADHD
386,Target,Yes,840,None,ADHD
387,Non-Target,No,0,None,ADHD
388,Non-Target,Yes,549,Commission,ADHD
389,Target,Yes,725,None,ADHD
390,Non-Target,No,0,None,ADHD
391,Target,Yes,562,None,ADHD
392,Target,Yes,769,None,ADHD
393,Non-Target,No,0,None,ADHD
394,Non-Target,No,0,None,ADHD
395,Target,Yes,618,None,ADHD
396,Non-Target,No,0,None,ADHD
397,Non-Target,No,0,None,ADHD
398,Non-Target,No,0,None,ADHD
399,Non-Target,No,0,None,ADHD
400,Target,Yes,733,None,ADHD
401,Non-Target,No,0,None,ADHD
402,Non-Target,No,0,None,ADHD
403,Target,Yes,798,None,ADHD
404,Non-Target,No,0,None,ADHD
405,Target,Yes,640,None,ADHD
406,Non-Target,Yes,437,Commission,ADHD
407,Non-Target,No,0,None,ADHD
408,Non-Target,No,0,None,ADHD
409,Non-Target,No,0,None,ADHD
410,Non-Target,No,0,None,ADHD
411,Non-Target,No,0,None,ADHD
412,Non-Target,No,0,None,ADHD
413,Non-Target,No,0,None,ADHD
414,Non-Target,No,0,None,ADHD
415,Non-Target,Yes,573,Commission,ADHD
416,Target,Yes,845,None,ADHD
417,Non-Target,No,0,None,ADHD
418,Target,Yes,760,None,ADHD
419,Target,No,0,Omission,ADHD
420,Non-Target,No,0,None,ADHD
421,Non-Target,No,0,None,ADHD
422,Non-Target,No,0,None,ADHD
423,Target,No,0,Omission,ADHD
424,Non-Target,No,0,None,ADHD
425,Non-Target,No,0,None,ADHD
426,Non-Target,No,0,None,ADHD
427,Non-Target,No,0,None,ADHD
428,Non-Target,No,0,None,ADHD
429,Non-Target,No,0,None,ADHD
430,Non-Target,No,0,None,ADHD
431,Non-Target,No,0,None,ADHD
432,Target,Yes,741,None,ADHD
433,Non-Target,No,0,None,ADHD
434,Target,No,0,Omission,ADHD
435,Target,No,0,Omission,ADHD
436,Non-Target,No,0,None,ADHD
437,Non-Target,No,0,None,ADHD
438,Non-Target,No,0,None,ADHD
439,Non-Target,No,0,None,ADHD
440,Non-Target,Yes,676,Commission,ADHD
441,Target,Yes,711,None,ADHD
442,Non-Target,No,0,None,ADHD
443,Non-Target,No,0,None,ADHD
444,Target,Yes,585,None,ADHD
445,Non-Target,No,0,None,ADHD
446,Non-Target,No,0,None,ADHD
447,Non-Target,No,0,None,ADHD
448,Non-Target,No,0,None,ADHD
449,Non-Target,No,0,None,ADHD
450,Non-Target,No,0,None,ADHD
451,Non-Target,No,0,None,ADHD
452,Non-Target,No,0,None,ADHD
453,Non-Target,No,0,None,ADHD
454,Non-Target,No,0,None,ADHD
455,Non-Target,No,0,None,ADHD
456,Target,Yes,791,None,ADHD
457,Non-Target,No,0,None,ADHD
458,Non-Target,No,0,None,ADHD
459,Non-Target,No,0,None,ADHD
460,Non-Target,No,0,None,ADHD
461,Target,No,0,Omission,ADHD
462,Non-Target,No,0,None,ADHD
463,Non-Target,Yes,535,Commission,ADHD
464,Target,Yes,653,None,ADHD
465,Non-Target,No,0,None,ADHD
466,Non-Target,No,0,None,ADHD
467,Non-Target,No,0,None,ADHD
468,Non-Target,No,0,None,ADHD
469,Non-Target,Yes,677,Commission,ADHD
470,Target,No,0,Omission,ADHD
471,Non-Target,No,0,None,ADHD
472,Non-Target,No,0,None,ADHD
473,Non-Target,Yes,605,Commission,ADHD
474,Non-Target,No,0,None,ADHD
475,Non-Target,No,0,None,ADHD
476,Non-Target,No,0,None,ADHD
477,Non-Target,No,0,None,ADHD
478,Non-Target,No,0,None,ADHD
479,Non-Target,No,0,None,ADHD
480,Target,Yes,652,None,ADHD
481,Non-Target,Yes,628,Commission,ADHD
482,Target,Yes,538,None,ADHD
483,Non-Target,No,0,None,ADHD
484,Target,Yes,801,None,ADHD
485,Target,Yes,684,None,ADHD
486,Non-Target,No,0,None,ADHD
487,Target,Yes,607,None,ADHD
488,Target,Yes,701,None,ADHD
489,Non-Target,No,0,None,ADHD
490,Target,Yes,647,None,ADHD
491,Target,Yes,774,None,ADHD
492,Non-Target,No,0,None,ADHD
493,Non-Target,No,0,None,ADHD
494,Target,Yes,675,None,ADHD
495,Target,Yes,704,None,ADHD
496,Non-Target,No,0,None,ADHD
497,Non-Target,No,0,None,ADHD
498,Non-Target,No,0,None,ADHD
499,Non-Target,No,0,None,ADHD
500,Non-Target,No,0,None,ADHD
501,Target,No,0,Omission,ADHD
502,Non-Target,No,0,None,ADHD
503,Target,Yes,713,None,ADHD
504,Non-Target,No,0,None,ADHD
505,Non-Target,No,0,None,ADHD
506,Non-Target,No,0,None,ADHD
507,Target,Yes,669,None,ADHD
508,Non-Target,No,0,None,ADHD
509,Non-Target,No,0,None,ADHD
510,Non-Target,No,0,None,ADHD
511,Non-Target,No,0,None,ADHD
512,Non-Target,No,0,None,ADHD
513,Target,Yes,687,None,ADHD
514,Non-Target,No,0,None,ADHD
515,Target,Yes,502,None,ADHD
516,Target,Yes,721,None,ADHD
517,Target,Yes,685,None,ADHD
518,Non-Target,No,0,None,ADHD
519,Non-Target,No,0,None,ADHD
520,Non-Target,No,0,None,ADHD
521,Non-Target,Yes,610,Commission,ADHD
522,Non-Target,No,0,None,ADHD
523,Non-Target,Yes,710,Commission,ADHD
524,Non-Target,No,0,None,ADHD
525,Non-Target,No,0,None,ADHD
526,Non-Target,No,0,None,ADHD
527,Non-Target,No,0,None,ADHD
528,Non-Target,No,0,None,ADHD
529,Non-Target,No,0,None,ADHD
530,Non-Target,No,0,None,ADHD
531,Non-Target,No,0,None,ADHD
532,Target,Yes,742,None,ADHD
533,Target,No,0,Omission,ADHD
534,Non-Target,No,0,None,ADHD
535,Non-Target,No,0,None,ADHD
536,Target,No,0,Omission,ADHD
537,Non-Target,No,0,None,ADHD
538,Target,Yes,877,None,ADHD
539,Target,No,0,Omission,ADHD
540,Target,Yes,669,None,ADHD
541,Non-Target,No,0,None,ADHD
542,Non-Target,No,0,None,ADHD
543,Non-Target,Yes,756,Commission,ADHD
544,Target,No,0,Omission,ADHD
545,Target,Yes,395,None,ADHD
546,Non-Target,No,0,None,ADHD
547,Non-Target,No,0,None,ADHD
548,Non-Target,Yes,835,Commission,ADHD
549,Target,Yes,714,None,ADHD
550,Target,No,0,Omission,ADHD
551,Non-Target,No,0,None,ADHD
552,Non-Target,No,0,None,ADHD
553,Non-Target,No,0,None,ADHD
554,Non-Target,No,0,None,ADHD
555,Non-Target,No,0,None,ADHD
556,Target,Yes,744,None,ADHD
557,Target,No,0,Omission,ADHD
558,Non-Target,No,0,None,ADHD
559,Non-Target,No,0,None,ADHD
560,Non-Target,Yes,599,Commission,ADHD
561,Non-Target,No,0,None,ADHD
562,Non-Target,No,0,None,ADHD
563,Non-Target,No,0,None,ADHD
564,Non-Target,No,0,None,ADHD
565,Non-Target,No,0,None,ADHD
566,Non-Target,No,0,None,ADHD
567,Non-Target,No,0,None,ADHD
568,Non-Target,No,0,None,ADHD
569,Non-Target,Yes,960,Commission,ADHD
570,Non-Target,No,0,None,ADHD
571,Non-Target,No,0,None,ADHD
572,Non-Target,Yes,820,Commission,ADHD
573,Target,Yes,940,None,ADHD
574,Non-Target,No,0,None,ADHD
575,Non-Target,No,0,None,ADHD
576,Non-Target,No,0,None,ADHD
577,Non-Target,No,0,None,ADHD
578,Non-Target,No,0,None,ADHD
579,Non-Target,No,0,None,ADHD
580,Non-Target,No,0,None,ADHD
581,Non-Target,Yes,820,Commission,ADHD
582,Non-Target,No,0,None,ADHD
583,Non-Target,No,0,None,ADHD
584,Non-Target,No,0,None,ADHD
585,Non-Target,No,0,None,ADHD
586,Target,No,0,Omission,ADHD
587,Non-Target,No,0,None,ADHD
588,Non-Target,No,0,None,ADHD
589,Target,Yes,560,None,ADHD
590,Target,Yes,524,None,ADHD
591,Non-Target,No,0,None,ADHD
592,Non-Target,No,0,None,ADHD
593,Non-Target,No,0,None,ADHD
594,Non-Target,Yes,776,Commission,ADHD
595,Target,Yes,671,None,ADHD
596,Target,Yes,661,None,ADHD
597,Non-Target,No,0,None,ADHD
598,Non-Target,Yes,634,Commission,ADHD
599,Non-Target,No,0,None,ADHD
600,Non-Target,No,0,None,ADHD
601,Non-Target,No,0,None,ADHD
602,Non-Target,No,0,None,ADHD
603,Non-Target,No,0,None,ADHD
604,Non-Target,No,0,None,ADHD
605,Non-Target,No,0,None,ADHD
606,Non-Target,No,0,None,ADHD
607,Non-Target,No,0,None,ADHD
608,Non-Target,No,0,None,ADHD
609,Non-Target,No,0,None,ADHD
610,Non-Target,No,0,None,ADHD
611,Non-Target,No,0,None,ADHD
612,Non-Target,No,0,None,ADHD
613,Target,Yes,725,None,ADHD
614,Non-Target,No,0,None,ADHD
615,Non-Target,No,0,None,ADHD
616,Non-Target,No,0,None,ADHD
617,Non-Target,No,0,None,ADHD
618,Non-Target,No,0,None,ADHD
619,Target,Yes,846,None,ADHD
620,Target,Yes,636,None,ADHD
621,Non-Target,No,0,None,ADHD
622,Non-Target,No,0,None,ADHD
623,Non-Target,Yes,757,Commission,ADHD
624,Target,No,0,Omission,ADHD
625,Target,Yes,725,None,ADHD
626,Non-Target,No,0,None,ADHD
627,Non-Target,No,0,None,ADHD
628,Non-Target,No,0,None,ADHD
629,Target,Yes,716,None,ADHD
630,Target,No,0,Omission,ADHD
631,Non-Target,No,0,None,ADHD
632,Target,Yes,780,None,ADHD
633,Non-Target,No,0,None,ADHD
634,Target,Yes,849,None,ADHD
635,Non-Target,No,0,None,ADHD
636,Non-Target,Yes,493,Commission,ADHD
637,Target,No,0,Omission,ADHD
638,Non-Target,No,0,None,ADHD
639,Non-Target,No,0,None,ADHD
640,Non-Target,No,0,None,ADHD
641,Non-Target,Yes,835,Commission,ADHD
642,Non-Target,No,0,None,ADHD
643,Non-Target,No,0,None,ADHD
644,Non-Target,No,0,None,ADHD
645,Non-Target,No,0,None,ADHD
646,Target,Yes,579,None,ADHD
647,Non-Target,No,0,None,ADHD
648,Target,No,0,Omission,ADHD
649,Non-Target,No,0,None,ADHD
650,Target,No,0,Omission,ADHD
651,Non-Target,No,0,None,ADHD
652,Non-Target,No,0,None,ADHD
653,Non-Target,No,0,None,ADHD
654,Non-Target,No,0,None,ADHD
655,Non-Target,No,0,None,ADHD
656,Non-Target,No,0,None,ADHD
657,Non-Target,No,0,None,ADHD
658,Non-Target,No,0,None,ADHD
659,Target,Yes,651,None,ADHD
660,Non-Target,No,0,None,ADHD
661,Non-Target,No,0,None,ADHD
662,Target,No,0,Omission,ADHD
663,Non-Target,Yes,682,Commission,ADHD
664,Non-Target,No,0,None,ADHD
665,Target,No,0,Omission,ADHD
666,Non-Target,Yes,689,Commission,ADHD
667,Non-Target,Yes,511,Commission,ADHD
668,Target,Yes,681,None,ADHD
669,Non-Target,No,0,None,ADHD
670,Target,Yes,585,None,ADHD
671,Target,Yes,776,None,ADHD
672,Non-Target,No,0,None,ADHD
673,Non-Target,No,0,None,ADHD
674,Non-Target,No,0,None,ADHD
675,Non-Target,Yes,792,Commission,ADHD
676,Non-Target,No,0,None,ADHD
677,Non-Target,No,0,None,ADHD
678,Non-Target,No,0,None,ADHD
679,Target,No,0,Omission,ADHD
680,Target,Yes,606,None,ADHD
681,Non-Target,No,0,None,ADHD
682,Non-Target,No,0,None,ADHD
683,Non-Target,No,0,None,ADHD
684,Non-Target,No,0,None,ADHD
685,Non-Target,No,0,None,ADHD
686,Non-Target,Yes,441,Commission,ADHD
687,Non-Target,No,0,None,ADHD
688,Non-Target,Yes,794,Commission,ADHD
689,Non-Target,No,0,None,ADHD
690,Target,Yes,914,None,ADHD
691,Non-Target,No,0,None,ADHD
692,Target,Yes,909,None,ADHD
693,Non-Target,No,0,None,ADHD
694,Non-Target,No,0,None,ADHD
695,Non-Target,No,0,None,ADHD
696,Non-Target,No,0,None,ADHD
697,Target,Yes,786,None,ADHD
698,Non-Target,No,0,None,ADHD
699,Non-Target,No,0,None,ADHD
700,Non-Target,No,0,None,ADHD
701,Target,Yes,728,None,ADHD
702,Non-Target,No,0,None,ADHD
703,Non-Target,No,0,None,ADHD
704,Non-Target,Yes,644,Commission,ADHD
705,Non-Target,No,0,None,ADHD
706,Non-Target,No,0,None,ADHD
707,Non-Target,No,0,None,ADHD
708,Target,Yes,677,None,ADHD
709,Non-Target,No,0,None,ADHD
710,Target,Yes,514,None,ADHD
711,Non-Target,No,0,None,ADHD
712,Target,Yes,838,None,ADHD
713,Target,No,0,Omission,ADHD
714,Target,Yes,610,None,ADHD
715,Non-Target,Yes,768,Commission,ADHD
716,Target,Yes,739,None,ADHD
717,Non-Target,Yes,693,Commission,ADHD
718,Target,No,0,Omission,ADHD
719,Non-Target,No,0,None,ADHD
720,Non-Target,Yes,752,Commission,ADHD
721,Non-Target,No,0,None,ADHD
722,Non-Target,No,0,None,ADHD
723,Non-Target,No,0,None,ADHD
724,Target,Yes,566,None,ADHD
725,Target,Yes,425,None,ADHD
726,Non-Target,No,0,None,ADHD
727,Non-Target,No,0,None,ADHD
728,Target,Yes,940,None,ADHD
729,Non-Target,No,0,None,ADHD
730,Non-Target,No,0,None,ADHD
731,Non-Target,No,0,None,ADHD
732,Target,Yes,768,None,ADHD
733,Non-Target,No,0,None,ADHD
734,Target,No,0,Omission,ADHD
735,Non-Target,No,0,None,ADHD
736,Target,Yes,379,None,ADHD
737,Non-Target,No,0,None,ADHD
738,Non-Target,No,0,None,ADHD
739,Non-Target,No,0,None,ADHD
740,Non-Target,No,0,None,ADHD
741,Non-Target,No,0,None,ADHD
742,Non-Target,No,0,None,ADHD
743,Target,No,0,Omission,ADHD
744,Non-Target,No,0,None,ADHD
745,Non-Target,No,0,None,ADHD
746,Non-Target,Yes,751,Commission,ADHD
747,Target,Yes,979,None,ADHD
748,Non-Target,No,0,None,ADHD
749,Non-Target,No,0,None,ADHD
750,Non-Target,No,0,None,ADHD
751,Target,Yes,818,None,ADHD
752,Target,No,0,Omission,ADHD
753,Non-Target,No,0,None,ADHD
754,Target,Yes,567,None,ADHD
755,Target,No,0,Omission,ADHD
756,Target,Yes,807,None,ADHD
757,Non-Target,No,0,None,ADHD
758,Target,Yes,750,None,ADHD
759,Non-Target,No,0,None,ADHD
760,Non-Target,No,0,None,ADHD
761,Non-Target,No,0,None,ADHD
762,Non-Target,No,0,None,ADHD
763,Non-Target,No,0,None,ADHD
764,Target,Yes,629,None,ADHD
765,Non-Target,No,0,None,ADHD
766,Target,No,0,Omission,ADHD
767,Non-Target,No,0,None,ADHD
768,Non-Target,No,0,None,ADHD
769,Non-Target,No,0,None,ADHD
770,Target,Yes,805,None,ADHD
771,Non-Target,Yes,830,Commission,ADHD
772,Non-Target,No,0,None,ADHD
773,Non-Target,No,0,None,ADHD
774,Non-Target,No,0,None,ADHD
775,Non-Target,No,0,None,ADHD
776,Non-Target,No,0,None,ADHD
777,Non-Target,No,0,None,ADHD
778,Target,Yes,654,None,ADHD
779,Non-Target,No,0,None,ADHD
780,Target,No,0,Omission,ADHD
781,Non-Target,Yes,874,Commission,ADHD
782,Target,No,0,Omission,ADHD
783,Target,No,0,Omission,ADHD
784,Non-Target,No,0,None,ADHD
785,Non-Target,No,0,None,ADHD
786,Non-Target,Yes,692,Commission,ADHD
787,Non-Target,No,0,None,ADHD
788,Non-Target,No,0,None,ADHD
789,Non-Target,No,0,None,ADHD
790,Non-Target,Yes,780,Commission,ADHD
791,Non-Target,No,0,None,ADHD
792,Non-Target,Yes,563,Commission,ADHD
793,Non-Target,No,0,None,ADHD
794,Non-Target,No,0,None,ADHD
795,Target,No,0,Omission,ADHD
796,Non-Target,No,0,None,ADHD
797,Non-Target,Yes,889,Commission,ADHD
798,Non-Target,No,0,None,ADHD
799,Target,Yes,754,None,ADHD
800,Target,No,0,Omission,ADHD
801,Non-Target,No,0,None,ADHD
802,Non-Target,Yes,732,Commission,ADHD
803,Non-Target,No,0,None,ADHD
804,Non-Target,No,0,None,ADHD
805,Target,No,0,Omission,ADHD
806,Non-Target,No,0,None,ADHD
807,Non-Target,No,0,None,ADHD
808,Non-Target,No,0,None,ADHD
809,Target,Yes,444,None,ADHD
810,Target,Yes,624,None,ADHD
811,Non-Target,No,0,None,ADHD
812,Non-Target,Yes,805,Commission,ADHD
813,Non-Target,No,0,None,ADHD
814,Non-Target,No,0,None,ADHD
815,Non-Target,No,0,None,ADHD
816,Non-Target,No,0,None,ADHD
817,Non-Target,No,0,None,ADHD
818,Non-Target,Yes,596,Commission,ADHD
819,Non-Target,No,0,None,ADHD
820,Target,Yes,568,None,ADHD
821,Target,No,0,Omission,ADHD
822,Non-Target,No,0,None,ADHD
823,Non-Target,No,0,None,ADHD
824,Non-Target,No,0,None,ADHD
825,Non-Target,No,0,None,ADHD
826,Non-Target,No,0,None,ADHD
827,Target,Yes,780,None,ADHD
828,Non-Target,No,0,None,ADHD
829,Target,Yes,831,None,ADHD
830,Non-Target,No,0,None,ADHD
831,Non-Target,No,0,None,ADHD
832,Non-Target,No,0,None,ADHD
833,Non-Target,Yes,557,Commission,ADHD
834,Non-Target,No,0,None,ADHD
835,Non-Target,No,0,None,ADHD
836,Non-Target,No,0,None,ADHD
837,Target,Yes,483,None,ADHD
838,Non-Target,No,0,None,ADHD
839,Non-Target,No,0,None,ADHD
840,Target,Yes,730,None,ADHD
841,Non-Target,No,0,None,ADHD
842,Non-Target,No,0,None,ADHD
843,Non-Target,No,0,None,ADHD
844,Target,Yes,728,None,ADHD
845,Non-Target,No,0,None,ADHD
846,Non-Target,No,0,None,ADHD
847,Non-Target,No,0,None,ADHD
848,Target,Yes,782,None,ADHD
849,Target,Yes,721,None,ADHD
850,Non-Target,Yes,798,Commission,ADHD
851,Non-Target,No,0,None,ADHD
852,Non-Target,Yes,744,Commission,ADHD
853,Target,Yes,651,None,ADHD
854,Non-Target,Yes,648,Commission,ADHD
855,Target,Yes,824,None,ADHD
856,Target,Yes,705,None,ADHD
857,Non-Target,No,0,None,ADHD
858,Non-Target,No,0,None,ADHD
859,Non-Target,No,0,None,ADHD
860,Non-Target,No,0,None,ADHD
861,Non-Target,No,0,None,ADHD
862,Non-Target,No,0,None,ADHD
863,Non-Target,No,0,None,ADHD
864,Target,Yes,568,None,ADHD
865,Target,Yes,720,None,ADHD
866,Non-Target,No,0,None,ADHD
867,Target,Yes,594,None,ADHD
868,Non-Target,Yes,864,Commission,ADHD
869,Target,Yes,921,None,ADHD
870,Target,No,0,Omission,ADHD
871,Target,Yes,979,None,ADHD
872,Target,Yes,810,None,ADHD
873,Non-Target,No,0,None,ADHD
874,Target,Yes,615,None,ADHD
875,Target,No,0,Omission,ADHD
876,Non-Target,Yes,636,Commission,ADHD
877,Non-Target,No,0,None,ADHD
878,Target,No,0,Omission,ADHD
879,Non-Target,No,0,None,ADHD
880,Target,Yes,567,None,ADHD
881,Target,Yes,702,None,ADHD
882,Target,No,0,Omission,ADHD
883,Non-Target,No,0,None,ADHD
884,Target,Yes,702,None,ADHD
885,Target,Yes,611,None,ADHD
886,Target,Yes,851,None,ADHD
887,Non-Target,No,0,None,ADHD
888,Target,No,0,Omission,ADHD
889,Target,Yes,868,None,ADHD
890,Target,Yes,798,None,ADHD
891,Target,Yes,714,None,ADHD
892,Non-Target,No,0,None,ADHD
893,Non-Target,No,0,None,ADHD
894,Target,Yes,746,None,ADHD
895,Non-Target,No,0,None,ADHD
896,Non-Target,No,0,None,ADHD
897,Non-Target,Yes,581,Commission,ADHD
898,Non-Target,No,0,None,ADHD
899,Non-Target,Yes,756,Commission,ADHD
900,Non-Target,No,0,None,ADHD
901,Non-Target,No,0,None,ADHD
902,Target,Yes,637,None,ADHD
903,Non-Target,No,0,None,ADHD
904,Non-Target,No,0,None,ADHD
905,Non-Target,No,0,None,ADHD
906,Target,No,0,Omission,ADHD
907,Target,Yes,866,None,ADHD
908,Non-Target,No,0,None,ADHD
909,Non-Target,No,0,None,ADHD
910,Non-Target,No,0,None,ADHD
911,Non-Target,No,0,None,ADHD
912,Non-Target,No,0,None,ADHD
913,Non-Target,No,0,None,ADHD
914,Non-Target,No,0,None,ADHD
915,Non-Target,No,0,None,ADHD
916,Non-Target,No,0,None,ADHD
917,Non-Target,No,0,None,ADHD
918,Non-Target,No,0,None,ADHD
919,Non-Target,No,0,None,ADHD
920,Non-Target,No,0,None,ADHD
921,Non-Target,No,0,None,ADHD
922,Non-Target,No,0,None,ADHD
923,Target,Yes,495,None,ADHD
924,Non-Target,No,0,None,ADHD
925,Target,Yes,624,None,ADHD
926,Non-Target,No,0,None,ADHD
927,Non-Target,No,0,None,ADHD
928,Non-Target,No,0,None,ADHD
929,Non-Target,No,0,None,ADHD
930,Non-Target,No,0,None,ADHD
931,Non-Target,No,0,None,ADHD
932,Non-Target,No,0,None,ADHD
933,Non-Target,No,0,None,ADHD
934,Non-Target,No,0,None,ADHD
935,Non-Target,No,0,None,ADHD
936,Target,Yes,895,None,ADHD
937,Target,No,0,Omission,ADHD
938,Non-Target,No,0,None,ADHD
939,Target,Yes,992,None,ADHD
940,Non-Target,No,0,None,ADHD
941,Non-Target,No,0,None,ADHD
942,Non-Target,Yes,585,Commission,ADHD
943,Non-Target,Yes,549,Commission,ADHD
944,Target,Yes,804,None,ADHD
945,Non-Target,No,0,None,ADHD
946,Non-Target,Yes,743,Commission,ADHD
947,Non-Target,No,0,None,ADHD
948,Non-Target,No,0,None,ADHD
949,Non-Target,No,0,None,ADHD
950,Target,Yes,866,None,ADHD
951,Non-Target,No,0,None,ADHD
952,Non-Target,No,0,None,ADHD
953,Non-Target,No,0,None,ADHD
954,Non-Target,No,0,None,ADHD
955,Non-Target,No,0,None,ADHD
956,Non-Target,No,0,None,ADHD
957,Non-Target,No,0,None,ADHD
958,Target,Yes,631,None,ADHD
959,Non-Target,No,0,None,ADHD
960,Target,Yes,773,None,ADHD
961,Non-Target,No,0,None,ADHD
962,Non-Target,No,0,None,ADHD
963,Target,No,0,Omission,ADHD
964,Non-Target,No,0,None,ADHD
965,Non-Target,No,0,None,ADHD
966,Target,Yes,819,None,ADHD
967,Non-Target,No,0,None,ADHD
968,Non-Target,No,0,None,ADHD
969,Target,Yes,673,None,ADHD
970,Non-Target,No,0,None,ADHD
971,Target,Yes,443,None,ADHD
972,Non-Target,No,0,None,ADHD
973,Non-Target,No,0,None,ADHD
974,Non-Target,No,0,None,ADHD
975,Non-Target,No,0,None,ADHD
976,Non-Target,No,0,None,ADHD
977,Non-Target,No,0,None,ADHD
978,Non-Target,No,0,None,ADHD
979,Non-Target,Yes,656,Commission,ADHD
980,Non-Target,No,0,None,ADHD
981,Non-Target,Yes,918,Commission,ADHD
982,Target,Yes,807,None,ADHD
983,Target,Yes,788,None,ADHD
984,Non-Target,No,0,None,ADHD
985,Non-Target,No,0,None,ADHD
986,Non-Target,No,0,None,ADHD
987,Non-Target,No,0,None,ADHD
988,Non-Target,No,0,None,ADHD
989,Target,No,0,Omission,ADHD
990,Non-Target,No,0,None,ADHD
991,Non-Target,No,0,None,ADHD
992,Non-Target,No,0,None,ADHD
993,Target,No,0,Omission,ADHD
994,Target,Yes,668,None,ADHD
995,Non-Target,No,0,None,ADHD
996,Non-Target,No,0,None,ADHD
997,Non-Target,No,0,None,ADHD
998,Non-Target,No,0,None,ADHD
999,Non-Target,No,0,None,ADHD
1000,Non-Target,No,0,None,ADHD
1001,Non-Target,No,0,None,ADHD
1002,Non-Target,No,0,None,ADHD
1003,Target,Yes,611,None,ADHD
1004,Target,No,0,Omission,ADHD
1005,Non-Target,Yes,827,Commission,ADHD
1006,Non-Target,No,0,None,ADHD
1007,Non-Target,No,0,None,ADHD
1008,Non-Target,No,0,None,ADHD
1009,Target,Yes,619,None,ADHD
1010,Target,No,0,Omission,ADHD
1011,Target,Yes,834,None,ADHD
1012,Target,Yes,905,None,ADHD
1013,Target,Yes,835,None,ADHD
1014,Target,Yes,681,None,ADHD
1015,Target,Yes,919,None,ADHD
1016,Target,Yes,676,None,ADHD
1017,Non-Target,No,0,None,ADHD
1018,Non-Target,No,0,None,ADHD
1019,Target,Yes,623,None,ADHD
1020,Target,Yes,393,None,ADHD
1021,Non-Target,No,0,None,ADHD
1022,Non-Target,No,0,None,ADHD
1023,Non-Target,No,0,None,ADHD
1024,Non-Target,No,0,None,ADHD
1025,Target,Yes,651,None,ADHD
1026,Non-Target,No,0,None,ADHD
1027,Non-Target,No,0,None,ADHD
1028,Non-Target,No,0,None,ADHD
1029,Non-Target,Yes,878,Commission,ADHD
1030,Non-Target,Yes,618,Commission,ADHD
1031,Non-Target,No,0,None,ADHD
1032,Non-Target,No,0,None,ADHD
1033,Non-Target,No,0,None,ADHD
1034,Target,Yes,560,None,ADHD
1035,Non-Target,Yes,943,Commission,ADHD
1036,Target,No,0,Omission,ADHD
1037,Non-Target,No,0,None,ADHD
1038,Target,No,0,Omission,ADHD
1039,Non-Target,No,0,None,ADHD
1040,Non-Target,No,0,None,ADHD
1041,Non-Target,No,0,None,ADHD
1042,Non-Target,No,0,None,ADHD
1043,Target,No,0,Omission,ADHD
1044,Non-Target,No,0,None,ADHD
1045,Non-Target,No,0,None,ADHD
1046,Non-Target,No,0,None,ADHD
1047,Non-Target,No,0,None,ADHD
1048,Target,Yes,711,None,ADHD
1049,Non-Target,Yes,833,Commission,ADHD
1050,Target,No,0,Omission,ADHD
1051,Non-Target,No,0,None,ADHD
1052,Non-Target,No,0,None,ADHD
1053,Target,Yes,965,None,ADHD
1054,Target,No,0,Omission,ADHD
1055,Target,Yes,714,None,ADHD
1056,Non-Target,No,0,None,ADHD
1057,Non-Target,No,0,None,ADHD
1058,Target,Yes,653,None,ADHD
1059,Target,Yes,911,None,ADHD
1060,Target,Yes,712,None,ADHD
1061,Target,Yes,648,None,ADHD
1062,Target,Yes,669,None,ADHD
1063,Non-Target,No,0,None,ADHD
1064,Target,Yes,840,None,ADHD
1065,Target,No,0,Omission,ADHD
1066,Target,Yes,805,None,ADHD
1067,Non-Target,No,0,None,ADHD
1068,Non-Target,No,0,None,ADHD
1069,Non-Target,No,0,None,ADHD
1070,Non-Target,No,0,None,ADHD
1071,Target,Yes,705,None,ADHD
1072,Non-Target,No,0,None,ADHD
1073,Non-Target,No,0,None,ADHD
1074,Non-Target,No,0,None,ADHD
1075,Non-Target,No,0,None,ADHD
1076,Target,No,0,Omission,ADHD
1077,Target,Yes,825,None,ADHD
1078,Non-Target,No,0,None,ADHD
1079,Non-Target,No,0,None,ADHD
1080,Non-Target,Yes,565,Commission,ADHD
1081,Non-Target,No,0,None,ADHD
1082,Non-Target,No,0,None,ADHD
1083,Non-Target,No,0,None,ADHD
1084,Target,Yes,592,None,ADHD
1085,Non-Target,No,0,None,ADHD
1086,Non-Target,No,0,None,ADHD
1087,Target,No,0,Omission,ADHD
1088,Non-Target,No,0,None,ADHD
1089,Non-Target,No,0,None,ADHD
1090,Target,No,0,Omission,ADHD
1091,Non-Target,Yes,678,Commission,ADHD
1092,Target,No,0,Omission,ADHD
1093,Non-Target,No,0,None,ADHD
1094,Target,No,0,Omission,ADHD
1095,Non-Target,No,0,None,ADHD
1096,Non-Target,No,0,None,ADHD
1097,Target,No,0,Omission,ADHD
1098,Non-Target,No,0,None,ADHD
1099,Non-Target,No,0,None,ADHD
1100,Non-Target,No,0,None,ADHD
1101,Target,Yes,832,None,ADHD
1102,Non-Target,No,0,None,ADHD
1103,Target,Yes,703,None,ADHD
1104,Target,Yes,820,None,ADHD
1105,Target,Yes,710,None,ADHD
1106,Target,Yes,722,None,ADHD
1107,Non-Target,No,0,None,ADHD
1108,Non-Target,No,0,None,ADHD
1109,Target,No,0,Omission,ADHD
1110,Non-Target,No,0,None,ADHD
1111,Target,Yes,734,None,ADHD
1112,Non-Target,No,0,None,ADHD
1113,Non-Target,No,0,None,ADHD
1114,Target,Yes,520,None,ADHD
1115,Non-Target,No,0,None,ADHD
1116,Non-Target,No,0,None,ADHD
1117,Non-Target,No,0,None,ADHD
1118,Non-Target,No,0,None,ADHD
1119,Non-Target,No,0,None,ADHD
1120,Non-Target,No,0,None,ADHD
1121,Target,Yes,658,None,ADHD
1122,Target,Yes,1063,None,ADHD
1123,Non-Target,No,0,None,ADHD
1124,Non-Target,No,0,None,ADHD
1125,Non-Target,No,0,None,ADHD
1126,Non-Target,No,0,None,ADHD
1127,Non-Target,No,0,None,ADHD
1128,Non-Target,No,0,None,ADHD
1129,Non-Target,No,0,None,ADHD
1130,Non-Target,No,0,None,ADHD
1131,Non-Target,No,0,None,ADHD
1132,Non-Target,No,0,None,ADHD
1133,Non-Target,Yes,865,Commission,ADHD
1134,Non-Target,No,0,None,ADHD
1135,Non-Target,No,0,None,ADHD
1136,Non-Target,No,0,None,ADHD
1137,Non-Target,No,0,None,ADHD
1138,Target,Yes,555,None,ADHD
1139,Target,Yes,453,None,ADHD
1140,Target,Yes,776,None,ADHD
1141,Target,Yes,679,None,ADHD
1142,Non-Target,Yes,582,Commission,ADHD
1143,Non-Target,No,0,None,ADHD
1144,Target,Yes,671,None,ADHD
1145,Non-Target,No,0,None,ADHD
1146,Non-Target,No,0,None,ADHD
1147,Non-Target,No,0,None,ADHD
1148,Non-Target,No,0,None,ADHD
1149,Target,No,0,Omission,ADHD
1150,Non-Target,No,0,None,ADHD
1151,Non-Target,No,0,None,ADHD
1152,Non-Target,No,0,None,ADHD
1153,Target,Yes,626,None,ADHD
1154,Non-Target,No,0,None,ADHD
1155,Non-Target,No,0,None,ADHD
1156,Target,Yes,489,None,ADHD
1157,Non-Target,No,0,None,ADHD
1158,Non-Target,No,0,None,ADHD
1159,Non-Target,No,0,None,ADHD
1160,Non-Target,No,0,None,ADHD
1161,Non-Target,No,0,None,ADHD
1162,Non-Target,No,0,None,ADHD
1163,Non-Target,No,0,None,ADHD
1164,Non-Target,Yes,822,Commission,ADHD
1165,Non-Target,No,0,None,ADHD
1166,Non-Target,Yes,738,Commission,ADHD
1167,Non-Target,No,0,None,ADHD
1168,Target,Yes,1011,None,ADHD
1169,Target,Yes,487,None,ADHD
1170,Non-Target,No,0,None,ADHD
1171,Target,No,0,Omission,ADHD
1172,Non-Target,No,0,None,ADHD
1173,Non-Target,No,0,None,ADHD
1174,Non-Target,No,0,None,ADHD
1175,Non-Target,No,0,None,ADHD
1176,Non-Target,No,0,None,ADHD
1177,Non-Target,No,0,None,ADHD
1178,Target,No,0,Omission,ADHD
1179,Non-Target,Yes,918,Commission,ADHD
1180,Target,Yes,633,None,ADHD
1181,Target,No,0,Omission,ADHD
1182,Target,No,0,Omission,ADHD
1183,Non-Target,No,0,None,ADHD
1184,Non-Target,No,0,None,ADHD
1185,Non-Target,No,0,None,ADHD
1186,Non-Target,No,0,None,ADHD
1187,Non-Target,No,0,None,ADHD
1188,Non-Target,No,0,None,ADHD
1189,Target,No,0,Omission,ADHD
1190,Non-Target,No,0,None,ADHD
1191,Target,Yes,722,None,ADHD
1192,Non-Target,No,0,None,ADHD
1193,Target,Yes,575,None,ADHD
1194,Non-Target,No,0,None,ADHD
1195,Target,No,0,Omission,ADHD
1196,Non-Target,No,0,None,ADHD
1197,Non-Target,No,0,None,ADHD
1198,Non-Target,No,0,None,ADHD
1199,Non-Target,No,0,None,ADHD
1200,Non-Target,Yes,659,Commission,ADHD
