Trial,StimulusType,Reaction,ReactionTime(ms),ErrorType,Label
1,Non-Target,No,0,None,ADHD
2,Target,Yes,652,None,ADHD
3,Non-Target,No,0,None,ADHD
4,Non-Target,Yes,545,Commission,ADHD
5,Non-Target,Yes,561,Commission,ADHD
6,Non-Target,Yes,447,Commission,ADHD
7,Target,Yes,674,None,ADHD
8,Non-Target,No,0,None,ADHD
9,Non-Target,No,0,None,ADHD
10,Target,Yes,1033,None,ADHD
11,Non-Target,No,0,None,ADHD
12,Target,Yes,595,None,ADHD
13,Non-Target,No,0,None,ADHD
14,Non-Target,No,0,None,ADHD
15,Target,No,0,Omission,ADHD
16,Non-Target,Yes,769,Commission,ADHD
17,Non-Target,No,0,None,ADHD
18,Non-Target,No,0,None,ADHD
19,Non-Target,No,0,None,ADHD
20,Target,Yes,727,None,ADHD
21,Non-Target,No,0,None,ADHD
22,Target,No,0,Omission,ADHD
23,Non-Target,Yes,646,Commission,ADHD
24,Non-Target,Yes,798,Commission,ADHD
25,Target,Yes,503,None,ADHD
26,Target,No,0,Omission,ADHD
27,Non-Target,No,0,None,ADHD
28,Non-Target,No,0,None,ADHD
29,Non-Target,Yes,733,Commission,ADHD
30,Non-Target,No,0,None,ADHD
31,Target,Yes,636,None,ADHD
32,Non-Target,No,0,None,ADHD
33,Target,Yes,572,None,ADHD
34,Non-Target,No,0,None,ADHD
35,Non-Target,No,0,None,ADHD
36,Target,Yes,842,None,ADHD
37,Non-Target,No,0,None,ADHD
38,Non-Target,No,0,None,ADHD
39,Target,No,0,Omission,ADHD
40,Non-Target,No,0,None,ADHD
41,Non-Target,No,0,None,ADHD
42,Non-Target,No,0,None,ADHD
43,Non-Target,No,0,None,ADHD
44,Target,Yes,695,None,ADHD
45,Non-Target,No,0,None,ADHD
46,Target,Yes,910,None,ADHD
47,Non-Target,Yes,649,Commission,ADHD
48,Non-Target,No,0,None,ADHD
49,Non-Target,No,0,None,ADHD
50,Target,Yes,715,None,ADHD
51,Non-Target,No,0,None,ADHD
52,Non-Target,No,0,None,ADHD
53,Non-Target,No,0,None,ADHD
54,Non-Target,No,0,None,ADHD
55,Non-Target,Yes,804,Commission,ADHD
56,Non-Target,No,0,None,ADHD
57,Non-Target,Yes,748,Commission,ADHD
58,Target,Yes,931,None,ADHD
59,Non-Target,Yes,470,Commission,ADHD
60,Target,No,0,Omission,ADHD
61,Non-Target,No,0,None,ADHD
62,Target,Yes,622,None,ADHD
63,Non-Target,No,0,None,ADHD
64,Target,No,0,Omission,ADHD
65,Non-Target,Yes,875,Commission,ADHD
66,Non-Target,No,0,None,ADHD
67,Target,Yes,637,None,ADHD
68,Target,Yes,667,None,ADHD
69,Non-Target,No,0,None,ADHD
70,Target,Yes,834,None,ADHD
71,Target,Yes,548,None,ADHD
72,Non-Target,No,0,None,ADHD
73,Non-Target,No,0,None,ADHD
74,Non-Target,No,0,None,ADHD
75,Non-Target,Yes,797,Commission,ADHD
76,Non-Target,No,0,None,ADHD
77,Non-Target,No,0,None,ADHD
78,Non-Target,No,0,None,ADHD
79,Target,Yes,584,None,ADHD
80,Non-Target,No,0,None,ADHD
81,Non-Target,No,0,None,ADHD
82,Non-Target,No,0,None,ADHD
83,Target,Yes,753,None,ADHD
84,Target,Yes,834,None,ADHD
85,Non-Target,No,0,None,ADHD
86,Target,Yes,736,None,ADHD
87,Non-Target,No,0,None,ADHD
88,Non-Target,Yes,674,Commission,ADHD
89,Target,Yes,539,None,ADHD
90,Non-Target,No,0,None,ADHD
91,Non-Target,Yes,901,Commission,ADHD
92,Non-Target,No,0,None,ADHD
93,Target,Yes,507,None,ADHD
94,Target,Yes,730,None,ADHD
95,Target,Yes,651,None,ADHD
96,Non-Target,No,0,None,ADHD
97,Non-Target,No,0,None,ADHD
98,Non-Target,No,0,None,ADHD
99,Target,Yes,761,None,ADHD
100,Non-Target,No,0,None,ADHD
101,Non-Target,No,0,None,ADHD
102,Non-Target,No,0,None,ADHD
103,Non-Target,No,0,None,ADHD
104,Non-Target,No,0,None,ADHD
105,Non-Target,No,0,None,ADHD
106,Non-Target,Yes,657,Commission,ADHD
107,Target,Yes,946,None,ADHD
108,Non-Target,No,0,None,ADHD
109,Target,Yes,675,None,ADHD
110,Target,Yes,692,None,ADHD
111,Non-Target,No,0,None,ADHD
112,Target,Yes,866,None,ADHD
113,Target,No,0,Omission,ADHD
114,Non-Target,Yes,726,Commission,ADHD
115,Non-Target,No,0,None,ADHD
116,Target,Yes,750,None,ADHD
117,Non-Target,No,0,None,ADHD
118,Non-Target,No,0,None,ADHD
119,Non-Target,No,0,None,ADHD
120,Non-Target,No,0,None,ADHD
121,Non-Target,No,0,None,ADHD
122,Non-Target,No,0,None,ADHD
123,Non-Target,No,0,None,ADHD
124,Target,No,0,Omission,ADHD
125,Non-Target,Yes,519,Commission,ADHD
126,Non-Target,No,0,None,ADHD
127,Non-Target,No,0,None,ADHD
128,Target,Yes,630,None,ADHD
129,Non-Target,No,0,None,ADHD
130,Non-Target,No,0,None,ADHD
131,Target,Yes,530,None,ADHD
132,Non-Target,No,0,None,ADHD
133,Target,Yes,756,None,ADHD
134,Target,Yes,734,None,ADHD
135,Target,Yes,521,None,ADHD
136,Target,Yes,625,None,ADHD
137,Non-Target,Yes,519,Commission,ADHD
138,Non-Target,No,0,None,ADHD
139,Target,Yes,476,None,ADHD
140,Target,Yes,450,None,ADHD
141,Non-Target,No,0,None,ADHD
142,Target,Yes,525,None,ADHD
143,Non-Target,No,0,None,ADHD
144,Non-Target,No,0,None,ADHD
145,Target,Yes,704,None,ADHD
146,Non-Target,No,0,None,ADHD
147,Target,Yes,683,None,ADHD
148,Non-Target,No,0,None,ADHD
149,Non-Target,No,0,None,ADHD
150,Target,Yes,711,None,ADHD
151,Non-Target,Yes,604,Commission,ADHD
152,Non-Target,Yes,630,Commission,ADHD
153,Non-Target,No,0,None,ADHD
154,Target,Yes,807,None,ADHD
155,Target,Yes,529,None,ADHD
156,Non-Target,No,0,None,ADHD
157,Non-Target,No,0,None,ADHD
158,Non-Target,Yes,606,Commission,ADHD
159,Non-Target,Yes,680,Commission,ADHD
160,Non-Target,Yes,544,Commission,ADHD
161,Non-Target,No,0,None,ADHD
162,Non-Target,No,0,None,ADHD
163,Non-Target,No,0,None,ADHD
164,Target,No,0,Omission,ADHD
165,Non-Target,No,0,None,ADHD
166,Non-Target,No,0,None,ADHD
167,Non-Target,No,0,None,ADHD
168,Non-Target,No,0,None,ADHD
169,Non-Target,No,0,None,ADHD
170,Target,Yes,915,None,ADHD
171,Non-Target,No,0,None,ADHD
172,Non-Target,No,0,None,ADHD
173,Target,Yes,666,None,ADHD
174,Target,No,0,Omission,ADHD
175,Non-Target,No,0,None,ADHD
176,Non-Target,Yes,520,Commission,ADHD
177,Non-Target,Yes,602,Commission,ADHD
178,Non-Target,Yes,597,Commission,ADHD
179,Non-Target,No,0,None,ADHD
180,Target,Yes,533,None,ADHD
181,Non-Target,Yes,618,Commission,ADHD
182,Target,Yes,678,None,ADHD
183,Non-Target,No,0,None,ADHD
184,Non-Target,Yes,563,Commission,ADHD
185,Non-Target,No,0,None,ADHD
186,Target,Yes,543,None,ADHD
187,Non-Target,No,0,None,ADHD
188,Non-Target,No,0,None,ADHD
189,Target,No,0,Omission,ADHD
190,Non-Target,No,0,None,ADHD
191,Non-Target,No,0,None,ADHD
192,Non-Target,No,0,None,ADHD
193,Non-Target,No,0,None,ADHD
194,Non-Target,No,0,None,ADHD
195,Non-Target,No,0,None,ADHD
196,Target,Yes,746,None,ADHD
197,Non-Target,No,0,None,ADHD
198,Target,Yes,566,None,ADHD
199,Non-Target,Yes,705,Commission,ADHD
200,Non-Target,No,0,None,ADHD
201,Non-Target,No,0,None,ADHD
202,Target,Yes,664,None,ADHD
203,Target,Yes,796,None,ADHD
204,Non-Target,No,0,None,ADHD
205,Non-Target,Yes,729,Commission,ADHD
206,Non-Target,No,0,None,ADHD
207,Non-Target,No,0,None,ADHD
208,Non-Target,No,0,None,ADHD
209,Non-Target,No,0,None,ADHD
210,Target,Yes,835,None,ADHD
211,Non-Target,No,0,None,ADHD
212,Target,Yes,811,None,ADHD
213,Non-Target,No,0,None,ADHD
214,Non-Target,Yes,888,Commission,ADHD
215,Non-Target,No,0,None,ADHD
216,Non-Target,No,0,None,ADHD
217,Target,No,0,Omission,ADHD
218,Non-Target,No,0,None,ADHD
219,Non-Target,No,0,None,ADHD
220,Non-Target,No,0,None,ADHD
221,Non-Target,Yes,756,Commission,ADHD
222,Non-Target,No,0,None,ADHD
223,Target,No,0,Omission,ADHD
224,Target,Yes,454,None,ADHD
225,Non-Target,No,0,None,ADHD
226,Non-Target,No,0,None,ADHD
227,Non-Target,No,0,None,ADHD
228,Non-Target,Yes,545,Commission,ADHD
229,Target,Yes,754,None,ADHD
230,Non-Target,No,0,None,ADHD
231,Non-Target,Yes,479,Commission,ADHD
232,Target,Yes,820,None,ADHD
233,Non-Target,No,0,None,ADHD
234,Non-Target,No,0,None,ADHD
235,Non-Target,No,0,None,ADHD
236,Non-Target,No,0,None,ADHD
237,Non-Target,No,0,None,ADHD
238,Non-Target,No,0,None,ADHD
239,Target,No,0,Omission,ADHD
240,Target,No,0,Omission,ADHD
241,Non-Target,Yes,812,Commission,ADHD
242,Non-Target,No,0,None,ADHD
243,Target,Yes,697,None,ADHD
244,Non-Target,No,0,None,ADHD
245,Non-Target,No,0,None,ADHD
246,Non-Target,No,0,None,ADHD
247,Non-Target,No,0,None,ADHD
248,Non-Target,No,0,None,ADHD
249,Target,Yes,646,None,ADHD
250,Target,Yes,707,None,ADHD
251,Non-Target,No,0,None,ADHD
252,Non-Target,No,0,None,ADHD
253,Non-Target,No,0,None,ADHD
254,Non-Target,No,0,None,ADHD
255,Target,Yes,755,None,ADHD
256,Non-Target,No,0,None,ADHD
257,Non-Target,No,0,None,ADHD
258,Non-Target,No,0,None,ADHD
259,Target,No,0,Omission,ADHD
260,Non-Target,No,0,None,ADHD
261,Target,Yes,590,None,ADHD
262,Non-Target,No,0,None,ADHD
263,Non-Target,No,0,None,ADHD
264,Non-Target,No,0,None,ADHD
265,Non-Target,No,0,None,ADHD
266,Target,Yes,756,None,ADHD
267,Target,Yes,575,None,ADHD
268,Non-Target,No,0,None,ADHD
269,Non-Target,No,0,None,ADHD
270,Target,Yes,867,None,ADHD
271,Non-Target,No,0,None,ADHD
272,Target,Yes,468,None,ADHD
273,Non-Target,No,0,None,ADHD
274,Non-Target,No,0,None,ADHD
275,Non-Target,No,0,None,ADHD
276,Non-Target,Yes,763,Commission,ADHD
277,Target,Yes,777,None,ADHD
278,Non-Target,Yes,670,Commission,ADHD
279,Non-Target,No,0,None,ADHD
280,Non-Target,No,0,None,ADHD
281,Non-Target,No,0,None,ADHD
282,Non-Target,No,0,None,ADHD
283,Target,Yes,588,None,ADHD
284,Non-Target,No,0,None,ADHD
285,Non-Target,No,0,None,ADHD
286,Non-Target,No,0,None,ADHD
287,Non-Target,No,0,None,ADHD
288,Non-Target,No,0,None,ADHD
289,Non-Target,No,0,None,ADHD
290,Non-Target,No,0,None,ADHD
291,Target,No,0,Omission,ADHD
292,Non-Target,No,0,None,ADHD
293,Non-Target,No,0,None,ADHD
294,Non-Target,No,0,None,ADHD
295,Non-Target,No,0,None,ADHD
296,Non-Target,No,0,None,ADHD
297,Target,Yes,705,None,ADHD
298,Target,No,0,Omission,ADHD
299,Non-Target,No,0,None,ADHD
300,Non-Target,No,0,None,ADHD
301,Non-Target,No,0,None,ADHD
302,Non-Target,No,0,None,ADHD
303,Non-Target,No,0,None,ADHD
304,Target,Yes,751,None,ADHD
305,Non-Target,Yes,737,Commission,ADHD
306,Non-Target,No,0,None,ADHD
307,Non-Target,No,0,None,ADHD
308,Non-Target,No,0,None,ADHD
309,Non-Target,No,0,None,ADHD
310,Non-Target,No,0,None,ADHD
311,Non-Target,Yes,713,Commission,ADHD
312,Non-Target,No,0,None,ADHD
313,Target,No,0,Omission,ADHD
314,Non-Target,Yes,501,Commission,ADHD
315,Non-Target,No,0,None,ADHD
316,Target,No,0,Omission,ADHD
317,Target,Yes,815,None,ADHD
318,Non-Target,No,0,None,ADHD
319,Non-Target,Yes,764,Commission,ADHD
320,Non-Target,No,0,None,ADHD
321,Non-Target,Yes,732,Commission,ADHD
322,Non-Target,No,0,None,ADHD
323,Target,Yes,683,None,ADHD
324,Target,Yes,551,None,ADHD
325,Non-Target,No,0,None,ADHD
326,Target,No,0,Omission,ADHD
327,Non-Target,No,0,None,ADHD
328,Non-Target,No,0,None,ADHD
329,Target,Yes,713,None,ADHD
330,Target,Yes,879,None,ADHD
331,Non-Target,No,0,None,ADHD
332,Non-Target,No,0,None,ADHD
333,Non-Target,No,0,None,ADHD
334,Target,Yes,737,None,ADHD
335,Non-Target,No,0,None,ADHD
336,Target,Yes,811,None,ADHD
337,Non-Target,No,0,None,ADHD
338,Non-Target,No,0,None,ADHD
339,Target,Yes,559,None,ADHD
340,Non-Target,No,0,None,ADHD
341,Non-Target,No,0,None,ADHD
342,Non-Target,No,0,None,ADHD
343,Non-Target,Yes,531,Commission,ADHD
344,Non-Target,Yes,825,Commission,ADHD
345,Non-Target,No,0,None,ADHD
346,Non-Target,Yes,677,Commission,ADHD
347,Non-Target,No,0,None,ADHD
348,Non-Target,No,0,None,ADHD
349,Non-Target,No,0,None,ADHD
350,Non-Target,No,0,None,ADHD
351,Non-Target,No,0,None,ADHD
352,Target,Yes,749,None,ADHD
353,Target,Yes,631,None,ADHD
354,Non-Target,No,0,None,ADHD
355,Non-Target,No,0,None,ADHD
356,Target,Yes,744,None,ADHD
357,Non-Target,No,0,None,ADHD
358,Non-Target,No,0,None,ADHD
359,Non-Target,No,0,None,ADHD
360,Non-Target,No,0,None,ADHD
361,Non-Target,No,0,None,ADHD
362,Non-Target,Yes,743,Commission,ADHD
363,Non-Target,Yes,916,Commission,ADHD
364,Non-Target,No,0,None,ADHD
365,Non-Target,No,0,None,ADHD
366,Non-Target,No,0,None,ADHD
367,Non-Target,Yes,747,Commission,ADHD
368,Non-Target,No,0,None,ADHD
369,Non-Target,No,0,None,ADHD
370,Target,No,0,Omission,ADHD
371,Non-Target,Yes,540,Commission,ADHD
372,Non-Target,No,0,None,ADHD
373,Non-Target,No,0,None,ADHD
374,Non-Target,No,0,None,ADHD
375,Non-Target,No,0,None,ADHD
376,Non-Target,No,0,None,ADHD
377,Non-Target,No,0,None,ADHD
378,Non-Target,Yes,457,Commission,ADHD
379,Non-Target,No,0,None,ADHD
380,Non-Target,No,0,None,ADHD
381,Target,Yes,524,None,ADHD
382,Non-Target,No,0,None,ADHD
383,Non-Target,No,0,None,ADHD
384,Target,No,0,Omission,ADHD
385,Non-Target,No,0,None,ADHD
386,Non-Target,No,0,None,ADHD
387,Target,Yes,560,None,ADHD
388,Non-Target,No,0,None,ADHD
389,Non-Target,No,0,None,ADHD
390,Non-Target,No,0,None,ADHD
391,Non-Target,No,0,None,ADHD
392,Target,Yes,645,None,ADHD
393,Target,No,0,Omission,ADHD
394,Non-Target,Yes,698,Commission,ADHD
395,Non-Target,No,0,None,ADHD
396,Non-Target,No,0,None,ADHD
397,Non-Target,No,0,None,ADHD
398,Non-Target,No,0,None,ADHD
399,Non-Target,No,0,None,ADHD
400,Non-Target,No,0,None,ADHD
401,Non-Target,No,0,None,ADHD
402,Target,Yes,694,None,ADHD
403,Non-Target,No,0,None,ADHD
404,Non-Target,No,0,None,ADHD
405,Non-Target,No,0,None,ADHD
406,Non-Target,No,0,None,ADHD
407,Non-Target,No,0,None,ADHD
408,Non-Target,No,0,None,ADHD
409,Non-Target,No,0,None,ADHD
410,Target,Yes,509,None,ADHD
411,Target,No,0,Omission,ADHD
412,Non-Target,No,0,None,ADHD
413,Non-Target,No,0,None,ADHD
414,Non-Target,No,0,None,ADHD
415,Non-Target,No,0,None,ADHD
416,Non-Target,No,0,None,ADHD
417,Non-Target,Yes,550,Commission,ADHD
418,Non-Target,No,0,None,ADHD
419,Non-Target,No,0,None,ADHD
420,Non-Target,No,0,None,ADHD
421,Target,Yes,656,None,ADHD
422,Target,Yes,299,None,ADHD
423,Non-Target,No,0,None,ADHD
424,Non-Target,No,0,None,ADHD
425,Non-Target,Yes,402,Commission,ADHD
426,Non-Target,No,0,None,ADHD
427,Non-Target,No,0,None,ADHD
428,Non-Target,No,0,None,ADHD
429,Non-Target,No,0,None,ADHD
430,Non-Target,No,0,None,ADHD
431,Target,Yes,646,None,ADHD
432,Non-Target,No,0,None,ADHD
433,Non-Target,No,0,None,ADHD
434,Target,Yes,474,None,ADHD
435,Target,Yes,870,None,ADHD
436,Target,Yes,838,None,ADHD
437,Target,Yes,483,None,ADHD
438,Non-Target,No,0,None,ADHD
439,Target,Yes,720,None,ADHD
440,Target,Yes,746,None,ADHD
441,Non-Target,Yes,207,Commission,ADHD
442,Non-Target,No,0,None,ADHD
443,Target,Yes,693,None,ADHD
444,Non-Target,Yes,713,Commission,ADHD
445,Non-Target,No,0,None,ADHD
446,Non-Target,No,0,None,ADHD
447,Target,Yes,667,None,ADHD
448,Non-Target,No,0,None,ADHD
449,Non-Target,No,0,None,ADHD
450,Non-Target,Yes,604,Commission,ADHD
451,Target,Yes,751,None,ADHD
452,Non-Target,No,0,None,ADHD
453,Non-Target,No,0,None,ADHD
454,Target,Yes,685,None,ADHD
455,Non-Target,No,0,None,ADHD
456,Target,Yes,926,None,ADHD
457,Target,Yes,657,None,ADHD
458,Non-Target,No,0,None,ADHD
459,Non-Target,No,0,None,ADHD
460,Non-Target,Yes,632,Commission,ADHD
461,Non-Target,No,0,None,ADHD
462,Non-Target,No,0,None,ADHD
463,Non-Target,No,0,None,ADHD
464,Non-Target,No,0,None,ADHD
465,Non-Target,No,0,None,ADHD
466,Non-Target,Yes,539,Commission,ADHD
467,Non-Target,No,0,None,ADHD
468,Non-Target,Yes,635,Commission,ADHD
469,Non-Target,No,0,None,ADHD
470,Target,Yes,530,None,ADHD
471,Non-Target,No,0,None,ADHD
472,Target,Yes,798,None,ADHD
473,Non-Target,No,0,None,ADHD
474,Non-Target,No,0,None,ADHD
475,Non-Target,No,0,None,ADHD
476,Non-Target,No,0,None,ADHD
477,Non-Target,No,0,None,ADHD
478,Target,Yes,669,None,ADHD
479,Non-Target,No,0,None,ADHD
480,Non-Target,No,0,None,ADHD
481,Target,No,0,Omission,ADHD
482,Non-Target,No,0,None,ADHD
483,Non-Target,No,0,None,ADHD
484,Non-Target,Yes,630,Commission,ADHD
485,Non-Target,No,0,None,ADHD
486,Non-Target,No,0,None,ADHD
487,Non-Target,No,0,None,ADHD
488,Non-Target,No,0,None,ADHD
489,Target,Yes,699,None,ADHD
490,Non-Target,No,0,None,ADHD
491,Non-Target,No,0,None,ADHD
492,Non-Target,No,0,None,ADHD
493,Target,Yes,882,None,ADHD
494,Non-Target,Yes,643,Commission,ADHD
495,Target,Yes,673,None,ADHD
496,Target,Yes,615,None,ADHD
497,Non-Target,No,0,None,ADHD
498,Non-Target,Yes,878,Commission,ADHD
499,Non-Target,No,0,None,ADHD
500,Non-Target,No,0,None,ADHD
501,Non-Target,No,0,None,ADHD
502,Target,Yes,803,None,ADHD
503,Non-Target,No,0,None,ADHD
504,Non-Target,Yes,837,Commission,ADHD
505,Non-Target,No,0,None,ADHD
506,Non-Target,No,0,None,ADHD
507,Non-Target,No,0,None,ADHD
508,Target,Yes,702,None,ADHD
509,Non-Target,No,0,None,ADHD
510,Non-Target,No,0,None,ADHD
511,Non-Target,No,0,None,ADHD
512,Non-Target,No,0,None,ADHD
513,Target,Yes,557,None,ADHD
514,Target,Yes,838,None,ADHD
515,Target,Yes,793,None,ADHD
516,Target,Yes,848,None,ADHD
517,Non-Target,No,0,None,ADHD
518,Non-Target,No,0,None,ADHD
519,Non-Target,No,0,None,ADHD
520,Non-Target,Yes,625,Commission,ADHD
521,Non-Target,No,0,None,ADHD
522,Target,Yes,558,None,ADHD
523,Non-Target,No,0,None,ADHD
524,Non-Target,No,0,None,ADHD
525,Non-Target,No,0,None,ADHD
526,Target,Yes,538,None,ADHD
527,Non-Target,No,0,None,ADHD
528,Target,Yes,798,None,ADHD
529,Target,No,0,Omission,ADHD
530,Non-Target,Yes,880,Commission,ADHD
531,Non-Target,Yes,622,Commission,ADHD
532,Non-Target,No,0,None,ADHD
533,Non-Target,No,0,None,ADHD
534,Non-Target,No,0,None,ADHD
535,Non-Target,No,0,None,ADHD
536,Non-Target,No,0,None,ADHD
537,Non-Target,Yes,524,Commission,ADHD
538,Non-Target,Yes,698,Commission,ADHD
539,Non-Target,No,0,None,ADHD
540,Target,Yes,706,None,ADHD
541,Target,Yes,605,None,ADHD
542,Non-Target,No,0,None,ADHD
543,Target,Yes,525,None,ADHD
544,Non-Target,Yes,782,Commission,ADHD
545,Target,No,0,Omission,ADHD
546,Non-Target,No,0,None,ADHD
547,Target,Yes,467,None,ADHD
548,Non-Target,No,0,None,ADHD
549,Target,No,0,Omission,ADHD
550,Non-Target,No,0,None,ADHD
551,Target,No,0,Omission,ADHD
552,Target,No,0,Omission,ADHD
553,Target,Yes,739,None,ADHD
554,Non-Target,No,0,None,ADHD
555,Non-Target,No,0,None,ADHD
556,Non-Target,Yes,771,Commission,ADHD
557,Non-Target,No,0,None,ADHD
558,Non-Target,No,0,None,ADHD
559,Target,No,0,Omission,ADHD
560,Target,No,0,Omission,ADHD
561,Target,Yes,620,None,ADHD
562,Target,No,0,Omission,ADHD
563,Non-Target,No,0,None,ADHD
564,Non-Target,No,0,None,ADHD
565,Non-Target,Yes,647,Commission,ADHD
566,Target,Yes,720,None,ADHD
567,Non-Target,No,0,None,ADHD
568,Target,Yes,796,None,ADHD
569,Non-Target,Yes,550,Commission,ADHD
570,Non-Target,No,0,None,ADHD
571,Non-Target,No,0,None,ADHD
572,Target,No,0,Omission,ADHD
573,Target,Yes,659,None,ADHD
574,Non-Target,No,0,None,ADHD
575,Non-Target,No,0,None,ADHD
576,Non-Target,No,0,None,ADHD
577,Non-Target,No,0,None,ADHD
578,Target,Yes,766,None,ADHD
579,Target,Yes,615,None,ADHD
580,Non-Target,No,0,None,ADHD
581,Target,Yes,514,None,ADHD
582,Non-Target,No,0,None,ADHD
583,Non-Target,No,0,None,ADHD
584,Non-Target,Yes,803,Commission,ADHD
585,Non-Target,No,0,None,ADHD
586,Non-Target,No,0,None,ADHD
587,Target,Yes,618,None,ADHD
588,Non-Target,Yes,504,Commission,ADHD
589,Target,Yes,704,None,ADHD
590,Target,No,0,Omission,ADHD
591,Target,Yes,714,None,ADHD
592,Target,No,0,Omission,ADHD
593,Non-Target,No,0,None,ADHD
594,Non-Target,No,0,None,ADHD
595,Non-Target,No,0,None,ADHD
596,Non-Target,No,0,None,ADHD
597,Target,Yes,768,None,ADHD
598,Non-Target,No,0,None,ADHD
599,Target,Yes,704,None,ADHD
600,Non-Target,No,0,None,ADHD
601,Non-Target,No,0,None,ADHD
602,Target,Yes,618,None,ADHD
603,Non-Target,No,0,None,ADHD
604,Non-Target,No,0,None,ADHD
605,Non-Target,No,0,None,ADHD
606,Target,Yes,609,None,ADHD
607,Target,Yes,523,None,ADHD
608,Non-Target,Yes,746,Commission,ADHD
609,Non-Target,No,0,None,ADHD
610,Non-Target,No,0,None,ADHD
611,Target,Yes,848,None,ADHD
612,Target,No,0,Omission,ADHD
613,Target,Yes,644,None,ADHD
614,Non-Target,Yes,619,Commission,ADHD
615,Non-Target,No,0,None,ADHD
616,Target,No,0,Omission,ADHD
617,Non-Target,No,0,None,ADHD
618,Non-Target,Yes,646,Commission,ADHD
619,Target,Yes,531,None,ADHD
620,Non-Target,No,0,None,ADHD
621,Target,Yes,648,None,ADHD
622,Non-Target,No,0,None,ADHD
623,Non-Target,No,0,None,ADHD
624,Non-Target,Yes,638,Commission,ADHD
625,Non-Target,No,0,None,ADHD
626,Non-Target,No,0,None,ADHD
627,Non-Target,No,0,None,ADHD
628,Non-Target,Yes,656,Commission,ADHD
629,Target,No,0,Omission,ADHD
630,Non-Target,No,0,None,ADHD
631,Target,Yes,1164,None,ADHD
632,Non-Target,No,0,None,ADHD
633,Non-Target,No,0,None,ADHD
634,Non-Target,No,0,None,ADHD
635,Target,Yes,839,None,ADHD
636,Non-Target,No,0,None,ADHD
637,Non-Target,No,0,None,ADHD
638,Non-Target,Yes,722,Commission,ADHD
639,Non-Target,No,0,None,ADHD
640,Non-Target,No,0,None,ADHD
641,Non-Target,No,0,None,ADHD
642,Non-Target,No,0,None,ADHD
643,Non-Target,No,0,None,ADHD
644,Target,Yes,530,None,ADHD
645,Target,Yes,638,None,ADHD
646,Non-Target,No,0,None,ADHD
647,Non-Target,No,0,None,ADHD
648,Target,Yes,854,None,ADHD
649,Target,Yes,612,None,ADHD
650,Target,Yes,716,None,ADHD
651,Non-Target,Yes,671,Commission,ADHD
652,Non-Target,No,0,None,ADHD
653,Non-Target,No,0,None,ADHD
654,Non-Target,No,0,None,ADHD
655,Non-Target,No,0,None,ADHD
656,Non-Target,No,0,None,ADHD
657,Non-Target,No,0,None,ADHD
658,Non-Target,No,0,None,ADHD
659,Non-Target,No,0,None,ADHD
660,Non-Target,No,0,None,ADHD
661,Non-Target,No,0,None,ADHD
662,Non-Target,No,0,None,ADHD
663,Non-Target,No,0,None,ADHD
664,Non-Target,No,0,None,ADHD
665,Non-Target,No,0,None,ADHD
666,Non-Target,No,0,None,ADHD
667,Non-Target,No,0,None,ADHD
668,Target,No,0,Omission,ADHD
669,Non-Target,No,0,None,ADHD
670,Non-Target,No,0,None,ADHD
671,Non-Target,No,0,None,ADHD
672,Target,Yes,706,None,ADHD
673,Non-Target,No,0,None,ADHD
674,Non-Target,No,0,None,ADHD
675,Non-Target,No,0,None,ADHD
676,Non-Target,No,0,None,ADHD
677,Non-Target,Yes,690,Commission,ADHD
678,Target,Yes,548,None,ADHD
679,Non-Target,No,0,None,ADHD
680,Non-Target,No,0,None,ADHD
681,Non-Target,No,0,None,ADHD
682,Non-Target,No,0,None,ADHD
683,Non-Target,Yes,718,Commission,ADHD
684,Target,Yes,927,None,ADHD
685,Non-Target,No,0,None,ADHD
686,Target,No,0,Omission,ADHD
687,Non-Target,No,0,None,ADHD
688,Non-Target,No,0,None,ADHD
689,Non-Target,No,0,None,ADHD
690,Target,Yes,573,None,ADHD
691,Non-Target,No,0,None,ADHD
692,Target,Yes,672,None,ADHD
693,Non-Target,No,0,None,ADHD
694,Target,No,0,Omission,ADHD
695,Target,Yes,594,None,ADHD
696,Non-Target,No,0,None,ADHD
697,Non-Target,No,0,None,ADHD
698,Non-Target,No,0,None,ADHD
699,Target,Yes,759,None,ADHD
700,Non-Target,No,0,None,ADHD
701,Non-Target,No,0,None,ADHD
702,Non-Target,No,0,None,ADHD
703,Non-Target,No,0,None,ADHD
704,Non-Target,No,0,None,ADHD
705,Target,No,0,Omission,ADHD
706,Non-Target,No,0,None,ADHD
707,Target,Yes,863,None,ADHD
708,Target,Yes,701,None,ADHD
709,Target,Yes,579,None,ADHD
710,Non-Target,No,0,None,ADHD
711,Target,Yes,658,None,ADHD
712,Target,Yes,684,None,ADHD
713,Non-Target,No,0,None,ADHD
714,Target,Yes,709,None,ADHD
715,Target,Yes,631,None,ADHD
716,Non-Target,No,0,None,ADHD
717,Target,Yes,700,None,ADHD
718,Non-Target,Yes,818,Commission,ADHD
719,Non-Target,No,0,None,ADHD
720,Non-Target,Yes,830,Commission,ADHD
721,Non-Target,No,0,None,ADHD
722,Non-Target,Yes,940,Commission,ADHD
723,Non-Target,No,0,None,ADHD
724,Non-Target,Yes,504,Commission,ADHD
725,Non-Target,No,0,None,ADHD
726,Target,Yes,684,None,ADHD
727,Target,Yes,438,None,ADHD
728,Non-Target,No,0,None,ADHD
729,Non-Target,No,0,None,ADHD
730,Target,Yes,861,None,ADHD
731,Non-Target,No,0,None,ADHD
732,Non-Target,Yes,533,Commission,ADHD
733,Non-Target,Yes,585,Commission,ADHD
734,Target,Yes,727,None,ADHD
735,Non-Target,No,0,None,ADHD
736,Non-Target,No,0,None,ADHD
737,Non-Target,No,0,None,ADHD
738,Target,Yes,688,None,ADHD
739,Non-Target,No,0,None,ADHD
740,Non-Target,No,0,None,ADHD
741,Non-Target,No,0,None,ADHD
742,Non-Target,Yes,735,Commission,ADHD
743,Non-Target,No,0,None,ADHD
744,Non-Target,No,0,None,ADHD
745,Target,No,0,Omission,ADHD
746,Target,Yes,872,None,ADHD
747,Target,Yes,661,None,ADHD
748,Non-Target,No,0,None,ADHD
749,Target,Yes,709,None,ADHD
750,Non-Target,Yes,471,Commission,ADHD
751,Non-Target,No,0,None,ADHD
752,Non-Target,No,0,None,ADHD
753,Non-Target,No,0,None,ADHD
754,Target,Yes,653,None,ADHD
755,Non-Target,No,0,None,ADHD
756,Non-Target,Yes,521,Commission,ADHD
757,Non-Target,Yes,908,Commission,ADHD
758,Non-Target,No,0,None,ADHD
759,Target,Yes,761,None,ADHD
760,Target,No,0,Omission,ADHD
761,Target,No,0,Omission,ADHD
762,Target,Yes,601,None,ADHD
763,Non-Target,No,0,None,ADHD
764,Non-Target,Yes,789,Commission,ADHD
765,Non-Target,No,0,None,ADHD
766,Non-Target,No,0,None,ADHD
767,Non-Target,No,0,None,ADHD
768,Non-Target,No,0,None,ADHD
769,Non-Target,No,0,None,ADHD
770,Non-Target,No,0,None,ADHD
771,Target,Yes,324,None,ADHD
772,Non-Target,No,0,None,ADHD
773,Non-Target,No,0,None,ADHD
774,Non-Target,No,0,None,ADHD
775,Non-Target,No,0,None,ADHD
776,Non-Target,No,0,None,ADHD
777,Target,Yes,593,None,ADHD
778,Non-Target,No,0,None,ADHD
779,Non-Target,No,0,None,ADHD
780,Non-Target,No,0,None,ADHD
781,Non-Target,Yes,687,Commission,ADHD
782,Target,No,0,Omission,ADHD
783,Non-Target,Yes,755,Commission,ADHD
784,Non-Target,No,0,None,ADHD
785,Non-Target,No,0,None,ADHD
786,Non-Target,Yes,693,Commission,ADHD
787,Non-Target,No,0,None,ADHD
788,Target,Yes,738,None,ADHD
789,Target,Yes,606,None,ADHD
790,Non-Target,No,0,None,ADHD
791,Target,No,0,Omission,ADHD
792,Target,Yes,828,None,ADHD
793,Non-Target,No,0,None,ADHD
794,Non-Target,Yes,880,Commission,ADHD
795,Non-Target,No,0,None,ADHD
796,Non-Target,No,0,None,ADHD
797,Non-Target,No,0,None,ADHD
798,Non-Target,No,0,None,ADHD
799,Non-Target,No,0,None,ADHD
800,Non-Target,No,0,None,ADHD
801,Non-Target,No,0,None,ADHD
802,Non-Target,No,0,None,ADHD
803,Non-Target,No,0,None,ADHD
804,Non-Target,No,0,None,ADHD
805,Non-Target,No,0,None,ADHD
806,Non-Target,Yes,724,Commission,ADHD
807,Non-Target,No,0,None,ADHD
808,Target,Yes,737,None,ADHD
809,Non-Target,Yes,889,Commission,ADHD
810,Non-Target,No,0,None,ADHD
811,Target,Yes,640,None,ADHD
812,Non-Target,No,0,None,ADHD
813,Target,No,0,Omission,ADHD
814,Non-Target,No,0,None,ADHD
815,Target,No,0,Omission,ADHD
816,Target,No,0,Omission,ADHD
817,Target,Yes,673,None,ADHD
818,Target,Yes,552,None,ADHD
819,Target,Yes,871,None,ADHD
820,Target,Yes,682,None,ADHD
821,Non-Target,No,0,None,ADHD
822,Non-Target,Yes,846,Commission,ADHD
823,Non-Target,No,0,None,ADHD
824,Target,Yes,756,None,ADHD
825,Target,Yes,590,None,ADHD
826,Non-Target,Yes,742,Commission,ADHD
827,Target,No,0,Omission,ADHD
828,Non-Target,No,0,None,ADHD
829,Target,Yes,676,None,ADHD
830,Non-Target,Yes,872,Commission,ADHD
831,Non-Target,No,0,None,ADHD
832,Target,Yes,637,None,ADHD
833,Non-Target,No,0,None,ADHD
834,Non-Target,No,0,None,ADHD
835,Non-Target,No,0,None,ADHD
836,Non-Target,No,0,None,ADHD
837,Non-Target,No,0,None,ADHD
838,Non-Target,Yes,546,Commission,ADHD
839,Non-Target,No,0,None,ADHD
840,Non-Target,No,0,None,ADHD
841,Non-Target,No,0,None,ADHD
842,Non-Target,No,0,None,ADHD
843,Non-Target,No,0,None,ADHD
844,Non-Target,No,0,None,ADHD
845,Target,Yes,488,None,ADHD
846,Non-Target,No,0,None,ADHD
847,Target,No,0,Omission,ADHD
848,Target,Yes,788,None,ADHD
849,Non-Target,No,0,None,ADHD
850,Non-Target,No,0,None,ADHD
851,Non-Target,No,0,None,ADHD
852,Non-Target,No,0,None,ADHD
853,Target,Yes,915,None,ADHD
854,Non-Target,No,0,None,ADHD
855,Non-Target,Yes,501,Commission,ADHD
856,Target,Yes,799,None,ADHD
857,Non-Target,No,0,None,ADHD
858,Non-Target,No,0,None,ADHD
859,Non-Target,No,0,None,ADHD
860,Target,Yes,612,None,ADHD
861,Non-Target,Yes,885,Commission,ADHD
862,Non-Target,No,0,None,ADHD
863,Non-Target,No,0,None,ADHD
864,Non-Target,No,0,None,ADHD
865,Non-Target,No,0,None,ADHD
866,Non-Target,No,0,None,ADHD
867,Non-Target,No,0,None,ADHD
868,Target,Yes,633,None,ADHD
869,Non-Target,No,0,None,ADHD
870,Non-Target,No,0,None,ADHD
871,Target,Yes,728,None,ADHD
872,Target,Yes,595,None,ADHD
873,Non-Target,Yes,497,Commission,ADHD
874,Non-Target,No,0,None,ADHD
875,Non-Target,No,0,None,ADHD
876,Target,Yes,572,None,ADHD
877,Non-Target,No,0,None,ADHD
878,Target,Yes,739,None,ADHD
879,Non-Target,No,0,None,ADHD
880,Target,No,0,Omission,ADHD
881,Non-Target,No,0,None,ADHD
882,Non-Target,No,0,None,ADHD
883,Non-Target,Yes,660,Commission,ADHD
884,Non-Target,No,0,None,ADHD
885,Non-Target,No,0,None,ADHD
886,Non-Target,No,0,None,ADHD
887,Non-Target,No,0,None,ADHD
888,Non-Target,Yes,588,Commission,ADHD
889,Non-Target,No,0,None,ADHD
890,Non-Target,No,0,None,ADHD
891,Non-Target,No,0,None,ADHD
892,Non-Target,Yes,605,Commission,ADHD
893,Non-Target,No,0,None,ADHD
894,Non-Target,No,0,None,ADHD
895,Non-Target,Yes,763,Commission,ADHD
896,Target,Yes,611,None,ADHD
897,Non-Target,No,0,None,ADHD
898,Non-Target,No,0,None,ADHD
899,Non-Target,No,0,None,ADHD
900,Non-Target,No,0,None,ADHD
901,Non-Target,No,0,None,ADHD
902,Target,Yes,850,None,ADHD
903,Non-Target,No,0,None,ADHD
904,Non-Target,No,0,None,ADHD
905,Target,No,0,Omission,ADHD
906,Non-Target,No,0,None,ADHD
907,Non-Target,No,0,None,ADHD
908,Non-Target,No,0,None,ADHD
909,Non-Target,No,0,None,ADHD
910,Non-Target,No,0,None,ADHD
911,Non-Target,No,0,None,ADHD
912,Target,No,0,Omission,ADHD
913,Non-Target,No,0,None,ADHD
914,Non-Target,No,0,None,ADHD
915,Target,Yes,584,None,ADHD
916,Non-Target,No,0,None,ADHD
917,Non-Target,No,0,None,ADHD
918,Non-Target,No,0,None,ADHD
919,Non-Target,No,0,None,ADHD
920,Target,No,0,Omission,ADHD
921,Target,Yes,710,None,ADHD
922,Non-Target,Yes,731,Commission,ADHD
923,Non-Target,No,0,None,ADHD
924,Target,Yes,609,None,ADHD
925,Target,No,0,Omission,ADHD
926,Non-Target,No,0,None,ADHD
927,Non-Target,No,0,None,ADHD
928,Target,Yes,663,None,ADHD
929,Non-Target,No,0,None,ADHD
930,Target,Yes,784,None,ADHD
931,Target,Yes,591,None,ADHD
932,Non-Target,No,0,None,ADHD
933,Target,Yes,743,None,ADHD
934,Non-Target,No,0,None,ADHD
935,Non-Target,No,0,None,ADHD
936,Non-Target,Yes,760,Commission,ADHD
937,Non-Target,No,0,None,ADHD
938,Non-Target,No,0,None,ADHD
939,Non-Target,No,0,None,ADHD
940,Non-Target,No,0,None,ADHD
941,Non-Target,No,0,None,ADHD
942,Non-Target,Yes,640,Commission,ADHD
943,Target,Yes,638,None,ADHD
944,Target,No,0,Omission,ADHD
945,Non-Target,Yes,737,Commission,ADHD
946,Non-Target,No,0,None,ADHD
947,Target,Yes,479,None,ADHD
948,Non-Target,Yes,885,Commission,ADHD
949,Non-Target,Yes,641,Commission,ADHD
950,Non-Target,Yes,488,Commission,ADHD
951,Non-Target,No,0,None,ADHD
952,Non-Target,No,0,None,ADHD
953,Non-Target,No,0,None,ADHD
954,Target,Yes,784,None,ADHD
955,Non-Target,No,0,None,ADHD
956,Non-Target,No,0,None,ADHD
957,Target,Yes,545,None,ADHD
958,Non-Target,No,0,None,ADHD
959,Target,Yes,744,None,ADHD
960,Non-Target,No,0,None,ADHD
961,Non-Target,No,0,None,ADHD
962,Non-Target,No,0,None,ADHD
963,Target,Yes,547,None,ADHD
964,Non-Target,No,0,None,ADHD
965,Target,Yes,593,None,ADHD
966,Non-Target,No,0,None,ADHD
967,Non-Target,No,0,None,ADHD
968,Non-Target,No,0,None,ADHD
969,Non-Target,No,0,None,ADHD
970,Non-Target,No,0,None,ADHD
971,Non-Target,No,0,None,ADHD
972,Non-Target,No,0,None,ADHD
973,Non-Target,Yes,689,Commission,ADHD
974,Non-Target,No,0,None,ADHD
975,Non-Target,No,0,None,ADHD
976,Non-Target,No,0,None,ADHD
977,Target,No,0,Omission,ADHD
978,Non-Target,No,0,None,ADHD
979,Non-Target,No,0,None,ADHD
980,Non-Target,No,0,None,ADHD
981,Target,Yes,719,None,ADHD
982,Target,Yes,639,None,ADHD
983,Non-Target,No,0,None,ADHD
984,Non-Target,No,0,None,ADHD
985,Non-Target,No,0,None,ADHD
986,Target,Yes,613,None,ADHD
987,Non-Target,No,0,None,ADHD
988,Target,Yes,577,None,ADHD
989,Non-Target,No,0,None,ADHD
990,Non-Target,No,0,None,ADHD
991,Non-Target,No,0,None,ADHD
992,Non-Target,Yes,774,Commission,ADHD
993,Non-Target,No,0,None,ADHD
994,Non-Target,No,0,None,ADHD
995,Non-Target,Yes,476,Commission,ADHD
996,Non-Target,No,0,None,ADHD
997,Non-Target,No,0,None,ADHD
998,Target,Yes,516,None,ADHD
999,Non-Target,No,0,None,ADHD
1000,Target,Yes,559,None,ADHD
1001,Target,Yes,534,None,ADHD
1002,Target,Yes,479,None,ADHD
1003,Target,No,0,Omission,ADHD
1004,Non-Target,No,0,None,ADHD
1005,Non-Target,No,0,None,ADHD
1006,Target,No,0,Omission,ADHD
1007,Non-Target,No,0,None,ADHD
1008,Non-Target,No,0,None,ADHD
1009,Non-Target,No,0,None,ADHD
1010,Target,Yes,694,None,ADHD
1011,Non-Target,No,0,None,ADHD
1012,Non-Target,No,0,None,ADHD
1013,Non-Target,No,0,None,ADHD
1014,Non-Target,Yes,706,Commission,ADHD
1015,Target,Yes,771,None,ADHD
1016,Non-Target,No,0,None,ADHD
1017,Non-Target,No,0,None,ADHD
1018,Non-Target,No,0,None,ADHD
1019,Non-Target,No,0,None,ADHD
1020,Target,No,0,Omission,ADHD
1021,Non-Target,No,0,None,ADHD
1022,Non-Target,Yes,507,Commission,ADHD
1023,Non-Target,No,0,None,ADHD
1024,Non-Target,No,0,None,ADHD
1025,Non-Target,No,0,None,ADHD
1026,Non-Target,Yes,591,Commission,ADHD
1027,Target,Yes,796,None,ADHD
1028,Non-Target,No,0,None,ADHD
1029,Target,Yes,527,None,ADHD
1030,Non-Target,No,0,None,ADHD
1031,Non-Target,No,0,None,ADHD
1032,Target,No,0,Omission,ADHD
1033,Target,Yes,611,None,ADHD
1034,Non-Target,No,0,None,ADHD
1035,Non-Target,No,0,None,ADHD
1036,Target,Yes,647,None,ADHD
1037,Target,Yes,840,None,ADHD
1038,Non-Target,No,0,None,ADHD
1039,Non-Target,No,0,None,ADHD
1040,Non-Target,No,0,None,ADHD
1041,Non-Target,No,0,None,ADHD
1042,Non-Target,No,0,None,ADHD
1043,Non-Target,No,0,None,ADHD
1044,Target,No,0,Omission,ADHD
1045,Non-Target,No,0,None,ADHD
1046,Non-Target,No,0,None,ADHD
1047,Non-Target,No,0,None,ADHD
1048,Non-Target,No,0,None,ADHD
1049,Non-Target,Yes,672,Commission,ADHD
1050,Non-Target,No,0,None,ADHD
1051,Non-Target,No,0,None,ADHD
1052,Non-Target,No,0,None,ADHD
1053,Target,No,0,Omission,ADHD
1054,Non-Target,No,0,None,ADHD
1055,Non-Target,No,0,None,ADHD
1056,Target,Yes,600,None,ADHD
1057,Non-Target,No,0,None,ADHD
1058,Target,Yes,709,None,ADHD
1059,Non-Target,No,0,None,ADHD
1060,Non-Target,No,0,None,ADHD
1061,Non-Target,No,0,None,ADHD
1062,Target,Yes,537,None,ADHD
1063,Target,Yes,696,None,ADHD
1064,Non-Target,No,0,None,ADHD
1065,Non-Target,No,0,None,ADHD
1066,Non-Target,No,0,None,ADHD
1067,Non-Target,No,0,None,ADHD
1068,Non-Target,No,0,None,ADHD
1069,Non-Target,No,0,None,ADHD
1070,Non-Target,No,0,None,ADHD
1071,Non-Target,No,0,None,ADHD
1072,Non-Target,No,0,None,ADHD
1073,Non-Target,No,0,None,ADHD
1074,Non-Target,No,0,None,ADHD
1075,Non-Target,No,0,None,ADHD
1076,Non-Target,No,0,None,ADHD
1077,Non-Target,No,0,None,ADHD
1078,Non-Target,No,0,None,ADHD
1079,Target,Yes,653,None,ADHD
1080,Target,No,0,Omission,ADHD
1081,Target,No,0,Omission,ADHD
1082,Target,Yes,662,None,ADHD
1083,Target,Yes,678,None,ADHD
1084,Target,No,0,Omission,ADHD
1085,Non-Target,No,0,None,ADHD
1086,Non-Target,No,0,None,ADHD
1087,Target,Yes,579,None,ADHD
1088,Non-Target,No,0,None,ADHD
1089,Non-Target,No,0,None,ADHD
1090,Non-Target,No,0,None,ADHD
1091,Non-Target,No,0,None,ADHD
1092,Non-Target,No,0,None,ADHD
1093,Target,Yes,652,None,ADHD
1094,Non-Target,No,0,None,ADHD
1095,Non-Target,Yes,642,Commission,ADHD
1096,Non-Target,No,0,None,ADHD
1097,Non-Target,No,0,None,ADHD
1098,Non-Target,No,0,None,ADHD
1099,Non-Target,No,0,None,ADHD
1100,Non-Target,Yes,618,Commission,ADHD
1101,Non-Target,Yes,819,Commission,ADHD
1102,Non-Target,No,0,None,ADHD
1103,Target,Yes,632,None,ADHD
1104,Non-Target,No,0,None,ADHD
1105,Non-Target,No,0,None,ADHD
1106,Non-Target,No,0,None,ADHD
1107,Non-Target,Yes,681,Commission,ADHD
1108,Non-Target,No,0,None,ADHD
1109,Non-Target,No,0,None,ADHD
1110,Non-Target,No,0,None,ADHD
1111,Non-Target,No,0,None,ADHD
1112,Non-Target,No,0,None,ADHD
1113,Non-Target,No,0,None,ADHD
1114,Non-Target,No,0,None,ADHD
1115,Non-Target,Yes,464,Commission,ADHD
1116,Target,Yes,453,None,ADHD
1117,Target,Yes,848,None,ADHD
1118,Non-Target,No,0,None,ADHD
1119,Non-Target,No,0,None,ADHD
1120,Non-Target,No,0,None,ADHD
1121,Target,Yes,548,None,ADHD
1122,Target,Yes,643,None,ADHD
1123,Non-Target,No,0,None,ADHD
1124,Target,No,0,Omission,ADHD
1125,Target,Yes,558,None,ADHD
1126,Non-Target,No,0,None,ADHD
1127,Non-Target,No,0,None,ADHD
1128,Non-Target,Yes,604,Commission,ADHD
1129,Non-Target,No,0,None,ADHD
1130,Non-Target,No,0,None,ADHD
1131,Non-Target,No,0,None,ADHD
1132,Non-Target,No,0,None,ADHD
1133,Non-Target,No,0,None,ADHD
1134,Target,Yes,735,None,ADHD
1135,Target,Yes,693,None,ADHD
1136,Target,Yes,491,None,ADHD
1137,Non-Target,No,0,None,ADHD
1138,Non-Target,No,0,None,ADHD
1139,Non-Target,No,0,None,ADHD
1140,Target,No,0,Omission,ADHD
1141,Non-Target,No,0,None,ADHD
1142,Non-Target,Yes,687,Commission,ADHD
1143,Non-Target,No,0,None,ADHD
1144,Target,Yes,538,None,ADHD
1145,Target,Yes,892,None,ADHD
1146,Non-Target,No,0,None,ADHD
1147,Target,No,0,Omission,ADHD
1148,Target,No,0,Omission,ADHD
1149,Target,No,0,Omission,ADHD
1150,Target,Yes,608,None,ADHD
1151,Non-Target,No,0,None,ADHD
1152,Target,Yes,712,None,ADHD
1153,Non-Target,No,0,None,ADHD
1154,Non-Target,No,0,None,ADHD
1155,Target,Yes,725,None,ADHD
1156,Non-Target,No,0,None,ADHD
1157,Non-Target,No,0,None,ADHD
1158,Target,No,0,Omission,ADHD
1159,Non-Target,Yes,578,Commission,ADHD
1160,Non-Target,No,0,None,ADHD
1161,Non-Target,No,0,None,ADHD
1162,Non-Target,No,0,None,ADHD
1163,Non-Target,Yes,318,Commission,ADHD
1164,Non-Target,No,0,None,ADHD
1165,Target,Yes,828,None,ADHD
1166,Target,Yes,654,None,ADHD
1167,Non-Target,No,0,None,ADHD
1168,Non-Target,No,0,None,ADHD
1169,Non-Target,Yes,715,Commission,ADHD
1170,Non-Target,No,0,None,ADHD
1171,Target,Yes,527,None,ADHD
1172,Target,Yes,784,None,ADHD
1173,Non-Target,No,0,None,ADHD
1174,Non-Target,No,0,None,ADHD
1175,Non-Target,No,0,None,ADHD
1176,Non-Target,No,0,None,ADHD
1177,Non-Target,No,0,None,ADHD
1178,Non-Target,No,0,None,ADHD
1179,Non-Target,No,0,None,ADHD
1180,Target,Yes,812,None,ADHD
1181,Non-Target,No,0,None,ADHD
1182,Non-Target,Yes,830,Commission,ADHD
1183,Non-Target,No,0,None,ADHD
1184,Non-Target,No,0,None,ADHD
1185,Non-Target,No,0,None,ADHD
1186,Target,No,0,Omission,ADHD
1187,Non-Target,No,0,None,ADHD
1188,Non-Target,No,0,None,ADHD
1189,Non-Target,No,0,None,ADHD
1190,Non-Target,No,0,None,ADHD
1191,Non-Target,No,0,None,ADHD
1192,Non-Target,No,0,None,ADHD
1193,Non-Target,Yes,489,Commission,ADHD
1194,Non-Target,No,0,None,ADHD
1195,Non-Target,Yes,646,Commission,ADHD
1196,Non-Target,Yes,567,Commission,ADHD
1197,Non-Target,No,0,None,ADHD
1198,Non-Target,No,0,None,ADHD
1199,Non-Target,No,0,None,ADHD
1200,Non-Target,No,0,None,ADHD
