Trial,StimulusType,Reaction,ReactionTime(ms),ErrorType,Label
1,Non-Target,No,0,None,ADHD
2,Target,No,0,Omission,ADHD
3,Target,Yes,504,None,ADHD
4,Non-Target,No,0,None,ADHD
5,Non-Target,No,0,None,ADHD
6,Non-Target,No,0,None,ADHD
7,Non-Target,No,0,None,ADHD
8,Non-Target,No,0,None,ADHD
9,Target,Yes,723,None,ADHD
10,Non-Target,No,0,None,ADHD
11,Non-Target,No,0,None,ADHD
12,Target,Yes,563,None,ADHD
13,Non-Target,No,0,None,ADHD
14,Non-Target,No,0,None,ADHD
15,Non-Target,No,0,None,ADHD
16,Non-Target,No,0,None,ADHD
17,Non-Target,No,0,None,ADHD
18,Non-Target,No,0,None,ADHD
19,Non-Target,No,0,None,ADHD
20,Non-Target,No,0,None,ADHD
21,Target,Yes,491,None,ADHD
22,Target,No,0,Omission,ADHD
23,Non-Target,No,0,None,ADHD
24,Non-Target,No,0,None,ADHD
25,Target,Yes,380,None,ADHD
26,Non-Target,No,0,None,ADHD
27,Non-Target,No,0,None,ADHD
28,Non-Target,No,0,None,ADHD
29,Target,Yes,597,None,ADHD
30,Non-Target,No,0,None,ADHD
31,Target,No,0,Omission,ADHD
32,Non-Target,No,0,None,ADHD
33,Target,No,0,Omission,ADHD
34,Non-Target,No,0,None,ADHD
35,Non-Target,No,0,None,ADHD
36,Target,Yes,557,None,ADHD
37,Target,No,0,Omission,ADHD
38,Non-Target,No,0,None,ADHD
39,Target,Yes,748,None,ADHD
40,Target,No,0,Omission,ADHD
41,Target,Yes,605,None,ADHD
42,Non-Target,No,0,None,ADHD
43,Non-Target,No,0,None,ADHD
44,Non-Target,Yes,528,Commission,ADHD
45,Non-Target,No,0,None,ADHD
46,Target,Yes,376,None,ADHD
47,Non-Target,Yes,688,Commission,ADHD
48,Non-Target,No,0,None,ADHD
49,Non-Target,No,0,None,ADHD
50,Non-Target,No,0,None,ADHD
51,Target,No,0,Omission,ADHD
52,Non-Target,No,0,None,ADHD
53,Target,Yes,868,None,ADHD
54,Non-Target,No,0,None,ADHD
55,Non-Target,Yes,435,Commission,ADHD
56,Non-Target,Yes,415,Commission,ADHD
57,Non-Target,No,0,None,ADHD
58,Non-Target,No,0,None,ADHD
59,Non-Target,No,0,None,ADHD
60,Non-Target,No,0,None,ADHD
61,Non-Target,No,0,None,ADHD
62,Non-Target,No,0,None,ADHD
63,Target,Yes,565,None,ADHD
64,Non-Target,No,0,None,ADHD
65,Non-Target,Yes,870,Commission,ADHD
66,Target,Yes,778,None,ADHD
67,Target,Yes,573,None,ADHD
68,Target,No,0,Omission,ADHD
69,Non-Target,No,0,None,ADHD
70,Target,No,0,Omission,ADHD
71,Non-Target,No,0,None,ADHD
72,Target,Yes,471,None,ADHD
73,Target,Yes,601,None,ADHD
74,Target,Yes,744,None,ADHD
75,Target,Yes,650,None,ADHD
76,Target,Yes,653,None,ADHD
77,Non-Target,No,0,None,ADHD
78,Non-Target,No,0,None,ADHD
79,Non-Target,No,0,None,ADHD
80,Non-Target,No,0,None,ADHD
81,Non-Target,No,0,None,ADHD
82,Target,Yes,778,None,ADHD
83,Target,Yes,399,None,ADHD
84,Non-Target,No,0,None,ADHD
85,Non-Target,No,0,None,ADHD
86,Non-Target,No,0,None,ADHD
87,Non-Target,Yes,862,Commission,ADHD
88,Non-Target,No,0,None,ADHD
89,Non-Target,No,0,None,ADHD
90,Non-Target,No,0,None,ADHD
91,Target,Yes,423,None,ADHD
92,Non-Target,No,0,None,ADHD
93,Target,No,0,Omission,ADHD
94,Target,Yes,634,None,ADHD
95,Non-Target,No,0,None,ADHD
96,Non-Target,No,0,None,ADHD
97,Target,Yes,809,None,ADHD
98,Non-Target,Yes,658,Commission,ADHD
99,Non-Target,Yes,641,Commission,ADHD
100,Target,Yes,544,None,ADHD
101,Non-Target,No,0,None,ADHD
102,Non-Target,No,0,None,ADHD
103,Non-Target,No,0,None,ADHD
104,Target,Yes,639,None,ADHD
105,Non-Target,No,0,None,ADHD
106,Non-Target,No,0,None,ADHD
107,Non-Target,Yes,736,Commission,ADHD
108,Non-Target,No,0,None,ADHD
109,Non-Target,No,0,None,ADHD
110,Non-Target,Yes,599,Commission,ADHD
111,Non-Target,No,0,None,ADHD
112,Non-Target,Yes,783,Commission,ADHD
113,Non-Target,No,0,None,ADHD
114,Non-Target,No,0,None,ADHD
115,Non-Target,No,0,None,ADHD
116,Non-Target,Yes,515,Commission,ADHD
117,Non-Target,No,0,None,ADHD
118,Target,No,0,Omission,ADHD
119,Non-Target,No,0,None,ADHD
120,Non-Target,No,0,None,ADHD
121,Target,Yes,622,None,ADHD
122,Target,Yes,556,None,ADHD
123,Target,No,0,Omission,ADHD
124,Non-Target,Yes,673,Commission,ADHD
125,Non-Target,No,0,None,ADHD
126,Non-Target,No,0,None,ADHD
127,Target,No,0,Omission,ADHD
128,Non-Target,No,0,None,ADHD
129,Target,Yes,435,None,ADHD
130,Target,No,0,Omission,ADHD
131,Non-Target,No,0,None,ADHD
132,Non-Target,Yes,396,Commission,ADHD
133,Non-Target,No,0,None,ADHD
134,Non-Target,No,0,None,ADHD
135,Non-Target,Yes,475,Commission,ADHD
136,Non-Target,Yes,656,Commission,ADHD
137,Target,No,0,Omission,ADHD
138,Non-Target,No,0,None,ADHD
139,Non-Target,No,0,None,ADHD
140,Non-Target,No,0,None,ADHD
141,Non-Target,No,0,None,ADHD
142,Non-Target,No,0,None,ADHD
143,Non-Target,Yes,643,Commission,ADHD
144,Non-Target,No,0,None,ADHD
145,Target,Yes,337,None,ADHD
146,Non-Target,No,0,None,ADHD
147,Non-Target,Yes,405,Commission,ADHD
148,Non-Target,Yes,738,Commission,ADHD
149,Non-Target,Yes,651,Commission,ADHD
150,Non-Target,No,0,None,ADHD
151,Non-Target,No,0,None,ADHD
152,Non-Target,Yes,746,Commission,ADHD
153,Non-Target,No,0,None,ADHD
154,Non-Target,No,0,None,ADHD
155,Target,No,0,Omission,ADHD
156,Non-Target,No,0,None,ADHD
157,Non-Target,No,0,None,ADHD
158,Non-Target,No,0,None,ADHD
159,Target,No,0,Omission,ADHD
160,Non-Target,No,0,None,ADHD
161,Non-Target,No,0,None,ADHD
162,Target,Yes,446,None,ADHD
163,Non-Target,No,0,None,ADHD
164,Target,No,0,Omission,ADHD
165,Target,Yes,444,None,ADHD
166,Non-Target,Yes,562,Commission,ADHD
167,Non-Target,No,0,None,ADHD
168,Target,Yes,555,None,ADHD
169,Target,Yes,349,None,ADHD
170,Non-Target,No,0,None,ADHD
171,Non-Target,No,0,None,ADHD
172,Non-Target,No,0,None,ADHD
173,Non-Target,No,0,None,ADHD
174,Non-Target,No,0,None,ADHD
175,Non-Target,No,0,None,ADHD
176,Target,Yes,504,None,ADHD
177,Target,Yes,536,None,ADHD
178,Non-Target,No,0,None,ADHD
179,Non-Target,Yes,503,Commission,ADHD
180,Non-Target,No,0,None,ADHD
181,Non-Target,No,0,None,ADHD
182,Non-Target,No,0,None,ADHD
183,Non-Target,No,0,None,ADHD
184,Non-Target,No,0,None,ADHD
185,Non-Target,No,0,None,ADHD
186,Target,Yes,643,None,ADHD
187,Target,No,0,Omission,ADHD
188,Non-Target,No,0,None,ADHD
189,Non-Target,No,0,None,ADHD
190,Non-Target,No,0,None,ADHD
191,Non-Target,No,0,None,ADHD
192,Non-Target,Yes,669,Commission,ADHD
193,Non-Target,No,0,None,ADHD
194,Target,Yes,596,None,ADHD
195,Non-Target,No,0,None,ADHD
196,Target,Yes,535,None,ADHD
197,Non-Target,No,0,None,ADHD
198,Non-Target,No,0,None,ADHD
199,Target,Yes,717,None,ADHD
200,Non-Target,No,0,None,ADHD
201,Target,Yes,696,None,ADHD
202,Target,Yes,623,None,ADHD
203,Non-Target,No,0,None,ADHD
204,Target,Yes,555,None,ADHD
205,Non-Target,Yes,642,Commission,ADHD
206,Non-Target,No,0,None,ADHD
207,Non-Target,No,0,None,ADHD
208,Target,Yes,466,None,ADHD
209,Non-Target,No,0,None,ADHD
210,Non-Target,Yes,718,Commission,ADHD
211,Target,No,0,Omission,ADHD
212,Target,Yes,592,None,ADHD
213,Non-Target,No,0,None,ADHD
214,Non-Target,No,0,None,ADHD
215,Non-Target,No,0,None,ADHD
216,Non-Target,No,0,None,ADHD
217,Non-Target,No,0,None,ADHD
218,Non-Target,No,0,None,ADHD
219,Non-Target,No,0,None,ADHD
220,Target,Yes,495,None,ADHD
221,Target,Yes,590,None,ADHD
222,Non-Target,No,0,None,ADHD
223,Target,Yes,676,None,ADHD
224,Non-Target,No,0,None,ADHD
225,Non-Target,No,0,None,ADHD
226,Target,No,0,Omission,ADHD
227,Target,Yes,441,None,ADHD
228,Target,Yes,480,None,ADHD
229,Non-Target,No,0,None,ADHD
230,Non-Target,No,0,None,ADHD
231,Non-Target,No,0,None,ADHD
232,Non-Target,No,0,None,ADHD
233,Non-Target,No,0,None,ADHD
234,Target,Yes,606,None,ADHD
235,Target,Yes,513,None,ADHD
236,Non-Target,No,0,None,ADHD
237,Non-Target,No,0,None,ADHD
238,Non-Target,Yes,540,Commission,ADHD
239,Target,No,0,Omission,ADHD
240,Non-Target,No,0,None,ADHD
241,Non-Target,No,0,None,ADHD
242,Non-Target,No,0,None,ADHD
243,Non-Target,No,0,None,ADHD
244,Target,Yes,694,None,ADHD
245,Non-Target,No,0,None,ADHD
246,Non-Target,No,0,None,ADHD
247,Non-Target,No,0,None,ADHD
248,Target,Yes,490,None,ADHD
249,Non-Target,No,0,None,ADHD
250,Non-Target,No,0,None,ADHD
251,Target,Yes,701,None,ADHD
252,Non-Target,No,0,None,ADHD
253,Target,Yes,511,None,ADHD
254,Non-Target,No,0,None,ADHD
255,Non-Target,No,0,None,ADHD
256,Target,No,0,Omission,ADHD
257,Non-Target,No,0,None,ADHD
258,Non-Target,No,0,None,ADHD
259,Target,Yes,377,None,ADHD
260,Non-Target,Yes,590,Commission,ADHD
261,Target,Yes,797,None,ADHD
262,Target,Yes,645,None,ADHD
263,Non-Target,No,0,None,ADHD
264,Non-Target,No,0,None,ADHD
265,Target,Yes,703,None,ADHD
266,Non-Target,No,0,None,ADHD
267,Non-Target,No,0,None,ADHD
268,Non-Target,No,0,None,ADHD
269,Non-Target,Yes,745,Commission,ADHD
270,Non-Target,No,0,None,ADHD
271,Non-Target,No,0,None,ADHD
272,Non-Target,No,0,None,ADHD
273,Non-Target,No,0,None,ADHD
274,Non-Target,No,0,None,ADHD
275,Non-Target,No,0,None,ADHD
276,Non-Target,No,0,None,ADHD
277,Non-Target,No,0,None,ADHD
278,Non-Target,No,0,None,ADHD
279,Non-Target,No,0,None,ADHD
280,Non-Target,No,0,None,ADHD
281,Target,Yes,442,None,ADHD
282,Target,Yes,622,None,ADHD
283,Target,Yes,595,None,ADHD
284,Target,No,0,Omission,ADHD
285,Target,No,0,Omission,ADHD
286,Target,Yes,623,None,ADHD
287,Target,No,0,Omission,ADHD
288,Non-Target,No,0,None,ADHD
289,Target,Yes,461,None,ADHD
290,Non-Target,No,0,None,ADHD
291,Non-Target,No,0,None,ADHD
292,Non-Target,No,0,None,ADHD
293,Target,No,0,Omission,ADHD
294,Non-Target,No,0,None,ADHD
295,Non-Target,Yes,461,Commission,ADHD
296,Non-Target,Yes,434,Commission,ADHD
297,Non-Target,No,0,None,ADHD
298,Target,Yes,609,None,ADHD
299,Non-Target,No,0,None,ADHD
300,Target,Yes,691,None,ADHD
301,Non-Target,No,0,None,ADHD
302,Non-Target,Yes,706,Commission,ADHD
303,Target,No,0,Omission,ADHD
304,Non-Target,No,0,None,ADHD
305,Non-Target,No,0,None,ADHD
306,Target,Yes,789,None,ADHD
307,Target,Yes,590,None,ADHD
308,Non-Target,Yes,820,Commission,ADHD
309,Non-Target,No,0,None,ADHD
310,Target,Yes,543,None,ADHD
311,Target,Yes,856,None,ADHD
312,Non-Target,No,0,None,ADHD
313,Non-Target,No,0,None,ADHD
314,Non-Target,No,0,None,ADHD
315,Non-Target,Yes,541,Commission,ADHD
316,Target,Yes,420,None,ADHD
317,Non-Target,No,0,None,ADHD
318,Non-Target,No,0,None,ADHD
319,Non-Target,No,0,None,ADHD
320,Non-Target,No,0,None,ADHD
321,Non-Target,Yes,584,Commission,ADHD
322,Target,Yes,398,None,ADHD
323,Non-Target,No,0,None,ADHD
324,Non-Target,No,0,None,ADHD
325,Target,Yes,550,None,ADHD
326,Non-Target,Yes,680,Commission,ADHD
327,Non-Target,Yes,474,Commission,ADHD
328,Target,Yes,706,None,ADHD
329,Non-Target,No,0,None,ADHD
330,Non-Target,No,0,None,ADHD
331,Non-Target,No,0,None,ADHD
332,Non-Target,Yes,710,Commission,ADHD
333,Non-Target,No,0,None,ADHD
334,Non-Target,No,0,None,ADHD
335,Non-Target,Yes,755,Commission,ADHD
336,Non-Target,No,0,None,ADHD
337,Non-Target,No,0,None,ADHD
338,Non-Target,No,0,None,ADHD
339,Non-Target,No,0,None,ADHD
340,Non-Target,No,0,None,ADHD
341,Non-Target,No,0,None,ADHD
342,Non-Target,Yes,550,Commission,ADHD
343,Non-Target,Yes,540,Commission,ADHD
344,Non-Target,No,0,None,ADHD
345,Non-Target,No,0,None,ADHD
346,Non-Target,No,0,None,ADHD
347,Non-Target,No,0,None,ADHD
348,Non-Target,No,0,None,ADHD
349,Target,No,0,Omission,ADHD
350,Non-Target,No,0,None,ADHD
351,Non-Target,No,0,None,ADHD
352,Non-Target,No,0,None,ADHD
353,Non-Target,No,0,None,ADHD
354,Non-Target,No,0,None,ADHD
355,Non-Target,No,0,None,ADHD
356,Target,No,0,Omission,ADHD
357,Non-Target,No,0,None,ADHD
358,Target,Yes,455,None,ADHD
359,Target,Yes,714,None,ADHD
360,Non-Target,No,0,None,ADHD
361,Target,Yes,536,None,ADHD
362,Non-Target,No,0,None,ADHD
363,Target,Yes,751,None,ADHD
364,Non-Target,No,0,None,ADHD
365,Non-Target,No,0,None,ADHD
366,Non-Target,No,0,None,ADHD
367,Non-Target,No,0,None,ADHD
368,Non-Target,No,0,None,ADHD
369,Target,Yes,516,None,ADHD
370,Non-Target,No,0,None,ADHD
371,Non-Target,No,0,None,ADHD
372,Non-Target,No,0,None,ADHD
373,Non-Target,No,0,None,ADHD
374,Target,Yes,365,None,ADHD
375,Non-Target,No,0,None,ADHD
376,Target,Yes,687,None,ADHD
377,Target,Yes,748,None,ADHD
378,Non-Target,No,0,None,ADHD
379,Non-Target,No,0,None,ADHD
380,Non-Target,No,0,None,ADHD
381,Non-Target,No,0,None,ADHD
382,Target,Yes,571,None,ADHD
383,Non-Target,No,0,None,ADHD
384,Non-Target,No,0,None,ADHD
385,Target,No,0,Omission,ADHD
386,Non-Target,Yes,325,Commission,ADHD
387,Non-Target,No,0,None,ADHD
388,Non-Target,No,0,None,ADHD
389,Non-Target,No,0,None,ADHD
390,Non-Target,No,0,None,ADHD
391,Non-Target,No,0,None,ADHD
392,Non-Target,No,0,None,ADHD
393,Non-Target,No,0,None,ADHD
394,Non-Target,No,0,None,ADHD
395,Target,Yes,821,None,ADHD
396,Target,No,0,Omission,ADHD
397,Non-Target,No,0,None,ADHD
398,Non-Target,No,0,None,ADHD
399,Non-Target,Yes,687,Commission,ADHD
400,Non-Target,No,0,None,ADHD
401,Non-Target,No,0,None,ADHD
402,Non-Target,No,0,None,ADHD
403,Non-Target,No,0,None,ADHD
404,Non-Target,No,0,None,ADHD
405,Target,Yes,628,None,ADHD
406,Non-Target,No,0,None,ADHD
407,Non-Target,No,0,None,ADHD
408,Target,Yes,200,None,ADHD
409,Non-Target,No,0,None,ADHD
410,Target,Yes,848,None,ADHD
411,Non-Target,No,0,None,ADHD
412,Target,Yes,718,None,ADHD
413,Non-Target,No,0,None,ADHD
414,Target,Yes,533,None,ADHD
415,Non-Target,No,0,None,ADHD
416,Non-Target,No,0,None,ADHD
417,Target,Yes,542,None,ADHD
418,Non-Target,No,0,None,ADHD
419,Non-Target,No,0,None,ADHD
420,Target,No,0,Omission,ADHD
421,Target,Yes,448,None,ADHD
422,Target,Yes,548,None,ADHD
423,Target,No,0,Omission,ADHD
424,Non-Target,No,0,None,ADHD
425,Non-Target,Yes,729,Commission,ADHD
426,Non-Target,No,0,None,ADHD
427,Non-Target,No,0,None,ADHD
428,Target,Yes,550,None,ADHD
429,Target,Yes,521,None,ADHD
430,Non-Target,No,0,None,ADHD
431,Non-Target,No,0,None,ADHD
432,Non-Target,No,0,None,ADHD
433,Non-Target,No,0,None,ADHD
434,Target,Yes,686,None,ADHD
435,Target,No,0,Omission,ADHD
436,Target,Yes,679,None,ADHD
437,Non-Target,Yes,624,Commission,ADHD
438,Non-Target,No,0,None,ADHD
439,Non-Target,No,0,None,ADHD
440,Non-Target,No,0,None,ADHD
441,Non-Target,No,0,None,ADHD
442,Non-Target,No,0,None,ADHD
443,Non-Target,No,0,None,ADHD
444,Non-Target,No,0,None,ADHD
445,Non-Target,No,0,None,ADHD
446,Target,Yes,427,None,ADHD
447,Non-Target,No,0,None,ADHD
448,Non-Target,No,0,None,ADHD
449,Non-Target,No,0,None,ADHD
450,Target,Yes,343,None,ADHD
451,Non-Target,No,0,None,ADHD
452,Non-Target,No,0,None,ADHD
453,Target,Yes,745,None,ADHD
454,Target,Yes,744,None,ADHD
455,Non-Target,No,0,None,ADHD
456,Target,No,0,Omission,ADHD
457,Target,Yes,417,None,ADHD
458,Target,Yes,537,None,ADHD
459,Target,No,0,Omission,ADHD
460,Target,No,0,Omission,ADHD
461,Target,Yes,416,None,ADHD
462,Non-Target,No,0,None,ADHD
463,Non-Target,Yes,553,Commission,ADHD
464,Non-Target,No,0,None,ADHD
465,Non-Target,No,0,None,ADHD
466,Target,Yes,549,None,ADHD
467,Target,No,0,Omission,ADHD
468,Target,No,0,Omission,ADHD
469,Non-Target,No,0,None,ADHD
470,Target,No,0,Omission,ADHD
471,Non-Target,No,0,None,ADHD
472,Target,Yes,541,None,ADHD
473,Non-Target,No,0,None,ADHD
474,Non-Target,No,0,None,ADHD
475,Non-Target,Yes,780,Commission,ADHD
476,Target,Yes,529,None,ADHD
477,Target,Yes,592,None,ADHD
478,Target,No,0,Omission,ADHD
479,Target,Yes,857,None,ADHD
480,Non-Target,No,0,None,ADHD
481,Non-Target,No,0,None,ADHD
482,Non-Target,Yes,562,Commission,ADHD
483,Non-Target,No,0,None,ADHD
484,Target,Yes,810,None,ADHD
485,Non-Target,No,0,None,ADHD
486,Non-Target,No,0,None,ADHD
487,Non-Target,Yes,348,Commission,ADHD
488,Non-Target,No,0,None,ADHD
489,Non-Target,No,0,None,ADHD
490,Non-Target,No,0,None,ADHD
491,Target,Yes,881,None,ADHD
492,Target,No,0,Omission,ADHD
493,Target,Yes,541,None,ADHD
494,Non-Target,Yes,640,Commission,ADHD
495,Non-Target,No,0,None,ADHD
496,Non-Target,No,0,None,ADHD
497,Non-Target,No,0,None,ADHD
498,Target,Yes,697,None,ADHD
499,Target,Yes,711,None,ADHD
500,Non-Target,Yes,547,Commission,ADHD
501,Non-Target,No,0,None,ADHD
502,Non-Target,No,0,None,ADHD
503,Non-Target,No,0,None,ADHD
504,Non-Target,No,0,None,ADHD
505,Target,Yes,874,None,ADHD
506,Non-Target,No,0,None,ADHD
507,Target,Yes,768,None,ADHD
508,Non-Target,No,0,None,ADHD
509,Non-Target,No,0,None,ADHD
510,Non-Target,No,0,None,ADHD
511,Non-Target,No,0,None,ADHD
512,Target,Yes,579,None,ADHD
513,Target,Yes,888,None,ADHD
514,Non-Target,No,0,None,ADHD
515,Non-Target,No,0,None,ADHD
516,Target,Yes,523,None,ADHD
517,Non-Target,No,0,None,ADHD
518,Non-Target,No,0,None,ADHD
519,Non-Target,No,0,None,ADHD
520,Non-Target,No,0,None,ADHD
521,Target,No,0,Omission,ADHD
522,Target,No,0,Omission,ADHD
523,Non-Target,No,0,None,ADHD
524,Non-Target,No,0,None,ADHD
525,Target,Yes,799,None,ADHD
526,Non-Target,Yes,581,Commission,ADHD
527,Non-Target,No,0,None,ADHD
528,Non-Target,No,0,None,ADHD
529,Non-Target,No,0,None,ADHD
530,Target,Yes,373,None,ADHD
531,Non-Target,No,0,None,ADHD
532,Non-Target,No,0,None,ADHD
533,Target,No,0,Omission,ADHD
534,Non-Target,No,0,None,ADHD
535,Non-Target,No,0,None,ADHD
536,Target,Yes,525,None,ADHD
537,Non-Target,Yes,654,Commission,ADHD
538,Target,Yes,650,None,ADHD
539,Target,No,0,Omission,ADHD
540,Non-Target,No,0,None,ADHD
541,Target,Yes,464,None,ADHD
542,Target,Yes,872,None,ADHD
543,Non-Target,No,0,None,ADHD
544,Non-Target,No,0,None,ADHD
545,Non-Target,No,0,None,ADHD
546,Non-Target,No,0,None,ADHD
547,Non-Target,No,0,None,ADHD
548,Target,Yes,517,None,ADHD
549,Target,No,0,Omission,ADHD
550,Non-Target,No,0,None,ADHD
551,Target,No,0,Omission,ADHD
552,Target,Yes,461,None,ADHD
553,Non-Target,No,0,None,ADHD
554,Non-Target,No,0,None,ADHD
555,Non-Target,Yes,428,Commission,ADHD
556,Target,Yes,700,None,ADHD
557,Non-Target,Yes,746,Commission,ADHD
558,Non-Target,Yes,679,Commission,ADHD
559,Non-Target,No,0,None,ADHD
560,Non-Target,No,0,None,ADHD
561,Target,Yes,389,None,ADHD
562,Non-Target,No,0,None,ADHD
563,Non-Target,No,0,None,ADHD
564,Target,No,0,Omission,ADHD
565,Non-Target,No,0,None,ADHD
566,Target,Yes,549,None,ADHD
567,Target,Yes,758,None,ADHD
568,Non-Target,No,0,None,ADHD
569,Non-Target,No,0,None,ADHD
570,Non-Target,No,0,None,ADHD
571,Non-Target,No,0,None,ADHD
572,Non-Target,No,0,None,ADHD
573,Target,Yes,707,None,ADHD
574,Non-Target,No,0,None,ADHD
575,Target,No,0,Omission,ADHD
576,Non-Target,No,0,None,ADHD
577,Non-Target,No,0,None,ADHD
578,Non-Target,No,0,None,ADHD
579,Non-Target,No,0,None,ADHD
580,Target,Yes,636,None,ADHD
581,Target,Yes,420,None,ADHD
582,Target,No,0,Omission,ADHD
583,Target,No,0,Omission,ADHD
584,Non-Target,No,0,None,ADHD
585,Non-Target,No,0,None,ADHD
586,Non-Target,No,0,None,ADHD
587,Target,Yes,910,None,ADHD
588,Non-Target,No,0,None,ADHD
589,Non-Target,No,0,None,ADHD
590,Non-Target,No,0,None,ADHD
591,Target,Yes,699,None,ADHD
592,Target,No,0,Omission,ADHD
593,Target,Yes,741,None,ADHD
594,Non-Target,No,0,None,ADHD
595,Target,Yes,557,None,ADHD
596,Target,No,0,Omission,ADHD
597,Non-Target,No,0,None,ADHD
598,Non-Target,No,0,None,ADHD
599,Non-Target,No,0,None,ADHD
600,Non-Target,No,0,None,ADHD
601,Non-Target,Yes,333,Commission,ADHD
602,Non-Target,Yes,449,Commission,ADHD
603,Non-Target,No,0,None,ADHD
604,Non-Target,Yes,468,Commission,ADHD
605,Non-Target,No,0,None,ADHD
606,Non-Target,No,0,None,ADHD
607,Target,Yes,382,None,ADHD
608,Target,Yes,378,None,ADHD
609,Non-Target,No,0,None,ADHD
610,Non-Target,No,0,None,ADHD
611,Target,No,0,Omission,ADHD
612,Non-Target,No,0,None,ADHD
613,Non-Target,No,0,None,ADHD
614,Target,Yes,569,None,ADHD
615,Non-Target,Yes,723,Commission,ADHD
616,Target,No,0,Omission,ADHD
617,Target,Yes,757,None,ADHD
618,Target,Yes,688,None,ADHD
619,Non-Target,Yes,574,Commission,ADHD
620,Target,Yes,405,None,ADHD
621,Target,Yes,509,None,ADHD
622,Non-Target,Yes,657,Commission,ADHD
623,Target,Yes,511,None,ADHD
624,Target,Yes,787,None,ADHD
625,Non-Target,No,0,None,ADHD
626,Non-Target,No,0,None,ADHD
627,Non-Target,Yes,819,Commission,ADHD
628,Non-Target,No,0,None,ADHD
629,Non-Target,No,0,None,ADHD
630,Non-Target,No,0,None,ADHD
631,Target,Yes,559,None,ADHD
632,Non-Target,Yes,574,Commission,ADHD
633,Non-Target,No,0,None,ADHD
634,Target,Yes,497,None,ADHD
635,Target,Yes,746,None,ADHD
636,Target,Yes,892,None,ADHD
637,Target,Yes,658,None,ADHD
638,Non-Target,No,0,None,ADHD
639,Target,Yes,417,None,ADHD
640,Non-Target,No,0,None,ADHD
641,Non-Target,No,0,None,ADHD
642,Target,Yes,595,None,ADHD
643,Target,Yes,728,None,ADHD
644,Non-Target,No,0,None,ADHD
645,Target,Yes,295,None,ADHD
646,Target,No,0,Omission,ADHD
647,Target,Yes,777,None,ADHD
648,Target,Yes,410,None,ADHD
649,Non-Target,No,0,None,ADHD
650,Target,Yes,680,None,ADHD
651,Non-Target,Yes,607,Commission,ADHD
652,Target,Yes,558,None,ADHD
653,Non-Target,No,0,None,ADHD
654,Non-Target,No,0,None,ADHD
655,Non-Target,Yes,389,Commission,ADHD
656,Target,Yes,805,None,ADHD
657,Target,Yes,439,None,ADHD
658,Target,Yes,663,None,ADHD
659,Non-Target,No,0,None,ADHD
660,Non-Target,No,0,None,ADHD
661,Target,Yes,770,None,ADHD
662,Non-Target,No,0,None,ADHD
663,Non-Target,No,0,None,ADHD
664,Non-Target,No,0,None,ADHD
665,Non-Target,No,0,None,ADHD
666,Non-Target,No,0,None,ADHD
667,Target,No,0,Omission,ADHD
668,Non-Target,No,0,None,ADHD
669,Non-Target,No,0,None,ADHD
670,Non-Target,Yes,734,Commission,ADHD
671,Non-Target,No,0,None,ADHD
672,Non-Target,Yes,1170,Commission,ADHD
673,Non-Target,Yes,501,Commission,ADHD
674,Non-Target,No,0,None,ADHD
675,Non-Target,No,0,None,ADHD
676,Target,Yes,650,None,ADHD
677,Target,Yes,668,None,ADHD
678,Non-Target,No,0,None,ADHD
679,Non-Target,No,0,None,ADHD
680,Non-Target,Yes,478,Commission,ADHD
681,Non-Target,No,0,None,ADHD
682,Non-Target,No,0,None,ADHD
683,Non-Target,No,0,None,ADHD
684,Target,Yes,892,None,ADHD
685,Target,Yes,480,None,ADHD
686,Non-Target,No,0,None,ADHD
687,Non-Target,No,0,None,ADHD
688,Non-Target,No,0,None,ADHD
689,Target,Yes,837,None,ADHD
690,Target,No,0,Omission,ADHD
691,Target,Yes,695,None,ADHD
692,Non-Target,No,0,None,ADHD
693,Non-Target,No,0,None,ADHD
694,Non-Target,No,0,None,ADHD
695,Non-Target,No,0,None,ADHD
696,Non-Target,No,0,None,ADHD
697,Non-Target,Yes,575,Commission,ADHD
698,Target,Yes,608,None,ADHD
699,Target,Yes,364,None,ADHD
700,Target,No,0,Omission,ADHD
701,Non-Target,No,0,None,ADHD
702,Target,Yes,394,None,ADHD
703,Target,Yes,455,None,ADHD
704,Non-Target,Yes,742,Commission,ADHD
705,Target,No,0,Omission,ADHD
706,Non-Target,Yes,343,Commission,ADHD
707,Non-Target,Yes,553,Commission,ADHD
708,Target,No,0,Omission,ADHD
709,Non-Target,Yes,859,Commission,ADHD
710,Non-Target,No,0,None,ADHD
711,Target,Yes,517,None,ADHD
712,Target,No,0,Omission,ADHD
713,Non-Target,No,0,None,ADHD
714,Non-Target,Yes,740,Commission,ADHD
715,Non-Target,No,0,None,ADHD
716,Non-Target,No,0,None,ADHD
717,Non-Target,No,0,None,ADHD
718,Target,Yes,769,None,ADHD
719,Target,Yes,639,None,ADHD
720,Non-Target,No,0,None,ADHD
721,Target,No,0,Omission,ADHD
722,Non-Target,No,0,None,ADHD
723,Non-Target,No,0,None,ADHD
724,Target,Yes,426,None,ADHD
725,Non-Target,No,0,None,ADHD
726,Non-Target,No,0,None,ADHD
727,Non-Target,No,0,None,ADHD
728,Target,Yes,540,None,ADHD
729,Non-Target,No,0,None,ADHD
730,Non-Target,Yes,767,Commission,ADHD
731,Non-Target,No,0,None,ADHD
732,Non-Target,Yes,821,Commission,ADHD
733,Non-Target,No,0,None,ADHD
734,Non-Target,No,0,None,ADHD
735,Non-Target,No,0,None,ADHD
736,Target,No,0,Omission,ADHD
737,Non-Target,No,0,None,ADHD
738,Non-Target,No,0,None,ADHD
739,Target,Yes,570,None,ADHD
740,Non-Target,Yes,491,Commission,ADHD
741,Non-Target,No,0,None,ADHD
742,Non-Target,Yes,396,Commission,ADHD
743,Non-Target,No,0,None,ADHD
744,Non-Target,No,0,None,ADHD
745,Non-Target,No,0,None,ADHD
746,Target,Yes,567,None,ADHD
747,Non-Target,No,0,None,ADHD
748,Target,No,0,Omission,ADHD
749,Non-Target,No,0,None,ADHD
750,Non-Target,No,0,None,ADHD
751,Non-Target,Yes,574,Commission,ADHD
752,Target,Yes,558,None,ADHD
753,Non-Target,No,0,None,ADHD
754,Target,Yes,822,None,ADHD
755,Target,No,0,Omission,ADHD
756,Target,No,0,Omission,ADHD
757,Target,Yes,716,None,ADHD
758,Non-Target,No,0,None,ADHD
759,Non-Target,No,0,None,ADHD
760,Non-Target,No,0,None,ADHD
761,Target,Yes,654,None,ADHD
762,Non-Target,No,0,None,ADHD
763,Target,Yes,559,None,ADHD
764,Non-Target,No,0,None,ADHD
765,Target,Yes,524,None,ADHD
766,Non-Target,Yes,638,Commission,ADHD
767,Non-Target,No,0,None,ADHD
768,Non-Target,No,0,None,ADHD
769,Non-Target,No,0,None,ADHD
770,Non-Target,No,0,None,ADHD
771,Target,Yes,586,None,ADHD
772,Target,Yes,753,None,ADHD
773,Non-Target,No,0,None,ADHD
774,Non-Target,Yes,712,Commission,ADHD
775,Non-Target,No,0,None,ADHD
776,Target,Yes,642,None,ADHD
777,Target,Yes,536,None,ADHD
778,Non-Target,No,0,None,ADHD
779,Target,Yes,514,None,ADHD
780,Non-Target,No,0,None,ADHD
781,Non-Target,No,0,None,ADHD
782,Non-Target,Yes,555,Commission,ADHD
783,Non-Target,No,0,None,ADHD
784,Non-Target,No,0,None,ADHD
785,Non-Target,No,0,None,ADHD
786,Non-Target,No,0,None,ADHD
787,Target,Yes,185,None,ADHD
788,Non-Target,No,0,None,ADHD
789,Non-Target,No,0,None,ADHD
790,Target,Yes,416,None,ADHD
791,Non-Target,Yes,830,Commission,ADHD
792,Non-Target,No,0,None,ADHD
793,Non-Target,No,0,None,ADHD
794,Non-Target,No,0,None,ADHD
795,Non-Target,No,0,None,ADHD
796,Non-Target,No,0,None,ADHD
797,Target,Yes,687,None,ADHD
798,Non-Target,No,0,None,ADHD
799,Target,Yes,601,None,ADHD
800,Non-Target,No,0,None,ADHD
801,Non-Target,No,0,None,ADHD
802,Non-Target,No,0,None,ADHD
803,Non-Target,No,0,None,ADHD
804,Non-Target,No,0,None,ADHD
805,Non-Target,No,0,None,ADHD
806,Non-Target,No,0,None,ADHD
807,Non-Target,Yes,543,Commission,ADHD
808,Target,Yes,628,None,ADHD
809,Target,Yes,933,None,ADHD
810,Non-Target,No,0,None,ADHD
811,Target,No,0,Omission,ADHD
812,Target,Yes,615,None,ADHD
813,Non-Target,No,0,None,ADHD
814,Non-Target,No,0,None,ADHD
815,Non-Target,No,0,None,ADHD
816,Non-Target,No,0,None,ADHD
817,Target,Yes,541,None,ADHD
818,Target,Yes,462,None,ADHD
819,Non-Target,No,0,None,ADHD
820,Target,Yes,691,None,ADHD
821,Non-Target,No,0,None,ADHD
822,Target,Yes,685,None,ADHD
823,Target,Yes,593,None,ADHD
824,Non-Target,No,0,None,ADHD
825,Non-Target,No,0,None,ADHD
826,Target,Yes,564,None,ADHD
827,Non-Target,No,0,None,ADHD
828,Non-Target,No,0,None,ADHD
829,Non-Target,No,0,None,ADHD
830,Non-Target,No,0,None,ADHD
831,Target,Yes,515,None,ADHD
832,Target,Yes,642,None,ADHD
833,Non-Target,No,0,None,ADHD
834,Target,Yes,565,None,ADHD
835,Target,Yes,609,None,ADHD
836,Non-Target,Yes,696,Commission,ADHD
837,Non-Target,No,0,None,ADHD
838,Non-Target,No,0,None,ADHD
839,Target,Yes,427,None,ADHD
840,Non-Target,No,0,None,ADHD
841,Non-Target,No,0,None,ADHD
842,Non-Target,No,0,None,ADHD
843,Non-Target,No,0,None,ADHD
844,Target,Yes,704,None,ADHD
845,Non-Target,No,0,None,ADHD
846,Non-Target,No,0,None,ADHD
847,Target,Yes,591,None,ADHD
848,Non-Target,No,0,None,ADHD
849,Non-Target,No,0,None,ADHD
850,Target,No,0,Omission,ADHD
851,Target,Yes,508,None,ADHD
852,Target,Yes,642,None,ADHD
853,Target,Yes,512,None,ADHD
854,Target,No,0,Omission,ADHD
855,Target,No,0,Omission,ADHD
856,Non-Target,No,0,None,ADHD
857,Non-Target,No,0,None,ADHD
858,Non-Target,No,0,None,ADHD
859,Target,No,0,Omission,ADHD
860,Non-Target,No,0,None,ADHD
861,Target,Yes,507,None,ADHD
862,Non-Target,Yes,431,Commission,ADHD
863,Target,No,0,Omission,ADHD
864,Non-Target,No,0,None,ADHD
865,Non-Target,Yes,586,Commission,ADHD
866,Non-Target,No,0,None,ADHD
867,Non-Target,Yes,366,Commission,ADHD
868,Target,No,0,Omission,ADHD
869,Non-Target,No,0,None,ADHD
870,Non-Target,No,0,None,ADHD
871,Non-Target,No,0,None,ADHD
872,Non-Target,No,0,None,ADHD
873,Non-Target,No,0,None,ADHD
874,Non-Target,Yes,731,Commission,ADHD
875,Target,No,0,Omission,ADHD
876,Target,No,0,Omission,ADHD
877,Non-Target,No,0,None,ADHD
878,Non-Target,No,0,None,ADHD
879,Target,Yes,674,None,ADHD
880,Non-Target,No,0,None,ADHD
881,Non-Target,No,0,None,ADHD
882,Non-Target,Yes,717,Commission,ADHD
883,Target,Yes,764,None,ADHD
884,Non-Target,No,0,None,ADHD
885,Non-Target,No,0,None,ADHD
886,Non-Target,No,0,None,ADHD
887,Non-Target,Yes,443,Commission,ADHD
888,Non-Target,Yes,718,Commission,ADHD
889,Non-Target,No,0,None,ADHD
890,Non-Target,No,0,None,ADHD
891,Non-Target,No,0,None,ADHD
892,Non-Target,Yes,496,Commission,ADHD
893,Non-Target,Yes,582,Commission,ADHD
894,Non-Target,No,0,None,ADHD
895,Target,No,0,Omission,ADHD
896,Non-Target,No,0,None,ADHD
897,Non-Target,No,0,None,ADHD
898,Target,Yes,330,None,ADHD
899,Non-Target,Yes,593,Commission,ADHD
900,Non-Target,No,0,None,ADHD
901,Target,Yes,750,None,ADHD
902,Non-Target,No,0,None,ADHD
903,Target,Yes,954,None,ADHD
904,Non-Target,No,0,None,ADHD
905,Non-Target,No,0,None,ADHD
906,Target,Yes,677,None,ADHD
907,Non-Target,No,0,None,ADHD
908,Target,Yes,746,None,ADHD
909,Non-Target,No,0,None,ADHD
910,Non-Target,No,0,None,ADHD
911,Non-Target,No,0,None,ADHD
912,Non-Target,Yes,543,Commission,ADHD
913,Non-Target,No,0,None,ADHD
914,Target,No,0,Omission,ADHD
915,Non-Target,No,0,None,ADHD
916,Non-Target,No,0,None,ADHD
917,Target,Yes,683,None,ADHD
918,Target,Yes,778,None,ADHD
919,Non-Target,Yes,452,Commission,ADHD
920,Non-Target,No,0,None,ADHD
921,Non-Target,No,0,None,ADHD
922,Target,Yes,660,None,ADHD
923,Target,No,0,Omission,ADHD
924,Target,Yes,641,None,ADHD
925,Non-Target,Yes,771,Commission,ADHD
926,Non-Target,Yes,574,Commission,ADHD
927,Non-Target,No,0,None,ADHD
928,Non-Target,No,0,None,ADHD
929,Target,No,0,Omission,ADHD
930,Target,Yes,705,None,ADHD
931,Non-Target,No,0,None,ADHD
932,Target,Yes,521,None,ADHD
933,Non-Target,No,0,None,ADHD
934,Non-Target,No,0,None,ADHD
935,Non-Target,No,0,None,ADHD
936,Non-Target,No,0,None,ADHD
937,Non-Target,No,0,None,ADHD
938,Non-Target,No,0,None,ADHD
939,Non-Target,No,0,None,ADHD
940,Non-Target,No,0,None,ADHD
941,Non-Target,Yes,533,Commission,ADHD
942,Target,No,0,Omission,ADHD
943,Target,Yes,850,None,ADHD
944,Target,Yes,669,None,ADHD
945,Non-Target,No,0,None,ADHD
946,Target,No,0,Omission,ADHD
947,Non-Target,No,0,None,ADHD
948,Non-Target,No,0,None,ADHD
949,Non-Target,Yes,700,Commission,ADHD
950,Non-Target,No,0,None,ADHD
951,Non-Target,No,0,None,ADHD
952,Non-Target,No,0,None,ADHD
953,Target,Yes,581,None,ADHD
954,Target,Yes,545,None,ADHD
955,Non-Target,No,0,None,ADHD
956,Non-Target,No,0,None,ADHD
957,Non-Target,No,0,None,ADHD
958,Non-Target,No,0,None,ADHD
959,Non-Target,Yes,477,Commission,ADHD
960,Non-Target,Yes,307,Commission,ADHD
961,Non-Target,No,0,None,ADHD
962,Target,Yes,681,None,ADHD
963,Target,Yes,611,None,ADHD
964,Non-Target,No,0,None,ADHD
965,Non-Target,No,0,None,ADHD
966,Non-Target,No,0,None,ADHD
967,Non-Target,No,0,None,ADHD
968,Non-Target,No,0,None,ADHD
969,Non-Target,No,0,None,ADHD
970,Non-Target,Yes,697,Commission,ADHD
971,Non-Target,No,0,None,ADHD
972,Non-Target,No,0,None,ADHD
973,Non-Target,No,0,None,ADHD
974,Non-Target,No,0,None,ADHD
975,Non-Target,No,0,None,ADHD
976,Target,No,0,Omission,ADHD
977,Non-Target,Yes,769,Commission,ADHD
978,Non-Target,No,0,None,ADHD
979,Target,Yes,498,None,ADHD
980,Target,No,0,Omission,ADHD
981,Target,Yes,502,None,ADHD
982,Non-Target,Yes,672,Commission,ADHD
983,Non-Target,No,0,None,ADHD
984,Non-Target,No,0,None,ADHD
985,Non-Target,No,0,None,ADHD
986,Target,Yes,815,None,ADHD
987,Non-Target,No,0,None,ADHD
988,Target,Yes,648,None,ADHD
989,Non-Target,No,0,None,ADHD
990,Non-Target,No,0,None,ADHD
991,Non-Target,No,0,None,ADHD
992,Target,No,0,Omission,ADHD
993,Non-Target,No,0,None,ADHD
994,Non-Target,No,0,None,ADHD
995,Target,Yes,643,None,ADHD
996,Non-Target,Yes,686,Commission,ADHD
997,Target,Yes,535,None,ADHD
998,Non-Target,No,0,None,ADHD
999,Non-Target,No,0,None,ADHD
1000,Non-Target,Yes,743,Commission,ADHD
1001,Non-Target,No,0,None,ADHD
1002,Target,No,0,Omission,ADHD
1003,Non-Target,No,0,None,ADHD
1004,Non-Target,No,0,None,ADHD
1005,Non-Target,No,0,None,ADHD
1006,Target,Yes,413,None,ADHD
1007,Target,Yes,410,None,ADHD
1008,Target,No,0,Omission,ADHD
1009,Non-Target,No,0,None,ADHD
1010,Non-Target,No,0,None,ADHD
1011,Non-Target,Yes,461,Commission,ADHD
1012,Non-Target,No,0,None,ADHD
1013,Target,Yes,525,None,ADHD
1014,Non-Target,No,0,None,ADHD
1015,Target,No,0,Omission,ADHD
1016,Non-Target,No,0,None,ADHD
1017,Non-Target,No,0,None,ADHD
1018,Non-Target,No,0,None,ADHD
1019,Non-Target,No,0,None,ADHD
1020,Non-Target,No,0,None,ADHD
1021,Target,Yes,559,None,ADHD
1022,Non-Target,No,0,None,ADHD
1023,Target,No,0,Omission,ADHD
1024,Non-Target,No,0,None,ADHD
1025,Non-Target,No,0,None,ADHD
1026,Non-Target,No,0,None,ADHD
1027,Non-Target,No,0,None,ADHD
1028,Non-Target,No,0,None,ADHD
1029,Target,Yes,496,None,ADHD
1030,Target,Yes,390,None,ADHD
1031,Non-Target,No,0,None,ADHD
1032,Target,No,0,Omission,ADHD
1033,Target,No,0,Omission,ADHD
1034,Target,Yes,751,None,ADHD
1035,Target,Yes,250,None,ADHD
1036,Non-Target,No,0,None,ADHD
1037,Non-Target,No,0,None,ADHD
1038,Non-Target,No,0,None,ADHD
1039,Non-Target,No,0,None,ADHD
1040,Non-Target,No,0,None,ADHD
1041,Target,Yes,668,None,ADHD
1042,Non-Target,No,0,None,ADHD
1043,Non-Target,Yes,767,Commission,ADHD
1044,Non-Target,No,0,None,ADHD
1045,Non-Target,No,0,None,ADHD
1046,Non-Target,No,0,None,ADHD
1047,Non-Target,No,0,None,ADHD
1048,Non-Target,Yes,764,Commission,ADHD
1049,Non-Target,No,0,None,ADHD
1050,Non-Target,No,0,None,ADHD
1051,Non-Target,No,0,None,ADHD
1052,Target,Yes,719,None,ADHD
1053,Non-Target,No,0,None,ADHD
1054,Non-Target,No,0,None,ADHD
1055,Non-Target,No,0,None,ADHD
1056,Target,Yes,805,None,ADHD
1057,Non-Target,Yes,687,Commission,ADHD
1058,Non-Target,No,0,None,ADHD
1059,Non-Target,No,0,None,ADHD
1060,Target,Yes,670,None,ADHD
1061,Non-Target,No,0,None,ADHD
1062,Non-Target,No,0,None,ADHD
1063,Non-Target,No,0,None,ADHD
1064,Non-Target,Yes,855,Commission,ADHD
1065,Non-Target,No,0,None,ADHD
1066,Non-Target,No,0,None,ADHD
1067,Non-Target,No,0,None,ADHD
1068,Non-Target,No,0,None,ADHD
1069,Non-Target,No,0,None,ADHD
1070,Non-Target,No,0,None,ADHD
1071,Target,No,0,Omission,ADHD
1072,Non-Target,No,0,None,ADHD
1073,Non-Target,No,0,None,ADHD
1074,Non-Target,No,0,None,ADHD
1075,Non-Target,No,0,None,ADHD
1076,Target,Yes,751,None,ADHD
1077,Non-Target,No,0,None,ADHD
1078,Non-Target,No,0,None,ADHD
1079,Target,No,0,Omission,ADHD
1080,Target,Yes,534,None,ADHD
1081,Target,No,0,Omission,ADHD
1082,Non-Target,No,0,None,ADHD
1083,Non-Target,No,0,None,ADHD
1084,Non-Target,No,0,None,ADHD
1085,Non-Target,No,0,None,ADHD
1086,Non-Target,No,0,None,ADHD
1087,Non-Target,No,0,None,ADHD
1088,Target,Yes,673,None,ADHD
1089,Non-Target,No,0,None,ADHD
1090,Target,Yes,599,None,ADHD
1091,Non-Target,No,0,None,ADHD
1092,Non-Target,No,0,None,ADHD
1093,Non-Target,No,0,None,ADHD
1094,Non-Target,No,0,None,ADHD
1095,Non-Target,No,0,None,ADHD
1096,Non-Target,No,0,None,ADHD
1097,Non-Target,No,0,None,ADHD
1098,Non-Target,No,0,None,ADHD
1099,Target,Yes,537,None,ADHD
1100,Non-Target,No,0,None,ADHD
1101,Non-Target,No,0,None,ADHD
1102,Non-Target,No,0,None,ADHD
1103,Non-Target,No,0,None,ADHD
1104,Non-Target,No,0,None,ADHD
1105,Target,Yes,698,None,ADHD
1106,Non-Target,No,0,None,ADHD
1107,Non-Target,No,0,None,ADHD
1108,Non-Target,No,0,None,ADHD
1109,Target,Yes,535,None,ADHD
1110,Non-Target,No,0,None,ADHD
1111,Target,No,0,Omission,ADHD
1112,Non-Target,No,0,None,ADHD
1113,Non-Target,Yes,642,Commission,ADHD
1114,Non-Target,Yes,844,Commission,ADHD
1115,Non-Target,Yes,679,Commission,ADHD
1116,Non-Target,No,0,None,ADHD
1117,Non-Target,No,0,None,ADHD
1118,Non-Target,Yes,669,Commission,ADHD
1119,Non-Target,No,0,None,ADHD
1120,Non-Target,No,0,None,ADHD
1121,Non-Target,No,0,None,ADHD
1122,Non-Target,No,0,None,ADHD
1123,Non-Target,No,0,None,ADHD
1124,Non-Target,No,0,None,ADHD
1125,Non-Target,No,0,None,ADHD
1126,Non-Target,No,0,None,ADHD
1127,Non-Target,Yes,810,Commission,ADHD
1128,Target,No,0,Omission,ADHD
1129,Non-Target,No,0,None,ADHD
1130,Non-Target,Yes,586,Commission,ADHD
1131,Non-Target,Yes,351,Commission,ADHD
1132,Non-Target,No,0,None,ADHD
1133,Target,Yes,551,None,ADHD
1134,Non-Target,No,0,None,ADHD
1135,Target,No,0,Omission,ADHD
1136,Non-Target,Yes,351,Commission,ADHD
1137,Non-Target,No,0,None,ADHD
1138,Non-Target,No,0,None,ADHD
1139,Target,No,0,Omission,ADHD
1140,Non-Target,Yes,719,Commission,ADHD
1141,Non-Target,No,0,None,ADHD
1142,Non-Target,No,0,None,ADHD
1143,Non-Target,No,0,None,ADHD
1144,Non-Target,No,0,None,ADHD
1145,Non-Target,No,0,None,ADHD
1146,Target,Yes,519,None,ADHD
1147,Non-Target,Yes,779,Commission,ADHD
1148,Non-Target,Yes,616,Commission,ADHD
1149,Non-Target,No,0,None,ADHD
1150,Target,Yes,529,None,ADHD
1151,Target,Yes,760,None,ADHD
1152,Non-Target,Yes,493,Commission,ADHD
1153,Non-Target,No,0,None,ADHD
1154,Non-Target,No,0,None,ADHD
1155,Non-Target,Yes,798,Commission,ADHD
1156,Non-Target,No,0,None,ADHD
1157,Non-Target,No,0,None,ADHD
1158,Target,No,0,Omission,ADHD
1159,Target,Yes,632,None,ADHD
1160,Target,No,0,Omission,ADHD
1161,Non-Target,No,0,None,ADHD
1162,Non-Target,No,0,None,ADHD
1163,Non-Target,No,0,None,ADHD
1164,Non-Target,No,0,None,ADHD
1165,Non-Target,No,0,None,ADHD
1166,Target,Yes,399,None,ADHD
1167,Non-Target,No,0,None,ADHD
1168,Non-Target,No,0,None,ADHD
1169,Non-Target,No,0,None,ADHD
1170,Non-Target,Yes,550,Commission,ADHD
1171,Non-Target,No,0,None,ADHD
1172,Non-Target,No,0,None,ADHD
1173,Non-Target,No,0,None,ADHD
1174,Non-Target,No,0,None,ADHD
1175,Non-Target,Yes,856,Commission,ADHD
1176,Non-Target,No,0,None,ADHD
1177,Target,Yes,454,None,ADHD
1178,Non-Target,Yes,688,Commission,ADHD
1179,Non-Target,No,0,None,ADHD
1180,Non-Target,No,0,None,ADHD
1181,Non-Target,No,0,None,ADHD
1182,Non-Target,No,0,None,ADHD
1183,Non-Target,No,0,None,ADHD
1184,Non-Target,No,0,None,ADHD
1185,Non-Target,Yes,379,Commission,ADHD
1186,Non-Target,No,0,None,ADHD
1187,Non-Target,No,0,None,ADHD
1188,Non-Target,No,0,None,ADHD
1189,Target,Yes,561,None,ADHD
1190,Non-Target,No,0,None,ADHD
1191,Non-Target,No,0,None,ADHD
1192,Non-Target,No,0,None,ADHD
1193,Target,Yes,537,None,ADHD
1194,Non-Target,No,0,None,ADHD
1195,Non-Target,No,0,None,ADHD
1196,Target,Yes,749,None,ADHD
1197,Non-Target,Yes,486,Commission,ADHD
1198,Target,Yes,599,None,ADHD
1199,Non-Target,No,0,None,ADHD
1200,Non-Target,Yes,709,Commission,ADHD
