Trial,StimulusType,Reaction,ReactionTime(ms),ErrorType,Label
1,Non-Target,No,0,None,ADHD
2,Non-Target,No,0,None,ADHD
3,Target,No,0,Omission,ADHD
4,Non-Target,No,0,None,ADHD
5,Non-Target,No,0,None,ADHD
6,Non-Target,No,0,None,ADHD
7,Non-Target,No,0,None,ADHD
8,Target,No,0,Omission,ADHD
9,Non-Target,No,0,None,ADHD
10,Non-Target,No,0,None,ADHD
11,Non-Target,No,0,None,ADHD
12,Target,Yes,426,None,ADHD
13,Non-Target,No,0,None,ADHD
14,Non-Target,No,0,None,ADHD
15,Target,No,0,Omission,ADHD
16,Non-Target,No,0,None,ADHD
17,Target,No,0,Omission,ADHD
18,Non-Target,No,0,None,ADHD
19,Non-Target,No,0,None,ADHD
20,Non-Target,No,0,None,ADHD
21,Target,Yes,586,None,ADHD
22,Non-Target,No,0,None,ADHD
23,Target,Yes,502,None,ADHD
24,Non-Target,No,0,None,ADHD
25,Non-Target,No,0,None,ADHD
26,Non-Target,No,0,None,ADHD
27,Target,Yes,568,None,ADHD
28,Non-Target,No,0,None,ADHD
29,Non-Target,Yes,811,Commission,ADHD
30,Target,Yes,598,None,ADHD
31,Non-Target,No,0,None,ADHD
32,Non-Target,No,0,None,ADHD
33,Non-Target,No,0,None,ADHD
34,Target,Yes,582,None,ADHD
35,Non-Target,No,0,None,ADHD
36,Non-Target,Yes,541,Commission,ADHD
37,Non-Target,No,0,None,ADHD
38,Target,Yes,485,None,ADHD
39,Non-Target,No,0,None,ADHD
40,Non-Target,No,0,None,ADHD
41,Non-Target,No,0,None,ADHD
42,Non-Target,No,0,None,ADHD
43,Non-Target,No,0,None,ADHD
44,Target,Yes,564,None,ADHD
45,Non-Target,No,0,None,ADHD
46,Target,Yes,621,None,ADHD
47,Target,Yes,733,None,ADHD
48,Target,Yes,332,None,ADHD
49,Target,No,0,Omission,ADHD
50,Non-Target,No,0,None,ADHD
51,Non-Target,No,0,None,ADHD
52,Non-Target,No,0,None,ADHD
53,Non-Target,No,0,None,ADHD
54,Non-Target,No,0,None,ADHD
55,Non-Target,No,0,None,ADHD
56,Non-Target,No,0,None,ADHD
57,Target,Yes,544,None,ADHD
58,Non-Target,Yes,595,Commission,ADHD
59,Target,Yes,679,None,ADHD
60,Target,No,0,Omission,ADHD
61,Non-Target,No,0,None,ADHD
62,Non-Target,No,0,None,ADHD
63,Target,No,0,Omission,ADHD
64,Target,Yes,379,None,ADHD
65,Non-Target,No,0,None,ADHD
66,Target,Yes,478,None,ADHD
67,Non-Target,No,0,None,ADHD
68,Non-Target,Yes,653,Commission,ADHD
69,Non-Target,No,0,None,ADHD
70,Non-Target,No,0,None,ADHD
71,Non-Target,No,0,None,ADHD
72,Non-Target,No,0,None,ADHD
73,Target,Yes,672,None,ADHD
74,Target,Yes,808,None,ADHD
75,Target,Yes,490,None,ADHD
76,Non-Target,No,0,None,ADHD
77,Target,No,0,Omission,ADHD
78,Non-Target,No,0,None,ADHD
79,Non-Target,No,0,None,ADHD
80,Non-Target,No,0,None,ADHD
81,Non-Target,No,0,None,ADHD
82,Non-Target,No,0,None,ADHD
83,Non-Target,No,0,None,ADHD
84,Non-Target,No,0,None,ADHD
85,Non-Target,Yes,462,Commission,ADHD
86,Target,Yes,690,None,ADHD
87,Non-Target,No,0,None,ADHD
88,Non-Target,No,0,None,ADHD
89,Target,Yes,540,None,ADHD
90,Target,Yes,732,None,ADHD
91,Non-Target,No,0,None,ADHD
92,Target,Yes,687,None,ADHD
93,Non-Target,No,0,None,ADHD
94,Non-Target,No,0,None,ADHD
95,Non-Target,No,0,None,ADHD
96,Non-Target,No,0,None,ADHD
97,Non-Target,No,0,None,ADHD
98,Target,Yes,707,None,ADHD
99,Non-Target,Yes,299,Commission,ADHD
100,Non-Target,No,0,None,ADHD
101,Target,Yes,854,None,ADHD
102,Non-Target,No,0,None,ADHD
103,Non-Target,No,0,None,ADHD
104,Non-Target,No,0,None,ADHD
105,Target,No,0,Omission,ADHD
106,Non-Target,No,0,None,ADHD
107,Non-Target,No,0,None,ADHD
108,Non-Target,No,0,None,ADHD
109,Non-Target,No,0,None,ADHD
110,Non-Target,No,0,None,ADHD
111,Non-Target,Yes,678,Commission,ADHD
112,Non-Target,No,0,None,ADHD
113,Non-Target,No,0,None,ADHD
114,Non-Target,No,0,None,ADHD
115,Non-Target,No,0,None,ADHD
116,Non-Target,No,0,None,ADHD
117,Non-Target,Yes,496,Commission,ADHD
118,Non-Target,No,0,None,ADHD
119,Target,Yes,704,None,ADHD
120,Non-Target,Yes,392,Commission,ADHD
121,Target,Yes,631,None,ADHD
122,Non-Target,No,0,None,ADHD
123,Non-Target,No,0,None,ADHD
124,Target,Yes,457,None,ADHD
125,Target,Yes,394,None,ADHD
126,Non-Target,No,0,None,ADHD
127,Non-Target,No,0,None,ADHD
128,Non-Target,Yes,534,Commission,ADHD
129,Target,Yes,634,None,ADHD
130,Target,Yes,581,None,ADHD
131,Target,Yes,542,None,ADHD
132,Non-Target,No,0,None,ADHD
133,Target,Yes,578,None,ADHD
134,Non-Target,No,0,None,ADHD
135,Non-Target,No,0,None,ADHD
136,Target,Yes,562,None,ADHD
137,Non-Target,No,0,None,ADHD
138,Non-Target,No,0,None,ADHD
139,Non-Target,No,0,None,ADHD
140,Target,Yes,729,None,ADHD
141,Non-Target,No,0,None,ADHD
142,Non-Target,Yes,528,Commission,ADHD
143,Non-Target,No,0,None,ADHD
144,Non-Target,No,0,None,ADHD
145,Target,Yes,722,None,ADHD
146,Non-Target,No,0,None,ADHD
147,Non-Target,No,0,None,ADHD
148,Non-Target,No,0,None,ADHD
149,Non-Target,No,0,None,ADHD
150,Target,Yes,670,None,ADHD
151,Non-Target,No,0,None,ADHD
152,Non-Target,Yes,448,Commission,ADHD
153,Non-Target,No,0,None,ADHD
154,Non-Target,No,0,None,ADHD
155,Non-Target,No,0,None,ADHD
156,Non-Target,No,0,None,ADHD
157,Non-Target,Yes,415,Commission,ADHD
158,Non-Target,Yes,591,Commission,ADHD
159,Non-Target,No,0,None,ADHD
160,Target,Yes,430,None,ADHD
161,Non-Target,No,0,None,ADHD
162,Non-Target,No,0,None,ADHD
163,Non-Target,No,0,None,ADHD
164,Non-Target,No,0,None,ADHD
165,Non-Target,No,0,None,ADHD
166,Non-Target,No,0,None,ADHD
167,Non-Target,No,0,None,ADHD
168,Target,Yes,597,None,ADHD
169,Non-Target,No,0,None,ADHD
170,Non-Target,No,0,None,ADHD
171,Target,Yes,666,None,ADHD
172,Non-Target,No,0,None,ADHD
173,Target,Yes,484,None,ADHD
174,Non-Target,No,0,None,ADHD
175,Non-Target,Yes,625,Commission,ADHD
176,Non-Target,No,0,None,ADHD
177,Non-Target,No,0,None,ADHD
178,Non-Target,Yes,631,Commission,ADHD
179,Non-Target,No,0,None,ADHD
180,Non-Target,No,0,None,ADHD
181,Non-Target,No,0,None,ADHD
182,Target,Yes,803,None,ADHD
183,Non-Target,No,0,None,ADHD
184,Non-Target,No,0,None,ADHD
185,Target,Yes,408,None,ADHD
186,Non-Target,No,0,None,ADHD
187,Non-Target,No,0,None,ADHD
188,Non-Target,No,0,None,ADHD
189,Target,Yes,554,None,ADHD
190,Non-Target,No,0,None,ADHD
191,Non-Target,No,0,None,ADHD
192,Non-Target,No,0,None,ADHD
193,Target,Yes,508,None,ADHD
194,Non-Target,No,0,None,ADHD
195,Non-Target,No,0,None,ADHD
196,Non-Target,No,0,None,ADHD
197,Non-Target,No,0,None,ADHD
198,Target,Yes,433,None,ADHD
199,Target,Yes,848,None,ADHD
200,Non-Target,No,0,None,ADHD
201,Non-Target,No,0,None,ADHD
202,Non-Target,No,0,None,ADHD
203,Target,Yes,260,None,ADHD
204,Target,Yes,432,None,ADHD
205,Target,No,0,Omission,ADHD
206,Non-Target,Yes,538,Commission,ADHD
207,Non-Target,Yes,829,Commission,ADHD
208,Non-Target,No,0,None,ADHD
209,Non-Target,No,0,None,ADHD
210,Target,No,0,Omission,ADHD
211,Non-Target,No,0,None,ADHD
212,Non-Target,No,0,None,ADHD
213,Non-Target,No,0,None,ADHD
214,Non-Target,No,0,None,ADHD
215,Non-Target,No,0,None,ADHD
216,Non-Target,No,0,None,ADHD
217,Non-Target,No,0,None,ADHD
218,Non-Target,No,0,None,ADHD
219,Target,No,0,Omission,ADHD
220,Non-Target,No,0,None,ADHD
221,Non-Target,No,0,None,ADHD
222,Non-Target,No,0,None,ADHD
223,Target,Yes,456,None,ADHD
224,Target,Yes,700,None,ADHD
225,Target,Yes,579,None,ADHD
226,Target,Yes,626,None,ADHD
227,Non-Target,No,0,None,ADHD
228,Target,Yes,475,None,ADHD
229,Non-Target,No,0,None,ADHD
230,Non-Target,Yes,668,Commission,ADHD
231,Non-Target,No,0,None,ADHD
232,Target,No,0,Omission,ADHD
233,Non-Target,Yes,398,Commission,ADHD
234,Target,Yes,811,None,ADHD
235,Non-Target,Yes,710,Commission,ADHD
236,Non-Target,No,0,None,ADHD
237,Non-Target,No,0,None,ADHD
238,Non-Target,No,0,None,ADHD
239,Target,Yes,563,None,ADHD
240,Target,Yes,542,None,ADHD
241,Non-Target,No,0,None,ADHD
242,Non-Target,No,0,None,ADHD
243,Non-Target,No,0,None,ADHD
244,Non-Target,No,0,None,ADHD
245,Non-Target,No,0,None,ADHD
246,Non-Target,No,0,None,ADHD
247,Non-Target,No,0,None,ADHD
248,Non-Target,No,0,None,ADHD
249,Non-Target,No,0,None,ADHD
250,Non-Target,Yes,679,Commission,ADHD
251,Non-Target,No,0,None,ADHD
252,Target,No,0,Omission,ADHD
253,Non-Target,No,0,None,ADHD
254,Non-Target,Yes,840,Commission,ADHD
255,Target,Yes,682,None,ADHD
256,Non-Target,No,0,None,ADHD
257,Non-Target,No,0,None,ADHD
258,Non-Target,No,0,None,ADHD
259,Non-Target,No,0,None,ADHD
260,Non-Target,Yes,561,Commission,ADHD
261,Non-Target,No,0,None,ADHD
262,Non-Target,No,0,None,ADHD
263,Non-Target,No,0,None,ADHD
264,Non-Target,No,0,None,ADHD
265,Target,Yes,561,None,ADHD
266,Target,No,0,Omission,ADHD
267,Target,Yes,751,None,ADHD
268,Target,Yes,581,None,ADHD
269,Non-Target,No,0,None,ADHD
270,Non-Target,Yes,606,Commission,ADHD
271,Non-Target,No,0,None,ADHD
272,Non-Target,No,0,None,ADHD
273,Non-Target,No,0,None,ADHD
274,Target,Yes,759,None,ADHD
275,Target,Yes,804,None,ADHD
276,Target,No,0,Omission,ADHD
277,Non-Target,No,0,None,ADHD
278,Target,Yes,651,None,ADHD
279,Non-Target,No,0,None,ADHD
280,Non-Target,No,0,None,ADHD
281,Non-Target,No,0,None,ADHD
282,Non-Target,No,0,None,ADHD
283,Non-Target,No,0,None,ADHD
284,Non-Target,No,0,None,ADHD
285,Non-Target,No,0,None,ADHD
286,Target,Yes,507,None,ADHD
287,Non-Target,No,0,None,ADHD
288,Non-Target,No,0,None,ADHD
289,Non-Target,Yes,492,Commission,ADHD
290,Non-Target,No,0,None,ADHD
291,Non-Target,Yes,625,Commission,ADHD
292,Non-Target,No,0,None,ADHD
293,Target,Yes,585,None,ADHD
294,Non-Target,Yes,360,Commission,ADHD
295,Non-Target,No,0,None,ADHD
296,Non-Target,No,0,None,ADHD
297,Non-Target,No,0,None,ADHD
298,Non-Target,No,0,None,ADHD
299,Target,No,0,Omission,ADHD
300,Non-Target,No,0,None,ADHD
301,Target,Yes,656,None,ADHD
302,Non-Target,No,0,None,ADHD
303,Non-Target,No,0,None,ADHD
304,Target,Yes,446,None,ADHD
305,Non-Target,No,0,None,ADHD
306,Non-Target,No,0,None,ADHD
307,Non-Target,No,0,None,ADHD
308,Target,Yes,564,None,ADHD
309,Non-Target,No,0,None,ADHD
310,Non-Target,No,0,None,ADHD
311,Target,Yes,519,None,ADHD
312,Target,Yes,525,None,ADHD
313,Non-Target,No,0,None,ADHD
314,Target,Yes,668,None,ADHD
315,Non-Target,No,0,None,ADHD
316,Target,Yes,436,None,ADHD
317,Non-Target,No,0,None,ADHD
318,Target,No,0,Omission,ADHD
319,Non-Target,No,0,None,ADHD
320,Non-Target,No,0,None,ADHD
321,Non-Target,No,0,None,ADHD
322,Non-Target,No,0,None,ADHD
323,Target,Yes,778,None,ADHD
324,Target,Yes,697,None,ADHD
325,Target,Yes,597,None,ADHD
326,Target,No,0,Omission,ADHD
327,Target,Yes,494,None,ADHD
328,Target,No,0,Omission,ADHD
329,Target,Yes,263,None,ADHD
330,Non-Target,No,0,None,ADHD
331,Non-Target,No,0,None,ADHD
332,Non-Target,No,0,None,ADHD
333,Target,Yes,444,None,ADHD
334,Non-Target,No,0,None,ADHD
335,Non-Target,No,0,None,ADHD
336,Non-Target,No,0,None,ADHD
337,Non-Target,No,0,None,ADHD
338,Non-Target,No,0,None,ADHD
339,Non-Target,Yes,698,Commission,ADHD
340,Non-Target,No,0,None,ADHD
341,Non-Target,No,0,None,ADHD
342,Non-Target,No,0,None,ADHD
343,Non-Target,No,0,None,ADHD
344,Target,Yes,604,None,ADHD
345,Non-Target,No,0,None,ADHD
346,Non-Target,No,0,None,ADHD
347,Non-Target,No,0,None,ADHD
348,Non-Target,Yes,572,Commission,ADHD
349,Non-Target,No,0,None,ADHD
350,Non-Target,No,0,None,ADHD
351,Target,Yes,615,None,ADHD
352,Non-Target,No,0,None,ADHD
353,Non-Target,No,0,None,ADHD
354,Target,Yes,644,None,ADHD
355,Target,No,0,Omission,ADHD
356,Target,Yes,574,None,ADHD
357,Non-Target,No,0,None,ADHD
358,Non-Target,No,0,None,ADHD
359,Non-Target,No,0,None,ADHD
360,Non-Target,No,0,None,ADHD
361,Non-Target,Yes,440,Commission,ADHD
362,Non-Target,No,0,None,ADHD
363,Non-Target,No,0,None,ADHD
364,Non-Target,No,0,None,ADHD
365,Non-Target,No,0,None,ADHD
366,Non-Target,No,0,None,ADHD
367,Non-Target,No,0,None,ADHD
368,Non-Target,No,0,None,ADHD
369,Non-Target,No,0,None,ADHD
370,Non-Target,No,0,None,ADHD
371,Target,No,0,Omission,ADHD
372,Non-Target,No,0,None,ADHD
373,Non-Target,No,0,None,ADHD
374,Non-Target,No,0,None,ADHD
375,Target,Yes,429,None,ADHD
376,Non-Target,No,0,None,ADHD
377,Non-Target,No,0,None,ADHD
378,Non-Target,No,0,None,ADHD
379,Non-Target,No,0,None,ADHD
380,Non-Target,No,0,None,ADHD
381,Target,Yes,396,None,ADHD
382,Non-Target,No,0,None,ADHD
383,Target,Yes,711,None,ADHD
384,Non-Target,Yes,668,Commission,ADHD
385,Target,Yes,865,None,ADHD
386,Target,Yes,767,None,ADHD
387,Non-Target,Yes,503,Commission,ADHD
388,Non-Target,No,0,None,ADHD
389,Non-Target,No,0,None,ADHD
390,Target,Yes,462,None,ADHD
391,Non-Target,No,0,None,ADHD
392,Non-Target,Yes,636,Commission,ADHD
393,Non-Target,No,0,None,ADHD
394,Non-Target,No,0,None,ADHD
395,Target,No,0,Omission,ADHD
396,Non-Target,Yes,728,Commission,ADHD
397,Non-Target,No,0,None,ADHD
398,Target,Yes,862,None,ADHD
399,Non-Target,No,0,None,ADHD
400,Non-Target,Yes,729,Commission,ADHD
401,Target,No,0,Omission,ADHD
402,Non-Target,Yes,644,Commission,ADHD
403,Non-Target,No,0,None,ADHD
404,Non-Target,No,0,None,ADHD
405,Non-Target,No,0,None,ADHD
406,Non-Target,No,0,None,ADHD
407,Non-Target,No,0,None,ADHD
408,Non-Target,No,0,None,ADHD
409,Non-Target,Yes,849,Commission,ADHD
410,Non-Target,No,0,None,ADHD
411,Non-Target,No,0,None,ADHD
412,Non-Target,No,0,None,ADHD
413,Target,Yes,586,None,ADHD
414,Non-Target,No,0,None,ADHD
415,Non-Target,Yes,697,Commission,ADHD
416,Target,Yes,716,None,ADHD
417,Target,No,0,Omission,ADHD
418,Non-Target,No,0,None,ADHD
419,Non-Target,No,0,None,ADHD
420,Non-Target,No,0,None,ADHD
421,Non-Target,Yes,273,Commission,ADHD
422,Non-Target,No,0,None,ADHD
423,Non-Target,No,0,None,ADHD
424,Non-Target,No,0,None,ADHD
425,Non-Target,No,0,None,ADHD
426,Non-Target,No,0,None,ADHD
427,Target,Yes,796,None,ADHD
428,Non-Target,No,0,None,ADHD
429,Non-Target,No,0,None,ADHD
430,Non-Target,No,0,None,ADHD
431,Target,No,0,Omission,ADHD
432,Non-Target,No,0,None,ADHD
433,Target,No,0,Omission,ADHD
434,Non-Target,No,0,None,ADHD
435,Target,No,0,Omission,ADHD
436,Non-Target,No,0,None,ADHD
437,Non-Target,No,0,None,ADHD
438,Non-Target,No,0,None,ADHD
439,Non-Target,No,0,None,ADHD
440,Non-Target,No,0,None,ADHD
441,Non-Target,No,0,None,ADHD
442,Non-Target,No,0,None,ADHD
443,Non-Target,No,0,None,ADHD
444,Non-Target,No,0,None,ADHD
445,Non-Target,No,0,None,ADHD
446,Non-Target,Yes,284,Commission,ADHD
447,Non-Target,No,0,None,ADHD
448,Non-Target,No,0,None,ADHD
449,Non-Target,No,0,None,ADHD
450,Non-Target,No,0,None,ADHD
451,Non-Target,No,0,None,ADHD
452,Target,Yes,547,None,ADHD
453,Target,Yes,757,None,ADHD
454,Non-Target,No,0,None,ADHD
455,Non-Target,No,0,None,ADHD
456,Non-Target,No,0,None,ADHD
457,Non-Target,No,0,None,ADHD
458,Target,Yes,674,None,ADHD
459,Target,Yes,596,None,ADHD
460,Non-Target,No,0,None,ADHD
461,Target,Yes,691,None,ADHD
462,Non-Target,No,0,None,ADHD
463,Non-Target,No,0,None,ADHD
464,Non-Target,No,0,None,ADHD
465,Non-Target,No,0,None,ADHD
466,Non-Target,No,0,None,ADHD
467,Non-Target,No,0,None,ADHD
468,Target,Yes,465,None,ADHD
469,Non-Target,No,0,None,ADHD
470,Non-Target,No,0,None,ADHD
471,Non-Target,No,0,None,ADHD
472,Target,Yes,638,None,ADHD
473,Non-Target,No,0,None,ADHD
474,Non-Target,No,0,None,ADHD
475,Non-Target,No,0,None,ADHD
476,Non-Target,No,0,None,ADHD
477,Non-Target,No,0,None,ADHD
478,Target,Yes,711,None,ADHD
479,Non-Target,No,0,None,ADHD
480,Target,Yes,736,None,ADHD
481,Non-Target,No,0,None,ADHD
482,Non-Target,No,0,None,ADHD
483,Non-Target,No,0,None,ADHD
484,Non-Target,No,0,None,ADHD
485,Target,Yes,520,None,ADHD
486,Non-Target,No,0,None,ADHD
487,Non-Target,No,0,None,ADHD
488,Non-Target,No,0,None,ADHD
489,Target,Yes,451,None,ADHD
490,Non-Target,No,0,None,ADHD
491,Non-Target,No,0,None,ADHD
492,Target,Yes,731,None,ADHD
493,Non-Target,No,0,None,ADHD
494,Non-Target,No,0,None,ADHD
495,Non-Target,No,0,None,ADHD
496,Target,No,0,Omission,ADHD
497,Target,Yes,533,None,ADHD
498,Non-Target,No,0,None,ADHD
499,Non-Target,No,0,None,ADHD
500,Target,Yes,447,None,ADHD
501,Non-Target,No,0,None,ADHD
502,Target,Yes,520,None,ADHD
503,Non-Target,No,0,None,ADHD
504,Target,Yes,470,None,ADHD
505,Target,Yes,526,None,ADHD
506,Non-Target,No,0,None,ADHD
507,Non-Target,No,0,None,ADHD
508,Non-Target,No,0,None,ADHD
509,Target,Yes,619,None,ADHD
510,Non-Target,No,0,None,ADHD
511,Non-Target,No,0,None,ADHD
512,Non-Target,Yes,574,Commission,ADHD
513,Non-Target,No,0,None,ADHD
514,Non-Target,No,0,None,ADHD
515,Non-Target,No,0,None,ADHD
516,Target,Yes,732,None,ADHD
517,Non-Target,No,0,None,ADHD
518,Non-Target,No,0,None,ADHD
519,Non-Target,No,0,None,ADHD
520,Non-Target,No,0,None,ADHD
521,Target,Yes,617,None,ADHD
522,Target,Yes,651,None,ADHD
523,Non-Target,No,0,None,ADHD
524,Non-Target,No,0,None,ADHD
525,Non-Target,No,0,None,ADHD
526,Non-Target,No,0,None,ADHD
527,Non-Target,No,0,None,ADHD
528,Non-Target,No,0,None,ADHD
529,Target,No,0,Omission,ADHD
530,Target,Yes,549,None,ADHD
531,Non-Target,No,0,None,ADHD
532,Target,Yes,375,None,ADHD
533,Target,Yes,727,None,ADHD
534,Target,Yes,630,None,ADHD
535,Target,Yes,511,None,ADHD
536,Non-Target,No,0,None,ADHD
537,Non-Target,No,0,None,ADHD
538,Non-Target,No,0,None,ADHD
539,Non-Target,No,0,None,ADHD
540,Non-Target,Yes,548,Commission,ADHD
541,Non-Target,No,0,None,ADHD
542,Non-Target,No,0,None,ADHD
543,Non-Target,No,0,None,ADHD
544,Non-Target,No,0,None,ADHD
545,Non-Target,No,0,None,ADHD
546,Target,Yes,829,None,ADHD
547,Non-Target,No,0,None,ADHD
548,Non-Target,No,0,None,ADHD
549,Target,No,0,Omission,ADHD
550,Non-Target,No,0,None,ADHD
551,Non-Target,Yes,488,Commission,ADHD
552,Non-Target,Yes,678,Commission,ADHD
553,Non-Target,No,0,None,ADHD
554,Non-Target,No,0,None,ADHD
555,Non-Target,No,0,None,ADHD
556,Target,Yes,390,None,ADHD
557,Non-Target,No,0,None,ADHD
558,Non-Target,No,0,None,ADHD
559,Non-Target,No,0,None,ADHD
560,Target,No,0,Omission,ADHD
561,Target,Yes,739,None,ADHD
562,Target,Yes,548,None,ADHD
563,Non-Target,No,0,None,ADHD
564,Non-Target,No,0,None,ADHD
565,Non-Target,No,0,None,ADHD
566,Non-Target,Yes,597,Commission,ADHD
567,Non-Target,No,0,None,ADHD
568,Non-Target,No,0,None,ADHD
569,Non-Target,No,0,None,ADHD
570,Non-Target,No,0,None,ADHD
571,Target,Yes,539,None,ADHD
572,Target,Yes,747,None,ADHD
573,Non-Target,Yes,703,Commission,ADHD
574,Target,No,0,Omission,ADHD
575,Target,Yes,307,None,ADHD
576,Non-Target,No,0,None,ADHD
577,Non-Target,No,0,None,ADHD
578,Non-Target,No,0,None,ADHD
579,Non-Target,No,0,None,ADHD
580,Non-Target,No,0,None,ADHD
581,Target,No,0,Omission,ADHD
582,Non-Target,No,0,None,ADHD
583,Non-Target,No,0,None,ADHD
584,Non-Target,No,0,None,ADHD
585,Target,Yes,584,None,ADHD
586,Non-Target,No,0,None,ADHD
587,Target,No,0,Omission,ADHD
588,Non-Target,No,0,None,ADHD
589,Non-Target,No,0,None,ADHD
590,Non-Target,No,0,None,ADHD
591,Non-Target,No,0,None,ADHD
592,Non-Target,No,0,None,ADHD
593,Non-Target,No,0,None,ADHD
594,Target,Yes,657,None,ADHD
595,Non-Target,Yes,493,Commission,ADHD
596,Target,Yes,576,None,ADHD
597,Non-Target,No,0,None,ADHD
598,Target,Yes,773,None,ADHD
599,Non-Target,No,0,None,ADHD
600,Non-Target,No,0,None,ADHD
601,Non-Target,No,0,None,ADHD
602,Target,Yes,618,None,ADHD
603,Non-Target,No,0,None,ADHD
604,Non-Target,No,0,None,ADHD
605,Target,Yes,695,None,ADHD
606,Non-Target,No,0,None,ADHD
607,Non-Target,No,0,None,ADHD
608,Target,Yes,636,None,ADHD
609,Non-Target,No,0,None,ADHD
610,Non-Target,Yes,535,Commission,ADHD
611,Non-Target,Yes,373,Commission,ADHD
612,Target,No,0,Omission,ADHD
613,Target,Yes,598,None,ADHD
614,Target,Yes,849,None,ADHD
615,Non-Target,No,0,None,ADHD
616,Non-Target,No,0,None,ADHD
617,Non-Target,No,0,None,ADHD
618,Target,Yes,567,None,ADHD
619,Non-Target,No,0,None,ADHD
620,Non-Target,No,0,None,ADHD
621,Non-Target,No,0,None,ADHD
622,Target,Yes,504,None,ADHD
623,Target,Yes,546,None,ADHD
624,Target,Yes,733,None,ADHD
625,Non-Target,No,0,None,ADHD
626,Target,Yes,854,None,ADHD
627,Non-Target,No,0,None,ADHD
628,Non-Target,No,0,None,ADHD
629,Non-Target,No,0,None,ADHD
630,Non-Target,No,0,None,ADHD
631,Non-Target,No,0,None,ADHD
632,Target,Yes,480,None,ADHD
633,Non-Target,No,0,None,ADHD
634,Non-Target,No,0,None,ADHD
635,Non-Target,No,0,None,ADHD
636,Non-Target,No,0,None,ADHD
637,Non-Target,No,0,None,ADHD
638,Target,No,0,Omission,ADHD
639,Non-Target,No,0,None,ADHD
640,Non-Target,No,0,None,ADHD
641,Non-Target,No,0,None,ADHD
642,Target,Yes,449,None,ADHD
643,Target,Yes,502,None,ADHD
644,Non-Target,No,0,None,ADHD
645,Target,Yes,630,None,ADHD
646,Non-Target,No,0,None,ADHD
647,Non-Target,No,0,None,ADHD
648,Non-Target,No,0,None,ADHD
649,Non-Target,No,0,None,ADHD
650,Target,Yes,412,None,ADHD
651,Non-Target,Yes,561,Commission,ADHD
652,Non-Target,No,0,None,ADHD
653,Non-Target,No,0,None,ADHD
654,Non-Target,No,0,None,ADHD
655,Non-Target,No,0,None,ADHD
656,Non-Target,No,0,None,ADHD
657,Non-Target,Yes,808,Commission,ADHD
658,Target,No,0,Omission,ADHD
659,Target,No,0,Omission,ADHD
660,Non-Target,No,0,None,ADHD
661,Non-Target,No,0,None,ADHD
662,Non-Target,No,0,None,ADHD
663,Non-Target,No,0,None,ADHD
664,Non-Target,No,0,None,ADHD
665,Non-Target,No,0,None,ADHD
666,Non-Target,Yes,600,Commission,ADHD
667,Target,Yes,616,None,ADHD
668,Target,Yes,516,None,ADHD
669,Non-Target,No,0,None,ADHD
670,Non-Target,No,0,None,ADHD
671,Non-Target,No,0,None,ADHD
672,Non-Target,No,0,None,ADHD
673,Non-Target,No,0,None,ADHD
674,Non-Target,No,0,None,ADHD
675,Non-Target,No,0,None,ADHD
676,Non-Target,Yes,695,Commission,ADHD
677,Non-Target,No,0,None,ADHD
678,Non-Target,No,0,None,ADHD
679,Target,Yes,631,None,ADHD
680,Non-Target,Yes,455,Commission,ADHD
681,Non-Target,No,0,None,ADHD
682,Non-Target,No,0,None,ADHD
683,Non-Target,No,0,None,ADHD
684,Non-Target,No,0,None,ADHD
685,Non-Target,Yes,596,Commission,ADHD
686,Target,Yes,666,None,ADHD
687,Non-Target,No,0,None,ADHD
688,Non-Target,No,0,None,ADHD
689,Target,Yes,657,None,ADHD
690,Target,Yes,648,None,ADHD
691,Non-Target,No,0,None,ADHD
692,Non-Target,No,0,None,ADHD
693,Non-Target,No,0,None,ADHD
694,Non-Target,Yes,530,Commission,ADHD
695,Non-Target,No,0,None,ADHD
696,Non-Target,No,0,None,ADHD
697,Target,Yes,493,None,ADHD
698,Target,Yes,557,None,ADHD
699,Non-Target,No,0,None,ADHD
700,Non-Target,No,0,None,ADHD
701,Non-Target,No,0,None,ADHD
702,Non-Target,No,0,None,ADHD
703,Target,No,0,Omission,ADHD
704,Non-Target,No,0,None,ADHD
705,Non-Target,No,0,None,ADHD
706,Non-Target,No,0,None,ADHD
707,Target,Yes,528,None,ADHD
708,Non-Target,No,0,None,ADHD
709,Non-Target,No,0,None,ADHD
710,Target,Yes,570,None,ADHD
711,Non-Target,No,0,None,ADHD
712,Non-Target,Yes,464,Commission,ADHD
713,Target,Yes,588,None,ADHD
714,Non-Target,Yes,370,Commission,ADHD
715,Non-Target,No,0,None,ADHD
716,Non-Target,No,0,None,ADHD
717,Non-Target,No,0,None,ADHD
718,Target,Yes,410,None,ADHD
719,Non-Target,Yes,633,Commission,ADHD
720,Non-Target,No,0,None,ADHD
721,Non-Target,No,0,None,ADHD
722,Target,Yes,583,None,ADHD
723,Non-Target,No,0,None,ADHD
724,Non-Target,No,0,None,ADHD
725,Non-Target,No,0,None,ADHD
726,Target,Yes,639,None,ADHD
727,Target,Yes,636,None,ADHD
728,Target,Yes,710,None,ADHD
729,Target,Yes,646,None,ADHD
730,Non-Target,No,0,None,ADHD
731,Target,Yes,539,None,ADHD
732,Non-Target,No,0,None,ADHD
733,Non-Target,No,0,None,ADHD
734,Non-Target,No,0,None,ADHD
735,Non-Target,No,0,None,ADHD
736,Non-Target,No,0,None,ADHD
737,Target,Yes,648,None,ADHD
738,Non-Target,No,0,None,ADHD
739,Target,No,0,Omission,ADHD
740,Non-Target,No,0,None,ADHD
741,Target,Yes,479,None,ADHD
742,Non-Target,No,0,None,ADHD
743,Target,No,0,Omission,ADHD
744,Target,Yes,580,None,ADHD
745,Non-Target,No,0,None,ADHD
746,Non-Target,No,0,None,ADHD
747,Target,Yes,900,None,ADHD
748,Non-Target,No,0,None,ADHD
749,Target,No,0,Omission,ADHD
750,Non-Target,No,0,None,ADHD
751,Non-Target,No,0,None,ADHD
752,Non-Target,No,0,None,ADHD
753,Target,No,0,Omission,ADHD
754,Non-Target,No,0,None,ADHD
755,Non-Target,No,0,None,ADHD
756,Target,Yes,826,None,ADHD
757,Non-Target,No,0,None,ADHD
758,Non-Target,No,0,None,ADHD
759,Non-Target,No,0,None,ADHD
760,Non-Target,No,0,None,ADHD
761,Target,Yes,426,None,ADHD
762,Target,Yes,568,None,ADHD
763,Non-Target,No,0,None,ADHD
764,Target,Yes,538,None,ADHD
765,Target,Yes,635,None,ADHD
766,Non-Target,No,0,None,ADHD
767,Target,Yes,689,None,ADHD
768,Non-Target,No,0,None,ADHD
769,Non-Target,No,0,None,ADHD
770,Non-Target,No,0,None,ADHD
771,Non-Target,No,0,None,ADHD
772,Target,Yes,542,None,ADHD
773,Non-Target,Yes,695,Commission,ADHD
774,Non-Target,Yes,604,Commission,ADHD
775,Non-Target,No,0,None,ADHD
776,Non-Target,No,0,None,ADHD
777,Non-Target,No,0,None,ADHD
778,Non-Target,No,0,None,ADHD
779,Target,Yes,605,None,ADHD
780,Non-Target,Yes,774,Commission,ADHD
781,Non-Target,No,0,None,ADHD
782,Target,No,0,Omission,ADHD
783,Target,No,0,Omission,ADHD
784,Non-Target,No,0,None,ADHD
785,Non-Target,No,0,None,ADHD
786,Non-Target,No,0,None,ADHD
787,Non-Target,No,0,None,ADHD
788,Non-Target,No,0,None,ADHD
789,Target,Yes,647,None,ADHD
790,Non-Target,No,0,None,ADHD
791,Non-Target,No,0,None,ADHD
792,Non-Target,No,0,None,ADHD
793,Non-Target,No,0,None,ADHD
794,Non-Target,No,0,None,ADHD
795,Non-Target,No,0,None,ADHD
796,Target,No,0,Omission,ADHD
797,Non-Target,No,0,None,ADHD
798,Non-Target,No,0,None,ADHD
799,Non-Target,No,0,None,ADHD
800,Target,Yes,678,None,ADHD
801,Target,Yes,675,None,ADHD
802,Non-Target,No,0,None,ADHD
803,Non-Target,No,0,None,ADHD
804,Target,No,0,Omission,ADHD
805,Non-Target,No,0,None,ADHD
806,Non-Target,No,0,None,ADHD
807,Target,Yes,565,None,ADHD
808,Non-Target,No,0,None,ADHD
809,Non-Target,No,0,None,ADHD
810,Non-Target,No,0,None,ADHD
811,Target,Yes,498,None,ADHD
812,Non-Target,No,0,None,ADHD
813,Non-Target,No,0,None,ADHD
814,Non-Target,Yes,700,Commission,ADHD
815,Non-Target,No,0,None,ADHD
816,Non-Target,No,0,None,ADHD
817,Non-Target,Yes,360,Commission,ADHD
818,Non-Target,No,0,None,ADHD
819,Target,Yes,624,None,ADHD
820,Non-Target,No,0,None,ADHD
821,Non-Target,No,0,None,ADHD
822,Non-Target,No,0,None,ADHD
823,Non-Target,No,0,None,ADHD
824,Non-Target,No,0,None,ADHD
825,Target,Yes,493,None,ADHD
826,Non-Target,No,0,None,ADHD
827,Target,Yes,794,None,ADHD
828,Non-Target,No,0,None,ADHD
829,Non-Target,No,0,None,ADHD
830,Target,No,0,Omission,ADHD
831,Non-Target,No,0,None,ADHD
832,Non-Target,No,0,None,ADHD
833,Target,Yes,613,None,ADHD
834,Non-Target,No,0,None,ADHD
835,Target,Yes,621,None,ADHD
836,Target,No,0,Omission,ADHD
837,Non-Target,Yes,538,Commission,ADHD
838,Non-Target,No,0,None,ADHD
839,Non-Target,No,0,None,ADHD
840,Target,Yes,592,None,ADHD
841,Non-Target,No,0,None,ADHD
842,Non-Target,No,0,None,ADHD
843,Non-Target,No,0,None,ADHD
844,Non-Target,No,0,None,ADHD
845,Non-Target,No,0,None,ADHD
846,Non-Target,No,0,None,ADHD
847,Non-Target,No,0,None,ADHD
848,Non-Target,No,0,None,ADHD
849,Target,Yes,684,None,ADHD
850,Non-Target,No,0,None,ADHD
851,Non-Target,No,0,None,ADHD
852,Non-Target,No,0,None,ADHD
853,Non-Target,Yes,590,Commission,ADHD
854,Target,No,0,Omission,ADHD
855,Non-Target,No,0,None,ADHD
856,Non-Target,No,0,None,ADHD
857,Target,Yes,647,None,ADHD
858,Non-Target,No,0,None,ADHD
859,Non-Target,No,0,None,ADHD
860,Non-Target,No,0,None,ADHD
861,Non-Target,Yes,438,Commission,ADHD
862,Non-Target,No,0,None,ADHD
863,Non-Target,No,0,None,ADHD
864,Target,Yes,682,None,ADHD
865,Target,Yes,601,None,ADHD
866,Target,Yes,503,None,ADHD
867,Target,Yes,623,None,ADHD
868,Non-Target,No,0,None,ADHD
869,Target,Yes,714,None,ADHD
870,Non-Target,Yes,562,Commission,ADHD
871,Target,Yes,734,None,ADHD
872,Non-Target,No,0,None,ADHD
873,Target,Yes,903,None,ADHD
874,Non-Target,No,0,None,ADHD
875,Target,Yes,698,None,ADHD
876,Non-Target,No,0,None,ADHD
877,Non-Target,No,0,None,ADHD
878,Non-Target,No,0,None,ADHD
879,Non-Target,No,0,None,ADHD
880,Non-Target,No,0,None,ADHD
881,Target,Yes,538,None,ADHD
882,Non-Target,No,0,None,ADHD
883,Non-Target,Yes,661,Commission,ADHD
884,Non-Target,Yes,635,Commission,ADHD
885,Non-Target,Yes,366,Commission,ADHD
886,Non-Target,No,0,None,ADHD
887,Target,Yes,567,None,ADHD
888,Non-Target,No,0,None,ADHD
889,Non-Target,No,0,None,ADHD
890,Non-Target,No,0,None,ADHD
891,Target,Yes,732,None,ADHD
892,Non-Target,No,0,None,ADHD
893,Non-Target,No,0,None,ADHD
894,Non-Target,No,0,None,ADHD
895,Non-Target,No,0,None,ADHD
896,Non-Target,No,0,None,ADHD
897,Non-Target,No,0,None,ADHD
898,Non-Target,Yes,681,Commission,ADHD
899,Non-Target,No,0,None,ADHD
900,Non-Target,No,0,None,ADHD
901,Non-Target,No,0,None,ADHD
902,Non-Target,No,0,None,ADHD
903,Non-Target,No,0,None,ADHD
904,Target,Yes,530,None,ADHD
905,Target,Yes,711,None,ADHD
906,Target,Yes,898,None,ADHD
907,Non-Target,No,0,None,ADHD
908,Target,Yes,807,None,ADHD
909,Non-Target,No,0,None,ADHD
910,Non-Target,Yes,402,Commission,ADHD
911,Non-Target,No,0,None,ADHD
912,Target,Yes,756,None,ADHD
913,Target,Yes,694,None,ADHD
914,Non-Target,Yes,309,Commission,ADHD
915,Non-Target,No,0,None,ADHD
916,Non-Target,No,0,None,ADHD
917,Target,No,0,Omission,ADHD
918,Non-Target,No,0,None,ADHD
919,Target,Yes,458,None,ADHD
920,Non-Target,No,0,None,ADHD
921,Target,Yes,480,None,ADHD
922,Non-Target,Yes,445,Commission,ADHD
923,Non-Target,No,0,None,ADHD
924,Non-Target,No,0,None,ADHD
925,Non-Target,Yes,458,Commission,ADHD
926,Non-Target,No,0,None,ADHD
927,Non-Target,No,0,None,ADHD
928,Target,Yes,436,None,ADHD
929,Non-Target,No,0,None,ADHD
930,Target,Yes,539,None,ADHD
931,Non-Target,No,0,None,ADHD
932,Non-Target,No,0,None,ADHD
933,Target,Yes,730,None,ADHD
934,Target,Yes,631,None,ADHD
935,Non-Target,No,0,None,ADHD
936,Non-Target,No,0,None,ADHD
937,Non-Target,No,0,None,ADHD
938,Non-Target,No,0,None,ADHD
939,Non-Target,No,0,None,ADHD
940,Target,Yes,587,None,ADHD
941,Non-Target,No,0,None,ADHD
942,Non-Target,No,0,None,ADHD
943,Target,Yes,774,None,ADHD
944,Non-Target,No,0,None,ADHD
945,Non-Target,No,0,None,ADHD
946,Non-Target,No,0,None,ADHD
947,Target,No,0,Omission,ADHD
948,Target,Yes,370,None,ADHD
949,Target,Yes,562,None,ADHD
950,Non-Target,No,0,None,ADHD
951,Non-Target,No,0,None,ADHD
952,Non-Target,No,0,None,ADHD
953,Non-Target,No,0,None,ADHD
954,Non-Target,No,0,None,ADHD
955,Target,Yes,781,None,ADHD
956,Target,No,0,Omission,ADHD
957,Target,Yes,624,None,ADHD
958,Target,Yes,583,None,ADHD
959,Non-Target,Yes,371,Commission,ADHD
960,Target,Yes,607,None,ADHD
961,Non-Target,No,0,None,ADHD
962,Target,Yes,510,None,ADHD
963,Non-Target,No,0,None,ADHD
964,Non-Target,No,0,None,ADHD
965,Target,Yes,837,None,ADHD
966,Target,Yes,573,None,ADHD
967,Non-Target,No,0,None,ADHD
968,Non-Target,No,0,None,ADHD
969,Non-Target,No,0,None,ADHD
970,Target,No,0,Omission,ADHD
971,Target,Yes,697,None,ADHD
972,Non-Target,No,0,None,ADHD
973,Target,Yes,468,None,ADHD
974,Non-Target,No,0,None,ADHD
975,Non-Target,No,0,None,ADHD
976,Non-Target,No,0,None,ADHD
977,Non-Target,No,0,None,ADHD
978,Non-Target,No,0,None,ADHD
979,Non-Target,No,0,None,ADHD
980,Non-Target,No,0,None,ADHD
981,Non-Target,No,0,None,ADHD
982,Target,Yes,647,None,ADHD
983,Target,Yes,393,None,ADHD
984,Non-Target,Yes,564,Commission,ADHD
985,Non-Target,No,0,None,ADHD
986,Non-Target,No,0,None,ADHD
987,Non-Target,No,0,None,ADHD
988,Non-Target,No,0,None,ADHD
989,Non-Target,Yes,697,Commission,ADHD
990,Non-Target,No,0,None,ADHD
991,Target,Yes,582,None,ADHD
992,Target,Yes,559,None,ADHD
993,Target,Yes,543,None,ADHD
994,Non-Target,No,0,None,ADHD
995,Target,Yes,655,None,ADHD
996,Target,Yes,368,None,ADHD
997,Non-Target,No,0,None,ADHD
998,Non-Target,No,0,None,ADHD
999,Target,No,0,Omission,ADHD
1000,Non-Target,No,0,None,ADHD
1001,Target,Yes,443,None,ADHD
1002,Target,Yes,505,None,ADHD
1003,Non-Target,No,0,None,ADHD
1004,Non-Target,No,0,None,ADHD
1005,Target,Yes,537,None,ADHD
1006,Target,Yes,431,None,ADHD
1007,Non-Target,No,0,None,ADHD
1008,Non-Target,No,0,None,ADHD
1009,Non-Target,No,0,None,ADHD
1010,Non-Target,No,0,None,ADHD
1011,Non-Target,No,0,None,ADHD
1012,Non-Target,Yes,501,Commission,ADHD
1013,Target,Yes,480,None,ADHD
1014,Target,Yes,512,None,ADHD
1015,Target,Yes,836,None,ADHD
1016,Target,Yes,582,None,ADHD
1017,Non-Target,No,0,None,ADHD
1018,Target,Yes,438,None,ADHD
1019,Target,Yes,661,None,ADHD
1020,Non-Target,No,0,None,ADHD
1021,Target,Yes,549,None,ADHD
1022,Non-Target,No,0,None,ADHD
1023,Target,Yes,480,None,ADHD
1024,Target,Yes,727,None,ADHD
1025,Non-Target,No,0,None,ADHD
1026,Non-Target,No,0,None,ADHD
1027,Non-Target,No,0,None,ADHD
1028,Target,Yes,451,None,ADHD
1029,Non-Target,Yes,736,Commission,ADHD
1030,Non-Target,No,0,None,ADHD
1031,Target,Yes,809,None,ADHD
1032,Non-Target,Yes,736,Commission,ADHD
1033,Target,Yes,688,None,ADHD
1034,Target,No,0,Omission,ADHD
1035,Non-Target,No,0,None,ADHD
1036,Non-Target,No,0,None,ADHD
1037,Non-Target,No,0,None,ADHD
1038,Target,Yes,733,None,ADHD
1039,Non-Target,No,0,None,ADHD
1040,Target,Yes,682,None,ADHD
1041,Non-Target,No,0,None,ADHD
1042,Non-Target,No,0,None,ADHD
1043,Non-Target,No,0,None,ADHD
1044,Non-Target,No,0,None,ADHD
1045,Target,No,0,Omission,ADHD
1046,Non-Target,No,0,None,ADHD
1047,Target,No,0,Omission,ADHD
1048,Non-Target,No,0,None,ADHD
1049,Non-Target,No,0,None,ADHD
1050,Target,Yes,529,None,ADHD
1051,Target,Yes,661,None,ADHD
1052,Non-Target,No,0,None,ADHD
1053,Non-Target,No,0,None,ADHD
1054,Target,Yes,717,None,ADHD
1055,Non-Target,Yes,988,Commission,ADHD
1056,Target,Yes,816,None,ADHD
1057,Target,No,0,Omission,ADHD
1058,Non-Target,No,0,None,ADHD
1059,Non-Target,No,0,None,ADHD
1060,Target,Yes,433,None,ADHD
1061,Target,Yes,597,None,ADHD
1062,Target,Yes,781,None,ADHD
1063,Non-Target,No,0,None,ADHD
1064,Non-Target,No,0,None,ADHD
1065,Target,Yes,608,None,ADHD
1066,Non-Target,No,0,None,ADHD
1067,Non-Target,No,0,None,ADHD
1068,Target,Yes,508,None,ADHD
1069,Target,Yes,474,None,ADHD
1070,Target,Yes,788,None,ADHD
1071,Target,No,0,Omission,ADHD
1072,Non-Target,No,0,None,ADHD
1073,Target,Yes,625,None,ADHD
1074,Target,No,0,Omission,ADHD
1075,Non-Target,No,0,None,ADHD
1076,Target,No,0,Omission,ADHD
1077,Target,Yes,423,None,ADHD
1078,Target,Yes,635,None,ADHD
1079,Non-Target,No,0,None,ADHD
1080,Non-Target,No,0,None,ADHD
1081,Non-Target,No,0,None,ADHD
1082,Non-Target,No,0,None,ADHD
1083,Non-Target,No,0,None,ADHD
1084,Non-Target,No,0,None,ADHD
1085,Non-Target,No,0,None,ADHD
1086,Non-Target,No,0,None,ADHD
1087,Target,No,0,Omission,ADHD
1088,Non-Target,No,0,None,ADHD
1089,Target,Yes,819,None,ADHD
1090,Non-Target,No,0,None,ADHD
1091,Non-Target,No,0,None,ADHD
1092,Non-Target,No,0,None,ADHD
1093,Non-Target,No,0,None,ADHD
1094,Target,Yes,671,None,ADHD
1095,Non-Target,No,0,None,ADHD
1096,Non-Target,No,0,None,ADHD
1097,Non-Target,No,0,None,ADHD
1098,Target,Yes,346,None,ADHD
1099,Non-Target,No,0,None,ADHD
1100,Non-Target,No,0,None,ADHD
1101,Non-Target,No,0,None,ADHD
1102,Non-Target,No,0,None,ADHD
1103,Target,Yes,709,None,ADHD
1104,Target,Yes,616,None,ADHD
1105,Non-Target,No,0,None,ADHD
1106,Non-Target,No,0,None,ADHD
1107,Target,Yes,858,None,ADHD
1108,Non-Target,No,0,None,ADHD
1109,Non-Target,No,0,None,ADHD
1110,Target,Yes,638,None,ADHD
1111,Non-Target,No,0,None,ADHD
1112,Non-Target,No,0,None,ADHD
1113,Non-Target,No,0,None,ADHD
1114,Non-Target,No,0,None,ADHD
1115,Non-Target,No,0,None,ADHD
1116,Non-Target,No,0,None,ADHD
1117,Non-Target,No,0,None,ADHD
1118,Target,Yes,660,None,ADHD
1119,Target,No,0,Omission,ADHD
1120,Target,Yes,606,None,ADHD
1121,Non-Target,No,0,None,ADHD
1122,Non-Target,No,0,None,ADHD
1123,Non-Target,No,0,None,ADHD
1124,Target,Yes,540,None,ADHD
1125,Non-Target,No,0,None,ADHD
1126,Target,Yes,826,None,ADHD
1127,Target,No,0,Omission,ADHD
1128,Target,Yes,750,None,ADHD
1129,Non-Target,No,0,None,ADHD
1130,Target,Yes,776,None,ADHD
1131,Target,Yes,523,None,ADHD
1132,Non-Target,No,0,None,ADHD
1133,Target,No,0,Omission,ADHD
1134,Target,Yes,669,None,ADHD
1135,Non-Target,No,0,None,ADHD
1136,Target,Yes,732,None,ADHD
1137,Target,Yes,670,None,ADHD
1138,Non-Target,No,0,None,ADHD
1139,Non-Target,Yes,780,Commission,ADHD
1140,Non-Target,No,0,None,ADHD
1141,Non-Target,Yes,618,Commission,ADHD
1142,Non-Target,No,0,None,ADHD
1143,Non-Target,No,0,None,ADHD
1144,Non-Target,No,0,None,ADHD
1145,Non-Target,No,0,None,ADHD
1146,Non-Target,No,0,None,ADHD
1147,Non-Target,No,0,None,ADHD
1148,Non-Target,No,0,None,ADHD
1149,Target,Yes,559,None,ADHD
1150,Non-Target,Yes,329,Commission,ADHD
1151,Non-Target,Yes,745,Commission,ADHD
1152,Non-Target,No,0,None,ADHD
1153,Non-Target,No,0,None,ADHD
1154,Non-Target,No,0,None,ADHD
1155,Non-Target,No,0,None,ADHD
1156,Non-Target,No,0,None,ADHD
1157,Non-Target,No,0,None,ADHD
1158,Target,Yes,511,None,ADHD
1159,Non-Target,No,0,None,ADHD
1160,Target,Yes,643,None,ADHD
1161,Non-Target,No,0,None,ADHD
1162,Target,Yes,687,None,ADHD
1163,Non-Target,Yes,778,Commission,ADHD
1164,Non-Target,No,0,None,ADHD
1165,Non-Target,No,0,None,ADHD
1166,Non-Target,Yes,851,Commission,ADHD
1167,Target,Yes,757,None,ADHD
1168,Non-Target,No,0,None,ADHD
1169,Target,Yes,426,None,ADHD
1170,Target,Yes,746,None,ADHD
1171,Non-Target,No,0,None,ADHD
1172,Non-Target,No,0,None,ADHD
1173,Non-Target,No,0,None,ADHD
1174,Target,Yes,699,None,ADHD
1175,Non-Target,No,0,None,ADHD
1176,Target,No,0,Omission,ADHD
1177,Target,No,0,Omission,ADHD
1178,Non-Target,No,0,None,ADHD
1179,Non-Target,No,0,None,ADHD
1180,Non-Target,No,0,None,ADHD
1181,Non-Target,No,0,None,ADHD
1182,Non-Target,No,0,None,ADHD
1183,Non-Target,No,0,None,ADHD
1184,Non-Target,No,0,None,ADHD
1185,Target,Yes,709,None,ADHD
1186,Non-Target,No,0,None,ADHD
1187,Target,Yes,381,None,ADHD
1188,Non-Target,No,0,None,ADHD
1189,Non-Target,No,0,None,ADHD
1190,Non-Target,No,0,None,ADHD
1191,Non-Target,No,0,None,ADHD
1192,Non-Target,No,0,None,ADHD
1193,Non-Target,No,0,None,ADHD
1194,Target,Yes,734,None,ADHD
1195,Target,Yes,643,None,ADHD
1196,Non-Target,No,0,None,ADHD
1197,Target,Yes,721,None,ADHD
1198,Non-Target,No,0,None,ADHD
1199,Non-Target,Yes,833,Commission,ADHD
1200,Target,Yes,655,None,ADHD
