Trial,StimulusType,Reaction,ReactionTime(ms),ErrorType,Label
1,Non-Target,No,0,None,ADHD
2,Non-Target,No,0,None,ADHD
3,Non-Target,No,0,None,ADHD
4,Non-Target,No,0,None,ADHD
5,Target,Yes,947,None,ADHD
6,Non-Target,No,0,None,ADHD
7,Non-Target,No,0,None,ADHD
8,Non-Target,No,0,None,ADHD
9,Non-Target,No,0,None,ADHD
10,Target,Yes,589,None,ADHD
11,Non-Target,No,0,None,ADHD
12,Non-Target,Yes,558,Commission,ADHD
13,Non-Target,No,0,None,ADHD
14,Non-Target,No,0,None,ADHD
15,Non-Target,No,0,None,ADHD
16,Non-Target,No,0,None,ADHD
17,Non-Target,No,0,None,ADHD
18,Non-Target,No,0,None,ADHD
19,Non-Target,No,0,None,ADHD
20,Non-Target,No,0,None,ADHD
21,Non-Target,No,0,None,ADHD
22,Non-Target,Yes,689,Commission,ADHD
23,Target,No,0,Omission,ADHD
24,Target,Yes,738,None,ADHD
25,Non-Target,No,0,None,ADHD
26,Non-Target,No,0,None,ADHD
27,Non-Target,No,0,None,ADHD
28,Non-Target,No,0,None,ADHD
29,Non-Target,Yes,620,Commission,ADHD
30,Target,Yes,540,None,ADHD
31,Non-Target,No,0,None,ADHD
32,Non-Target,No,0,None,ADHD
33,Non-Target,Yes,609,Commission,ADHD
34,Non-Target,No,0,None,ADHD
35,Target,Yes,539,None,ADHD
36,Non-Target,No,0,None,ADHD
37,Non-Target,No,0,None,ADHD
38,Non-Target,Yes,513,Commission,ADHD
39,Target,Yes,523,None,ADHD
40,Non-Target,No,0,None,ADHD
41,Target,Yes,311,None,ADHD
42,Non-Target,Yes,753,Commission,ADHD
43,Target,No,0,Omission,ADHD
44,Non-Target,No,0,None,ADHD
45,Non-Target,No,0,None,ADHD
46,Target,No,0,Omission,ADHD
47,Non-Target,No,0,None,ADHD
48,Non-Target,No,0,None,ADHD
49,Non-Target,Yes,708,Commission,ADHD
50,Non-Target,No,0,None,ADHD
51,Non-Target,Yes,556,Commission,ADHD
52,Non-Target,No,0,None,ADHD
53,Non-Target,No,0,None,ADHD
54,Non-Target,No,0,None,ADHD
55,Target,Yes,642,None,ADHD
56,Non-Target,No,0,None,ADHD
57,Target,No,0,Omission,ADHD
58,Non-Target,No,0,None,ADHD
59,Non-Target,No,0,None,ADHD
60,Non-Target,No,0,None,ADHD
61,Non-Target,No,0,None,ADHD
62,Target,Yes,739,None,ADHD
63,Non-Target,No,0,None,ADHD
64,Non-Target,No,0,None,ADHD
65,Target,Yes,534,None,ADHD
66,Non-Target,No,0,None,ADHD
67,Non-Target,No,0,None,ADHD
68,Target,No,0,Omission,ADHD
69,Target,No,0,Omission,ADHD
70,Non-Target,No,0,None,ADHD
71,Non-Target,Yes,775,Commission,ADHD
72,Non-Target,No,0,None,ADHD
73,Target,No,0,Omission,ADHD
74,Target,No,0,Omission,ADHD
75,Non-Target,No,0,None,ADHD
76,Non-Target,No,0,None,ADHD
77,Target,Yes,718,None,ADHD
78,Non-Target,No,0,None,ADHD
79,Non-Target,No,0,None,ADHD
80,Target,Yes,678,None,ADHD
81,Non-Target,No,0,None,ADHD
82,Non-Target,No,0,None,ADHD
83,Non-Target,No,0,None,ADHD
84,Non-Target,No,0,None,ADHD
85,Non-Target,Yes,575,Commission,ADHD
86,Target,Yes,662,None,ADHD
87,Non-Target,No,0,None,ADHD
88,Non-Target,No,0,None,ADHD
89,Target,Yes,384,None,ADHD
90,Non-Target,No,0,None,ADHD
91,Non-Target,No,0,None,ADHD
92,Non-Target,No,0,None,ADHD
93,Non-Target,No,0,None,ADHD
94,Non-Target,No,0,None,ADHD
95,Target,No,0,Omission,ADHD
96,Non-Target,No,0,None,ADHD
97,Non-Target,No,0,None,ADHD
98,Non-Target,No,0,None,ADHD
99,Non-Target,No,0,None,ADHD
100,Non-Target,Yes,617,Commission,ADHD
101,Non-Target,Yes,698,Commission,ADHD
102,Target,Yes,471,None,ADHD
103,Non-Target,No,0,None,ADHD
104,Non-Target,No,0,None,ADHD
105,Non-Target,No,0,None,ADHD
106,Non-Target,No,0,None,ADHD
107,Non-Target,Yes,696,Commission,ADHD
108,Non-Target,Yes,564,Commission,ADHD
109,Non-Target,No,0,None,ADHD
110,Non-Target,No,0,None,ADHD
111,Non-Target,No,0,None,ADHD
112,Non-Target,No,0,None,ADHD
113,Target,Yes,438,None,ADHD
114,Target,Yes,661,None,ADHD
115,Target,No,0,Omission,ADHD
116,Non-Target,No,0,None,ADHD
117,Target,Yes,469,None,ADHD
118,Target,No,0,Omission,ADHD
119,Non-Target,No,0,None,ADHD
120,Non-Target,No,0,None,ADHD
121,Non-Target,No,0,None,ADHD
122,Non-Target,No,0,None,ADHD
123,Non-Target,No,0,None,ADHD
124,Non-Target,Yes,846,Commission,ADHD
125,Non-Target,Yes,644,Commission,ADHD
126,Non-Target,No,0,None,ADHD
127,Non-Target,Yes,806,Commission,ADHD
128,Non-Target,No,0,None,ADHD
129,Non-Target,No,0,None,ADHD
130,Non-Target,Yes,435,Commission,ADHD
131,Non-Target,No,0,None,ADHD
132,Non-Target,Yes,660,Commission,ADHD
133,Non-Target,No,0,None,ADHD
134,Target,Yes,753,None,ADHD
135,Non-Target,No,0,None,ADHD
136,Non-Target,No,0,None,ADHD
137,Non-Target,Yes,774,Commission,ADHD
138,Non-Target,No,0,None,ADHD
139,Non-Target,No,0,None,ADHD
140,Target,Yes,438,None,ADHD
141,Non-Target,No,0,None,ADHD
142,Target,Yes,579,None,ADHD
143,Non-Target,No,0,None,ADHD
144,Non-Target,No,0,None,ADHD
145,Non-Target,No,0,None,ADHD
146,Non-Target,No,0,None,ADHD
147,Target,Yes,892,None,ADHD
148,Non-Target,Yes,678,Commission,ADHD
149,Non-Target,Yes,842,Commission,ADHD
150,Target,Yes,758,None,ADHD
151,Non-Target,Yes,719,Commission,ADHD
152,Non-Target,Yes,466,Commission,ADHD
153,Non-Target,No,0,None,ADHD
154,Target,Yes,651,None,ADHD
155,Non-Target,No,0,None,ADHD
156,Non-Target,Yes,979,Commission,ADHD
157,Target,No,0,Omission,ADHD
158,Target,No,0,Omission,ADHD
159,Non-Target,No,0,None,ADHD
160,Non-Target,Yes,463,Commission,ADHD
161,Target,Yes,753,None,ADHD
162,Non-Target,No,0,None,ADHD
163,Non-Target,No,0,None,ADHD
164,Non-Target,No,0,None,ADHD
165,Non-Target,No,0,None,ADHD
166,Non-Target,No,0,None,ADHD
167,Non-Target,No,0,None,ADHD
168,Non-Target,No,0,None,ADHD
169,Non-Target,No,0,None,ADHD
170,Non-Target,No,0,None,ADHD
171,Non-Target,No,0,None,ADHD
172,Target,Yes,835,None,ADHD
173,Non-Target,Yes,670,Commission,ADHD
174,Non-Target,No,0,None,ADHD
175,Non-Target,Yes,713,Commission,ADHD
176,Non-Target,No,0,None,ADHD
177,Non-Target,No,0,None,ADHD
178,Target,No,0,Omission,ADHD
179,Non-Target,No,0,None,ADHD
180,Non-Target,Yes,533,Commission,ADHD
181,Non-Target,No,0,None,ADHD
182,Non-Target,No,0,None,ADHD
183,Non-Target,No,0,None,ADHD
184,Non-Target,No,0,None,ADHD
185,Target,Yes,675,None,ADHD
186,Non-Target,No,0,None,ADHD
187,Non-Target,No,0,None,ADHD
188,Non-Target,No,0,None,ADHD
189,Non-Target,No,0,None,ADHD
190,Non-Target,No,0,None,ADHD
191,Non-Target,No,0,None,ADHD
192,Target,Yes,745,None,ADHD
193,Non-Target,No,0,None,ADHD
194,Non-Target,Yes,859,Commission,ADHD
195,Target,Yes,633,None,ADHD
196,Non-Target,No,0,None,ADHD
197,Non-Target,No,0,None,ADHD
198,Non-Target,No,0,None,ADHD
199,Non-Target,No,0,None,ADHD
200,Target,Yes,702,None,ADHD
201,Non-Target,No,0,None,ADHD
202,Target,No,0,Omission,ADHD
203,Non-Target,No,0,None,ADHD
204,Target,Yes,904,None,ADHD
205,Non-Target,No,0,None,ADHD
206,Target,Yes,603,None,ADHD
207,Non-Target,No,0,None,ADHD
208,Target,Yes,841,None,ADHD
209,Non-Target,No,0,None,ADHD
210,Non-Target,Yes,621,Commission,ADHD
211,Non-Target,No,0,None,ADHD
212,Non-Target,No,0,None,ADHD
213,Target,Yes,724,None,ADHD
214,Target,Yes,588,None,ADHD
215,Non-Target,No,0,None,ADHD
216,Target,Yes,715,None,ADHD
217,Non-Target,No,0,None,ADHD
218,Non-Target,No,0,None,ADHD
219,Non-Target,No,0,None,ADHD
220,Non-Target,No,0,None,ADHD
221,Non-Target,No,0,None,ADHD
222,Target,Yes,676,None,ADHD
223,Target,No,0,Omission,ADHD
224,Target,Yes,784,None,ADHD
225,Non-Target,No,0,None,ADHD
226,Non-Target,No,0,None,ADHD
227,Non-Target,No,0,None,ADHD
228,Non-Target,No,0,None,ADHD
229,Non-Target,No,0,None,ADHD
230,Non-Target,No,0,None,ADHD
231,Target,No,0,Omission,ADHD
232,Target,Yes,733,None,ADHD
233,Non-Target,Yes,920,Commission,ADHD
234,Non-Target,No,0,None,ADHD
235,Target,Yes,551,None,ADHD
236,Non-Target,No,0,None,ADHD
237,Non-Target,No,0,None,ADHD
238,Non-Target,No,0,None,ADHD
239,Non-Target,No,0,None,ADHD
240,Non-Target,No,0,None,ADHD
241,Non-Target,Yes,696,Commission,ADHD
242,Non-Target,No,0,None,ADHD
243,Non-Target,No,0,None,ADHD
244,Target,Yes,773,None,ADHD
245,Non-Target,Yes,1000,Commission,ADHD
246,Non-Target,No,0,None,ADHD
247,Target,Yes,803,None,ADHD
248,Non-Target,No,0,None,ADHD
249,Target,No,0,Omission,ADHD
250,Non-Target,No,0,None,ADHD
251,Non-Target,Yes,706,Commission,ADHD
252,Non-Target,No,0,None,ADHD
253,Target,Yes,475,None,ADHD
254,Target,Yes,723,None,ADHD
255,Non-Target,No,0,None,ADHD
256,Non-Target,No,0,None,ADHD
257,Target,Yes,653,None,ADHD
258,Non-Target,No,0,None,ADHD
259,Target,No,0,Omission,ADHD
260,Target,Yes,855,None,ADHD
261,Non-Target,Yes,917,Commission,ADHD
262,Non-Target,No,0,None,ADHD
263,Non-Target,No,0,None,ADHD
264,Non-Target,No,0,None,ADHD
265,Non-Target,No,0,None,ADHD
266,Non-Target,No,0,None,ADHD
267,Non-Target,No,0,None,ADHD
268,Non-Target,No,0,None,ADHD
269,Target,Yes,618,None,ADHD
270,Non-Target,No,0,None,ADHD
271,Non-Target,No,0,None,ADHD
272,Non-Target,No,0,None,ADHD
273,Non-Target,Yes,682,Commission,ADHD
274,Non-Target,No,0,None,ADHD
275,Non-Target,No,0,None,ADHD
276,Target,Yes,729,None,ADHD
277,Non-Target,Yes,792,Commission,ADHD
278,Non-Target,Yes,700,Commission,ADHD
279,Target,Yes,788,None,ADHD
280,Non-Target,No,0,None,ADHD
281,Target,Yes,680,None,ADHD
282,Non-Target,Yes,532,Commission,ADHD
283,Non-Target,No,0,None,ADHD
284,Target,No,0,Omission,ADHD
285,Non-Target,No,0,None,ADHD
286,Target,Yes,685,None,ADHD
287,Non-Target,No,0,None,ADHD
288,Target,Yes,946,None,ADHD
289,Non-Target,No,0,None,ADHD
290,Target,Yes,932,None,ADHD
291,Target,No,0,Omission,ADHD
292,Target,No,0,Omission,ADHD
293,Target,Yes,768,None,ADHD
294,Target,No,0,Omission,ADHD
295,Target,No,0,Omission,ADHD
296,Target,Yes,517,None,ADHD
297,Target,Yes,700,None,ADHD
298,Target,Yes,858,None,ADHD
299,Non-Target,No,0,None,ADHD
300,Non-Target,No,0,None,ADHD
301,Non-Target,No,0,None,ADHD
302,Non-Target,No,0,None,ADHD
303,Target,Yes,712,None,ADHD
304,Non-Target,No,0,None,ADHD
305,Non-Target,No,0,None,ADHD
306,Non-Target,Yes,632,Commission,ADHD
307,Target,No,0,Omission,ADHD
308,Non-Target,No,0,None,ADHD
309,Non-Target,Yes,669,Commission,ADHD
310,Non-Target,No,0,None,ADHD
311,Non-Target,No,0,None,ADHD
312,Non-Target,No,0,None,ADHD
313,Target,Yes,965,None,ADHD
314,Non-Target,Yes,624,Commission,ADHD
315,Non-Target,No,0,None,ADHD
316,Non-Target,Yes,645,Commission,ADHD
317,Non-Target,No,0,None,ADHD
318,Non-Target,No,0,None,ADHD
319,Non-Target,Yes,492,Commission,ADHD
320,Non-Target,No,0,None,ADHD
321,Target,Yes,523,None,ADHD
322,Non-Target,No,0,None,ADHD
323,Non-Target,No,0,None,ADHD
324,Non-Target,No,0,None,ADHD
325,Non-Target,No,0,None,ADHD
326,Non-Target,No,0,None,ADHD
327,Non-Target,No,0,None,ADHD
328,Target,Yes,626,None,ADHD
329,Non-Target,No,0,None,ADHD
330,Non-Target,No,0,None,ADHD
331,Target,Yes,951,None,ADHD
332,Non-Target,No,0,None,ADHD
333,Non-Target,No,0,None,ADHD
334,Non-Target,No,0,None,ADHD
335,Target,Yes,725,None,ADHD
336,Non-Target,No,0,None,ADHD
337,Non-Target,No,0,None,ADHD
338,Non-Target,No,0,None,ADHD
339,Target,No,0,Omission,ADHD
340,Non-Target,No,0,None,ADHD
341,Target,No,0,Omission,ADHD
342,Non-Target,No,0,None,ADHD
343,Target,Yes,538,None,ADHD
344,Target,Yes,678,None,ADHD
345,Non-Target,No,0,None,ADHD
346,Non-Target,No,0,None,ADHD
347,Target,No,0,Omission,ADHD
348,Non-Target,No,0,None,ADHD
349,Non-Target,Yes,800,Commission,ADHD
350,Non-Target,Yes,611,Commission,ADHD
351,Non-Target,No,0,None,ADHD
352,Target,Yes,847,None,ADHD
353,Target,Yes,619,None,ADHD
354,Target,Yes,570,None,ADHD
355,Non-Target,No,0,None,ADHD
356,Target,Yes,606,None,ADHD
357,Non-Target,No,0,None,ADHD
358,Non-Target,No,0,None,ADHD
359,Non-Target,No,0,None,ADHD
360,Non-Target,No,0,None,ADHD
361,Non-Target,No,0,None,ADHD
362,Non-Target,No,0,None,ADHD
363,Non-Target,No,0,None,ADHD
364,Non-Target,No,0,None,ADHD
365,Non-Target,No,0,None,ADHD
366,Non-Target,Yes,652,Commission,ADHD
367,Non-Target,No,0,None,ADHD
368,Non-Target,Yes,436,Commission,ADHD
369,Non-Target,No,0,None,ADHD
370,Target,Yes,778,None,ADHD
371,Non-Target,No,0,None,ADHD
372,Target,Yes,638,None,ADHD
373,Target,Yes,590,None,ADHD
374,Target,Yes,680,None,ADHD
375,Non-Target,No,0,None,ADHD
376,Non-Target,No,0,None,ADHD
377,Target,Yes,678,None,ADHD
378,Non-Target,Yes,495,Commission,ADHD
379,Non-Target,No,0,None,ADHD
380,Non-Target,No,0,None,ADHD
381,Target,No,0,Omission,ADHD
382,Non-Target,Yes,823,Commission,ADHD
383,Non-Target,No,0,None,ADHD
384,Non-Target,No,0,None,ADHD
385,Non-Target,No,0,None,ADHD
386,Non-Target,No,0,None,ADHD
387,Non-Target,No,0,None,ADHD
388,Non-Target,No,0,None,ADHD
389,Target,Yes,835,None,ADHD
390,Non-Target,No,0,None,ADHD
391,Non-Target,No,0,None,ADHD
392,Non-Target,No,0,None,ADHD
393,Target,Yes,503,None,ADHD
394,Target,Yes,559,None,ADHD
395,Target,No,0,Omission,ADHD
396,Non-Target,No,0,None,ADHD
397,Non-Target,No,0,None,ADHD
398,Target,No,0,Omission,ADHD
399,Non-Target,No,0,None,ADHD
400,Target,Yes,548,None,ADHD
401,Non-Target,No,0,None,ADHD
402,Non-Target,No,0,None,ADHD
403,Target,Yes,795,None,ADHD
404,Target,Yes,500,None,ADHD
405,Non-Target,No,0,None,ADHD
406,Target,Yes,181,None,ADHD
407,Non-Target,No,0,None,ADHD
408,Non-Target,No,0,None,ADHD
409,Target,Yes,810,None,ADHD
410,Non-Target,No,0,None,ADHD
411,Non-Target,Yes,589,Commission,ADHD
412,Non-Target,No,0,None,ADHD
413,Non-Target,Yes,789,Commission,ADHD
414,Non-Target,No,0,None,ADHD
415,Non-Target,No,0,None,ADHD
416,Non-Target,No,0,None,ADHD
417,Non-Target,No,0,None,ADHD
418,Non-Target,No,0,None,ADHD
419,Non-Target,No,0,None,ADHD
420,Non-Target,No,0,None,ADHD
421,Target,No,0,Omission,ADHD
422,Target,No,0,Omission,ADHD
423,Non-Target,No,0,None,ADHD
424,Non-Target,No,0,None,ADHD
425,Non-Target,No,0,None,ADHD
426,Non-Target,No,0,None,ADHD
427,Target,Yes,721,None,ADHD
428,Non-Target,No,0,None,ADHD
429,Non-Target,No,0,None,ADHD
430,Target,Yes,550,None,ADHD
431,Non-Target,No,0,None,ADHD
432,Non-Target,Yes,590,Commission,ADHD
433,Non-Target,Yes,913,Commission,ADHD
434,Non-Target,No,0,None,ADHD
435,Non-Target,No,0,None,ADHD
436,Target,Yes,598,None,ADHD
437,Non-Target,Yes,624,Commission,ADHD
438,Non-Target,Yes,679,Commission,ADHD
439,Target,No,0,Omission,ADHD
440,Non-Target,No,0,None,ADHD
441,Non-Target,Yes,516,Commission,ADHD
442,Target,Yes,830,None,ADHD
443,Non-Target,No,0,None,ADHD
444,Non-Target,Yes,662,Commission,ADHD
445,Non-Target,No,0,None,ADHD
446,Non-Target,No,0,None,ADHD
447,Target,No,0,Omission,ADHD
448,Non-Target,No,0,None,ADHD
449,Non-Target,No,0,None,ADHD
450,Non-Target,No,0,None,ADHD
451,Non-Target,No,0,None,ADHD
452,Target,Yes,727,None,ADHD
453,Target,Yes,636,None,ADHD
454,Non-Target,No,0,None,ADHD
455,Target,No,0,Omission,ADHD
456,Target,Yes,668,None,ADHD
457,Non-Target,No,0,None,ADHD
458,Non-Target,No,0,None,ADHD
459,Non-Target,No,0,None,ADHD
460,Non-Target,No,0,None,ADHD
461,Target,No,0,Omission,ADHD
462,Non-Target,Yes,700,Commission,ADHD
463,Non-Target,No,0,None,ADHD
464,Non-Target,No,0,None,ADHD
465,Non-Target,Yes,735,Commission,ADHD
466,Non-Target,No,0,None,ADHD
467,Target,Yes,602,None,ADHD
468,Non-Target,No,0,None,ADHD
469,Non-Target,No,0,None,ADHD
470,Non-Target,No,0,None,ADHD
471,Non-Target,Yes,826,Commission,ADHD
472,Non-Target,No,0,None,ADHD
473,Non-Target,Yes,709,Commission,ADHD
474,Non-Target,No,0,None,ADHD
475,Non-Target,No,0,None,ADHD
476,Non-Target,Yes,736,Commission,ADHD
477,Non-Target,No,0,None,ADHD
478,Non-Target,No,0,None,ADHD
479,Non-Target,No,0,None,ADHD
480,Target,Yes,675,None,ADHD
481,Non-Target,No,0,None,ADHD
482,Non-Target,No,0,None,ADHD
483,Non-Target,No,0,None,ADHD
484,Target,No,0,Omission,ADHD
485,Non-Target,Yes,731,Commission,ADHD
486,Target,No,0,Omission,ADHD
487,Non-Target,No,0,None,ADHD
488,Non-Target,No,0,None,ADHD
489,Non-Target,Yes,871,Commission,ADHD
490,Target,No,0,Omission,ADHD
491,Non-Target,No,0,None,ADHD
492,Non-Target,No,0,None,ADHD
493,Non-Target,No,0,None,ADHD
494,Target,No,0,Omission,ADHD
495,Target,Yes,396,None,ADHD
496,Target,No,0,Omission,ADHD
497,Non-Target,Yes,636,Commission,ADHD
498,Target,Yes,607,None,ADHD
499,Target,No,0,Omission,ADHD
500,Non-Target,No,0,None,ADHD
501,Non-Target,No,0,None,ADHD
502,Non-Target,No,0,None,ADHD
503,Non-Target,No,0,None,ADHD
504,Non-Target,No,0,None,ADHD
505,Non-Target,Yes,809,Commission,ADHD
506,Non-Target,No,0,None,ADHD
507,Non-Target,No,0,None,ADHD
508,Target,Yes,650,None,ADHD
509,Non-Target,Yes,812,Commission,ADHD
510,Target,No,0,Omission,ADHD
511,Non-Target,No,0,None,ADHD
512,Non-Target,No,0,None,ADHD
513,Non-Target,No,0,None,ADHD
514,Non-Target,No,0,None,ADHD
515,Non-Target,No,0,None,ADHD
516,Non-Target,No,0,None,ADHD
517,Non-Target,No,0,None,ADHD
518,Non-Target,No,0,None,ADHD
519,Non-Target,No,0,None,ADHD
520,Non-Target,No,0,None,ADHD
521,Non-Target,No,0,None,ADHD
522,Non-Target,Yes,667,Commission,ADHD
523,Target,Yes,817,None,ADHD
524,Non-Target,Yes,491,Commission,ADHD
525,Target,Yes,571,None,ADHD
526,Target,Yes,573,None,ADHD
527,Non-Target,No,0,None,ADHD
528,Target,Yes,463,None,ADHD
529,Non-Target,No,0,None,ADHD
530,Target,No,0,Omission,ADHD
531,Non-Target,No,0,None,ADHD
532,Non-Target,No,0,None,ADHD
533,Non-Target,No,0,None,ADHD
534,Target,No,0,Omission,ADHD
535,Target,Yes,738,None,ADHD
536,Non-Target,No,0,None,ADHD
537,Target,No,0,Omission,ADHD
538,Target,Yes,711,None,ADHD
539,Non-Target,No,0,None,ADHD
540,Target,No,0,Omission,ADHD
541,Non-Target,No,0,None,ADHD
542,Non-Target,No,0,None,ADHD
543,Non-Target,No,0,None,ADHD
544,Non-Target,Yes,754,Commission,ADHD
545,Non-Target,No,0,None,ADHD
546,Non-Target,No,0,None,ADHD
547,Target,Yes,802,None,ADHD
548,Non-Target,Yes,791,Commission,ADHD
549,Non-Target,No,0,None,ADHD
550,Target,Yes,719,None,ADHD
551,Non-Target,No,0,None,ADHD
552,Non-Target,Yes,559,Commission,ADHD
553,Non-Target,No,0,None,ADHD
554,Non-Target,No,0,None,ADHD
555,Non-Target,No,0,None,ADHD
556,Non-Target,No,0,None,ADHD
557,Target,Yes,602,None,ADHD
558,Non-Target,No,0,None,ADHD
559,Target,Yes,705,None,ADHD
560,Non-Target,No,0,None,ADHD
561,Non-Target,No,0,None,ADHD
562,Non-Target,Yes,725,Commission,ADHD
563,Non-Target,No,0,None,ADHD
564,Non-Target,No,0,None,ADHD
565,Target,No,0,Omission,ADHD
566,Non-Target,No,0,None,ADHD
567,Non-Target,Yes,623,Commission,ADHD
568,Non-Target,No,0,None,ADHD
569,Target,No,0,Omission,ADHD
570,Non-Target,No,0,None,ADHD
571,Non-Target,Yes,690,Commission,ADHD
572,Non-Target,No,0,None,ADHD
573,Non-Target,Yes,579,Commission,ADHD
574,Non-Target,Yes,743,Commission,ADHD
575,Non-Target,Yes,564,Commission,ADHD
576,Non-Target,No,0,None,ADHD
577,Non-Target,No,0,None,ADHD
578,Non-Target,No,0,None,ADHD
579,Non-Target,No,0,None,ADHD
580,Non-Target,No,0,None,ADHD
581,Non-Target,No,0,None,ADHD
582,Non-Target,No,0,None,ADHD
583,Non-Target,No,0,None,ADHD
584,Target,Yes,863,None,ADHD
585,Non-Target,No,0,None,ADHD
586,Non-Target,Yes,776,Commission,ADHD
587,Target,Yes,883,None,ADHD
588,Target,Yes,757,None,ADHD
589,Non-Target,No,0,None,ADHD
590,Non-Target,No,0,None,ADHD
591,Non-Target,No,0,None,ADHD
592,Non-Target,No,0,None,ADHD
593,Non-Target,No,0,None,ADHD
594,Non-Target,Yes,455,Commission,ADHD
595,Non-Target,No,0,None,ADHD
596,Non-Target,No,0,None,ADHD
597,Target,No,0,Omission,ADHD
598,Non-Target,No,0,None,ADHD
599,Non-Target,No,0,None,ADHD
600,Non-Target,Yes,545,Commission,ADHD
601,Non-Target,No,0,None,ADHD
602,Non-Target,Yes,423,Commission,ADHD
603,Non-Target,Yes,410,Commission,ADHD
604,Non-Target,No,0,None,ADHD
605,Non-Target,No,0,None,ADHD
606,Non-Target,No,0,None,ADHD
607,Non-Target,Yes,463,Commission,ADHD
608,Non-Target,No,0,None,ADHD
609,Target,Yes,150,None,ADHD
610,Non-Target,No,0,None,ADHD
611,Non-Target,No,0,None,ADHD
612,Non-Target,Yes,441,Commission,ADHD
613,Non-Target,No,0,None,ADHD
614,Non-Target,No,0,None,ADHD
615,Non-Target,No,0,None,ADHD
616,Non-Target,No,0,None,ADHD
617,Target,No,0,Omission,ADHD
618,Non-Target,Yes,652,Commission,ADHD
619,Non-Target,No,0,None,ADHD
620,Non-Target,Yes,536,Commission,ADHD
621,Target,Yes,675,None,ADHD
622,Non-Target,No,0,None,ADHD
623,Target,No,0,Omission,ADHD
624,Non-Target,No,0,None,ADHD
625,Non-Target,No,0,None,ADHD
626,Non-Target,No,0,None,ADHD
627,Target,Yes,617,None,ADHD
628,Non-Target,No,0,None,ADHD
629,Target,No,0,Omission,ADHD
630,Non-Target,No,0,None,ADHD
631,Target,No,0,Omission,ADHD
632,Target,Yes,727,None,ADHD
633,Non-Target,No,0,None,ADHD
634,Non-Target,No,0,None,ADHD
635,Non-Target,No,0,None,ADHD
636,Target,Yes,820,None,ADHD
637,Non-Target,No,0,None,ADHD
638,Non-Target,Yes,549,Commission,ADHD
639,Non-Target,No,0,None,ADHD
640,Target,No,0,Omission,ADHD
641,Non-Target,No,0,None,ADHD
642,Non-Target,No,0,None,ADHD
643,Target,No,0,Omission,ADHD
644,Target,Yes,542,None,ADHD
645,Non-Target,Yes,470,Commission,ADHD
646,Non-Target,Yes,700,Commission,ADHD
647,Non-Target,No,0,None,ADHD
648,Non-Target,No,0,None,ADHD
649,Non-Target,No,0,None,ADHD
650,Target,Yes,925,None,ADHD
651,Target,Yes,743,None,ADHD
652,Target,Yes,701,None,ADHD
653,Non-Target,No,0,None,ADHD
654,Non-Target,No,0,None,ADHD
655,Non-Target,No,0,None,ADHD
656,Non-Target,No,0,None,ADHD
657,Non-Target,Yes,547,Commission,ADHD
658,Non-Target,No,0,None,ADHD
659,Non-Target,No,0,None,ADHD
660,Non-Target,No,0,None,ADHD
661,Non-Target,No,0,None,ADHD
662,Target,Yes,604,None,ADHD
663,Non-Target,No,0,None,ADHD
664,Non-Target,No,0,None,ADHD
665,Target,Yes,661,None,ADHD
666,Non-Target,No,0,None,ADHD
667,Non-Target,No,0,None,ADHD
668,Non-Target,Yes,658,Commission,ADHD
669,Target,Yes,829,None,ADHD
670,Target,Yes,640,None,ADHD
671,Non-Target,Yes,757,Commission,ADHD
672,Non-Target,No,0,None,ADHD
673,Target,Yes,851,None,ADHD
674,Non-Target,No,0,None,ADHD
675,Target,Yes,526,None,ADHD
676,Non-Target,No,0,None,ADHD
677,Non-Target,No,0,None,ADHD
678,Non-Target,Yes,629,Commission,ADHD
679,Non-Target,No,0,None,ADHD
680,Non-Target,No,0,None,ADHD
681,Non-Target,Yes,361,Commission,ADHD
682,Target,Yes,799,None,ADHD
683,Target,Yes,759,None,ADHD
684,Non-Target,No,0,None,ADHD
685,Non-Target,No,0,None,ADHD
686,Non-Target,Yes,684,Commission,ADHD
687,Non-Target,No,0,None,ADHD
688,Non-Target,No,0,None,ADHD
689,Target,Yes,494,None,ADHD
690,Target,Yes,674,None,ADHD
691,Non-Target,No,0,None,ADHD
692,Target,No,0,Omission,ADHD
693,Target,Yes,591,None,ADHD
694,Non-Target,No,0,None,ADHD
695,Non-Target,No,0,None,ADHD
696,Target,Yes,532,None,ADHD
697,Non-Target,No,0,None,ADHD
698,Target,No,0,Omission,ADHD
699,Non-Target,No,0,None,ADHD
700,Non-Target,Yes,740,Commission,ADHD
701,Non-Target,Yes,559,Commission,ADHD
702,Non-Target,No,0,None,ADHD
703,Non-Target,No,0,None,ADHD
704,Non-Target,Yes,576,Commission,ADHD
705,Target,Yes,603,None,ADHD
706,Target,Yes,643,None,ADHD
707,Non-Target,No,0,None,ADHD
708,Target,Yes,476,None,ADHD
709,Non-Target,No,0,None,ADHD
710,Target,Yes,620,None,ADHD
711,Non-Target,No,0,None,ADHD
712,Target,Yes,688,None,ADHD
713,Non-Target,Yes,537,Commission,ADHD
714,Non-Target,Yes,799,Commission,ADHD
715,Non-Target,No,0,None,ADHD
716,Non-Target,Yes,530,Commission,ADHD
717,Target,Yes,713,None,ADHD
718,Non-Target,No,0,None,ADHD
719,Target,Yes,646,None,ADHD
720,Non-Target,Yes,704,Commission,ADHD
721,Non-Target,No,0,None,ADHD
722,Non-Target,No,0,None,ADHD
723,Non-Target,No,0,None,ADHD
724,Target,Yes,933,None,ADHD
725,Non-Target,No,0,None,ADHD
726,Target,Yes,477,None,ADHD
727,Non-Target,No,0,None,ADHD
728,Non-Target,No,0,None,ADHD
729,Non-Target,No,0,None,ADHD
730,Non-Target,No,0,None,ADHD
731,Non-Target,No,0,None,ADHD
732,Target,Yes,822,None,ADHD
733,Non-Target,No,0,None,ADHD
734,Target,Yes,579,None,ADHD
735,Non-Target,No,0,None,ADHD
736,Non-Target,No,0,None,ADHD
737,Non-Target,Yes,675,Commission,ADHD
738,Target,No,0,Omission,ADHD
739,Target,Yes,849,None,ADHD
740,Non-Target,No,0,None,ADHD
741,Non-Target,No,0,None,ADHD
742,Target,Yes,601,None,ADHD
743,Non-Target,Yes,735,Commission,ADHD
744,Target,Yes,578,None,ADHD
745,Non-Target,No,0,None,ADHD
746,Non-Target,No,0,None,ADHD
747,Non-Target,Yes,579,Commission,ADHD
748,Non-Target,No,0,None,ADHD
749,Non-Target,No,0,None,ADHD
750,Non-Target,No,0,None,ADHD
751,Non-Target,No,0,None,ADHD
752,Non-Target,Yes,735,Commission,ADHD
753,Non-Target,No,0,None,ADHD
754,Target,No,0,Omission,ADHD
755,Non-Target,Yes,731,Commission,ADHD
756,Non-Target,Yes,653,Commission,ADHD
757,Non-Target,No,0,None,ADHD
758,Non-Target,No,0,None,ADHD
759,Non-Target,No,0,None,ADHD
760,Target,Yes,525,None,ADHD
761,Non-Target,No,0,None,ADHD
762,Non-Target,No,0,None,ADHD
763,Target,Yes,696,None,ADHD
764,Non-Target,Yes,810,Commission,ADHD
765,Non-Target,No,0,None,ADHD
766,Target,Yes,537,None,ADHD
767,Non-Target,No,0,None,ADHD
768,Non-Target,No,0,None,ADHD
769,Non-Target,No,0,None,ADHD
770,Non-Target,Yes,722,Commission,ADHD
771,Non-Target,No,0,None,ADHD
772,Target,Yes,778,None,ADHD
773,Target,No,0,Omission,ADHD
774,Non-Target,No,0,None,ADHD
775,Target,Yes,788,None,ADHD
776,Non-Target,No,0,None,ADHD
777,Non-Target,No,0,None,ADHD
778,Non-Target,No,0,None,ADHD
779,Non-Target,No,0,None,ADHD
780,Target,No,0,Omission,ADHD
781,Target,Yes,841,None,ADHD
782,Non-Target,No,0,None,ADHD
783,Non-Target,Yes,703,Commission,ADHD
784,Non-Target,No,0,None,ADHD
785,Non-Target,No,0,None,ADHD
786,Non-Target,No,0,None,ADHD
787,Non-Target,No,0,None,ADHD
788,Non-Target,Yes,832,Commission,ADHD
789,Target,No,0,Omission,ADHD
790,Non-Target,Yes,791,Commission,ADHD
791,Target,Yes,822,None,ADHD
792,Non-Target,No,0,None,ADHD
793,Target,Yes,583,None,ADHD
794,Non-Target,Yes,745,Commission,ADHD
795,Target,Yes,659,None,ADHD
796,Non-Target,No,0,None,ADHD
797,Non-Target,No,0,None,ADHD
798,Non-Target,No,0,None,ADHD
799,Non-Target,No,0,None,ADHD
800,Non-Target,No,0,None,ADHD
801,Non-Target,No,0,None,ADHD
802,Target,No,0,Omission,ADHD
803,Target,No,0,Omission,ADHD
804,Non-Target,No,0,None,ADHD
805,Non-Target,No,0,None,ADHD
806,Non-Target,No,0,None,ADHD
807,Non-Target,No,0,None,ADHD
808,Non-Target,No,0,None,ADHD
809,Target,No,0,Omission,ADHD
810,Non-Target,Yes,538,Commission,ADHD
811,Non-Target,No,0,None,ADHD
812,Non-Target,No,0,None,ADHD
813,Non-Target,No,0,None,ADHD
814,Non-Target,No,0,None,ADHD
815,Non-Target,Yes,563,Commission,ADHD
816,Non-Target,Yes,633,Commission,ADHD
817,Target,No,0,Omission,ADHD
818,Non-Target,No,0,None,ADHD
819,Non-Target,No,0,None,ADHD
820,Non-Target,No,0,None,ADHD
821,Target,No,0,Omission,ADHD
822,Non-Target,No,0,None,ADHD
823,Target,Yes,714,None,ADHD
824,Non-Target,No,0,None,ADHD
825,Target,No,0,Omission,ADHD
826,Target,Yes,508,None,ADHD
827,Non-Target,Yes,640,Commission,ADHD
828,Non-Target,No,0,None,ADHD
829,Non-Target,No,0,None,ADHD
830,Non-Target,No,0,None,ADHD
831,Non-Target,No,0,None,ADHD
832,Target,No,0,Omission,ADHD
833,Target,Yes,555,None,ADHD
834,Non-Target,Yes,442,Commission,ADHD
835,Non-Target,Yes,719,Commission,ADHD
836,Non-Target,No,0,None,ADHD
837,Target,No,0,Omission,ADHD
838,Target,Yes,686,None,ADHD
839,Non-Target,No,0,None,ADHD
840,Non-Target,No,0,None,ADHD
841,Target,Yes,529,None,ADHD
842,Target,No,0,Omission,ADHD
843,Non-Target,No,0,None,ADHD
844,Non-Target,No,0,None,ADHD
845,Non-Target,No,0,None,ADHD
846,Non-Target,No,0,None,ADHD
847,Non-Target,No,0,None,ADHD
848,Non-Target,No,0,None,ADHD
849,Target,No,0,Omission,ADHD
850,Non-Target,No,0,None,ADHD
851,Non-Target,No,0,None,ADHD
852,Non-Target,No,0,None,ADHD
853,Non-Target,Yes,729,Commission,ADHD
854,Non-Target,No,0,None,ADHD
855,Non-Target,No,0,None,ADHD
856,Non-Target,Yes,833,Commission,ADHD
857,Target,Yes,723,None,ADHD
858,Non-Target,No,0,None,ADHD
859,Target,Yes,747,None,ADHD
860,Non-Target,No,0,None,ADHD
861,Non-Target,Yes,638,Commission,ADHD
862,Non-Target,No,0,None,ADHD
863,Non-Target,No,0,None,ADHD
864,Non-Target,No,0,None,ADHD
865,Non-Target,No,0,None,ADHD
866,Non-Target,No,0,None,ADHD
867,Non-Target,No,0,None,ADHD
868,Non-Target,No,0,None,ADHD
869,Non-Target,No,0,None,ADHD
870,Target,Yes,414,None,ADHD
871,Target,Yes,455,None,ADHD
872,Non-Target,No,0,None,ADHD
873,Target,Yes,636,None,ADHD
874,Target,Yes,738,None,ADHD
875,Non-Target,No,0,None,ADHD
876,Target,Yes,550,None,ADHD
877,Non-Target,Yes,466,Commission,ADHD
878,Non-Target,No,0,None,ADHD
879,Non-Target,No,0,None,ADHD
880,Non-Target,No,0,None,ADHD
881,Target,Yes,686,None,ADHD
882,Non-Target,No,0,None,ADHD
883,Target,Yes,726,None,ADHD
884,Non-Target,No,0,None,ADHD
885,Non-Target,No,0,None,ADHD
886,Non-Target,No,0,None,ADHD
887,Target,Yes,765,None,ADHD
888,Non-Target,No,0,None,ADHD
889,Non-Target,No,0,None,ADHD
890,Target,Yes,697,None,ADHD
891,Non-Target,No,0,None,ADHD
892,Target,Yes,379,None,ADHD
893,Non-Target,No,0,None,ADHD
894,Non-Target,No,0,None,ADHD
895,Non-Target,Yes,367,Commission,ADHD
896,Target,Yes,596,None,ADHD
897,Target,Yes,738,None,ADHD
898,Non-Target,No,0,None,ADHD
899,Target,Yes,720,None,ADHD
900,Non-Target,No,0,None,ADHD
901,Non-Target,Yes,537,Commission,ADHD
902,Non-Target,Yes,547,Commission,ADHD
903,Target,No,0,Omission,ADHD
904,Non-Target,No,0,None,ADHD
905,Non-Target,No,0,None,ADHD
906,Non-Target,No,0,None,ADHD
907,Non-Target,No,0,None,ADHD
908,Non-Target,No,0,None,ADHD
909,Non-Target,No,0,None,ADHD
910,Non-Target,No,0,None,ADHD
911,Non-Target,No,0,None,ADHD
912,Non-Target,No,0,None,ADHD
913,Non-Target,Yes,722,Commission,ADHD
914,Non-Target,Yes,644,Commission,ADHD
915,Target,Yes,769,None,ADHD
916,Target,Yes,754,None,ADHD
917,Non-Target,No,0,None,ADHD
918,Non-Target,No,0,None,ADHD
919,Non-Target,No,0,None,ADHD
920,Non-Target,No,0,None,ADHD
921,Target,Yes,754,None,ADHD
922,Target,Yes,694,None,ADHD
923,Target,Yes,608,None,ADHD
924,Non-Target,Yes,715,Commission,ADHD
925,Target,No,0,Omission,ADHD
926,Non-Target,Yes,617,Commission,ADHD
927,Target,Yes,742,None,ADHD
928,Non-Target,Yes,529,Commission,ADHD
929,Non-Target,No,0,None,ADHD
930,Target,Yes,588,None,ADHD
931,Target,Yes,636,None,ADHD
932,Non-Target,No,0,None,ADHD
933,Non-Target,No,0,None,ADHD
934,Target,Yes,568,None,ADHD
935,Target,Yes,736,None,ADHD
936,Non-Target,No,0,None,ADHD
937,Target,Yes,614,None,ADHD
938,Target,Yes,697,None,ADHD
939,Non-Target,No,0,None,ADHD
940,Target,Yes,572,None,ADHD
941,Non-Target,Yes,525,Commission,ADHD
942,Non-Target,No,0,None,ADHD
943,Non-Target,No,0,None,ADHD
944,Target,Yes,702,None,ADHD
945,Non-Target,No,0,None,ADHD
946,Non-Target,No,0,None,ADHD
947,Non-Target,Yes,872,Commission,ADHD
948,Non-Target,No,0,None,ADHD
949,Target,Yes,563,None,ADHD
950,Non-Target,No,0,None,ADHD
951,Non-Target,No,0,None,ADHD
952,Non-Target,No,0,None,ADHD
953,Non-Target,No,0,None,ADHD
954,Target,No,0,Omission,ADHD
955,Non-Target,Yes,524,Commission,ADHD
956,Non-Target,No,0,None,ADHD
957,Non-Target,Yes,488,Commission,ADHD
958,Target,Yes,445,None,ADHD
959,Non-Target,No,0,None,ADHD
960,Non-Target,Yes,327,Commission,ADHD
961,Non-Target,No,0,None,ADHD
962,Target,Yes,693,None,ADHD
963,Target,Yes,717,None,ADHD
964,Non-Target,No,0,None,ADHD
965,Target,Yes,604,None,ADHD
966,Non-Target,No,0,None,ADHD
967,Non-Target,No,0,None,ADHD
968,Non-Target,No,0,None,ADHD
969,Non-Target,No,0,None,ADHD
970,Non-Target,Yes,723,Commission,ADHD
971,Target,Yes,592,None,ADHD
972,Target,Yes,550,None,ADHD
973,Non-Target,No,0,None,ADHD
974,Target,No,0,Omission,ADHD
975,Non-Target,No,0,None,ADHD
976,Non-Target,No,0,None,ADHD
977,Non-Target,No,0,None,ADHD
978,Target,Yes,308,None,ADHD
979,Non-Target,No,0,None,ADHD
980,Target,Yes,623,None,ADHD
981,Non-Target,No,0,None,ADHD
982,Non-Target,No,0,None,ADHD
983,Non-Target,Yes,775,Commission,ADHD
984,Non-Target,Yes,604,Commission,ADHD
985,Target,Yes,774,None,ADHD
986,Target,Yes,680,None,ADHD
987,Non-Target,No,0,None,ADHD
988,Target,Yes,709,None,ADHD
989,Target,Yes,571,None,ADHD
990,Non-Target,No,0,None,ADHD
991,Non-Target,No,0,None,ADHD
992,Non-Target,No,0,None,ADHD
993,Non-Target,Yes,692,Commission,ADHD
994,Target,Yes,509,None,ADHD
995,Target,Yes,668,None,ADHD
996,Non-Target,No,0,None,ADHD
997,Non-Target,Yes,825,Commission,ADHD
998,Non-Target,No,0,None,ADHD
999,Non-Target,No,0,None,ADHD
1000,Non-Target,No,0,None,ADHD
1001,Non-Target,No,0,None,ADHD
1002,Non-Target,No,0,None,ADHD
1003,Non-Target,No,0,None,ADHD
1004,Non-Target,Yes,776,Commission,ADHD
1005,Non-Target,Yes,524,Commission,ADHD
1006,Non-Target,No,0,None,ADHD
1007,Non-Target,Yes,626,Commission,ADHD
1008,Non-Target,No,0,None,ADHD
1009,Non-Target,No,0,None,ADHD
1010,Non-Target,No,0,None,ADHD
1011,Non-Target,No,0,None,ADHD
1012,Non-Target,No,0,None,ADHD
1013,Target,Yes,619,None,ADHD
1014,Target,Yes,794,None,ADHD
1015,Non-Target,No,0,None,ADHD
1016,Target,Yes,604,None,ADHD
1017,Target,Yes,735,None,ADHD
1018,Non-Target,No,0,None,ADHD
1019,Target,Yes,387,None,ADHD
1020,Non-Target,No,0,None,ADHD
1021,Non-Target,No,0,None,ADHD
1022,Non-Target,No,0,None,ADHD
1023,Non-Target,No,0,None,ADHD
1024,Non-Target,No,0,None,ADHD
1025,Non-Target,Yes,604,Commission,ADHD
1026,Non-Target,No,0,None,ADHD
1027,Target,No,0,Omission,ADHD
1028,Non-Target,No,0,None,ADHD
1029,Non-Target,Yes,683,Commission,ADHD
1030,Target,Yes,575,None,ADHD
1031,Non-Target,No,0,None,ADHD
1032,Non-Target,No,0,None,ADHD
1033,Target,Yes,451,None,ADHD
1034,Target,No,0,Omission,ADHD
1035,Non-Target,No,0,None,ADHD
1036,Target,Yes,788,None,ADHD
1037,Target,Yes,568,None,ADHD
1038,Non-Target,No,0,None,ADHD
1039,Non-Target,No,0,None,ADHD
1040,Non-Target,Yes,580,Commission,ADHD
1041,Non-Target,No,0,None,ADHD
1042,Non-Target,No,0,None,ADHD
1043,Non-Target,Yes,626,Commission,ADHD
1044,Non-Target,No,0,None,ADHD
1045,Non-Target,No,0,None,ADHD
1046,Target,Yes,527,None,ADHD
1047,Non-Target,No,0,None,ADHD
1048,Non-Target,No,0,None,ADHD
1049,Target,Yes,744,None,ADHD
1050,Non-Target,Yes,744,Commission,ADHD
1051,Target,No,0,Omission,ADHD
1052,Non-Target,No,0,None,ADHD
1053,Target,Yes,561,None,ADHD
1054,Non-Target,No,0,None,ADHD
1055,Non-Target,No,0,None,ADHD
1056,Non-Target,No,0,None,ADHD
1057,Non-Target,Yes,461,Commission,ADHD
1058,Non-Target,No,0,None,ADHD
1059,Non-Target,Yes,624,Commission,ADHD
1060,Non-Target,No,0,None,ADHD
1061,Non-Target,No,0,None,ADHD
1062,Non-Target,No,0,None,ADHD
1063,Non-Target,No,0,None,ADHD
1064,Non-Target,No,0,None,ADHD
1065,Non-Target,No,0,None,ADHD
1066,Target,Yes,848,None,ADHD
1067,Target,Yes,642,None,ADHD
1068,Non-Target,Yes,573,Commission,ADHD
1069,Non-Target,No,0,None,ADHD
1070,Non-Target,No,0,None,ADHD
1071,Non-Target,No,0,None,ADHD
1072,Non-Target,No,0,None,ADHD
1073,Target,No,0,Omission,ADHD
1074,Non-Target,No,0,None,ADHD
1075,Target,Yes,680,None,ADHD
1076,Target,Yes,593,None,ADHD
1077,Non-Target,No,0,None,ADHD
1078,Target,No,0,Omission,ADHD
1079,Target,Yes,489,None,ADHD
1080,Non-Target,No,0,None,ADHD
1081,Target,No,0,Omission,ADHD
1082,Non-Target,No,0,None,ADHD
1083,Non-Target,No,0,None,ADHD
1084,Non-Target,Yes,658,Commission,ADHD
1085,Non-Target,No,0,None,ADHD
1086,Non-Target,No,0,None,ADHD
1087,Target,Yes,801,None,ADHD
1088,Non-Target,No,0,None,ADHD
1089,Non-Target,No,0,None,ADHD
1090,Non-Target,No,0,None,ADHD
1091,Target,Yes,656,None,ADHD
1092,Target,Yes,711,None,ADHD
1093,Non-Target,No,0,None,ADHD
1094,Non-Target,No,0,None,ADHD
1095,Target,Yes,640,None,ADHD
1096,Target,Yes,703,None,ADHD
1097,Non-Target,Yes,615,Commission,ADHD
1098,Non-Target,No,0,None,ADHD
1099,Non-Target,No,0,None,ADHD
1100,Non-Target,No,0,None,ADHD
1101,Non-Target,No,0,None,ADHD
1102,Target,Yes,702,None,ADHD
1103,Non-Target,Yes,618,Commission,ADHD
1104,Non-Target,No,0,None,ADHD
1105,Non-Target,Yes,692,Commission,ADHD
1106,Target,Yes,664,None,ADHD
1107,Target,Yes,735,None,ADHD
1108,Non-Target,Yes,813,Commission,ADHD
1109,Target,Yes,786,None,ADHD
1110,Non-Target,No,0,None,ADHD
1111,Target,No,0,Omission,ADHD
1112,Non-Target,No,0,None,ADHD
1113,Target,No,0,Omission,ADHD
1114,Target,Yes,830,None,ADHD
1115,Non-Target,No,0,None,ADHD
1116,Target,No,0,Omission,ADHD
1117,Target,Yes,806,None,ADHD
1118,Non-Target,No,0,None,ADHD
1119,Non-Target,No,0,None,ADHD
1120,Target,No,0,Omission,ADHD
1121,Non-Target,Yes,679,Commission,ADHD
1122,Non-Target,No,0,None,ADHD
1123,Target,No,0,Omission,ADHD
1124,Non-Target,Yes,696,Commission,ADHD
1125,Non-Target,No,0,None,ADHD
1126,Non-Target,No,0,None,ADHD
1127,Non-Target,No,0,None,ADHD
1128,Non-Target,No,0,None,ADHD
1129,Non-Target,No,0,None,ADHD
1130,Non-Target,No,0,None,ADHD
1131,Target,Yes,721,None,ADHD
1132,Non-Target,No,0,None,ADHD
1133,Non-Target,No,0,None,ADHD
1134,Non-Target,Yes,645,Commission,ADHD
1135,Target,Yes,737,None,ADHD
1136,Non-Target,No,0,None,ADHD
1137,Target,Yes,628,None,ADHD
1138,Non-Target,Yes,673,Commission,ADHD
1139,Target,No,0,Omission,ADHD
1140,Non-Target,No,0,None,ADHD
1141,Target,Yes,868,None,ADHD
1142,Non-Target,No,0,None,ADHD
1143,Non-Target,Yes,787,Commission,ADHD
1144,Non-Target,No,0,None,ADHD
1145,Non-Target,Yes,516,Commission,ADHD
1146,Non-Target,No,0,None,ADHD
1147,Non-Target,No,0,None,ADHD
1148,Non-Target,No,0,None,ADHD
1149,Target,No,0,Omission,ADHD
1150,Non-Target,No,0,None,ADHD
1151,Non-Target,No,0,None,ADHD
1152,Target,Yes,604,None,ADHD
1153,Non-Target,No,0,None,ADHD
1154,Non-Target,No,0,None,ADHD
1155,Non-Target,No,0,None,ADHD
1156,Target,Yes,548,None,ADHD
1157,Target,Yes,644,None,ADHD
1158,Non-Target,No,0,None,ADHD
1159,Non-Target,No,0,None,ADHD
1160,Non-Target,No,0,None,ADHD
1161,Non-Target,No,0,None,ADHD
1162,Non-Target,Yes,414,Commission,ADHD
1163,Non-Target,No,0,None,ADHD
1164,Non-Target,No,0,None,ADHD
1165,Target,Yes,787,None,ADHD
1166,Non-Target,No,0,None,ADHD
1167,Non-Target,No,0,None,ADHD
1168,Non-Target,No,0,None,ADHD
1169,Target,Yes,595,None,ADHD
1170,Non-Target,Yes,556,Commission,ADHD
1171,Non-Target,Yes,810,Commission,ADHD
1172,Target,Yes,531,None,ADHD
1173,Target,Yes,968,None,ADHD
1174,Non-Target,No,0,None,ADHD
1175,Non-Target,No,0,None,ADHD
1176,Non-Target,No,0,None,ADHD
1177,Target,Yes,440,None,ADHD
1178,Target,Yes,587,None,ADHD
1179,Non-Target,No,0,None,ADHD
1180,Non-Target,No,0,None,ADHD
1181,Non-Target,No,0,None,ADHD
1182,Target,Yes,491,None,ADHD
1183,Non-Target,No,0,None,ADHD
1184,Target,No,0,Omission,ADHD
1185,Non-Target,No,0,None,ADHD
1186,Target,No,0,Omission,ADHD
1187,Non-Target,No,0,None,ADHD
1188,Non-Target,No,0,None,ADHD
1189,Target,Yes,552,None,ADHD
1190,Non-Target,No,0,None,ADHD
1191,Target,Yes,500,None,ADHD
1192,Non-Target,No,0,None,ADHD
1193,Non-Target,Yes,574,Commission,ADHD
1194,Non-Target,No,0,None,ADHD
1195,Non-Target,No,0,None,ADHD
1196,Target,Yes,507,None,ADHD
1197,Non-Target,Yes,387,Commission,ADHD
1198,Non-Target,No,0,None,ADHD
1199,Non-Target,No,0,None,ADHD
1200,Target,No,0,Omission,ADHD
