Trial,StimulusType,Reaction,ReactionTime(ms),ErrorType,Label
1,Non-Target,Yes,632,Commission,ADHD
2,Target,Yes,614,None,ADHD
3,Non-Target,No,0,None,ADHD
4,Non-Target,No,0,None,ADHD
5,Target,Yes,547,None,ADHD
6,Non-Target,Yes,570,Commission,ADHD
7,Target,No,0,Omission,ADHD
8,Non-Target,Yes,130,Commission,ADHD
9,Target,Yes,832,None,ADHD
10,Target,Yes,769,None,ADHD
11,Target,No,0,Omission,ADHD
12,Non-Target,Yes,560,Commission,ADHD
13,Target,No,0,Omission,ADHD
14,Target,Yes,565,None,ADHD
15,Target,Yes,657,None,ADHD
16,Target,Yes,512,None,ADHD
17,Non-Target,No,0,None,ADHD
18,Non-Target,No,0,None,ADHD
19,Target,Yes,689,None,ADHD
20,Non-Target,No,0,None,ADHD
21,Non-Target,No,0,None,ADHD
22,Non-Target,No,0,None,ADHD
23,Non-Target,No,0,None,ADHD
24,Non-Target,No,0,None,ADHD
25,Non-Target,No,0,None,ADHD
26,Non-Target,Yes,463,Commission,ADHD
27,Non-Target,No,0,None,ADHD
28,Non-Target,No,0,None,ADHD
29,Non-Target,Yes,676,Commission,ADHD
30,Non-Target,No,0,None,ADHD
31,Non-Target,No,0,None,ADHD
32,Non-Target,No,0,None,ADHD
33,Non-Target,No,0,None,ADHD
34,Target,Yes,803,None,ADHD
35,Non-Target,No,0,None,ADHD
36,Non-Target,No,0,None,ADHD
37,Target,No,0,Omission,ADHD
38,Non-Target,No,0,None,ADHD
39,Non-Target,No,0,None,ADHD
40,Non-Target,No,0,None,ADHD
41,Non-Target,No,0,None,ADHD
42,Non-Target,No,0,None,ADHD
43,Non-Target,Yes,840,Commission,ADHD
44,Non-Target,No,0,None,ADHD
45,Target,Yes,678,None,ADHD
46,Non-Target,No,0,None,ADHD
47,Non-Target,No,0,None,ADHD
48,Target,Yes,613,None,ADHD
49,Non-Target,No,0,None,ADHD
50,Target,Yes,641,None,ADHD
51,Non-Target,Yes,525,Commission,ADHD
52,Non-Target,No,0,None,ADHD
53,Non-Target,No,0,None,ADHD
54,Non-Target,No,0,None,ADHD
55,Non-Target,No,0,None,ADHD
56,Non-Target,No,0,None,ADHD
57,Target,Yes,730,None,ADHD
58,Non-Target,No,0,None,ADHD
59,Non-Target,No,0,None,ADHD
60,Target,No,0,Omission,ADHD
61,Non-Target,Yes,853,Commission,ADHD
62,Non-Target,No,0,None,ADHD
63,Target,Yes,516,None,ADHD
64,Non-Target,No,0,None,ADHD
65,Non-Target,No,0,None,ADHD
66,Target,Yes,658,None,ADHD
67,Target,Yes,705,None,ADHD
68,Target,Yes,648,None,ADHD
69,Non-Target,No,0,None,ADHD
70,Non-Target,No,0,None,ADHD
71,Target,Yes,636,None,ADHD
72,Non-Target,No,0,None,ADHD
73,Non-Target,No,0,None,ADHD
74,Non-Target,No,0,None,ADHD
75,Non-Target,No,0,None,ADHD
76,Target,Yes,725,None,ADHD
77,Target,Yes,823,None,ADHD
78,Non-Target,No,0,None,ADHD
79,Target,No,0,Omission,ADHD
80,Non-Target,No,0,None,ADHD
81,Non-Target,No,0,None,ADHD
82,Non-Target,Yes,574,Commission,ADHD
83,Target,No,0,Omission,ADHD
84,Target,No,0,Omission,ADHD
85,Non-Target,No,0,None,ADHD
86,Non-Target,Yes,711,Commission,ADHD
87,Non-Target,No,0,None,ADHD
88,Non-Target,No,0,None,ADHD
89,Non-Target,No,0,None,ADHD
90,Non-Target,No,0,None,ADHD
91,Target,Yes,525,None,ADHD
92,Target,Yes,669,None,ADHD
93,Target,Yes,632,None,ADHD
94,Non-Target,Yes,690,Commission,ADHD
95,Target,Yes,751,None,ADHD
96,Non-Target,Yes,784,Commission,ADHD
97,Non-Target,No,0,None,ADHD
98,Non-Target,No,0,None,ADHD
99,Non-Target,No,0,None,ADHD
100,Target,No,0,Omission,ADHD
101,Target,Yes,673,None,ADHD
102,Non-Target,No,0,None,ADHD
103,Target,No,0,Omission,ADHD
104,Non-Target,No,0,None,ADHD
105,Non-Target,Yes,636,Commission,ADHD
106,Non-Target,No,0,None,ADHD
107,Non-Target,No,0,None,ADHD
108,Non-Target,Yes,693,Commission,ADHD
109,Target,No,0,Omission,ADHD
110,Non-Target,No,0,None,ADHD
111,Non-Target,No,0,None,ADHD
112,Non-Target,No,0,None,ADHD
113,Non-Target,No,0,None,ADHD
114,Non-Target,Yes,568,Commission,ADHD
115,Non-Target,No,0,None,ADHD
116,Non-Target,No,0,None,ADHD
117,Non-Target,No,0,None,ADHD
118,Target,Yes,896,None,ADHD
119,Target,Yes,669,None,ADHD
120,Non-Target,No,0,None,ADHD
121,Non-Target,No,0,None,ADHD
122,Target,No,0,Omission,ADHD
123,Non-Target,No,0,None,ADHD
124,Non-Target,Yes,542,Commission,ADHD
125,Non-Target,No,0,None,ADHD
126,Non-Target,No,0,None,ADHD
127,Non-Target,No,0,None,ADHD
128,Target,Yes,557,None,ADHD
129,Target,No,0,Omission,ADHD
130,Non-Target,No,0,None,ADHD
131,Target,No,0,Omission,ADHD
132,Target,Yes,799,None,ADHD
133,Non-Target,No,0,None,ADHD
134,Non-Target,Yes,695,Commission,ADHD
135,Non-Target,No,0,None,ADHD
136,Target,Yes,549,None,ADHD
137,Target,Yes,709,None,ADHD
138,Target,Yes,664,None,ADHD
139,Target,Yes,496,None,ADHD
140,Target,Yes,804,None,ADHD
141,Target,Yes,714,None,ADHD
142,Non-Target,No,0,None,ADHD
143,Non-Target,No,0,None,ADHD
144,Non-Target,No,0,None,ADHD
145,Non-Target,No,0,None,ADHD
146,Non-Target,No,0,None,ADHD
147,Non-Target,No,0,None,ADHD
148,Non-Target,Yes,654,Commission,ADHD
149,Non-Target,No,0,None,ADHD
150,Target,Yes,397,None,ADHD
151,Non-Target,No,0,None,ADHD
152,Non-Target,No,0,None,ADHD
153,Target,Yes,665,None,ADHD
154,Non-Target,No,0,None,ADHD
155,Target,Yes,645,None,ADHD
156,Non-Target,No,0,None,ADHD
157,Non-Target,No,0,None,ADHD
158,Non-Target,No,0,None,ADHD
159,Non-Target,No,0,None,ADHD
160,Non-Target,No,0,None,ADHD
161,Non-Target,Yes,673,Commission,ADHD
162,Non-Target,No,0,None,ADHD
163,Target,No,0,Omission,ADHD
164,Non-Target,No,0,None,ADHD
165,Non-Target,No,0,None,ADHD
166,Non-Target,No,0,None,ADHD
167,Non-Target,Yes,682,Commission,ADHD
168,Non-Target,No,0,None,ADHD
169,Non-Target,No,0,None,ADHD
170,Non-Target,No,0,None,ADHD
171,Non-Target,No,0,None,ADHD
172,Non-Target,No,0,None,ADHD
173,Non-Target,No,0,None,ADHD
174,Target,Yes,836,None,ADHD
175,Non-Target,No,0,None,ADHD
176,Non-Target,No,0,None,ADHD
177,Non-Target,No,0,None,ADHD
178,Target,Yes,623,None,ADHD
179,Non-Target,No,0,None,ADHD
180,Non-Target,Yes,738,Commission,ADHD
181,Target,Yes,605,None,ADHD
182,Non-Target,No,0,None,ADHD
183,Non-Target,No,0,None,ADHD
184,Non-Target,No,0,None,ADHD
185,Non-Target,No,0,None,ADHD
186,Target,Yes,670,None,ADHD
187,Non-Target,No,0,None,ADHD
188,Non-Target,No,0,None,ADHD
189,Non-Target,No,0,None,ADHD
190,Non-Target,No,0,None,ADHD
191,Non-Target,No,0,None,ADHD
192,Non-Target,No,0,None,ADHD
193,Non-Target,No,0,None,ADHD
194,Target,Yes,584,None,ADHD
195,Non-Target,No,0,None,ADHD
196,Non-Target,No,0,None,ADHD
197,Non-Target,No,0,None,ADHD
198,Non-Target,No,0,None,ADHD
199,Target,Yes,618,None,ADHD
200,Target,Yes,631,None,ADHD
201,Non-Target,No,0,None,ADHD
202,Non-Target,No,0,None,ADHD
203,Target,No,0,Omission,ADHD
204,Non-Target,No,0,None,ADHD
205,Non-Target,No,0,None,ADHD
206,Target,Yes,346,None,ADHD
207,Target,Yes,727,None,ADHD
208,Non-Target,No,0,None,ADHD
209,Non-Target,No,0,None,ADHD
210,Non-Target,No,0,None,ADHD
211,Non-Target,No,0,None,ADHD
212,Non-Target,No,0,None,ADHD
213,Non-Target,No,0,None,ADHD
214,Non-Target,No,0,None,ADHD
215,Target,Yes,523,None,ADHD
216,Non-Target,No,0,None,ADHD
217,Target,Yes,507,None,ADHD
218,Non-Target,No,0,None,ADHD
219,Non-Target,No,0,None,ADHD
220,Non-Target,No,0,None,ADHD
221,Non-Target,Yes,503,Commission,ADHD
222,Non-Target,No,0,None,ADHD
223,Non-Target,No,0,None,ADHD
224,Non-Target,No,0,None,ADHD
225,Non-Target,No,0,None,ADHD
226,Target,No,0,Omission,ADHD
227,Non-Target,No,0,None,ADHD
228,Target,No,0,Omission,ADHD
229,Non-Target,No,0,None,ADHD
230,Non-Target,Yes,753,Commission,ADHD
231,Non-Target,No,0,None,ADHD
232,Non-Target,No,0,None,ADHD
233,Non-Target,No,0,None,ADHD
234,Non-Target,No,0,None,ADHD
235,Non-Target,No,0,None,ADHD
236,Non-Target,No,0,None,ADHD
237,Non-Target,Yes,495,Commission,ADHD
238,Non-Target,No,0,None,ADHD
239,Target,Yes,644,None,ADHD
240,Target,No,0,Omission,ADHD
241,Target,Yes,736,None,ADHD
242,Non-Target,No,0,None,ADHD
243,Non-Target,No,0,None,ADHD
244,Non-Target,No,0,None,ADHD
245,Non-Target,No,0,None,ADHD
246,Non-Target,No,0,None,ADHD
247,Non-Target,No,0,None,ADHD
248,Non-Target,No,0,None,ADHD
249,Non-Target,Yes,735,Commission,ADHD
250,Target,Yes,516,None,ADHD
251,Non-Target,No,0,None,ADHD
252,Non-Target,Yes,688,Commission,ADHD
253,Target,Yes,991,None,ADHD
254,Non-Target,No,0,None,ADHD
255,Non-Target,Yes,557,Commission,ADHD
256,Non-Target,Yes,539,Commission,ADHD
257,Target,Yes,652,None,ADHD
258,Non-Target,Yes,817,Commission,ADHD
259,Non-Target,No,0,None,ADHD
260,Target,Yes,626,None,ADHD
261,Non-Target,No,0,None,ADHD
262,Non-Target,No,0,None,ADHD
263,Target,Yes,699,None,ADHD
264,Non-Target,No,0,None,ADHD
265,Non-Target,No,0,None,ADHD
266,Non-Target,No,0,None,ADHD
267,Non-Target,No,0,None,ADHD
268,Non-Target,No,0,None,ADHD
269,Non-Target,No,0,None,ADHD
270,Non-Target,No,0,None,ADHD
271,Target,Yes,560,None,ADHD
272,Target,Yes,694,None,ADHD
273,Non-Target,No,0,None,ADHD
274,Target,Yes,473,None,ADHD
275,Non-Target,Yes,634,Commission,ADHD
276,Non-Target,No,0,None,ADHD
277,Non-Target,No,0,None,ADHD
278,Non-Target,No,0,None,ADHD
279,Non-Target,No,0,None,ADHD
280,Non-Target,Yes,597,Commission,ADHD
281,Non-Target,No,0,None,ADHD
282,Non-Target,No,0,None,ADHD
283,Non-Target,No,0,None,ADHD
284,Non-Target,No,0,None,ADHD
285,Non-Target,No,0,None,ADHD
286,Target,Yes,703,None,ADHD
287,Non-Target,No,0,None,ADHD
288,Target,Yes,367,None,ADHD
289,Non-Target,No,0,None,ADHD
290,Non-Target,No,0,None,ADHD
291,Non-Target,No,0,None,ADHD
292,Non-Target,No,0,None,ADHD
293,Non-Target,No,0,None,ADHD
294,Non-Target,No,0,None,ADHD
295,Non-Target,No,0,None,ADHD
296,Non-Target,No,0,None,ADHD
297,Non-Target,Yes,493,Commission,ADHD
298,Target,Yes,754,None,ADHD
299,Non-Target,No,0,None,ADHD
300,Non-Target,No,0,None,ADHD
301,Non-Target,No,0,None,ADHD
302,Non-Target,No,0,None,ADHD
303,Non-Target,No,0,None,ADHD
304,Target,No,0,Omission,ADHD
305,Non-Target,No,0,None,ADHD
306,Non-Target,Yes,592,Commission,ADHD
307,Target,Yes,720,None,ADHD
308,Target,Yes,739,None,ADHD
309,Non-Target,No,0,None,ADHD
310,Non-Target,No,0,None,ADHD
311,Non-Target,No,0,None,ADHD
312,Target,Yes,786,None,ADHD
313,Non-Target,No,0,None,ADHD
314,Non-Target,No,0,None,ADHD
315,Non-Target,No,0,None,ADHD
316,Target,Yes,864,None,ADHD
317,Non-Target,No,0,None,ADHD
318,Target,Yes,663,None,ADHD
319,Non-Target,No,0,None,ADHD
320,Non-Target,No,0,None,ADHD
321,Target,No,0,Omission,ADHD
322,Non-Target,No,0,None,ADHD
323,Non-Target,No,0,None,ADHD
324,Non-Target,No,0,None,ADHD
325,Non-Target,No,0,None,ADHD
326,Non-Target,No,0,None,ADHD
327,Non-Target,Yes,860,Commission,ADHD
328,Non-Target,No,0,None,ADHD
329,Non-Target,No,0,None,ADHD
330,Non-Target,No,0,None,ADHD
331,Non-Target,No,0,None,ADHD
332,Non-Target,No,0,None,ADHD
333,Target,Yes,725,None,ADHD
334,Non-Target,No,0,None,ADHD
335,Non-Target,No,0,None,ADHD
336,Non-Target,No,0,None,ADHD
337,Non-Target,No,0,None,ADHD
338,Non-Target,No,0,None,ADHD
339,Non-Target,Yes,633,Commission,ADHD
340,Target,Yes,613,None,ADHD
341,Non-Target,No,0,None,ADHD
342,Non-Target,No,0,None,ADHD
343,Non-Target,No,0,None,ADHD
344,Non-Target,No,0,None,ADHD
345,Non-Target,No,0,None,ADHD
346,Non-Target,No,0,None,ADHD
347,Non-Target,No,0,None,ADHD
348,Non-Target,No,0,None,ADHD
349,Non-Target,No,0,None,ADHD
350,Non-Target,Yes,892,Commission,ADHD
351,Non-Target,No,0,None,ADHD
352,Non-Target,No,0,None,ADHD
353,Non-Target,Yes,585,Commission,ADHD
354,Target,Yes,623,None,ADHD
355,Target,Yes,647,None,ADHD
356,Non-Target,No,0,None,ADHD
357,Non-Target,No,0,None,ADHD
358,Non-Target,No,0,None,ADHD
359,Non-Target,No,0,None,ADHD
360,Target,No,0,Omission,ADHD
361,Non-Target,No,0,None,ADHD
362,Non-Target,No,0,None,ADHD
363,Non-Target,No,0,None,ADHD
364,Target,No,0,Omission,ADHD
365,Target,Yes,357,None,ADHD
366,Target,Yes,970,None,ADHD
367,Target,Yes,848,None,ADHD
368,Target,Yes,826,None,ADHD
369,Non-Target,No,0,None,ADHD
370,Non-Target,No,0,None,ADHD
371,Non-Target,No,0,None,ADHD
372,Non-Target,Yes,812,Commission,ADHD
373,Non-Target,No,0,None,ADHD
374,Non-Target,Yes,528,Commission,ADHD
375,Non-Target,No,0,None,ADHD
376,Non-Target,No,0,None,ADHD
377,Non-Target,No,0,None,ADHD
378,Non-Target,No,0,None,ADHD
379,Non-Target,No,0,None,ADHD
380,Target,Yes,718,None,ADHD
381,Non-Target,No,0,None,ADHD
382,Non-Target,No,0,None,ADHD
383,Target,No,0,Omission,ADHD
384,Non-Target,No,0,None,ADHD
385,Target,Yes,657,None,ADHD
386,Target,Yes,682,None,ADHD
387,Non-Target,No,0,None,ADHD
388,Target,No,0,Omission,ADHD
389,Non-Target,No,0,None,ADHD
390,Non-Target,No,0,None,ADHD
391,Target,Yes,770,None,ADHD
392,Non-Target,No,0,None,ADHD
393,Non-Target,No,0,None,ADHD
394,Target,Yes,841,None,ADHD
395,Non-Target,No,0,None,ADHD
396,Target,Yes,785,None,ADHD
397,Non-Target,No,0,None,ADHD
398,Target,Yes,591,None,ADHD
399,Non-Target,Yes,754,Commission,ADHD
400,Target,Yes,750,None,ADHD
401,Non-Target,No,0,None,ADHD
402,Non-Target,No,0,None,ADHD
403,Non-Target,No,0,None,ADHD
404,Target,Yes,716,None,ADHD
405,Non-Target,No,0,None,ADHD
406,Target,Yes,449,None,ADHD
407,Non-Target,No,0,None,ADHD
408,Non-Target,No,0,None,ADHD
409,Non-Target,No,0,None,ADHD
410,Target,Yes,762,None,ADHD
411,Non-Target,No,0,None,ADHD
412,Non-Target,No,0,None,ADHD
413,Non-Target,No,0,None,ADHD
414,Non-Target,No,0,None,ADHD
415,Non-Target,Yes,790,Commission,ADHD
416,Non-Target,No,0,None,ADHD
417,Target,No,0,Omission,ADHD
418,Non-Target,No,0,None,ADHD
419,Non-Target,No,0,None,ADHD
420,Non-Target,Yes,653,Commission,ADHD
421,Non-Target,Yes,597,Commission,ADHD
422,Non-Target,No,0,None,ADHD
423,Non-Target,No,0,None,ADHD
424,Non-Target,No,0,None,ADHD
425,Non-Target,No,0,None,ADHD
426,Target,Yes,607,None,ADHD
427,Non-Target,No,0,None,ADHD
428,Non-Target,No,0,None,ADHD
429,Target,Yes,645,None,ADHD
430,Non-Target,Yes,715,Commission,ADHD
431,Non-Target,Yes,662,Commission,ADHD
432,Target,Yes,525,None,ADHD
433,Non-Target,No,0,None,ADHD
434,Non-Target,No,0,None,ADHD
435,Target,Yes,825,None,ADHD
436,Non-Target,No,0,None,ADHD
437,Non-Target,No,0,None,ADHD
438,Non-Target,No,0,None,ADHD
439,Non-Target,No,0,None,ADHD
440,Non-Target,No,0,None,ADHD
441,Non-Target,No,0,None,ADHD
442,Target,Yes,735,None,ADHD
443,Non-Target,No,0,None,ADHD
444,Target,Yes,525,None,ADHD
445,Target,Yes,775,None,ADHD
446,Target,No,0,Omission,ADHD
447,Non-Target,No,0,None,ADHD
448,Non-Target,No,0,None,ADHD
449,Target,Yes,812,None,ADHD
450,Non-Target,No,0,None,ADHD
451,Non-Target,No,0,None,ADHD
452,Non-Target,Yes,545,Commission,ADHD
453,Non-Target,No,0,None,ADHD
454,Non-Target,No,0,None,ADHD
455,Non-Target,No,0,None,ADHD
456,Non-Target,Yes,602,Commission,ADHD
457,Non-Target,No,0,None,ADHD
458,Target,Yes,816,None,ADHD
459,Non-Target,No,0,None,ADHD
460,Target,No,0,Omission,ADHD
461,Non-Target,No,0,None,ADHD
462,Target,Yes,596,None,ADHD
463,Non-Target,No,0,None,ADHD
464,Non-Target,No,0,None,ADHD
465,Non-Target,No,0,None,ADHD
466,Non-Target,No,0,None,ADHD
467,Target,Yes,580,None,ADHD
468,Non-Target,No,0,None,ADHD
469,Target,Yes,639,None,ADHD
470,Non-Target,No,0,None,ADHD
471,Target,Yes,631,None,ADHD
472,Non-Target,No,0,None,ADHD
473,Non-Target,No,0,None,ADHD
474,Non-Target,No,0,None,ADHD
475,Target,Yes,503,None,ADHD
476,Target,No,0,Omission,ADHD
477,Non-Target,No,0,None,ADHD
478,Non-Target,No,0,None,ADHD
479,Non-Target,Yes,469,Commission,ADHD
480,Non-Target,No,0,None,ADHD
481,Non-Target,No,0,None,ADHD
482,Target,Yes,749,None,ADHD
483,Non-Target,No,0,None,ADHD
484,Non-Target,No,0,None,ADHD
485,Non-Target,No,0,None,ADHD
486,Non-Target,No,0,None,ADHD
487,Non-Target,Yes,535,Commission,ADHD
488,Non-Target,No,0,None,ADHD
489,Target,Yes,495,None,ADHD
490,Target,No,0,Omission,ADHD
491,Target,No,0,Omission,ADHD
492,Non-Target,No,0,None,ADHD
493,Non-Target,Yes,817,Commission,ADHD
494,Target,Yes,774,None,ADHD
495,Non-Target,No,0,None,ADHD
496,Non-Target,No,0,None,ADHD
497,Target,No,0,Omission,ADHD
498,Non-Target,No,0,None,ADHD
499,Non-Target,No,0,None,ADHD
500,Non-Target,No,0,None,ADHD
501,Non-Target,No,0,None,ADHD
502,Non-Target,No,0,None,ADHD
503,Non-Target,No,0,None,ADHD
504,Non-Target,No,0,None,ADHD
505,Non-Target,No,0,None,ADHD
506,Target,No,0,Omission,ADHD
507,Non-Target,No,0,None,ADHD
508,Non-Target,No,0,None,ADHD
509,Non-Target,No,0,None,ADHD
510,Non-Target,No,0,None,ADHD
511,Non-Target,No,0,None,ADHD
512,Non-Target,No,0,None,ADHD
513,Non-Target,No,0,None,ADHD
514,Non-Target,No,0,None,ADHD
515,Non-Target,No,0,None,ADHD
516,Non-Target,Yes,470,Commission,ADHD
517,Target,No,0,Omission,ADHD
518,Target,Yes,826,None,ADHD
519,Non-Target,No,0,None,ADHD
520,Non-Target,No,0,None,ADHD
521,Non-Target,No,0,None,ADHD
522,Non-Target,No,0,None,ADHD
523,Target,Yes,644,None,ADHD
524,Non-Target,No,0,None,ADHD
525,Target,Yes,726,None,ADHD
526,Target,Yes,718,None,ADHD
527,Non-Target,Yes,793,Commission,ADHD
528,Non-Target,No,0,None,ADHD
529,Non-Target,No,0,None,ADHD
530,Non-Target,No,0,None,ADHD
531,Non-Target,No,0,None,ADHD
532,Non-Target,No,0,None,ADHD
533,Target,Yes,533,None,ADHD
534,Target,Yes,726,None,ADHD
535,Non-Target,No,0,None,ADHD
536,Non-Target,No,0,None,ADHD
537,Non-Target,No,0,None,ADHD
538,Non-Target,No,0,None,ADHD
539,Non-Target,No,0,None,ADHD
540,Non-Target,No,0,None,ADHD
541,Non-Target,No,0,None,ADHD
542,Non-Target,No,0,None,ADHD
543,Non-Target,No,0,None,ADHD
544,Non-Target,No,0,None,ADHD
545,Non-Target,No,0,None,ADHD
546,Target,Yes,472,None,ADHD
547,Target,No,0,Omission,ADHD
548,Non-Target,No,0,None,ADHD
549,Non-Target,No,0,None,ADHD
550,Target,Yes,735,None,ADHD
551,Non-Target,No,0,None,ADHD
552,Non-Target,No,0,None,ADHD
553,Non-Target,No,0,None,ADHD
554,Non-Target,No,0,None,ADHD
555,Non-Target,No,0,None,ADHD
556,Non-Target,No,0,None,ADHD
557,Target,No,0,Omission,ADHD
558,Non-Target,No,0,None,ADHD
559,Non-Target,No,0,None,ADHD
560,Target,Yes,645,None,ADHD
561,Non-Target,No,0,None,ADHD
562,Non-Target,No,0,None,ADHD
563,Non-Target,No,0,None,ADHD
564,Non-Target,No,0,None,ADHD
565,Non-Target,Yes,507,Commission,ADHD
566,Non-Target,No,0,None,ADHD
567,Target,Yes,406,None,ADHD
568,Target,Yes,855,None,ADHD
569,Non-Target,No,0,None,ADHD
570,Non-Target,No,0,None,ADHD
571,Non-Target,No,0,None,ADHD
572,Non-Target,No,0,None,ADHD
573,Non-Target,No,0,None,ADHD
574,Target,Yes,590,None,ADHD
575,Non-Target,No,0,None,ADHD
576,Non-Target,No,0,None,ADHD
577,Target,No,0,Omission,ADHD
578,Non-Target,No,0,None,ADHD
579,Non-Target,No,0,None,ADHD
580,Target,Yes,691,None,ADHD
581,Non-Target,No,0,None,ADHD
582,Target,Yes,649,None,ADHD
583,Non-Target,No,0,None,ADHD
584,Non-Target,No,0,None,ADHD
585,Non-Target,No,0,None,ADHD
586,Non-Target,No,0,None,ADHD
587,Non-Target,Yes,984,Commission,ADHD
588,Non-Target,Yes,756,Commission,ADHD
589,Non-Target,No,0,None,ADHD
590,Target,Yes,649,None,ADHD
591,Non-Target,No,0,None,ADHD
592,Non-Target,No,0,None,ADHD
593,Target,Yes,617,None,ADHD
594,Non-Target,No,0,None,ADHD
595,Target,No,0,Omission,ADHD
596,Non-Target,No,0,None,ADHD
597,Target,Yes,466,None,ADHD
598,Non-Target,No,0,None,ADHD
599,Target,Yes,637,None,ADHD
600,Non-Target,No,0,None,ADHD
601,Target,No,0,Omission,ADHD
602,Non-Target,Yes,526,Commission,ADHD
603,Non-Target,Yes,702,Commission,ADHD
604,Non-Target,No,0,None,ADHD
605,Non-Target,No,0,None,ADHD
606,Non-Target,Yes,610,Commission,ADHD
607,Non-Target,Yes,585,Commission,ADHD
608,Target,Yes,615,None,ADHD
609,Target,Yes,805,None,ADHD
610,Target,No,0,Omission,ADHD
611,Non-Target,No,0,None,ADHD
612,Non-Target,No,0,None,ADHD
613,Non-Target,No,0,None,ADHD
614,Target,Yes,656,None,ADHD
615,Non-Target,No,0,None,ADHD
616,Non-Target,Yes,558,Commission,ADHD
617,Non-Target,No,0,None,ADHD
618,Non-Target,No,0,None,ADHD
619,Target,No,0,Omission,ADHD
620,Non-Target,Yes,797,Commission,ADHD
621,Non-Target,No,0,None,ADHD
622,Non-Target,No,0,None,ADHD
623,Non-Target,No,0,None,ADHD
624,Non-Target,No,0,None,ADHD
625,Non-Target,No,0,None,ADHD
626,Non-Target,No,0,None,ADHD
627,Non-Target,No,0,None,ADHD
628,Non-Target,No,0,None,ADHD
629,Non-Target,No,0,None,ADHD
630,Non-Target,No,0,None,ADHD
631,Non-Target,No,0,None,ADHD
632,Non-Target,No,0,None,ADHD
633,Target,Yes,845,None,ADHD
634,Target,Yes,579,None,ADHD
635,Target,Yes,731,None,ADHD
636,Non-Target,No,0,None,ADHD
637,Non-Target,No,0,None,ADHD
638,Non-Target,No,0,None,ADHD
639,Non-Target,No,0,None,ADHD
640,Non-Target,Yes,722,Commission,ADHD
641,Non-Target,No,0,None,ADHD
642,Target,Yes,725,None,ADHD
643,Target,Yes,599,None,ADHD
644,Non-Target,No,0,None,ADHD
645,Non-Target,No,0,None,ADHD
646,Non-Target,No,0,None,ADHD
647,Non-Target,No,0,None,ADHD
648,Non-Target,No,0,None,ADHD
649,Target,No,0,Omission,ADHD
650,Target,Yes,862,None,ADHD
651,Non-Target,No,0,None,ADHD
652,Target,Yes,829,None,ADHD
653,Target,No,0,Omission,ADHD
654,Target,No,0,Omission,ADHD
655,Non-Target,No,0,None,ADHD
656,Non-Target,No,0,None,ADHD
657,Non-Target,No,0,None,ADHD
658,Non-Target,No,0,None,ADHD
659,Target,Yes,824,None,ADHD
660,Non-Target,No,0,None,ADHD
661,Non-Target,No,0,None,ADHD
662,Target,No,0,Omission,ADHD
663,Target,Yes,717,None,ADHD
664,Non-Target,No,0,None,ADHD
665,Target,Yes,1013,None,ADHD
666,Non-Target,No,0,None,ADHD
667,Non-Target,No,0,None,ADHD
668,Non-Target,Yes,678,Commission,ADHD
669,Non-Target,No,0,None,ADHD
670,Non-Target,Yes,557,Commission,ADHD
671,Target,Yes,624,None,ADHD
672,Non-Target,No,0,None,ADHD
673,Non-Target,No,0,None,ADHD
674,Non-Target,No,0,None,ADHD
675,Non-Target,No,0,None,ADHD
676,Non-Target,No,0,None,ADHD
677,Target,Yes,838,None,ADHD
678,Non-Target,No,0,None,ADHD
679,Non-Target,No,0,None,ADHD
680,Non-Target,No,0,None,ADHD
681,Non-Target,No,0,None,ADHD
682,Non-Target,Yes,674,Commission,ADHD
683,Non-Target,No,0,None,ADHD
684,Target,No,0,Omission,ADHD
685,Target,Yes,728,None,ADHD
686,Target,Yes,694,None,ADHD
687,Target,Yes,639,None,ADHD
688,Non-Target,No,0,None,ADHD
689,Non-Target,No,0,None,ADHD
690,Non-Target,No,0,None,ADHD
691,Non-Target,No,0,None,ADHD
692,Non-Target,Yes,631,Commission,ADHD
693,Target,No,0,Omission,ADHD
694,Target,Yes,771,None,ADHD
695,Non-Target,No,0,None,ADHD
696,Non-Target,No,0,None,ADHD
697,Target,Yes,477,None,ADHD
698,Non-Target,Yes,839,Commission,ADHD
699,Non-Target,No,0,None,ADHD
700,Non-Target,No,0,None,ADHD
701,Non-Target,No,0,None,ADHD
702,Non-Target,No,0,None,ADHD
703,Target,No,0,Omission,ADHD
704,Non-Target,No,0,None,ADHD
705,Non-Target,No,0,None,ADHD
706,Non-Target,No,0,None,ADHD
707,Non-Target,No,0,None,ADHD
708,Non-Target,No,0,None,ADHD
709,Non-Target,No,0,None,ADHD
710,Non-Target,No,0,None,ADHD
711,Target,Yes,805,None,ADHD
712,Target,Yes,547,None,ADHD
713,Target,Yes,808,None,ADHD
714,Target,Yes,689,None,ADHD
715,Non-Target,No,0,None,ADHD
716,Non-Target,No,0,None,ADHD
717,Target,Yes,890,None,ADHD
718,Non-Target,No,0,None,ADHD
719,Non-Target,Yes,597,Commission,ADHD
720,Non-Target,No,0,None,ADHD
721,Non-Target,No,0,None,ADHD
722,Non-Target,Yes,718,Commission,ADHD
723,Non-Target,No,0,None,ADHD
724,Non-Target,No,0,None,ADHD
725,Non-Target,No,0,None,ADHD
726,Non-Target,No,0,None,ADHD
727,Non-Target,No,0,None,ADHD
728,Target,Yes,630,None,ADHD
729,Target,Yes,900,None,ADHD
730,Non-Target,No,0,None,ADHD
731,Target,No,0,Omission,ADHD
732,Non-Target,No,0,None,ADHD
733,Non-Target,No,0,None,ADHD
734,Non-Target,No,0,None,ADHD
735,Non-Target,No,0,None,ADHD
736,Non-Target,No,0,None,ADHD
737,Non-Target,No,0,None,ADHD
738,Non-Target,No,0,None,ADHD
739,Non-Target,No,0,None,ADHD
740,Target,Yes,616,None,ADHD
741,Non-Target,No,0,None,ADHD
742,Non-Target,No,0,None,ADHD
743,Non-Target,No,0,None,ADHD
744,Target,Yes,532,None,ADHD
745,Non-Target,No,0,None,ADHD
746,Non-Target,No,0,None,ADHD
747,Non-Target,No,0,None,ADHD
748,Non-Target,No,0,None,ADHD
749,Target,No,0,Omission,ADHD
750,Non-Target,No,0,None,ADHD
751,Non-Target,Yes,676,Commission,ADHD
752,Non-Target,Yes,677,Commission,ADHD
753,Non-Target,No,0,None,ADHD
754,Non-Target,No,0,None,ADHD
755,Non-Target,No,0,None,ADHD
756,Target,Yes,597,None,ADHD
757,Non-Target,No,0,None,ADHD
758,Non-Target,No,0,None,ADHD
759,Non-Target,Yes,746,Commission,ADHD
760,Non-Target,No,0,None,ADHD
761,Target,Yes,536,None,ADHD
762,Non-Target,No,0,None,ADHD
763,Target,Yes,771,None,ADHD
764,Non-Target,No,0,None,ADHD
765,Non-Target,No,0,None,ADHD
766,Non-Target,No,0,None,ADHD
767,Non-Target,Yes,664,Commission,ADHD
768,Non-Target,No,0,None,ADHD
769,Target,Yes,613,None,ADHD
770,Non-Target,No,0,None,ADHD
771,Non-Target,No,0,None,ADHD
772,Target,Yes,771,None,ADHD
773,Non-Target,No,0,None,ADHD
774,Non-Target,No,0,None,ADHD
775,Target,Yes,1021,None,ADHD
776,Non-Target,No,0,None,ADHD
777,Target,Yes,667,None,ADHD
778,Non-Target,No,0,None,ADHD
779,Non-Target,No,0,None,ADHD
780,Non-Target,No,0,None,ADHD
781,Non-Target,No,0,None,ADHD
782,Target,Yes,423,None,ADHD
783,Non-Target,No,0,None,ADHD
784,Non-Target,No,0,None,ADHD
785,Non-Target,No,0,None,ADHD
786,Non-Target,No,0,None,ADHD
787,Target,No,0,Omission,ADHD
788,Non-Target,No,0,None,ADHD
789,Non-Target,No,0,None,ADHD
790,Non-Target,Yes,730,Commission,ADHD
791,Target,Yes,509,None,ADHD
792,Target,Yes,692,None,ADHD
793,Target,Yes,609,None,ADHD
794,Non-Target,No,0,None,ADHD
795,Non-Target,No,0,None,ADHD
796,Non-Target,No,0,None,ADHD
797,Non-Target,No,0,None,ADHD
798,Non-Target,Yes,907,Commission,ADHD
799,Non-Target,No,0,None,ADHD
800,Non-Target,Yes,487,Commission,ADHD
801,Non-Target,No,0,None,ADHD
802,Non-Target,No,0,None,ADHD
803,Non-Target,No,0,None,ADHD
804,Non-Target,No,0,None,ADHD
805,Target,Yes,632,None,ADHD
806,Non-Target,No,0,None,ADHD
807,Non-Target,No,0,None,ADHD
808,Non-Target,No,0,None,ADHD
809,Non-Target,No,0,None,ADHD
810,Target,Yes,607,None,ADHD
811,Non-Target,No,0,None,ADHD
812,Non-Target,No,0,None,ADHD
813,Target,Yes,568,None,ADHD
814,Non-Target,No,0,None,ADHD
815,Non-Target,No,0,None,ADHD
816,Target,No,0,Omission,ADHD
817,Non-Target,No,0,None,ADHD
818,Non-Target,No,0,None,ADHD
819,Target,Yes,612,None,ADHD
820,Target,No,0,Omission,ADHD
821,Non-Target,No,0,None,ADHD
822,Non-Target,No,0,None,ADHD
823,Non-Target,No,0,None,ADHD
824,Target,Yes,631,None,ADHD
825,Target,Yes,776,None,ADHD
826,Non-Target,No,0,None,ADHD
827,Non-Target,No,0,None,ADHD
828,Non-Target,No,0,None,ADHD
829,Non-Target,No,0,None,ADHD
830,Non-Target,No,0,None,ADHD
831,Non-Target,Yes,479,Commission,ADHD
832,Non-Target,No,0,None,ADHD
833,Non-Target,Yes,399,Commission,ADHD
834,Non-Target,No,0,None,ADHD
835,Non-Target,No,0,None,ADHD
836,Non-Target,No,0,None,ADHD
837,Non-Target,No,0,None,ADHD
838,Non-Target,No,0,None,ADHD
839,Target,Yes,787,None,ADHD
840,Non-Target,Yes,563,Commission,ADHD
841,Target,No,0,Omission,ADHD
842,Non-Target,No,0,None,ADHD
843,Target,Yes,674,None,ADHD
844,Target,Yes,637,None,ADHD
845,Non-Target,No,0,None,ADHD
846,Non-Target,No,0,None,ADHD
847,Non-Target,Yes,558,Commission,ADHD
848,Non-Target,No,0,None,ADHD
849,Non-Target,No,0,None,ADHD
850,Non-Target,No,0,None,ADHD
851,Target,Yes,566,None,ADHD
852,Non-Target,Yes,771,Commission,ADHD
853,Non-Target,Yes,891,Commission,ADHD
854,Non-Target,No,0,None,ADHD
855,Non-Target,No,0,None,ADHD
856,Non-Target,No,0,None,ADHD
857,Non-Target,No,0,None,ADHD
858,Non-Target,No,0,None,ADHD
859,Target,Yes,638,None,ADHD
860,Non-Target,No,0,None,ADHD
861,Non-Target,No,0,None,ADHD
862,Non-Target,No,0,None,ADHD
863,Target,Yes,633,None,ADHD
864,Non-Target,No,0,None,ADHD
865,Target,Yes,419,None,ADHD
866,Target,Yes,575,None,ADHD
867,Target,Yes,527,None,ADHD
868,Target,Yes,428,None,ADHD
869,Non-Target,No,0,None,ADHD
870,Non-Target,No,0,None,ADHD
871,Non-Target,No,0,None,ADHD
872,Non-Target,No,0,None,ADHD
873,Non-Target,No,0,None,ADHD
874,Non-Target,Yes,641,Commission,ADHD
875,Non-Target,No,0,None,ADHD
876,Non-Target,No,0,None,ADHD
877,Non-Target,No,0,None,ADHD
878,Non-Target,Yes,703,Commission,ADHD
879,Non-Target,No,0,None,ADHD
880,Non-Target,No,0,None,ADHD
881,Non-Target,No,0,None,ADHD
882,Non-Target,No,0,None,ADHD
883,Non-Target,No,0,None,ADHD
884,Non-Target,No,0,None,ADHD
885,Non-Target,No,0,None,ADHD
886,Target,Yes,674,None,ADHD
887,Non-Target,No,0,None,ADHD
888,Non-Target,No,0,None,ADHD
889,Non-Target,Yes,583,Commission,ADHD
890,Target,Yes,529,None,ADHD
891,Non-Target,No,0,None,ADHD
892,Non-Target,No,0,None,ADHD
893,Non-Target,No,0,None,ADHD
894,Non-Target,No,0,None,ADHD
895,Non-Target,No,0,None,ADHD
896,Non-Target,No,0,None,ADHD
897,Non-Target,No,0,None,ADHD
898,Non-Target,No,0,None,ADHD
899,Non-Target,No,0,None,ADHD
900,Non-Target,No,0,None,ADHD
901,Target,Yes,771,None,ADHD
902,Non-Target,No,0,None,ADHD
903,Non-Target,Yes,605,Commission,ADHD
904,Target,No,0,Omission,ADHD
905,Non-Target,No,0,None,ADHD
906,Non-Target,Yes,520,Commission,ADHD
907,Non-Target,No,0,None,ADHD
908,Non-Target,No,0,None,ADHD
909,Target,Yes,521,None,ADHD
910,Target,Yes,555,None,ADHD
911,Non-Target,No,0,None,ADHD
912,Target,Yes,674,None,ADHD
913,Target,No,0,Omission,ADHD
914,Target,No,0,Omission,ADHD
915,Non-Target,No,0,None,ADHD
916,Non-Target,Yes,687,Commission,ADHD
917,Target,Yes,285,None,ADHD
918,Non-Target,No,0,None,ADHD
919,Non-Target,No,0,None,ADHD
920,Non-Target,No,0,None,ADHD
921,Non-Target,No,0,None,ADHD
922,Non-Target,Yes,828,Commission,ADHD
923,Non-Target,No,0,None,ADHD
924,Target,Yes,522,None,ADHD
925,Target,Yes,514,None,ADHD
926,Non-Target,No,0,None,ADHD
927,Non-Target,Yes,747,Commission,ADHD
928,Non-Target,No,0,None,ADHD
929,Non-Target,No,0,None,ADHD
930,Non-Target,No,0,None,ADHD
931,Target,No,0,Omission,ADHD
932,Non-Target,Yes,537,Commission,ADHD
933,Target,Yes,396,None,ADHD
934,Non-Target,No,0,None,ADHD
935,Target,Yes,607,None,ADHD
936,Non-Target,No,0,None,ADHD
937,Non-Target,No,0,None,ADHD
938,Non-Target,No,0,None,ADHD
939,Non-Target,No,0,None,ADHD
940,Target,Yes,645,None,ADHD
941,Non-Target,Yes,621,Commission,ADHD
942,Target,Yes,745,None,ADHD
943,Target,Yes,560,None,ADHD
944,Non-Target,Yes,594,Commission,ADHD
945,Non-Target,No,0,None,ADHD
946,Non-Target,No,0,None,ADHD
947,Non-Target,No,0,None,ADHD
948,Non-Target,No,0,None,ADHD
949,Non-Target,No,0,None,ADHD
950,Non-Target,Yes,506,Commission,ADHD
951,Non-Target,Yes,545,Commission,ADHD
952,Target,Yes,641,None,ADHD
953,Target,No,0,Omission,ADHD
954,Target,No,0,Omission,ADHD
955,Non-Target,No,0,None,ADHD
956,Target,Yes,654,None,ADHD
957,Non-Target,No,0,None,ADHD
958,Non-Target,No,0,None,ADHD
959,Non-Target,No,0,None,ADHD
960,Target,No,0,Omission,ADHD
961,Non-Target,Yes,480,Commission,ADHD
962,Non-Target,No,0,None,ADHD
963,Non-Target,No,0,None,ADHD
964,Non-Target,No,0,None,ADHD
965,Non-Target,No,0,None,ADHD
966,Non-Target,No,0,None,ADHD
967,Target,Yes,566,None,ADHD
968,Target,Yes,666,None,ADHD
969,Non-Target,No,0,None,ADHD
970,Non-Target,No,0,None,ADHD
971,Non-Target,Yes,555,Commission,ADHD
972,Target,Yes,965,None,ADHD
973,Target,Yes,628,None,ADHD
974,Non-Target,Yes,834,Commission,ADHD
975,Target,Yes,721,None,ADHD
976,Non-Target,Yes,779,Commission,ADHD
977,Non-Target,No,0,None,ADHD
978,Target,Yes,623,None,ADHD
979,Non-Target,No,0,None,ADHD
980,Non-Target,Yes,399,Commission,ADHD
981,Non-Target,No,0,None,ADHD
982,Target,Yes,680,None,ADHD
983,Non-Target,No,0,None,ADHD
984,Non-Target,Yes,669,Commission,ADHD
985,Non-Target,No,0,None,ADHD
986,Non-Target,No,0,None,ADHD
987,Non-Target,No,0,None,ADHD
988,Non-Target,Yes,657,Commission,ADHD
989,Non-Target,No,0,None,ADHD
990,Target,Yes,659,None,ADHD
991,Non-Target,No,0,None,ADHD
992,Target,Yes,578,None,ADHD
993,Non-Target,No,0,None,ADHD
994,Target,Yes,455,None,ADHD
995,Non-Target,No,0,None,ADHD
996,Target,Yes,541,None,ADHD
997,Non-Target,No,0,None,ADHD
998,Target,No,0,Omission,ADHD
999,Non-Target,No,0,None,ADHD
1000,Non-Target,No,0,None,ADHD
1001,Target,Yes,556,None,ADHD
1002,Target,No,0,Omission,ADHD
1003,Non-Target,No,0,None,ADHD
1004,Non-Target,Yes,533,Commission,ADHD
1005,Non-Target,No,0,None,ADHD
1006,Non-Target,No,0,None,ADHD
1007,Target,Yes,409,None,ADHD
1008,Target,Yes,834,None,ADHD
1009,Non-Target,No,0,None,ADHD
1010,Non-Target,Yes,969,Commission,ADHD
1011,Non-Target,No,0,None,ADHD
1012,Target,Yes,505,None,ADHD
1013,Target,No,0,Omission,ADHD
1014,Non-Target,No,0,None,ADHD
1015,Non-Target,No,0,None,ADHD
1016,Non-Target,No,0,None,ADHD
1017,Target,No,0,Omission,ADHD
1018,Target,No,0,Omission,ADHD
1019,Non-Target,Yes,760,Commission,ADHD
1020,Target,Yes,779,None,ADHD
1021,Non-Target,Yes,556,Commission,ADHD
1022,Non-Target,No,0,None,ADHD
1023,Non-Target,No,0,None,ADHD
1024,Non-Target,No,0,None,ADHD
1025,Non-Target,No,0,None,ADHD
1026,Non-Target,No,0,None,ADHD
1027,Non-Target,No,0,None,ADHD
1028,Non-Target,No,0,None,ADHD
1029,Non-Target,No,0,None,ADHD
1030,Target,Yes,392,None,ADHD
1031,Non-Target,No,0,None,ADHD
1032,Target,Yes,702,None,ADHD
1033,Non-Target,No,0,None,ADHD
1034,Target,Yes,656,None,ADHD
1035,Non-Target,No,0,None,ADHD
1036,Non-Target,No,0,None,ADHD
1037,Non-Target,No,0,None,ADHD
1038,Non-Target,Yes,640,Commission,ADHD
1039,Non-Target,No,0,None,ADHD
1040,Non-Target,Yes,674,Commission,ADHD
1041,Non-Target,No,0,None,ADHD
1042,Non-Target,Yes,816,Commission,ADHD
1043,Non-Target,No,0,None,ADHD
1044,Non-Target,No,0,None,ADHD
1045,Non-Target,Yes,683,Commission,ADHD
1046,Non-Target,Yes,674,Commission,ADHD
1047,Non-Target,No,0,None,ADHD
1048,Non-Target,No,0,None,ADHD
1049,Target,Yes,874,None,ADHD
1050,Non-Target,No,0,None,ADHD
1051,Non-Target,No,0,None,ADHD
1052,Non-Target,No,0,None,ADHD
1053,Non-Target,No,0,None,ADHD
1054,Non-Target,No,0,None,ADHD
1055,Non-Target,No,0,None,ADHD
1056,Non-Target,No,0,None,ADHD
1057,Non-Target,No,0,None,ADHD
1058,Non-Target,No,0,None,ADHD
1059,Non-Target,No,0,None,ADHD
1060,Target,Yes,723,None,ADHD
1061,Non-Target,No,0,None,ADHD
1062,Target,Yes,827,None,ADHD
1063,Non-Target,Yes,636,Commission,ADHD
1064,Target,Yes,704,None,ADHD
1065,Non-Target,No,0,None,ADHD
1066,Target,Yes,712,None,ADHD
1067,Target,Yes,737,None,ADHD
1068,Non-Target,Yes,702,Commission,ADHD
1069,Non-Target,Yes,773,Commission,ADHD
1070,Non-Target,No,0,None,ADHD
1071,Non-Target,No,0,None,ADHD
1072,Non-Target,No,0,None,ADHD
1073,Non-Target,No,0,None,ADHD
1074,Non-Target,No,0,None,ADHD
1075,Target,Yes,943,None,ADHD
1076,Non-Target,No,0,None,ADHD
1077,Non-Target,No,0,None,ADHD
1078,Target,Yes,662,None,ADHD
1079,Target,Yes,677,None,ADHD
1080,Non-Target,No,0,None,ADHD
1081,Non-Target,No,0,None,ADHD
1082,Non-Target,No,0,None,ADHD
1083,Non-Target,Yes,805,Commission,ADHD
1084,Target,Yes,803,None,ADHD
1085,Non-Target,No,0,None,ADHD
1086,Non-Target,No,0,None,ADHD
1087,Non-Target,No,0,None,ADHD
1088,Non-Target,No,0,None,ADHD
1089,Target,Yes,755,None,ADHD
1090,Non-Target,No,0,None,ADHD
1091,Target,Yes,810,None,ADHD
1092,Non-Target,No,0,None,ADHD
1093,Target,Yes,506,None,ADHD
1094,Non-Target,No,0,None,ADHD
1095,Target,Yes,452,None,ADHD
1096,Target,Yes,600,None,ADHD
1097,Target,Yes,677,None,ADHD
1098,Non-Target,No,0,None,ADHD
1099,Non-Target,No,0,None,ADHD
1100,Non-Target,No,0,None,ADHD
1101,Target,Yes,773,None,ADHD
1102,Non-Target,No,0,None,ADHD
1103,Non-Target,No,0,None,ADHD
1104,Non-Target,No,0,None,ADHD
1105,Target,Yes,566,None,ADHD
1106,Non-Target,No,0,None,ADHD
1107,Non-Target,No,0,None,ADHD
1108,Non-Target,No,0,None,ADHD
1109,Non-Target,No,0,None,ADHD
1110,Target,No,0,Omission,ADHD
1111,Non-Target,Yes,378,Commission,ADHD
1112,Non-Target,Yes,605,Commission,ADHD
1113,Non-Target,Yes,647,Commission,ADHD
1114,Non-Target,No,0,None,ADHD
1115,Target,Yes,662,None,ADHD
1116,Target,Yes,630,None,ADHD
1117,Non-Target,No,0,None,ADHD
1118,Non-Target,No,0,None,ADHD
1119,Non-Target,Yes,548,Commission,ADHD
1120,Target,Yes,543,None,ADHD
1121,Non-Target,No,0,None,ADHD
1122,Non-Target,No,0,None,ADHD
1123,Non-Target,No,0,None,ADHD
1124,Non-Target,No,0,None,ADHD
1125,Target,Yes,685,None,ADHD
1126,Non-Target,No,0,None,ADHD
1127,Target,Yes,656,None,ADHD
1128,Target,Yes,709,None,ADHD
1129,Target,Yes,494,None,ADHD
1130,Non-Target,No,0,None,ADHD
1131,Non-Target,No,0,None,ADHD
1132,Non-Target,No,0,None,ADHD
1133,Non-Target,No,0,None,ADHD
1134,Non-Target,No,0,None,ADHD
1135,Non-Target,Yes,571,Commission,ADHD
1136,Target,Yes,792,None,ADHD
1137,Non-Target,No,0,None,ADHD
1138,Target,No,0,Omission,ADHD
1139,Non-Target,No,0,None,ADHD
1140,Non-Target,Yes,496,Commission,ADHD
1141,Target,Yes,628,None,ADHD
1142,Target,Yes,647,None,ADHD
1143,Non-Target,No,0,None,ADHD
1144,Target,Yes,921,None,ADHD
1145,Non-Target,No,0,None,ADHD
1146,Non-Target,No,0,None,ADHD
1147,Non-Target,No,0,None,ADHD
1148,Target,Yes,597,None,ADHD
1149,Target,Yes,807,None,ADHD
1150,Non-Target,No,0,None,ADHD
1151,Target,Yes,689,None,ADHD
1152,Non-Target,No,0,None,ADHD
1153,Target,Yes,374,None,ADHD
1154,Non-Target,No,0,None,ADHD
1155,Target,Yes,418,None,ADHD
1156,Non-Target,No,0,None,ADHD
1157,Non-Target,Yes,530,Commission,ADHD
1158,Non-Target,No,0,None,ADHD
1159,Non-Target,No,0,None,ADHD
1160,Non-Target,No,0,None,ADHD
1161,Target,Yes,816,None,ADHD
1162,Non-Target,No,0,None,ADHD
1163,Target,Yes,662,None,ADHD
1164,Non-Target,No,0,None,ADHD
1165,Non-Target,No,0,None,ADHD
1166,Target,Yes,844,None,ADHD
1167,Non-Target,No,0,None,ADHD
1168,Non-Target,No,0,None,ADHD
1169,Non-Target,No,0,None,ADHD
1170,Non-Target,No,0,None,ADHD
1171,Target,Yes,883,None,ADHD
1172,Non-Target,Yes,519,Commission,ADHD
1173,Non-Target,No,0,None,ADHD
1174,Non-Target,Yes,566,Commission,ADHD
1175,Non-Target,No,0,None,ADHD
1176,Non-Target,No,0,None,ADHD
1177,Non-Target,No,0,None,ADHD
1178,Non-Target,No,0,None,ADHD
1179,Non-Target,No,0,None,ADHD
1180,Non-Target,Yes,442,Commission,ADHD
1181,Target,Yes,767,None,ADHD
1182,Target,Yes,539,None,ADHD
1183,Non-Target,No,0,None,ADHD
1184,Non-Target,No,0,None,ADHD
1185,Non-Target,No,0,None,ADHD
1186,Target,Yes,649,None,ADHD
1187,Target,No,0,Omission,ADHD
1188,Non-Target,No,0,None,ADHD
1189,Non-Target,Yes,554,Commission,ADHD
1190,Non-Target,No,0,None,ADHD
1191,Non-Target,Yes,478,Commission,ADHD
1192,Non-Target,No,0,None,ADHD
1193,Non-Target,No,0,None,ADHD
1194,Non-Target,No,0,None,ADHD
1195,Non-Target,No,0,None,ADHD
1196,Target,Yes,783,None,ADHD
1197,Non-Target,Yes,637,Commission,ADHD
1198,Non-Target,No,0,None,ADHD
1199,Non-Target,No,0,None,ADHD
1200,Target,Yes,655,None,ADHD
