Trial,StimulusType,Reaction,ReactionTime(ms),ErrorType,Label
1,Non-Target,No,0,None,ADHD
2,Non-Target,No,0,None,ADHD
3,Target,Yes,547,None,ADHD
4,Non-Target,No,0,None,ADHD
5,Non-Target,No,0,None,ADHD
6,Non-Target,Yes,783,Commission,ADHD
7,Non-Target,No,0,None,ADHD
8,Non-Target,No,0,None,ADHD
9,Non-Target,No,0,None,ADHD
10,Non-Target,Yes,799,Commission,ADHD
11,Non-Target,No,0,None,ADHD
12,Non-Target,No,0,None,ADHD
13,Non-Target,No,0,None,ADHD
14,Non-Target,No,0,None,ADHD
15,Target,No,0,Omission,ADHD
16,Non-Target,Yes,780,Commission,ADHD
17,Target,Yes,1012,None,ADHD
18,Non-Target,Yes,763,Commission,ADHD
19,Target,Yes,979,None,ADHD
20,Non-Target,Yes,716,Commission,ADHD
21,Target,No,0,Omission,ADHD
22,Non-Target,No,0,None,ADHD
23,Target,Yes,653,None,ADHD
24,Non-Target,No,0,None,ADHD
25,Non-Target,No,0,None,ADHD
26,Non-Target,Yes,1029,Commission,ADHD
27,Non-Target,Yes,793,Commission,ADHD
28,Target,No,0,Omission,ADHD
29,Target,Yes,830,None,ADHD
30,Non-Target,No,0,None,ADHD
31,Target,No,0,Omission,ADHD
32,Target,Yes,1057,None,ADHD
33,Target,Yes,483,None,ADHD
34,Target,No,0,Omission,ADHD
35,Non-Target,No,0,None,ADHD
36,Non-Target,No,0,None,ADHD
37,Non-Target,No,0,None,ADHD
38,Target,Yes,706,None,ADHD
39,Target,Yes,774,None,ADHD
40,Non-Target,No,0,None,ADHD
41,Non-Target,Yes,811,Commission,ADHD
42,Target,Yes,944,None,ADHD
43,Non-Target,No,0,None,ADHD
44,Non-Target,No,0,None,ADHD
45,Target,No,0,Omission,ADHD
46,Non-Target,No,0,None,ADHD
47,Target,Yes,817,None,ADHD
48,Non-Target,No,0,None,ADHD
49,Non-Target,Yes,857,Commission,ADHD
50,Non-Target,Yes,806,Commission,ADHD
51,Non-Target,No,0,None,ADHD
52,Target,No,0,Omission,ADHD
53,Non-Target,No,0,None,ADHD
54,Non-Target,No,0,None,ADHD
55,Non-Target,No,0,None,ADHD
56,Non-Target,No,0,None,ADHD
57,Non-Target,Yes,724,Commission,ADHD
58,Non-Target,Yes,847,Commission,ADHD
59,Non-Target,No,0,None,ADHD
60,Target,No,0,Omission,ADHD
61,Target,No,0,Omission,ADHD
62,Non-Target,No,0,None,ADHD
63,Target,No,0,Omission,ADHD
64,Non-Target,No,0,None,ADHD
65,Target,Yes,767,None,ADHD
66,Non-Target,No,0,None,ADHD
67,Target,Yes,976,None,ADHD
68,Target,Yes,902,None,ADHD
69,Target,No,0,Omission,ADHD
70,Non-Target,No,0,None,ADHD
71,Non-Target,No,0,None,ADHD
72,Target,Yes,560,None,ADHD
73,Non-Target,No,0,None,ADHD
74,Target,No,0,Omission,ADHD
75,Non-Target,No,0,None,ADHD
76,Non-Target,No,0,None,ADHD
77,Target,Yes,620,None,ADHD
78,Non-Target,Yes,717,Commission,ADHD
79,Non-Target,No,0,None,ADHD
80,Non-Target,No,0,None,ADHD
81,Non-Target,Yes,657,Commission,ADHD
82,Non-Target,No,0,None,ADHD
83,Non-Target,No,0,None,ADHD
84,Target,No,0,Omission,ADHD
85,Non-Target,No,0,None,ADHD
86,Non-Target,No,0,None,ADHD
87,Non-Target,No,0,None,ADHD
88,Non-Target,No,0,None,ADHD
89,Target,Yes,948,None,ADHD
90,Non-Target,No,0,None,ADHD
91,Target,Yes,761,None,ADHD
92,Non-Target,No,0,None,ADHD
93,Non-Target,No,0,None,ADHD
94,Non-Target,No,0,None,ADHD
95,Non-Target,No,0,None,ADHD
96,Non-Target,No,0,None,ADHD
97,Target,Yes,970,None,ADHD
98,Target,Yes,665,None,ADHD
99,Non-Target,No,0,None,ADHD
100,Non-Target,No,0,None,ADHD
101,Target,No,0,Omission,ADHD
102,Target,Yes,871,None,ADHD
103,Non-Target,Yes,794,Commission,ADHD
104,Non-Target,No,0,None,ADHD
105,Non-Target,No,0,None,ADHD
106,Non-Target,No,0,None,ADHD
107,Target,Yes,913,None,ADHD
108,Non-Target,Yes,978,Commission,ADHD
109,Non-Target,No,0,None,ADHD
110,Non-Target,No,0,None,ADHD
111,Target,Yes,809,None,ADHD
112,Non-Target,No,0,None,ADHD
113,Non-Target,No,0,None,ADHD
114,Non-Target,Yes,677,Commission,ADHD
115,Non-Target,No,0,None,ADHD
116,Non-Target,Yes,622,Commission,ADHD
117,Non-Target,Yes,787,Commission,ADHD
118,Non-Target,No,0,None,ADHD
119,Non-Target,No,0,None,ADHD
120,Target,No,0,Omission,ADHD
121,Non-Target,No,0,None,ADHD
122,Non-Target,No,0,None,ADHD
123,Non-Target,No,0,None,ADHD
124,Non-Target,No,0,None,ADHD
125,Non-Target,Yes,799,Commission,ADHD
126,Target,Yes,653,None,ADHD
127,Non-Target,No,0,None,ADHD
128,Non-Target,No,0,None,ADHD
129,Non-Target,No,0,None,ADHD
130,Non-Target,No,0,None,ADHD
131,Target,Yes,704,None,ADHD
132,Non-Target,No,0,None,ADHD
133,Non-Target,Yes,757,Commission,ADHD
134,Non-Target,No,0,None,ADHD
135,Target,Yes,847,None,ADHD
136,Target,Yes,720,None,ADHD
137,Target,Yes,787,None,ADHD
138,Non-Target,No,0,None,ADHD
139,Non-Target,Yes,902,Commission,ADHD
140,Target,Yes,612,None,ADHD
141,Non-Target,No,0,None,ADHD
142,Target,Yes,874,None,ADHD
143,Non-Target,No,0,None,ADHD
144,Non-Target,Yes,887,Commission,ADHD
145,Target,No,0,Omission,ADHD
146,Non-Target,No,0,None,ADHD
147,Non-Target,No,0,None,ADHD
148,Non-Target,No,0,None,ADHD
149,Non-Target,No,0,None,ADHD
150,Non-Target,Yes,587,Commission,ADHD
151,Non-Target,No,0,None,ADHD
152,Target,Yes,989,None,ADHD
153,Non-Target,No,0,None,ADHD
154,Non-Target,No,0,None,ADHD
155,Target,Yes,745,None,ADHD
156,Target,No,0,Omission,ADHD
157,Target,Yes,766,None,ADHD
158,Non-Target,No,0,None,ADHD
159,Non-Target,No,0,None,ADHD
160,Non-Target,No,0,None,ADHD
161,Target,Yes,780,None,ADHD
162,Target,No,0,Omission,ADHD
163,Target,No,0,Omission,ADHD
164,Non-Target,No,0,None,ADHD
165,Non-Target,No,0,None,ADHD
166,Non-Target,Yes,1017,Commission,ADHD
167,Target,Yes,743,None,ADHD
168,Non-Target,No,0,None,ADHD
169,Non-Target,No,0,None,ADHD
170,Target,Yes,792,None,ADHD
171,Non-Target,No,0,None,ADHD
172,Non-Target,No,0,None,ADHD
173,Non-Target,No,0,None,ADHD
174,Non-Target,Yes,854,Commission,ADHD
175,Non-Target,No,0,None,ADHD
176,Non-Target,No,0,None,ADHD
177,Non-Target,No,0,None,ADHD
178,Non-Target,No,0,None,ADHD
179,Non-Target,No,0,None,ADHD
180,Non-Target,No,0,None,ADHD
181,Non-Target,No,0,None,ADHD
182,Non-Target,No,0,None,ADHD
183,Non-Target,Yes,668,Commission,ADHD
184,Non-Target,No,0,None,ADHD
185,Non-Target,No,0,None,ADHD
186,Non-Target,No,0,None,ADHD
187,Non-Target,Yes,814,Commission,ADHD
188,Non-Target,Yes,769,Commission,ADHD
189,Non-Target,Yes,715,Commission,ADHD
190,Non-Target,No,0,None,ADHD
191,Target,No,0,Omission,ADHD
192,Target,Yes,761,None,ADHD
193,Non-Target,No,0,None,ADHD
194,Non-Target,No,0,None,ADHD
195,Non-Target,Yes,800,Commission,ADHD
196,Non-Target,No,0,None,ADHD
197,Non-Target,No,0,None,ADHD
198,Non-Target,No,0,None,ADHD
199,Non-Target,Yes,787,Commission,ADHD
200,Target,Yes,617,None,ADHD
201,Target,Yes,784,None,ADHD
202,Non-Target,No,0,None,ADHD
203,Non-Target,No,0,None,ADHD
204,Non-Target,No,0,None,ADHD
205,Non-Target,No,0,None,ADHD
206,Target,No,0,Omission,ADHD
207,Target,Yes,702,None,ADHD
208,Non-Target,No,0,None,ADHD
209,Target,Yes,700,None,ADHD
210,Target,No,0,Omission,ADHD
211,Non-Target,No,0,None,ADHD
212,Target,No,0,Omission,ADHD
213,Non-Target,No,0,None,ADHD
214,Target,No,0,Omission,ADHD
215,Target,Yes,901,None,ADHD
216,Non-Target,Yes,879,Commission,ADHD
217,Non-Target,No,0,None,ADHD
218,Non-Target,No,0,None,ADHD
219,Target,Yes,712,None,ADHD
220,Non-Target,No,0,None,ADHD
221,Target,Yes,701,None,ADHD
222,Target,Yes,778,None,ADHD
223,Non-Target,No,0,None,ADHD
224,Target,Yes,1025,None,ADHD
225,Non-Target,No,0,None,ADHD
226,Target,Yes,956,None,ADHD
227,Non-Target,No,0,None,ADHD
228,Non-Target,No,0,None,ADHD
229,Non-Target,No,0,None,ADHD
230,Target,No,0,Omission,ADHD
231,Non-Target,No,0,None,ADHD
232,Non-Target,Yes,707,Commission,ADHD
233,Target,No,0,Omission,ADHD
234,Non-Target,No,0,None,ADHD
235,Target,Yes,784,None,ADHD
236,Target,No,0,Omission,ADHD
237,Target,Yes,849,None,ADHD
238,Non-Target,No,0,None,ADHD
239,Non-Target,No,0,None,ADHD
240,Target,No,0,Omission,ADHD
241,Non-Target,Yes,849,Commission,ADHD
242,Target,No,0,Omission,ADHD
243,Non-Target,No,0,None,ADHD
244,Non-Target,No,0,None,ADHD
245,Non-Target,Yes,690,Commission,ADHD
246,Non-Target,Yes,679,Commission,ADHD
247,Target,Yes,915,None,ADHD
248,Target,Yes,776,None,ADHD
249,Non-Target,Yes,700,Commission,ADHD
250,Non-Target,No,0,None,ADHD
251,Non-Target,No,0,None,ADHD
252,Non-Target,Yes,689,Commission,ADHD
253,Non-Target,Yes,528,Commission,ADHD
254,Non-Target,No,0,None,ADHD
255,Non-Target,Yes,702,Commission,ADHD
256,Non-Target,No,0,None,ADHD
257,Non-Target,Yes,997,Commission,ADHD
258,Non-Target,No,0,None,ADHD
259,Non-Target,No,0,None,ADHD
260,Target,Yes,882,None,ADHD
261,Target,Yes,822,None,ADHD
262,Non-Target,No,0,None,ADHD
263,Target,Yes,812,None,ADHD
264,Non-Target,No,0,None,ADHD
265,Non-Target,No,0,None,ADHD
266,Non-Target,No,0,None,ADHD
267,Non-Target,No,0,None,ADHD
268,Target,No,0,Omission,ADHD
269,Non-Target,No,0,None,ADHD
270,Non-Target,No,0,None,ADHD
271,Non-Target,No,0,None,ADHD
272,Non-Target,No,0,None,ADHD
273,Target,Yes,757,None,ADHD
274,Non-Target,No,0,None,ADHD
275,Non-Target,No,0,None,ADHD
276,Non-Target,No,0,None,ADHD
277,Non-Target,No,0,None,ADHD
278,Non-Target,No,0,None,ADHD
279,Non-Target,No,0,None,ADHD
280,Non-Target,No,0,None,ADHD
281,Non-Target,No,0,None,ADHD
282,Target,Yes,720,None,ADHD
283,Target,Yes,593,None,ADHD
284,Target,Yes,580,None,ADHD
285,Non-Target,No,0,None,ADHD
286,Non-Target,Yes,661,Commission,ADHD
287,Non-Target,No,0,None,ADHD
288,Non-Target,No,0,None,ADHD
289,Target,No,0,Omission,ADHD
290,Non-Target,No,0,None,ADHD
291,Target,Yes,779,None,ADHD
292,Non-Target,No,0,None,ADHD
293,Non-Target,Yes,750,Commission,ADHD
294,Non-Target,No,0,None,ADHD
295,Target,No,0,Omission,ADHD
296,Target,Yes,822,None,ADHD
297,Non-Target,No,0,None,ADHD
298,Non-Target,No,0,None,ADHD
299,Non-Target,No,0,None,ADHD
300,Non-Target,No,0,None,ADHD
301,Target,No,0,Omission,ADHD
302,Non-Target,No,0,None,ADHD
303,Non-Target,No,0,None,ADHD
304,Non-Target,Yes,807,Commission,ADHD
305,Target,Yes,621,None,ADHD
306,Non-Target,No,0,None,ADHD
307,Target,Yes,934,None,ADHD
308,Non-Target,No,0,None,ADHD
309,Non-Target,No,0,None,ADHD
310,Non-Target,No,0,None,ADHD
311,Non-Target,No,0,None,ADHD
312,Non-Target,No,0,None,ADHD
313,Target,No,0,Omission,ADHD
314,Target,Yes,759,None,ADHD
315,Target,Yes,797,None,ADHD
316,Non-Target,No,0,None,ADHD
317,Non-Target,Yes,675,Commission,ADHD
318,Non-Target,No,0,None,ADHD
319,Non-Target,No,0,None,ADHD
320,Target,Yes,738,None,ADHD
321,Target,Yes,696,None,ADHD
322,Non-Target,No,0,None,ADHD
323,Target,Yes,693,None,ADHD
324,Target,Yes,941,None,ADHD
325,Target,No,0,Omission,ADHD
326,Non-Target,No,0,None,ADHD
327,Non-Target,No,0,None,ADHD
328,Target,Yes,677,None,ADHD
329,Target,Yes,722,None,ADHD
330,Non-Target,No,0,None,ADHD
331,Non-Target,No,0,None,ADHD
332,Target,Yes,1019,None,ADHD
333,Non-Target,No,0,None,ADHD
334,Target,No,0,Omission,ADHD
335,Target,Yes,642,None,ADHD
336,Non-Target,No,0,None,ADHD
337,Non-Target,No,0,None,ADHD
338,Non-Target,No,0,None,ADHD
339,Non-Target,No,0,None,ADHD
340,Target,Yes,720,None,ADHD
341,Target,Yes,863,None,ADHD
342,Non-Target,No,0,None,ADHD
343,Non-Target,No,0,None,ADHD
344,Target,Yes,733,None,ADHD
345,Non-Target,No,0,None,ADHD
346,Non-Target,No,0,None,ADHD
347,Non-Target,No,0,None,ADHD
348,Non-Target,No,0,None,ADHD
349,Non-Target,No,0,None,ADHD
350,Non-Target,No,0,None,ADHD
351,Non-Target,No,0,None,ADHD
352,Non-Target,No,0,None,ADHD
353,Non-Target,Yes,928,Commission,ADHD
354,Non-Target,No,0,None,ADHD
355,Non-Target,No,0,None,ADHD
356,Non-Target,No,0,None,ADHD
357,Non-Target,No,0,None,ADHD
358,Non-Target,No,0,None,ADHD
359,Non-Target,No,0,None,ADHD
360,Target,Yes,593,None,ADHD
361,Non-Target,No,0,None,ADHD
362,Target,Yes,586,None,ADHD
363,Non-Target,Yes,720,Commission,ADHD
364,Non-Target,No,0,None,ADHD
365,Non-Target,No,0,None,ADHD
366,Non-Target,No,0,None,ADHD
367,Non-Target,No,0,None,ADHD
368,Non-Target,Yes,701,Commission,ADHD
369,Non-Target,No,0,None,ADHD
370,Non-Target,No,0,None,ADHD
371,Non-Target,No,0,None,ADHD
372,Target,Yes,786,None,ADHD
373,Non-Target,No,0,None,ADHD
374,Non-Target,Yes,787,Commission,ADHD
375,Target,Yes,717,None,ADHD
376,Non-Target,No,0,None,ADHD
377,Non-Target,No,0,None,ADHD
378,Target,Yes,811,None,ADHD
379,Non-Target,No,0,None,ADHD
380,Target,Yes,682,None,ADHD
381,Target,Yes,684,None,ADHD
382,Non-Target,No,0,None,ADHD
383,Non-Target,Yes,697,Commission,ADHD
384,Non-Target,No,0,None,ADHD
385,Non-Target,No,0,None,ADHD
386,Non-Target,No,0,None,ADHD
387,Target,Yes,780,None,ADHD
388,Non-Target,No,0,None,ADHD
389,Target,Yes,713,None,ADHD
390,Non-Target,No,0,None,ADHD
391,Non-Target,No,0,None,ADHD
392,Non-Target,No,0,None,ADHD
393,Target,No,0,Omission,ADHD
394,Non-Target,No,0,None,ADHD
395,Target,Yes,756,None,ADHD
396,Non-Target,No,0,None,ADHD
397,Target,No,0,Omission,ADHD
398,Non-Target,No,0,None,ADHD
399,Non-Target,No,0,None,ADHD
400,Non-Target,Yes,782,Commission,ADHD
401,Non-Target,No,0,None,ADHD
402,Target,Yes,808,None,ADHD
403,Non-Target,No,0,None,ADHD
404,Target,No,0,Omission,ADHD
405,Non-Target,No,0,None,ADHD
406,Target,Yes,793,None,ADHD
407,Target,Yes,781,None,ADHD
408,Non-Target,No,0,None,ADHD
409,Non-Target,No,0,None,ADHD
410,Non-Target,No,0,None,ADHD
411,Non-Target,No,0,None,ADHD
412,Target,No,0,Omission,ADHD
413,Target,Yes,709,None,ADHD
414,Non-Target,No,0,None,ADHD
415,Target,Yes,792,None,ADHD
416,Non-Target,Yes,659,Commission,ADHD
417,Non-Target,Yes,1067,Commission,ADHD
418,Non-Target,Yes,681,Commission,ADHD
419,Target,Yes,786,None,ADHD
420,Non-Target,No,0,None,ADHD
421,Target,Yes,742,None,ADHD
422,Non-Target,No,0,None,ADHD
423,Non-Target,No,0,None,ADHD
424,Target,No,0,Omission,ADHD
425,Non-Target,Yes,912,Commission,ADHD
426,Non-Target,No,0,None,ADHD
427,Non-Target,No,0,None,ADHD
428,Target,No,0,Omission,ADHD
429,Non-Target,No,0,None,ADHD
430,Non-Target,No,0,None,ADHD
431,Non-Target,Yes,954,Commission,ADHD
432,Non-Target,No,0,None,ADHD
433,Non-Target,No,0,None,ADHD
434,Non-Target,Yes,745,Commission,ADHD
435,Target,No,0,Omission,ADHD
436,Target,Yes,882,None,ADHD
437,Non-Target,No,0,None,ADHD
438,Non-Target,No,0,None,ADHD
439,Non-Target,No,0,None,ADHD
440,Non-Target,No,0,None,ADHD
441,Non-Target,No,0,None,ADHD
442,Non-Target,No,0,None,ADHD
443,Non-Target,No,0,None,ADHD
444,Target,No,0,Omission,ADHD
445,Non-Target,No,0,None,ADHD
446,Target,Yes,684,None,ADHD
447,Target,Yes,683,None,ADHD
448,Non-Target,Yes,705,Commission,ADHD
449,Non-Target,No,0,None,ADHD
450,Non-Target,Yes,758,Commission,ADHD
451,Non-Target,No,0,None,ADHD
452,Non-Target,Yes,632,Commission,ADHD
453,Target,Yes,651,None,ADHD
454,Non-Target,No,0,None,ADHD
455,Target,No,0,Omission,ADHD
456,Non-Target,Yes,831,Commission,ADHD
457,Target,Yes,702,None,ADHD
458,Target,No,0,Omission,ADHD
459,Non-Target,No,0,None,ADHD
460,Target,Yes,748,None,ADHD
461,Non-Target,No,0,None,ADHD
462,Non-Target,Yes,734,Commission,ADHD
463,Non-Target,No,0,None,ADHD
464,Target,No,0,Omission,ADHD
465,Target,No,0,Omission,ADHD
466,Non-Target,No,0,None,ADHD
467,Non-Target,No,0,None,ADHD
468,Non-Target,Yes,1032,Commission,ADHD
469,Non-Target,No,0,None,ADHD
470,Target,Yes,767,None,ADHD
471,Non-Target,Yes,729,Commission,ADHD
472,Non-Target,No,0,None,ADHD
473,Non-Target,No,0,None,ADHD
474,Non-Target,No,0,None,ADHD
475,Non-Target,No,0,None,ADHD
476,Non-Target,No,0,None,ADHD
477,Non-Target,No,0,None,ADHD
478,Target,Yes,755,None,ADHD
479,Non-Target,No,0,None,ADHD
480,Target,Yes,719,None,ADHD
481,Target,No,0,Omission,ADHD
482,Non-Target,No,0,None,ADHD
483,Target,No,0,Omission,ADHD
484,Target,Yes,880,None,ADHD
485,Target,Yes,725,None,ADHD
486,Target,Yes,634,None,ADHD
487,Target,Yes,882,None,ADHD
488,Non-Target,No,0,None,ADHD
489,Non-Target,Yes,754,Commission,ADHD
490,Target,Yes,889,None,ADHD
491,Non-Target,No,0,None,ADHD
492,Non-Target,No,0,None,ADHD
493,Non-Target,No,0,None,ADHD
494,Non-Target,No,0,None,ADHD
495,Target,No,0,Omission,ADHD
496,Non-Target,No,0,None,ADHD
497,Non-Target,No,0,None,ADHD
498,Non-Target,No,0,None,ADHD
499,Target,No,0,Omission,ADHD
500,Target,Yes,864,None,ADHD
501,Non-Target,No,0,None,ADHD
502,Non-Target,Yes,743,Commission,ADHD
503,Non-Target,No,0,None,ADHD
504,Target,Yes,757,None,ADHD
505,Non-Target,Yes,854,Commission,ADHD
506,Non-Target,No,0,None,ADHD
507,Target,Yes,989,None,ADHD
508,Non-Target,No,0,None,ADHD
509,Non-Target,No,0,None,ADHD
510,Non-Target,No,0,None,ADHD
511,Target,No,0,Omission,ADHD
512,Non-Target,No,0,None,ADHD
513,Target,Yes,772,None,ADHD
514,Non-Target,No,0,None,ADHD
515,Target,No,0,Omission,ADHD
516,Target,Yes,765,None,ADHD
517,Target,Yes,600,None,ADHD
518,Non-Target,No,0,None,ADHD
519,Target,Yes,829,None,ADHD
520,Non-Target,No,0,None,ADHD
521,Non-Target,Yes,830,Commission,ADHD
522,Non-Target,No,0,None,ADHD
523,Non-Target,No,0,None,ADHD
524,Non-Target,No,0,None,ADHD
525,Target,No,0,Omission,ADHD
526,Target,No,0,Omission,ADHD
527,Non-Target,Yes,732,Commission,ADHD
528,Target,Yes,680,None,ADHD
529,Non-Target,No,0,None,ADHD
530,Non-Target,Yes,729,Commission,ADHD
531,Target,Yes,716,None,ADHD
532,Non-Target,Yes,697,Commission,ADHD
533,Non-Target,Yes,676,Commission,ADHD
534,Non-Target,No,0,None,ADHD
535,Non-Target,No,0,None,ADHD
536,Target,Yes,903,None,ADHD
537,Non-Target,No,0,None,ADHD
538,Target,No,0,Omission,ADHD
539,Target,Yes,899,None,ADHD
540,Non-Target,Yes,791,Commission,ADHD
541,Non-Target,No,0,None,ADHD
542,Non-Target,Yes,656,Commission,ADHD
543,Non-Target,Yes,821,Commission,ADHD
544,Non-Target,No,0,None,ADHD
545,Non-Target,No,0,None,ADHD
546,Non-Target,Yes,908,Commission,ADHD
547,Target,Yes,724,None,ADHD
548,Target,Yes,590,None,ADHD
549,Non-Target,No,0,None,ADHD
550,Non-Target,No,0,None,ADHD
551,Non-Target,No,0,None,ADHD
552,Non-Target,Yes,853,Commission,ADHD
553,Target,No,0,Omission,ADHD
554,Target,Yes,702,None,ADHD
555,Non-Target,No,0,None,ADHD
556,Target,Yes,806,None,ADHD
557,Target,Yes,779,None,ADHD
558,Target,Yes,860,None,ADHD
559,Non-Target,No,0,None,ADHD
560,Target,Yes,779,None,ADHD
561,Target,No,0,Omission,ADHD
562,Non-Target,No,0,None,ADHD
563,Non-Target,No,0,None,ADHD
564,Target,Yes,781,None,ADHD
565,Non-Target,Yes,871,Commission,ADHD
566,Non-Target,Yes,919,Commission,ADHD
567,Non-Target,No,0,None,ADHD
568,Non-Target,No,0,None,ADHD
569,Non-Target,No,0,None,ADHD
570,Non-Target,No,0,None,ADHD
571,Non-Target,No,0,None,ADHD
572,Target,Yes,948,None,ADHD
573,Target,No,0,Omission,ADHD
574,Non-Target,Yes,806,Commission,ADHD
575,Target,Yes,807,None,ADHD
576,Target,Yes,737,None,ADHD
577,Non-Target,No,0,None,ADHD
578,Target,Yes,823,None,ADHD
579,Non-Target,No,0,None,ADHD
580,Target,Yes,884,None,ADHD
581,Non-Target,Yes,717,Commission,ADHD
582,Non-Target,Yes,727,Commission,ADHD
583,Non-Target,No,0,None,ADHD
584,Target,No,0,Omission,ADHD
585,Target,No,0,Omission,ADHD
586,Target,Yes,837,None,ADHD
587,Non-Target,No,0,None,ADHD
588,Non-Target,No,0,None,ADHD
589,Non-Target,No,0,None,ADHD
590,Non-Target,No,0,None,ADHD
591,Non-Target,No,0,None,ADHD
592,Non-Target,No,0,None,ADHD
593,Target,Yes,764,None,ADHD
594,Target,Yes,872,None,ADHD
595,Non-Target,No,0,None,ADHD
596,Target,No,0,Omission,ADHD
597,Non-Target,No,0,None,ADHD
598,Non-Target,Yes,784,Commission,ADHD
599,Target,Yes,889,None,ADHD
600,Non-Target,No,0,None,ADHD
601,Non-Target,Yes,776,Commission,ADHD
602,Non-Target,No,0,None,ADHD
603,Non-Target,No,0,None,ADHD
604,Non-Target,No,0,None,ADHD
605,Target,Yes,857,None,ADHD
606,Non-Target,No,0,None,ADHD
607,Non-Target,No,0,None,ADHD
608,Target,Yes,748,None,ADHD
609,Target,Yes,810,None,ADHD
610,Target,No,0,Omission,ADHD
611,Non-Target,No,0,None,ADHD
612,Non-Target,No,0,None,ADHD
613,Non-Target,No,0,None,ADHD
614,Target,Yes,647,None,ADHD
615,Non-Target,No,0,None,ADHD
616,Non-Target,No,0,None,ADHD
617,Non-Target,No,0,None,ADHD
618,Non-Target,Yes,713,Commission,ADHD
619,Non-Target,Yes,761,Commission,ADHD
620,Target,No,0,Omission,ADHD
621,Target,Yes,608,None,ADHD
622,Target,Yes,813,None,ADHD
623,Non-Target,No,0,None,ADHD
624,Non-Target,Yes,485,Commission,ADHD
625,Non-Target,No,0,None,ADHD
626,Non-Target,No,0,None,ADHD
627,Non-Target,Yes,676,Commission,ADHD
628,Non-Target,No,0,None,ADHD
629,Target,No,0,Omission,ADHD
630,Non-Target,No,0,None,ADHD
631,Target,No,0,Omission,ADHD
632,Non-Target,No,0,None,ADHD
633,Target,Yes,976,None,ADHD
634,Non-Target,No,0,None,ADHD
635,Target,Yes,789,None,ADHD
636,Non-Target,No,0,None,ADHD
637,Non-Target,No,0,None,ADHD
638,Non-Target,Yes,819,Commission,ADHD
639,Non-Target,Yes,1117,Commission,ADHD
640,Target,Yes,865,None,ADHD
641,Non-Target,No,0,None,ADHD
642,Target,No,0,Omission,ADHD
643,Target,No,0,Omission,ADHD
644,Non-Target,No,0,None,ADHD
645,Non-Target,No,0,None,ADHD
646,Non-Target,No,0,None,ADHD
647,Target,No,0,Omission,ADHD
648,Non-Target,Yes,658,Commission,ADHD
649,Non-Target,Yes,663,Commission,ADHD
650,Non-Target,Yes,703,Commission,ADHD
651,Non-Target,No,0,None,ADHD
652,Non-Target,No,0,None,ADHD
653,Target,No,0,Omission,ADHD
654,Non-Target,No,0,None,ADHD
655,Non-Target,No,0,None,ADHD
656,Non-Target,No,0,None,ADHD
657,Non-Target,No,0,None,ADHD
658,Non-Target,No,0,None,ADHD
659,Non-Target,Yes,792,Commission,ADHD
660,Non-Target,Yes,654,Commission,ADHD
661,Target,Yes,748,None,ADHD
662,Non-Target,No,0,None,ADHD
663,Non-Target,No,0,None,ADHD
664,Non-Target,Yes,672,Commission,ADHD
665,Target,Yes,862,None,ADHD
666,Target,Yes,778,None,ADHD
667,Target,Yes,762,None,ADHD
668,Target,No,0,Omission,ADHD
669,Non-Target,No,0,None,ADHD
670,Non-Target,No,0,None,ADHD
671,Non-Target,Yes,914,Commission,ADHD
672,Non-Target,No,0,None,ADHD
673,Target,No,0,Omission,ADHD
674,Non-Target,No,0,None,ADHD
675,Non-Target,No,0,None,ADHD
676,Non-Target,Yes,735,Commission,ADHD
677,Target,Yes,679,None,ADHD
678,Non-Target,Yes,697,Commission,ADHD
679,Target,Yes,720,None,ADHD
680,Non-Target,No,0,None,ADHD
681,Target,Yes,825,None,ADHD
682,Target,Yes,765,None,ADHD
683,Target,No,0,Omission,ADHD
684,Non-Target,No,0,None,ADHD
685,Non-Target,No,0,None,ADHD
686,Target,Yes,962,None,ADHD
687,Non-Target,No,0,None,ADHD
688,Target,Yes,924,None,ADHD
689,Non-Target,No,0,None,ADHD
690,Non-Target,No,0,None,ADHD
691,Non-Target,No,0,None,ADHD
692,Non-Target,No,0,None,ADHD
693,Non-Target,No,0,None,ADHD
694,Non-Target,No,0,None,ADHD
695,Target,No,0,Omission,ADHD
696,Non-Target,Yes,612,Commission,ADHD
697,Non-Target,No,0,None,ADHD
698,Non-Target,No,0,None,ADHD
699,Non-Target,No,0,None,ADHD
700,Target,No,0,Omission,ADHD
701,Non-Target,No,0,None,ADHD
702,Target,Yes,773,None,ADHD
703,Non-Target,No,0,None,ADHD
704,Non-Target,No,0,None,ADHD
705,Non-Target,No,0,None,ADHD
706,Non-Target,No,0,None,ADHD
707,Non-Target,No,0,None,ADHD
708,Target,Yes,973,None,ADHD
709,Non-Target,No,0,None,ADHD
710,Non-Target,No,0,None,ADHD
711,Non-Target,No,0,None,ADHD
712,Target,Yes,739,None,ADHD
713,Target,Yes,819,None,ADHD
714,Non-Target,No,0,None,ADHD
715,Target,Yes,799,None,ADHD
716,Non-Target,No,0,None,ADHD
717,Target,Yes,459,None,ADHD
718,Target,Yes,940,None,ADHD
719,Target,No,0,Omission,ADHD
720,Target,Yes,875,None,ADHD
721,Target,Yes,766,None,ADHD
722,Non-Target,No,0,None,ADHD
723,Target,Yes,617,None,ADHD
724,Target,Yes,888,None,ADHD
725,Non-Target,No,0,None,ADHD
726,Target,Yes,857,None,ADHD
727,Target,No,0,Omission,ADHD
728,Non-Target,No,0,None,ADHD
729,Non-Target,No,0,None,ADHD
730,Non-Target,No,0,None,ADHD
731,Non-Target,No,0,None,ADHD
732,Non-Target,No,0,None,ADHD
733,Target,Yes,803,None,ADHD
734,Target,No,0,Omission,ADHD
735,Non-Target,No,0,None,ADHD
736,Non-Target,No,0,None,ADHD
737,Target,Yes,890,None,ADHD
738,Non-Target,No,0,None,ADHD
739,Non-Target,No,0,None,ADHD
740,Non-Target,No,0,None,ADHD
741,Non-Target,Yes,661,Commission,ADHD
742,Non-Target,No,0,None,ADHD
743,Non-Target,No,0,None,ADHD
744,Target,Yes,766,None,ADHD
745,Non-Target,No,0,None,ADHD
746,Non-Target,Yes,788,Commission,ADHD
747,Target,No,0,Omission,ADHD
748,Non-Target,No,0,None,ADHD
749,Non-Target,No,0,None,ADHD
750,Target,Yes,740,None,ADHD
751,Non-Target,Yes,909,Commission,ADHD
752,Target,Yes,642,None,ADHD
753,Non-Target,No,0,None,ADHD
754,Target,No,0,Omission,ADHD
755,Non-Target,No,0,None,ADHD
756,Target,No,0,Omission,ADHD
757,Non-Target,No,0,None,ADHD
758,Non-Target,Yes,705,Commission,ADHD
759,Non-Target,No,0,None,ADHD
760,Non-Target,No,0,None,ADHD
761,Non-Target,No,0,None,ADHD
762,Target,No,0,Omission,ADHD
763,Non-Target,No,0,None,ADHD
764,Non-Target,Yes,577,Commission,ADHD
765,Non-Target,No,0,None,ADHD
766,Non-Target,No,0,None,ADHD
767,Non-Target,Yes,974,Commission,ADHD
768,Target,Yes,697,None,ADHD
769,Target,Yes,720,None,ADHD
770,Non-Target,No,0,None,ADHD
771,Non-Target,No,0,None,ADHD
772,Non-Target,No,0,None,ADHD
773,Target,No,0,Omission,ADHD
774,Non-Target,Yes,922,Commission,ADHD
775,Non-Target,No,0,None,ADHD
776,Target,No,0,Omission,ADHD
777,Target,Yes,737,None,ADHD
778,Target,Yes,689,None,ADHD
779,Non-Target,No,0,None,ADHD
780,Non-Target,No,0,None,ADHD
781,Non-Target,No,0,None,ADHD
782,Non-Target,No,0,None,ADHD
783,Non-Target,Yes,817,Commission,ADHD
784,Non-Target,No,0,None,ADHD
785,Non-Target,No,0,None,ADHD
786,Non-Target,No,0,None,ADHD
787,Target,Yes,765,None,ADHD
788,Non-Target,No,0,None,ADHD
789,Non-Target,No,0,None,ADHD
790,Non-Target,No,0,None,ADHD
791,Non-Target,No,0,None,ADHD
792,Non-Target,No,0,None,ADHD
793,Non-Target,Yes,860,Commission,ADHD
794,Target,Yes,893,None,ADHD
795,Target,Yes,771,None,ADHD
796,Target,Yes,819,None,ADHD
797,Non-Target,No,0,None,ADHD
798,Non-Target,No,0,None,ADHD
799,Non-Target,No,0,None,ADHD
800,Non-Target,Yes,714,Commission,ADHD
801,Target,Yes,794,None,ADHD
802,Non-Target,No,0,None,ADHD
803,Non-Target,No,0,None,ADHD
804,Non-Target,No,0,None,ADHD
805,Non-Target,No,0,None,ADHD
806,Non-Target,No,0,None,ADHD
807,Non-Target,Yes,980,Commission,ADHD
808,Non-Target,No,0,None,ADHD
809,Target,No,0,Omission,ADHD
810,Non-Target,No,0,None,ADHD
811,Target,No,0,Omission,ADHD
812,Target,Yes,798,None,ADHD
813,Target,Yes,518,None,ADHD
814,Target,Yes,541,None,ADHD
815,Target,Yes,692,None,ADHD
816,Non-Target,Yes,833,Commission,ADHD
817,Target,Yes,845,None,ADHD
818,Non-Target,Yes,830,Commission,ADHD
819,Target,Yes,738,None,ADHD
820,Target,Yes,710,None,ADHD
821,Non-Target,No,0,None,ADHD
822,Non-Target,No,0,None,ADHD
823,Non-Target,No,0,None,ADHD
824,Non-Target,Yes,869,Commission,ADHD
825,Target,Yes,874,None,ADHD
826,Non-Target,Yes,768,Commission,ADHD
827,Target,No,0,Omission,ADHD
828,Target,No,0,Omission,ADHD
829,Non-Target,No,0,None,ADHD
830,Non-Target,Yes,655,Commission,ADHD
831,Target,Yes,636,None,ADHD
832,Non-Target,No,0,None,ADHD
833,Non-Target,No,0,None,ADHD
834,Non-Target,No,0,None,ADHD
835,Non-Target,No,0,None,ADHD
836,Non-Target,No,0,None,ADHD
837,Non-Target,No,0,None,ADHD
838,Non-Target,No,0,None,ADHD
839,Non-Target,No,0,None,ADHD
840,Target,Yes,927,None,ADHD
841,Non-Target,No,0,None,ADHD
842,Non-Target,No,0,None,ADHD
843,Target,Yes,757,None,ADHD
844,Non-Target,No,0,None,ADHD
845,Non-Target,No,0,None,ADHD
846,Target,No,0,Omission,ADHD
847,Target,Yes,639,None,ADHD
848,Non-Target,No,0,None,ADHD
849,Non-Target,Yes,651,Commission,ADHD
850,Non-Target,No,0,None,ADHD
851,Non-Target,No,0,None,ADHD
852,Non-Target,No,0,None,ADHD
853,Non-Target,No,0,None,ADHD
854,Non-Target,No,0,None,ADHD
855,Non-Target,No,0,None,ADHD
856,Non-Target,No,0,None,ADHD
857,Non-Target,No,0,None,ADHD
858,Target,No,0,Omission,ADHD
859,Non-Target,No,0,None,ADHD
860,Non-Target,No,0,None,ADHD
861,Non-Target,No,0,None,ADHD
862,Target,Yes,826,None,ADHD
863,Non-Target,No,0,None,ADHD
864,Target,Yes,618,None,ADHD
865,Non-Target,No,0,None,ADHD
866,Target,Yes,1031,None,ADHD
867,Non-Target,No,0,None,ADHD
868,Non-Target,No,0,None,ADHD
869,Target,Yes,860,None,ADHD
870,Non-Target,No,0,None,ADHD
871,Non-Target,No,0,None,ADHD
872,Non-Target,No,0,None,ADHD
873,Non-Target,No,0,None,ADHD
874,Target,Yes,895,None,ADHD
875,Target,Yes,705,None,ADHD
876,Target,No,0,Omission,ADHD
877,Non-Target,No,0,None,ADHD
878,Non-Target,No,0,None,ADHD
879,Target,No,0,Omission,ADHD
880,Non-Target,No,0,None,ADHD
881,Non-Target,No,0,None,ADHD
882,Non-Target,No,0,None,ADHD
883,Non-Target,No,0,None,ADHD
884,Non-Target,No,0,None,ADHD
885,Non-Target,No,0,None,ADHD
886,Target,No,0,Omission,ADHD
887,Non-Target,Yes,811,Commission,ADHD
888,Target,No,0,Omission,ADHD
889,Non-Target,No,0,None,ADHD
890,Non-Target,No,0,None,ADHD
891,Non-Target,Yes,660,Commission,ADHD
892,Target,Yes,883,None,ADHD
893,Target,Yes,1000,None,ADHD
894,Non-Target,No,0,None,ADHD
895,Non-Target,No,0,None,ADHD
896,Non-Target,No,0,None,ADHD
897,Non-Target,No,0,None,ADHD
898,Non-Target,No,0,None,ADHD
899,Non-Target,No,0,None,ADHD
900,Non-Target,No,0,None,ADHD
901,Non-Target,No,0,None,ADHD
902,Non-Target,No,0,None,ADHD
903,Target,Yes,932,None,ADHD
904,Non-Target,Yes,816,Commission,ADHD
905,Target,Yes,639,None,ADHD
906,Non-Target,No,0,None,ADHD
907,Non-Target,Yes,866,Commission,ADHD
908,Target,Yes,748,None,ADHD
909,Non-Target,No,0,None,ADHD
910,Non-Target,No,0,None,ADHD
911,Non-Target,No,0,None,ADHD
912,Target,No,0,Omission,ADHD
913,Non-Target,No,0,None,ADHD
914,Target,Yes,824,None,ADHD
915,Target,Yes,810,None,ADHD
916,Non-Target,No,0,None,ADHD
917,Non-Target,Yes,926,Commission,ADHD
918,Target,No,0,Omission,ADHD
919,Non-Target,No,0,None,ADHD
920,Non-Target,Yes,698,Commission,ADHD
921,Non-Target,No,0,None,ADHD
922,Target,No,0,Omission,ADHD
923,Non-Target,No,0,None,ADHD
924,Non-Target,No,0,None,ADHD
925,Non-Target,No,0,None,ADHD
926,Non-Target,No,0,None,ADHD
927,Non-Target,No,0,None,ADHD
928,Non-Target,No,0,None,ADHD
929,Non-Target,Yes,819,Commission,ADHD
930,Target,No,0,Omission,ADHD
931,Non-Target,No,0,None,ADHD
932,Non-Target,No,0,None,ADHD
933,Target,Yes,864,None,ADHD
934,Non-Target,Yes,950,Commission,ADHD
935,Non-Target,No,0,None,ADHD
936,Non-Target,No,0,None,ADHD
937,Non-Target,No,0,None,ADHD
938,Non-Target,No,0,None,ADHD
939,Non-Target,No,0,None,ADHD
940,Target,Yes,749,None,ADHD
941,Non-Target,No,0,None,ADHD
942,Target,Yes,690,None,ADHD
943,Non-Target,Yes,842,Commission,ADHD
944,Non-Target,No,0,None,ADHD
945,Non-Target,Yes,802,Commission,ADHD
946,Non-Target,No,0,None,ADHD
947,Non-Target,No,0,None,ADHD
948,Target,No,0,Omission,ADHD
949,Target,Yes,902,None,ADHD
950,Non-Target,No,0,None,ADHD
951,Target,Yes,1022,None,ADHD
952,Target,Yes,860,None,ADHD
953,Non-Target,No,0,None,ADHD
954,Non-Target,No,0,None,ADHD
955,Non-Target,No,0,None,ADHD
956,Non-Target,No,0,None,ADHD
957,Non-Target,No,0,None,ADHD
958,Target,No,0,Omission,ADHD
959,Non-Target,No,0,None,ADHD
960,Non-Target,Yes,835,Commission,ADHD
961,Non-Target,No,0,None,ADHD
962,Target,Yes,723,None,ADHD
963,Target,No,0,Omission,ADHD
964,Non-Target,No,0,None,ADHD
965,Non-Target,No,0,None,ADHD
966,Target,No,0,Omission,ADHD
967,Non-Target,No,0,None,ADHD
968,Non-Target,No,0,None,ADHD
969,Non-Target,Yes,647,Commission,ADHD
970,Target,Yes,848,None,ADHD
971,Non-Target,No,0,None,ADHD
972,Target,Yes,589,None,ADHD
973,Non-Target,Yes,1033,Commission,ADHD
974,Non-Target,No,0,None,ADHD
975,Non-Target,No,0,None,ADHD
976,Target,Yes,712,None,ADHD
977,Non-Target,Yes,685,Commission,ADHD
978,Target,No,0,Omission,ADHD
979,Non-Target,No,0,None,ADHD
980,Non-Target,No,0,None,ADHD
981,Target,Yes,858,None,ADHD
982,Non-Target,No,0,None,ADHD
983,Target,Yes,1041,None,ADHD
984,Non-Target,No,0,None,ADHD
985,Target,No,0,Omission,ADHD
986,Target,Yes,767,None,ADHD
987,Non-Target,No,0,None,ADHD
988,Non-Target,No,0,None,ADHD
989,Target,No,0,Omission,ADHD
990,Non-Target,No,0,None,ADHD
991,Non-Target,No,0,None,ADHD
992,Target,No,0,Omission,ADHD
993,Target,Yes,784,None,ADHD
994,Target,No,0,Omission,ADHD
995,Non-Target,Yes,916,Commission,ADHD
996,Non-Target,No,0,None,ADHD
997,Non-Target,No,0,None,ADHD
998,Target,No,0,Omission,ADHD
999,Target,No,0,Omission,ADHD
1000,Non-Target,Yes,763,Commission,ADHD
1001,Target,Yes,788,None,ADHD
1002,Non-Target,No,0,None,ADHD
1003,Non-Target,No,0,None,ADHD
1004,Non-Target,Yes,655,Commission,ADHD
1005,Target,No,0,Omission,ADHD
1006,Non-Target,No,0,None,ADHD
1007,Non-Target,Yes,780,Commission,ADHD
1008,Non-Target,No,0,None,ADHD
1009,Non-Target,Yes,870,Commission,ADHD
1010,Target,Yes,969,None,ADHD
1011,Non-Target,Yes,816,Commission,ADHD
1012,Non-Target,No,0,None,ADHD
1013,Non-Target,No,0,None,ADHD
1014,Non-Target,Yes,747,Commission,ADHD
1015,Target,Yes,834,None,ADHD
1016,Non-Target,No,0,None,ADHD
1017,Non-Target,No,0,None,ADHD
1018,Non-Target,No,0,None,ADHD
1019,Non-Target,No,0,None,ADHD
1020,Non-Target,No,0,None,ADHD
1021,Non-Target,No,0,None,ADHD
1022,Non-Target,No,0,None,ADHD
1023,Non-Target,Yes,844,Commission,ADHD
1024,Target,Yes,861,None,ADHD
1025,Non-Target,No,0,None,ADHD
1026,Target,Yes,910,None,ADHD
1027,Target,Yes,745,None,ADHD
1028,Non-Target,No,0,None,ADHD
1029,Target,Yes,848,None,ADHD
1030,Non-Target,No,0,None,ADHD
1031,Target,Yes,699,None,ADHD
1032,Non-Target,No,0,None,ADHD
1033,Non-Target,Yes,541,Commission,ADHD
1034,Non-Target,No,0,None,ADHD
1035,Target,Yes,804,None,ADHD
1036,Non-Target,No,0,None,ADHD
1037,Non-Target,No,0,None,ADHD
1038,Target,Yes,726,None,ADHD
1039,Non-Target,No,0,None,ADHD
1040,Non-Target,Yes,836,Commission,ADHD
1041,Non-Target,Yes,714,Commission,ADHD
1042,Non-Target,No,0,None,ADHD
1043,Non-Target,Yes,861,Commission,ADHD
1044,Target,Yes,674,None,ADHD
1045,Target,Yes,770,None,ADHD
1046,Non-Target,No,0,None,ADHD
1047,Non-Target,No,0,None,ADHD
1048,Target,Yes,852,None,ADHD
1049,Non-Target,No,0,None,ADHD
1050,Non-Target,No,0,None,ADHD
1051,Non-Target,No,0,None,ADHD
1052,Target,Yes,704,None,ADHD
1053,Non-Target,No,0,None,ADHD
1054,Target,No,0,Omission,ADHD
1055,Target,Yes,701,None,ADHD
1056,Non-Target,Yes,696,Commission,ADHD
1057,Target,No,0,Omission,ADHD
1058,Non-Target,Yes,784,Commission,ADHD
1059,Non-Target,No,0,None,ADHD
1060,Non-Target,Yes,722,Commission,ADHD
1061,Non-Target,Yes,744,Commission,ADHD
1062,Non-Target,No,0,None,ADHD
1063,Non-Target,No,0,None,ADHD
1064,Target,Yes,734,None,ADHD
1065,Non-Target,No,0,None,ADHD
1066,Non-Target,No,0,None,ADHD
1067,Target,Yes,804,None,ADHD
1068,Target,Yes,828,None,ADHD
1069,Target,Yes,772,None,ADHD
1070,Non-Target,No,0,None,ADHD
1071,Target,No,0,Omission,ADHD
1072,Non-Target,No,0,None,ADHD
1073,Non-Target,No,0,None,ADHD
1074,Non-Target,Yes,817,Commission,ADHD
1075,Non-Target,No,0,None,ADHD
1076,Non-Target,No,0,None,ADHD
1077,Non-Target,No,0,None,ADHD
1078,Target,Yes,813,None,ADHD
1079,Non-Target,No,0,None,ADHD
1080,Target,Yes,725,None,ADHD
1081,Target,Yes,812,None,ADHD
1082,Non-Target,Yes,776,Commission,ADHD
1083,Non-Target,No,0,None,ADHD
1084,Non-Target,No,0,None,ADHD
1085,Non-Target,No,0,None,ADHD
1086,Target,Yes,835,None,ADHD
1087,Target,Yes,865,None,ADHD
1088,Non-Target,No,0,None,ADHD
1089,Target,No,0,Omission,ADHD
1090,Non-Target,No,0,None,ADHD
1091,Non-Target,No,0,None,ADHD
1092,Non-Target,No,0,None,ADHD
1093,Target,Yes,859,None,ADHD
1094,Target,Yes,904,None,ADHD
1095,Non-Target,Yes,718,Commission,ADHD
1096,Target,Yes,589,None,ADHD
1097,Target,Yes,695,None,ADHD
1098,Non-Target,No,0,None,ADHD
1099,Non-Target,No,0,None,ADHD
1100,Non-Target,No,0,None,ADHD
1101,Non-Target,No,0,None,ADHD
1102,Target,No,0,Omission,ADHD
1103,Target,No,0,Omission,ADHD
1104,Non-Target,Yes,699,Commission,ADHD
1105,Target,Yes,649,None,ADHD
1106,Non-Target,Yes,628,Commission,ADHD
1107,Non-Target,No,0,None,ADHD
1108,Non-Target,No,0,None,ADHD
1109,Non-Target,No,0,None,ADHD
1110,Target,Yes,810,None,ADHD
1111,Non-Target,No,0,None,ADHD
1112,Non-Target,No,0,None,ADHD
1113,Target,Yes,843,None,ADHD
1114,Target,No,0,Omission,ADHD
1115,Non-Target,Yes,687,Commission,ADHD
1116,Non-Target,Yes,796,Commission,ADHD
1117,Target,Yes,902,None,ADHD
1118,Non-Target,No,0,None,ADHD
1119,Non-Target,No,0,None,ADHD
1120,Non-Target,No,0,None,ADHD
1121,Non-Target,No,0,None,ADHD
1122,Target,Yes,793,None,ADHD
1123,Non-Target,No,0,None,ADHD
1124,Non-Target,Yes,634,Commission,ADHD
1125,Non-Target,No,0,None,ADHD
1126,Non-Target,No,0,None,ADHD
1127,Target,Yes,825,None,ADHD
1128,Target,No,0,Omission,ADHD
1129,Non-Target,Yes,614,Commission,ADHD
1130,Non-Target,No,0,None,ADHD
1131,Non-Target,No,0,None,ADHD
1132,Target,Yes,681,None,ADHD
1133,Non-Target,No,0,None,ADHD
1134,Target,Yes,786,None,ADHD
1135,Non-Target,No,0,None,ADHD
1136,Non-Target,No,0,None,ADHD
1137,Non-Target,No,0,None,ADHD
1138,Target,Yes,712,None,ADHD
1139,Target,No,0,Omission,ADHD
1140,Non-Target,No,0,None,ADHD
1141,Non-Target,Yes,676,Commission,ADHD
1142,Non-Target,No,0,None,ADHD
1143,Non-Target,No,0,None,ADHD
1144,Non-Target,No,0,None,ADHD
1145,Non-Target,No,0,None,ADHD
1146,Target,No,0,Omission,ADHD
1147,Non-Target,No,0,None,ADHD
1148,Non-Target,No,0,None,ADHD
1149,Non-Target,No,0,None,ADHD
1150,Non-Target,Yes,679,Commission,ADHD
1151,Target,No,0,Omission,ADHD
1152,Non-Target,No,0,None,ADHD
1153,Target,No,0,Omission,ADHD
1154,Non-Target,Yes,650,Commission,ADHD
1155,Non-Target,Yes,770,Commission,ADHD
1156,Target,Yes,801,None,ADHD
1157,Non-Target,No,0,None,ADHD
1158,Non-Target,No,0,None,ADHD
1159,Non-Target,No,0,None,ADHD
1160,Target,Yes,775,None,ADHD
1161,Target,Yes,802,None,ADHD
1162,Non-Target,No,0,None,ADHD
1163,Target,Yes,664,None,ADHD
1164,Non-Target,No,0,None,ADHD
1165,Target,No,0,Omission,ADHD
1166,Non-Target,No,0,None,ADHD
1167,Target,Yes,829,None,ADHD
1168,Non-Target,No,0,None,ADHD
1169,Target,Yes,741,None,ADHD
1170,Target,Yes,799,None,ADHD
1171,Non-Target,Yes,693,Commission,ADHD
1172,Non-Target,No,0,None,ADHD
1173,Non-Target,No,0,None,ADHD
1174,Target,Yes,712,None,ADHD
1175,Non-Target,No,0,None,ADHD
1176,Non-Target,Yes,621,Commission,ADHD
1177,Non-Target,No,0,None,ADHD
1178,Target,Yes,729,None,ADHD
1179,Non-Target,No,0,None,ADHD
1180,Target,Yes,703,None,ADHD
1181,Target,No,0,Omission,ADHD
1182,Non-Target,No,0,None,ADHD
1183,Target,Yes,756,None,ADHD
1184,Non-Target,No,0,None,ADHD
1185,Target,Yes,773,None,ADHD
1186,Non-Target,No,0,None,ADHD
1187,Target,Yes,712,None,ADHD
1188,Non-Target,No,0,None,ADHD
1189,Non-Target,Yes,674,Commission,ADHD
1190,Non-Target,No,0,None,ADHD
1191,Target,No,0,Omission,ADHD
1192,Non-Target,No,0,None,ADHD
1193,Target,Yes,912,None,ADHD
1194,Non-Target,No,0,None,ADHD
1195,Target,Yes,951,None,ADHD
1196,Non-Target,No,0,None,ADHD
1197,Non-Target,No,0,None,ADHD
1198,Non-Target,No,0,None,ADHD
1199,Target,No,0,Omission,ADHD
1200,Non-Target,No,0,None,ADHD
