Trial,StimulusType,Reaction,ReactionTime(ms),ErrorType,Label
1,Target,Yes,873,None,ADHD
2,Target,Yes,698,None,ADHD
3,Non-Target,No,0,None,ADHD
4,Non-Target,No,0,None,ADHD
5,Non-Target,No,0,None,ADHD
6,Non-Target,No,0,None,ADHD
7,Target,Yes,820,None,ADHD
8,Non-Target,Yes,811,Commission,ADHD
9,Non-Target,No,0,None,ADHD
10,Target,Yes,812,None,ADHD
11,Non-Target,No,0,None,ADHD
12,Non-Target,No,0,None,ADHD
13,Non-Target,No,0,None,ADHD
14,Target,Yes,787,None,ADHD
15,Non-Target,No,0,None,ADHD
16,Target,No,0,Omission,ADHD
17,Target,Yes,814,None,ADHD
18,Non-Target,No,0,None,ADHD
19,Non-Target,No,0,None,ADHD
20,Non-Target,No,0,None,ADHD
21,Target,Yes,499,None,ADHD
22,Target,Yes,773,None,ADHD
23,Non-Target,No,0,None,ADHD
24,Non-Target,No,0,None,ADHD
25,Non-Target,No,0,None,ADHD
26,Non-Target,No,0,None,ADHD
27,Non-Target,No,0,None,ADHD
28,Non-Target,No,0,None,ADHD
29,Non-Target,No,0,None,ADHD
30,Non-Target,No,0,None,ADHD
31,Non-Target,No,0,None,ADHD
32,Non-Target,No,0,None,ADHD
33,Non-Target,Yes,758,Commission,ADHD
34,Target,Yes,706,None,ADHD
35,Target,Yes,691,None,ADHD
36,Non-Target,No,0,None,ADHD
37,Target,Yes,840,None,ADHD
38,Non-Target,No,0,None,ADHD
39,Non-Target,No,0,None,ADHD
40,Target,Yes,692,None,ADHD
41,Target,No,0,Omission,ADHD
42,Non-Target,No,0,None,ADHD
43,Target,Yes,643,None,ADHD
44,Non-Target,No,0,None,ADHD
45,Non-Target,No,0,None,ADHD
46,Target,Yes,628,None,ADHD
47,Non-Target,No,0,None,ADHD
48,Target,Yes,743,None,ADHD
49,Non-Target,No,0,None,ADHD
50,Non-Target,No,0,None,ADHD
51,Non-Target,No,0,None,ADHD
52,Non-Target,No,0,None,ADHD
53,Non-Target,No,0,None,ADHD
54,Target,Yes,531,None,ADHD
55,Non-Target,No,0,None,ADHD
56,Non-Target,Yes,807,Commission,ADHD
57,Non-Target,Yes,730,Commission,ADHD
58,Non-Target,No,0,None,ADHD
59,Target,Yes,825,None,ADHD
60,Non-Target,No,0,None,ADHD
61,Target,Yes,710,None,ADHD
62,Target,Yes,648,None,ADHD
63,Non-Target,No,0,None,ADHD
64,Non-Target,No,0,None,ADHD
65,Non-Target,No,0,None,ADHD
66,Non-Target,Yes,798,Commission,ADHD
67,Non-Target,No,0,None,ADHD
68,Non-Target,No,0,None,ADHD
69,Non-Target,No,0,None,ADHD
70,Target,Yes,828,None,ADHD
71,Non-Target,No,0,None,ADHD
72,Non-Target,No,0,None,ADHD
73,Non-Target,No,0,None,ADHD
74,Non-Target,No,0,None,ADHD
75,Non-Target,No,0,None,ADHD
76,Non-Target,Yes,749,Commission,ADHD
77,Non-Target,Yes,944,Commission,ADHD
78,Target,No,0,Omission,ADHD
79,Target,Yes,752,None,ADHD
80,Target,Yes,631,None,ADHD
81,Target,Yes,586,None,ADHD
82,Non-Target,No,0,None,ADHD
83,Target,Yes,768,None,ADHD
84,Non-Target,Yes,614,Commission,ADHD
85,Non-Target,Yes,717,Commission,ADHD
86,Non-Target,No,0,None,ADHD
87,Target,Yes,979,None,ADHD
88,Target,Yes,706,None,ADHD
89,Target,Yes,853,None,ADHD
90,Non-Target,No,0,None,ADHD
91,Non-Target,No,0,None,ADHD
92,Non-Target,No,0,None,ADHD
93,Target,Yes,796,None,ADHD
94,Non-Target,No,0,None,ADHD
95,Non-Target,No,0,None,ADHD
96,Non-Target,No,0,None,ADHD
97,Non-Target,No,0,None,ADHD
98,Non-Target,No,0,None,ADHD
99,Non-Target,No,0,None,ADHD
100,Non-Target,No,0,None,ADHD
101,Target,Yes,676,None,ADHD
102,Target,Yes,813,None,ADHD
103,Target,No,0,Omission,ADHD
104,Non-Target,No,0,None,ADHD
105,Non-Target,No,0,None,ADHD
106,Non-Target,Yes,788,Commission,ADHD
107,Non-Target,No,0,None,ADHD
108,Target,Yes,783,None,ADHD
109,Target,Yes,704,None,ADHD
110,Non-Target,No,0,None,ADHD
111,Non-Target,No,0,None,ADHD
112,Target,No,0,Omission,ADHD
113,Non-Target,No,0,None,ADHD
114,Non-Target,No,0,None,ADHD
115,Target,Yes,880,None,ADHD
116,Target,Yes,670,None,ADHD
117,Non-Target,No,0,None,ADHD
118,Non-Target,No,0,None,ADHD
119,Non-Target,No,0,None,ADHD
120,Target,Yes,641,None,ADHD
121,Non-Target,No,0,None,ADHD
122,Non-Target,No,0,None,ADHD
123,Target,Yes,735,None,ADHD
124,Non-Target,No,0,None,ADHD
125,Non-Target,No,0,None,ADHD
126,Non-Target,No,0,None,ADHD
127,Target,Yes,785,None,ADHD
128,Non-Target,No,0,None,ADHD
129,Non-Target,No,0,None,ADHD
130,Non-Target,No,0,None,ADHD
131,Non-Target,No,0,None,ADHD
132,Non-Target,No,0,None,ADHD
133,Non-Target,No,0,None,ADHD
134,Non-Target,No,0,None,ADHD
135,Non-Target,Yes,847,Commission,ADHD
136,Non-Target,No,0,None,ADHD
137,Target,No,0,Omission,ADHD
138,Target,Yes,596,None,ADHD
139,Non-Target,Yes,669,Commission,ADHD
140,Target,Yes,886,None,ADHD
141,Non-Target,No,0,None,ADHD
142,Non-Target,No,0,None,ADHD
143,Non-Target,No,0,None,ADHD
144,Non-Target,No,0,None,ADHD
145,Non-Target,Yes,710,Commission,ADHD
146,Target,Yes,871,None,ADHD
147,Non-Target,No,0,None,ADHD
148,Target,Yes,838,None,ADHD
149,Target,Yes,835,None,ADHD
150,Non-Target,No,0,None,ADHD
151,Non-Target,No,0,None,ADHD
152,Target,Yes,724,None,ADHD
153,Non-Target,No,0,None,ADHD
154,Target,Yes,900,None,ADHD
155,Non-Target,No,0,None,ADHD
156,Non-Target,No,0,None,ADHD
157,Non-Target,No,0,None,ADHD
158,Target,Yes,627,None,ADHD
159,Target,Yes,714,None,ADHD
160,Non-Target,No,0,None,ADHD
161,Non-Target,No,0,None,ADHD
162,Non-Target,No,0,None,ADHD
163,Non-Target,No,0,None,ADHD
164,Non-Target,No,0,None,ADHD
165,Non-Target,No,0,None,ADHD
166,Non-Target,No,0,None,ADHD
167,Non-Target,No,0,None,ADHD
168,Non-Target,No,0,None,ADHD
169,Non-Target,No,0,None,ADHD
170,Non-Target,Yes,830,Commission,ADHD
171,Non-Target,No,0,None,ADHD
172,Non-Target,No,0,None,ADHD
173,Non-Target,Yes,793,Commission,ADHD
174,Target,Yes,985,None,ADHD
175,Non-Target,No,0,None,ADHD
176,Target,Yes,743,None,ADHD
177,Target,Yes,891,None,ADHD
178,Non-Target,No,0,None,ADHD
179,Non-Target,No,0,None,ADHD
180,Target,Yes,1045,None,ADHD
181,Target,Yes,693,None,ADHD
182,Non-Target,No,0,None,ADHD
183,Target,Yes,1017,None,ADHD
184,Target,Yes,861,None,ADHD
185,Non-Target,No,0,None,ADHD
186,Target,No,0,Omission,ADHD
187,Non-Target,No,0,None,ADHD
188,Non-Target,No,0,None,ADHD
189,Non-Target,No,0,None,ADHD
190,Non-Target,No,0,None,ADHD
191,Non-Target,No,0,None,ADHD
192,Non-Target,No,0,None,ADHD
193,Non-Target,Yes,993,Commission,ADHD
194,Target,Yes,701,None,ADHD
195,Non-Target,No,0,None,ADHD
196,Non-Target,No,0,None,ADHD
197,Non-Target,No,0,None,ADHD
198,Target,Yes,657,None,ADHD
199,Non-Target,Yes,704,Commission,ADHD
200,Target,No,0,Omission,ADHD
201,Target,Yes,695,None,ADHD
202,Non-Target,Yes,802,Commission,ADHD
203,Non-Target,No,0,None,ADHD
204,Target,No,0,Omission,ADHD
205,Non-Target,No,0,None,ADHD
206,Non-Target,Yes,688,Commission,ADHD
207,Non-Target,No,0,None,ADHD
208,Non-Target,No,0,None,ADHD
209,Non-Target,Yes,824,Commission,ADHD
210,Non-Target,No,0,None,ADHD
211,Target,No,0,Omission,ADHD
212,Target,Yes,819,None,ADHD
213,Non-Target,No,0,None,ADHD
214,Target,Yes,827,None,ADHD
215,Non-Target,No,0,None,ADHD
216,Non-Target,No,0,None,ADHD
217,Non-Target,No,0,None,ADHD
218,Non-Target,No,0,None,ADHD
219,Non-Target,No,0,None,ADHD
220,Non-Target,No,0,None,ADHD
221,Non-Target,No,0,None,ADHD
222,Non-Target,No,0,None,ADHD
223,Target,Yes,903,None,ADHD
224,Non-Target,No,0,None,ADHD
225,Target,No,0,Omission,ADHD
226,Target,Yes,703,None,ADHD
227,Target,Yes,637,None,ADHD
228,Target,Yes,546,None,ADHD
229,Non-Target,No,0,None,ADHD
230,Non-Target,No,0,None,ADHD
231,Non-Target,No,0,None,ADHD
232,Non-Target,No,0,None,ADHD
233,Target,Yes,662,None,ADHD
234,Non-Target,No,0,None,ADHD
235,Non-Target,No,0,None,ADHD
236,Target,Yes,940,None,ADHD
237,Non-Target,No,0,None,ADHD
238,Non-Target,No,0,None,ADHD
239,Non-Target,No,0,None,ADHD
240,Non-Target,No,0,None,ADHD
241,Non-Target,No,0,None,ADHD
242,Target,Yes,744,None,ADHD
243,Non-Target,No,0,None,ADHD
244,Non-Target,No,0,None,ADHD
245,Non-Target,No,0,None,ADHD
246,Non-Target,No,0,None,ADHD
247,Non-Target,No,0,None,ADHD
248,Non-Target,No,0,None,ADHD
249,Target,Yes,873,None,ADHD
250,Non-Target,No,0,None,ADHD
251,Non-Target,No,0,None,ADHD
252,Non-Target,No,0,None,ADHD
253,Non-Target,No,0,None,ADHD
254,Non-Target,No,0,None,ADHD
255,Target,Yes,827,None,ADHD
256,Non-Target,No,0,None,ADHD
257,Non-Target,No,0,None,ADHD
258,Target,Yes,808,None,ADHD
259,Non-Target,Yes,941,Commission,ADHD
260,Non-Target,No,0,None,ADHD
261,Target,Yes,788,None,ADHD
262,Target,No,0,Omission,ADHD
263,Non-Target,Yes,864,Commission,ADHD
264,Non-Target,No,0,None,ADHD
265,Non-Target,No,0,None,ADHD
266,Target,Yes,929,None,ADHD
267,Non-Target,No,0,None,ADHD
268,Target,Yes,859,None,ADHD
269,Non-Target,Yes,739,Commission,ADHD
270,Target,Yes,852,None,ADHD
271,Non-Target,No,0,None,ADHD
272,Non-Target,No,0,None,ADHD
273,Non-Target,No,0,None,ADHD
274,Non-Target,No,0,None,ADHD
275,Non-Target,No,0,None,ADHD
276,Non-Target,No,0,None,ADHD
277,Non-Target,No,0,None,ADHD
278,Non-Target,No,0,None,ADHD
279,Non-Target,No,0,None,ADHD
280,Non-Target,No,0,None,ADHD
281,Non-Target,No,0,None,ADHD
282,Non-Target,No,0,None,ADHD
283,Non-Target,No,0,None,ADHD
284,Non-Target,No,0,None,ADHD
285,Target,Yes,743,None,ADHD
286,Non-Target,No,0,None,ADHD
287,Non-Target,No,0,None,ADHD
288,Non-Target,Yes,634,Commission,ADHD
289,Non-Target,No,0,None,ADHD
290,Target,Yes,739,None,ADHD
291,Non-Target,No,0,None,ADHD
292,Non-Target,No,0,None,ADHD
293,Target,Yes,727,None,ADHD
294,Non-Target,No,0,None,ADHD
295,Non-Target,No,0,None,ADHD
296,Non-Target,No,0,None,ADHD
297,Non-Target,No,0,None,ADHD
298,Non-Target,Yes,633,Commission,ADHD
299,Non-Target,No,0,None,ADHD
300,Target,No,0,Omission,ADHD
301,Target,No,0,Omission,ADHD
302,Non-Target,No,0,None,ADHD
303,Target,Yes,826,None,ADHD
304,Non-Target,Yes,746,Commission,ADHD
305,Non-Target,No,0,None,ADHD
306,Target,Yes,894,None,ADHD
307,Non-Target,No,0,None,ADHD
308,Non-Target,No,0,None,ADHD
309,Non-Target,No,0,None,ADHD
310,Non-Target,No,0,None,ADHD
311,Target,Yes,843,None,ADHD
312,Target,No,0,Omission,ADHD
313,Target,Yes,816,None,ADHD
314,Non-Target,No,0,None,ADHD
315,Target,Yes,832,None,ADHD
316,Target,Yes,827,None,ADHD
317,Non-Target,No,0,None,ADHD
318,Non-Target,No,0,None,ADHD
319,Target,Yes,886,None,ADHD
320,Non-Target,No,0,None,ADHD
321,Non-Target,Yes,775,Commission,ADHD
322,Non-Target,No,0,None,ADHD
323,Non-Target,No,0,None,ADHD
324,Non-Target,No,0,None,ADHD
325,Non-Target,No,0,None,ADHD
326,Non-Target,No,0,None,ADHD
327,Target,Yes,825,None,ADHD
328,Target,No,0,Omission,ADHD
329,Target,Yes,782,None,ADHD
330,Target,Yes,783,None,ADHD
331,Non-Target,No,0,None,ADHD
332,Target,Yes,850,None,ADHD
333,Non-Target,No,0,None,ADHD
334,Non-Target,Yes,888,Commission,ADHD
335,Non-Target,Yes,744,Commission,ADHD
336,Non-Target,No,0,None,ADHD
337,Non-Target,No,0,None,ADHD
338,Non-Target,No,0,None,ADHD
339,Non-Target,No,0,None,ADHD
340,Target,No,0,Omission,ADHD
341,Non-Target,No,0,None,ADHD
342,Non-Target,No,0,None,ADHD
343,Non-Target,No,0,None,ADHD
344,Target,Yes,575,None,ADHD
345,Non-Target,Yes,848,Commission,ADHD
346,Non-Target,Yes,806,Commission,ADHD
347,Target,Yes,763,None,ADHD
348,Target,Yes,858,None,ADHD
349,Non-Target,No,0,None,ADHD
350,Non-Target,No,0,None,ADHD
351,Non-Target,No,0,None,ADHD
352,Non-Target,No,0,None,ADHD
353,Non-Target,No,0,None,ADHD
354,Non-Target,No,0,None,ADHD
355,Non-Target,No,0,None,ADHD
356,Non-Target,No,0,None,ADHD
357,Non-Target,Yes,701,Commission,ADHD
358,Target,Yes,757,None,ADHD
359,Target,Yes,845,None,ADHD
360,Target,Yes,900,None,ADHD
361,Non-Target,No,0,None,ADHD
362,Non-Target,No,0,None,ADHD
363,Non-Target,No,0,None,ADHD
364,Non-Target,No,0,None,ADHD
365,Non-Target,Yes,907,Commission,ADHD
366,Target,Yes,880,None,ADHD
367,Non-Target,Yes,906,Commission,ADHD
368,Non-Target,No,0,None,ADHD
369,Non-Target,No,0,None,ADHD
370,Non-Target,No,0,None,ADHD
371,Non-Target,No,0,None,ADHD
372,Non-Target,No,0,None,ADHD
373,Non-Target,No,0,None,ADHD
374,Non-Target,No,0,None,ADHD
375,Target,Yes,846,None,ADHD
376,Non-Target,Yes,841,Commission,ADHD
377,Non-Target,No,0,None,ADHD
378,Target,Yes,864,None,ADHD
379,Non-Target,No,0,None,ADHD
380,Target,Yes,854,None,ADHD
381,Non-Target,Yes,719,Commission,ADHD
382,Non-Target,No,0,None,ADHD
383,Target,Yes,906,None,ADHD
384,Target,Yes,675,None,ADHD
385,Target,No,0,Omission,ADHD
386,Target,Yes,586,None,ADHD
387,Non-Target,No,0,None,ADHD
388,Non-Target,No,0,None,ADHD
389,Target,Yes,677,None,ADHD
390,Non-Target,No,0,None,ADHD
391,Target,Yes,597,None,ADHD
392,Non-Target,No,0,None,ADHD
393,Target,Yes,740,None,ADHD
394,Target,Yes,898,None,ADHD
395,Non-Target,No,0,None,ADHD
396,Non-Target,No,0,None,ADHD
397,Non-Target,No,0,None,ADHD
398,Non-Target,No,0,None,ADHD
399,Non-Target,No,0,None,ADHD
400,Target,Yes,761,None,ADHD
401,Non-Target,No,0,None,ADHD
402,Non-Target,No,0,None,ADHD
403,Non-Target,No,0,None,ADHD
404,Non-Target,Yes,622,Commission,ADHD
405,Non-Target,No,0,None,ADHD
406,Target,Yes,863,None,ADHD
407,Target,Yes,660,None,ADHD
408,Non-Target,No,0,None,ADHD
409,Non-Target,No,0,None,ADHD
410,Non-Target,No,0,None,ADHD
411,Non-Target,No,0,None,ADHD
412,Non-Target,No,0,None,ADHD
413,Target,Yes,762,None,ADHD
414,Target,Yes,596,None,ADHD
415,Non-Target,No,0,None,ADHD
416,Non-Target,No,0,None,ADHD
417,Non-Target,No,0,None,ADHD
418,Target,Yes,729,None,ADHD
419,Target,No,0,Omission,ADHD
420,Non-Target,No,0,None,ADHD
421,Non-Target,No,0,None,ADHD
422,Non-Target,No,0,None,ADHD
423,Non-Target,No,0,None,ADHD
424,Non-Target,No,0,None,ADHD
425,Target,Yes,765,None,ADHD
426,Target,Yes,766,None,ADHD
427,Target,No,0,Omission,ADHD
428,Non-Target,No,0,None,ADHD
429,Target,No,0,Omission,ADHD
430,Target,No,0,Omission,ADHD
431,Non-Target,No,0,None,ADHD
432,Non-Target,No,0,None,ADHD
433,Non-Target,No,0,None,ADHD
434,Target,Yes,848,None,ADHD
435,Non-Target,No,0,None,ADHD
436,Non-Target,No,0,None,ADHD
437,Target,Yes,865,None,ADHD
438,Target,No,0,Omission,ADHD
439,Non-Target,No,0,None,ADHD
440,Target,Yes,798,None,ADHD
441,Non-Target,Yes,770,Commission,ADHD
442,Non-Target,No,0,None,ADHD
443,Non-Target,No,0,None,ADHD
444,Non-Target,No,0,None,ADHD
445,Non-Target,Yes,679,Commission,ADHD
446,Non-Target,No,0,None,ADHD
447,Non-Target,No,0,None,ADHD
448,Target,Yes,833,None,ADHD
449,Non-Target,No,0,None,ADHD
450,Target,Yes,1021,None,ADHD
451,Non-Target,No,0,None,ADHD
452,Non-Target,No,0,None,ADHD
453,Non-Target,No,0,None,ADHD
454,Non-Target,No,0,None,ADHD
455,Non-Target,No,0,None,ADHD
456,Non-Target,No,0,None,ADHD
457,Target,Yes,664,None,ADHD
458,Non-Target,No,0,None,ADHD
459,Non-Target,No,0,None,ADHD
460,Non-Target,Yes,765,Commission,ADHD
461,Non-Target,Yes,892,Commission,ADHD
462,Non-Target,Yes,675,Commission,ADHD
463,Non-Target,No,0,None,ADHD
464,Target,No,0,Omission,ADHD
465,Non-Target,No,0,None,ADHD
466,Non-Target,No,0,None,ADHD
467,Non-Target,No,0,None,ADHD
468,Non-Target,Yes,742,Commission,ADHD
469,Non-Target,No,0,None,ADHD
470,Non-Target,No,0,None,ADHD
471,Target,Yes,898,None,ADHD
472,Non-Target,No,0,None,ADHD
473,Non-Target,No,0,None,ADHD
474,Non-Target,No,0,None,ADHD
475,Non-Target,No,0,None,ADHD
476,Target,Yes,925,None,ADHD
477,Non-Target,No,0,None,ADHD
478,Target,Yes,897,None,ADHD
479,Non-Target,No,0,None,ADHD
480,Non-Target,No,0,None,ADHD
481,Non-Target,No,0,None,ADHD
482,Target,Yes,615,None,ADHD
483,Target,Yes,917,None,ADHD
484,Target,Yes,725,None,ADHD
485,Non-Target,No,0,None,ADHD
486,Non-Target,No,0,None,ADHD
487,Target,Yes,759,None,ADHD
488,Non-Target,No,0,None,ADHD
489,Target,Yes,859,None,ADHD
490,Non-Target,No,0,None,ADHD
491,Non-Target,No,0,None,ADHD
492,Non-Target,No,0,None,ADHD
493,Target,Yes,617,None,ADHD
494,Target,No,0,Omission,ADHD
495,Target,Yes,776,None,ADHD
496,Target,Yes,919,None,ADHD
497,Target,No,0,Omission,ADHD
498,Non-Target,No,0,None,ADHD
499,Non-Target,No,0,None,ADHD
500,Non-Target,No,0,None,ADHD
501,Non-Target,No,0,None,ADHD
502,Non-Target,No,0,None,ADHD
503,Non-Target,No,0,None,ADHD
504,Non-Target,No,0,None,ADHD
505,Non-Target,No,0,None,ADHD
506,Non-Target,No,0,None,ADHD
507,Non-Target,No,0,None,ADHD
508,Target,Yes,831,None,ADHD
509,Non-Target,No,0,None,ADHD
510,Non-Target,No,0,None,ADHD
511,Target,Yes,904,None,ADHD
512,Non-Target,No,0,None,ADHD
513,Non-Target,No,0,None,ADHD
514,Non-Target,No,0,None,ADHD
515,Target,Yes,625,None,ADHD
516,Non-Target,No,0,None,ADHD
517,Target,No,0,Omission,ADHD
518,Non-Target,No,0,None,ADHD
519,Non-Target,No,0,None,ADHD
520,Target,Yes,703,None,ADHD
521,Non-Target,No,0,None,ADHD
522,Non-Target,No,0,None,ADHD
523,Target,Yes,637,None,ADHD
524,Non-Target,No,0,None,ADHD
525,Target,Yes,795,None,ADHD
526,Target,Yes,787,None,ADHD
527,Non-Target,No,0,None,ADHD
528,Non-Target,No,0,None,ADHD
529,Target,Yes,844,None,ADHD
530,Target,Yes,620,None,ADHD
531,Non-Target,No,0,None,ADHD
532,Non-Target,No,0,None,ADHD
533,Non-Target,No,0,None,ADHD
534,Target,Yes,1015,None,ADHD
535,Non-Target,No,0,None,ADHD
536,Non-Target,No,0,None,ADHD
537,Non-Target,No,0,None,ADHD
538,Non-Target,No,0,None,ADHD
539,Target,Yes,831,None,ADHD
540,Non-Target,No,0,None,ADHD
541,Non-Target,Yes,725,Commission,ADHD
542,Target,No,0,Omission,ADHD
543,Non-Target,No,0,None,ADHD
544,Target,No,0,Omission,ADHD
545,Non-Target,No,0,None,ADHD
546,Non-Target,No,0,None,ADHD
547,Non-Target,No,0,None,ADHD
548,Non-Target,No,0,None,ADHD
549,Non-Target,No,0,None,ADHD
550,Non-Target,No,0,None,ADHD
551,Non-Target,No,0,None,ADHD
552,Non-Target,No,0,None,ADHD
553,Target,Yes,877,None,ADHD
554,Non-Target,Yes,824,Commission,ADHD
555,Target,Yes,735,None,ADHD
556,Non-Target,No,0,None,ADHD
557,Target,Yes,716,None,ADHD
558,Non-Target,No,0,None,ADHD
559,Target,Yes,725,None,ADHD
560,Non-Target,No,0,None,ADHD
561,Non-Target,Yes,790,Commission,ADHD
562,Non-Target,No,0,None,ADHD
563,Target,Yes,837,None,ADHD
564,Non-Target,No,0,None,ADHD
565,Non-Target,No,0,None,ADHD
566,Target,Yes,797,None,ADHD
567,Target,Yes,801,None,ADHD
568,Target,Yes,725,None,ADHD
569,Non-Target,No,0,None,ADHD
570,Target,Yes,815,None,ADHD
571,Non-Target,No,0,None,ADHD
572,Non-Target,No,0,None,ADHD
573,Non-Target,No,0,None,ADHD
574,Non-Target,No,0,None,ADHD
575,Non-Target,No,0,None,ADHD
576,Non-Target,Yes,792,Commission,ADHD
577,Target,Yes,852,None,ADHD
578,Target,No,0,Omission,ADHD
579,Target,Yes,566,None,ADHD
580,Non-Target,No,0,None,ADHD
581,Non-Target,No,0,None,ADHD
582,Non-Target,No,0,None,ADHD
583,Non-Target,No,0,None,ADHD
584,Non-Target,No,0,None,ADHD
585,Non-Target,No,0,None,ADHD
586,Target,Yes,747,None,ADHD
587,Non-Target,No,0,None,ADHD
588,Target,Yes,812,None,ADHD
589,Target,No,0,Omission,ADHD
590,Target,Yes,714,None,ADHD
591,Target,Yes,820,None,ADHD
592,Target,No,0,Omission,ADHD
593,Non-Target,Yes,958,Commission,ADHD
594,Non-Target,Yes,810,Commission,ADHD
595,Non-Target,No,0,None,ADHD
596,Target,Yes,830,None,ADHD
597,Non-Target,No,0,None,ADHD
598,Non-Target,No,0,None,ADHD
599,Non-Target,No,0,None,ADHD
600,Non-Target,Yes,776,Commission,ADHD
601,Non-Target,No,0,None,ADHD
602,Non-Target,No,0,None,ADHD
603,Non-Target,No,0,None,ADHD
604,Non-Target,No,0,None,ADHD
605,Non-Target,No,0,None,ADHD
606,Non-Target,No,0,None,ADHD
607,Non-Target,No,0,None,ADHD
608,Non-Target,No,0,None,ADHD
609,Non-Target,No,0,None,ADHD
610,Non-Target,No,0,None,ADHD
611,Target,Yes,777,None,ADHD
612,Non-Target,No,0,None,ADHD
613,Non-Target,No,0,None,ADHD
614,Non-Target,No,0,None,ADHD
615,Target,Yes,571,None,ADHD
616,Non-Target,No,0,None,ADHD
617,Non-Target,No,0,None,ADHD
618,Non-Target,No,0,None,ADHD
619,Non-Target,No,0,None,ADHD
620,Non-Target,No,0,None,ADHD
621,Non-Target,No,0,None,ADHD
622,Non-Target,No,0,None,ADHD
623,Non-Target,No,0,None,ADHD
624,Target,Yes,753,None,ADHD
625,Non-Target,No,0,None,ADHD
626,Non-Target,Yes,865,Commission,ADHD
627,Non-Target,Yes,779,Commission,ADHD
628,Target,Yes,403,None,ADHD
629,Target,Yes,786,None,ADHD
630,Target,Yes,960,None,ADHD
631,Non-Target,No,0,None,ADHD
632,Target,Yes,809,None,ADHD
633,Non-Target,No,0,None,ADHD
634,Target,Yes,822,None,ADHD
635,Non-Target,No,0,None,ADHD
636,Target,Yes,781,None,ADHD
637,Target,No,0,Omission,ADHD
638,Target,Yes,798,None,ADHD
639,Target,Yes,787,None,ADHD
640,Non-Target,No,0,None,ADHD
641,Non-Target,No,0,None,ADHD
642,Target,Yes,733,None,ADHD
643,Non-Target,Yes,635,Commission,ADHD
644,Target,No,0,Omission,ADHD
645,Non-Target,No,0,None,ADHD
646,Non-Target,No,0,None,ADHD
647,Target,Yes,855,None,ADHD
648,Non-Target,No,0,None,ADHD
649,Target,Yes,884,None,ADHD
650,Non-Target,No,0,None,ADHD
651,Non-Target,Yes,806,Commission,ADHD
652,Non-Target,No,0,None,ADHD
653,Non-Target,No,0,None,ADHD
654,Non-Target,No,0,None,ADHD
655,Target,Yes,732,None,ADHD
656,Target,Yes,759,None,ADHD
657,Target,Yes,787,None,ADHD
658,Non-Target,Yes,776,Commission,ADHD
659,Non-Target,No,0,None,ADHD
660,Non-Target,Yes,757,Commission,ADHD
661,Non-Target,No,0,None,ADHD
662,Target,Yes,839,None,ADHD
663,Non-Target,No,0,None,ADHD
664,Non-Target,No,0,None,ADHD
665,Non-Target,No,0,None,ADHD
666,Non-Target,No,0,None,ADHD
667,Target,Yes,840,None,ADHD
668,Non-Target,No,0,None,ADHD
669,Non-Target,No,0,None,ADHD
670,Non-Target,No,0,None,ADHD
671,Non-Target,No,0,None,ADHD
672,Non-Target,No,0,None,ADHD
673,Target,Yes,651,None,ADHD
674,Non-Target,No,0,None,ADHD
675,Non-Target,No,0,None,ADHD
676,Non-Target,No,0,None,ADHD
677,Target,Yes,777,None,ADHD
678,Non-Target,No,0,None,ADHD
679,Target,Yes,593,None,ADHD
680,Non-Target,No,0,None,ADHD
681,Non-Target,No,0,None,ADHD
682,Non-Target,No,0,None,ADHD
683,Non-Target,No,0,None,ADHD
684,Non-Target,Yes,718,Commission,ADHD
685,Non-Target,No,0,None,ADHD
686,Non-Target,No,0,None,ADHD
687,Non-Target,No,0,None,ADHD
688,Target,Yes,900,None,ADHD
689,Non-Target,No,0,None,ADHD
690,Non-Target,No,0,None,ADHD
691,Non-Target,No,0,None,ADHD
692,Non-Target,No,0,None,ADHD
693,Non-Target,No,0,None,ADHD
694,Target,Yes,782,None,ADHD
695,Non-Target,No,0,None,ADHD
696,Target,No,0,Omission,ADHD
697,Non-Target,No,0,None,ADHD
698,Non-Target,No,0,None,ADHD
699,Non-Target,No,0,None,ADHD
700,Non-Target,No,0,None,ADHD
701,Non-Target,No,0,None,ADHD
702,Non-Target,No,0,None,ADHD
703,Non-Target,No,0,None,ADHD
704,Non-Target,No,0,None,ADHD
705,Non-Target,No,0,None,ADHD
706,Target,Yes,874,None,ADHD
707,Target,Yes,734,None,ADHD
708,Target,Yes,780,None,ADHD
709,Target,Yes,915,None,ADHD
710,Target,No,0,Omission,ADHD
711,Target,No,0,Omission,ADHD
712,Target,Yes,930,None,ADHD
713,Target,Yes,942,None,ADHD
714,Non-Target,No,0,None,ADHD
715,Non-Target,No,0,None,ADHD
716,Non-Target,No,0,None,ADHD
717,Target,Yes,679,None,ADHD
718,Target,Yes,701,None,ADHD
719,Non-Target,Yes,960,Commission,ADHD
720,Non-Target,No,0,None,ADHD
721,Target,No,0,Omission,ADHD
722,Non-Target,No,0,None,ADHD
723,Target,Yes,747,None,ADHD
724,Target,No,0,Omission,ADHD
725,Target,No,0,Omission,ADHD
726,Non-Target,No,0,None,ADHD
727,Non-Target,No,0,None,ADHD
728,Target,Yes,779,None,ADHD
729,Target,Yes,658,None,ADHD
730,Non-Target,No,0,None,ADHD
731,Non-Target,No,0,None,ADHD
732,Target,Yes,840,None,ADHD
733,Non-Target,No,0,None,ADHD
734,Non-Target,No,0,None,ADHD
735,Non-Target,No,0,None,ADHD
736,Non-Target,No,0,None,ADHD
737,Non-Target,No,0,None,ADHD
738,Non-Target,No,0,None,ADHD
739,Non-Target,No,0,None,ADHD
740,Non-Target,No,0,None,ADHD
741,Non-Target,No,0,None,ADHD
742,Non-Target,No,0,None,ADHD
743,Non-Target,No,0,None,ADHD
744,Non-Target,No,0,None,ADHD
745,Non-Target,No,0,None,ADHD
746,Non-Target,No,0,None,ADHD
747,Non-Target,No,0,None,ADHD
748,Non-Target,No,0,None,ADHD
749,Non-Target,No,0,None,ADHD
750,Target,Yes,959,None,ADHD
751,Non-Target,No,0,None,ADHD
752,Non-Target,No,0,None,ADHD
753,Non-Target,No,0,None,ADHD
754,Non-Target,No,0,None,ADHD
755,Target,Yes,824,None,ADHD
756,Non-Target,Yes,892,Commission,ADHD
757,Non-Target,No,0,None,ADHD
758,Non-Target,No,0,None,ADHD
759,Non-Target,No,0,None,ADHD
760,Non-Target,No,0,None,ADHD
761,Target,Yes,685,None,ADHD
762,Target,Yes,720,None,ADHD
763,Target,No,0,Omission,ADHD
764,Non-Target,No,0,None,ADHD
765,Non-Target,Yes,782,Commission,ADHD
766,Non-Target,No,0,None,ADHD
767,Non-Target,No,0,None,ADHD
768,Non-Target,No,0,None,ADHD
769,Non-Target,No,0,None,ADHD
770,Non-Target,Yes,800,Commission,ADHD
771,Target,Yes,484,None,ADHD
772,Non-Target,No,0,None,ADHD
773,Non-Target,No,0,None,ADHD
774,Non-Target,No,0,None,ADHD
775,Target,Yes,759,None,ADHD
776,Target,Yes,772,None,ADHD
777,Target,Yes,748,None,ADHD
778,Non-Target,No,0,None,ADHD
779,Non-Target,No,0,None,ADHD
780,Non-Target,No,0,None,ADHD
781,Target,Yes,874,None,ADHD
782,Target,Yes,662,None,ADHD
783,Target,Yes,909,None,ADHD
784,Target,Yes,839,None,ADHD
785,Target,Yes,671,None,ADHD
786,Non-Target,Yes,857,Commission,ADHD
787,Target,Yes,902,None,ADHD
788,Non-Target,Yes,1053,Commission,ADHD
789,Non-Target,No,0,None,ADHD
790,Non-Target,No,0,None,ADHD
791,Target,Yes,571,None,ADHD
792,Non-Target,No,0,None,ADHD
793,Non-Target,No,0,None,ADHD
794,Non-Target,No,0,None,ADHD
795,Target,Yes,856,None,ADHD
796,Non-Target,No,0,None,ADHD
797,Non-Target,No,0,None,ADHD
798,Non-Target,No,0,None,ADHD
799,Non-Target,Yes,518,Commission,ADHD
800,Non-Target,Yes,835,Commission,ADHD
801,Non-Target,No,0,None,ADHD
802,Non-Target,No,0,None,ADHD
803,Target,No,0,Omission,ADHD
804,Non-Target,No,0,None,ADHD
805,Non-Target,No,0,None,ADHD
806,Non-Target,No,0,None,ADHD
807,Non-Target,No,0,None,ADHD
808,Non-Target,No,0,None,ADHD
809,Non-Target,No,0,None,ADHD
810,Non-Target,No,0,None,ADHD
811,Non-Target,No,0,None,ADHD
812,Non-Target,No,0,None,ADHD
813,Non-Target,No,0,None,ADHD
814,Non-Target,No,0,None,ADHD
815,Target,Yes,802,None,ADHD
816,Non-Target,No,0,None,ADHD
817,Non-Target,Yes,793,Commission,ADHD
818,Non-Target,No,0,None,ADHD
819,Non-Target,Yes,832,Commission,ADHD
820,Non-Target,No,0,None,ADHD
821,Non-Target,No,0,None,ADHD
822,Non-Target,No,0,None,ADHD
823,Target,No,0,Omission,ADHD
824,Target,Yes,850,None,ADHD
825,Non-Target,No,0,None,ADHD
826,Target,Yes,724,None,ADHD
827,Non-Target,Yes,768,Commission,ADHD
828,Non-Target,No,0,None,ADHD
829,Target,Yes,776,None,ADHD
830,Target,No,0,Omission,ADHD
831,Non-Target,No,0,None,ADHD
832,Non-Target,Yes,996,Commission,ADHD
833,Target,Yes,799,None,ADHD
834,Target,No,0,Omission,ADHD
835,Non-Target,No,0,None,ADHD
836,Non-Target,No,0,None,ADHD
837,Non-Target,No,0,None,ADHD
838,Non-Target,No,0,None,ADHD
839,Non-Target,No,0,None,ADHD
840,Non-Target,No,0,None,ADHD
841,Non-Target,No,0,None,ADHD
842,Target,Yes,828,None,ADHD
843,Non-Target,No,0,None,ADHD
844,Non-Target,No,0,None,ADHD
845,Target,No,0,Omission,ADHD
846,Non-Target,No,0,None,ADHD
847,Non-Target,No,0,None,ADHD
848,Non-Target,No,0,None,ADHD
849,Target,No,0,Omission,ADHD
850,Target,Yes,619,None,ADHD
851,Non-Target,No,0,None,ADHD
852,Target,No,0,Omission,ADHD
853,Non-Target,No,0,None,ADHD
854,Non-Target,No,0,None,ADHD
855,Target,No,0,Omission,ADHD
856,Non-Target,Yes,706,Commission,ADHD
857,Non-Target,No,0,None,ADHD
858,Non-Target,No,0,None,ADHD
859,Target,Yes,761,None,ADHD
860,Non-Target,No,0,None,ADHD
861,Non-Target,No,0,None,ADHD
862,Non-Target,No,0,None,ADHD
863,Non-Target,No,0,None,ADHD
864,Target,Yes,719,None,ADHD
865,Non-Target,No,0,None,ADHD
866,Non-Target,No,0,None,ADHD
867,Non-Target,No,0,None,ADHD
868,Non-Target,No,0,None,ADHD
869,Non-Target,No,0,None,ADHD
870,Non-Target,No,0,None,ADHD
871,Non-Target,No,0,None,ADHD
872,Non-Target,No,0,None,ADHD
873,Non-Target,No,0,None,ADHD
874,Non-Target,No,0,None,ADHD
875,Non-Target,Yes,796,Commission,ADHD
876,Target,Yes,985,None,ADHD
877,Non-Target,Yes,711,Commission,ADHD
878,Non-Target,No,0,None,ADHD
879,Non-Target,No,0,None,ADHD
880,Target,Yes,720,None,ADHD
881,Non-Target,No,0,None,ADHD
882,Target,No,0,Omission,ADHD
883,Non-Target,No,0,None,ADHD
884,Target,Yes,687,None,ADHD
885,Target,Yes,783,None,ADHD
886,Non-Target,No,0,None,ADHD
887,Non-Target,No,0,None,ADHD
888,Non-Target,No,0,None,ADHD
889,Target,Yes,686,None,ADHD
890,Target,Yes,849,None,ADHD
891,Target,No,0,Omission,ADHD
892,Target,Yes,798,None,ADHD
893,Non-Target,No,0,None,ADHD
894,Non-Target,No,0,None,ADHD
895,Target,Yes,742,None,ADHD
896,Non-Target,No,0,None,ADHD
897,Non-Target,No,0,None,ADHD
898,Non-Target,No,0,None,ADHD
899,Target,Yes,710,None,ADHD
900,Non-Target,No,0,None,ADHD
901,Non-Target,No,0,None,ADHD
902,Non-Target,Yes,779,Commission,ADHD
903,Non-Target,Yes,895,Commission,ADHD
904,Non-Target,No,0,None,ADHD
905,Non-Target,No,0,None,ADHD
906,Non-Target,No,0,None,ADHD
907,Target,No,0,Omission,ADHD
908,Non-Target,No,0,None,ADHD
909,Non-Target,No,0,None,ADHD
910,Target,Yes,702,None,ADHD
911,Target,No,0,Omission,ADHD
912,Non-Target,No,0,None,ADHD
913,Target,No,0,Omission,ADHD
914,Non-Target,No,0,None,ADHD
915,Non-Target,No,0,None,ADHD
916,Target,Yes,867,None,ADHD
917,Target,No,0,Omission,ADHD
918,Target,Yes,805,None,ADHD
919,Non-Target,No,0,None,ADHD
920,Non-Target,No,0,None,ADHD
921,Target,Yes,823,None,ADHD
922,Non-Target,Yes,962,Commission,ADHD
923,Non-Target,No,0,None,ADHD
924,Non-Target,No,0,None,ADHD
925,Non-Target,Yes,774,Commission,ADHD
926,Target,Yes,798,None,ADHD
927,Non-Target,No,0,None,ADHD
928,Non-Target,No,0,None,ADHD
929,Target,Yes,819,None,ADHD
930,Non-Target,No,0,None,ADHD
931,Non-Target,No,0,None,ADHD
932,Non-Target,No,0,None,ADHD
933,Non-Target,No,0,None,ADHD
934,Non-Target,No,0,None,ADHD
935,Non-Target,No,0,None,ADHD
936,Non-Target,No,0,None,ADHD
937,Non-Target,No,0,None,ADHD
938,Target,Yes,747,None,ADHD
939,Non-Target,No,0,None,ADHD
940,Non-Target,No,0,None,ADHD
941,Non-Target,No,0,None,ADHD
942,Non-Target,No,0,None,ADHD
943,Target,Yes,785,None,ADHD
944,Target,Yes,740,None,ADHD
945,Target,Yes,866,None,ADHD
946,Target,Yes,945,None,ADHD
947,Non-Target,No,0,None,ADHD
948,Non-Target,No,0,None,ADHD
949,Non-Target,Yes,616,Commission,ADHD
950,Target,Yes,703,None,ADHD
951,Non-Target,Yes,705,Commission,ADHD
952,Non-Target,No,0,None,ADHD
953,Target,Yes,617,None,ADHD
954,Non-Target,No,0,None,ADHD
955,Non-Target,No,0,None,ADHD
956,Non-Target,No,0,None,ADHD
957,Non-Target,No,0,None,ADHD
958,Target,Yes,772,None,ADHD
959,Non-Target,No,0,None,ADHD
960,Non-Target,No,0,None,ADHD
961,Non-Target,No,0,None,ADHD
962,Non-Target,No,0,None,ADHD
963,Non-Target,No,0,None,ADHD
964,Target,Yes,684,None,ADHD
965,Non-Target,No,0,None,ADHD
966,Non-Target,No,0,None,ADHD
967,Non-Target,No,0,None,ADHD
968,Non-Target,No,0,None,ADHD
969,Non-Target,No,0,None,ADHD
970,Non-Target,Yes,771,Commission,ADHD
971,Non-Target,No,0,None,ADHD
972,Non-Target,Yes,1023,Commission,ADHD
973,Non-Target,Yes,828,Commission,ADHD
974,Non-Target,No,0,None,ADHD
975,Target,Yes,925,None,ADHD
976,Non-Target,No,0,None,ADHD
977,Target,Yes,747,None,ADHD
978,Target,Yes,649,None,ADHD
979,Non-Target,No,0,None,ADHD
980,Non-Target,No,0,None,ADHD
981,Non-Target,No,0,None,ADHD
982,Non-Target,No,0,None,ADHD
983,Target,Yes,688,None,ADHD
984,Target,Yes,898,None,ADHD
985,Non-Target,No,0,None,ADHD
986,Non-Target,No,0,None,ADHD
987,Target,Yes,698,None,ADHD
988,Target,Yes,716,None,ADHD
989,Non-Target,No,0,None,ADHD
990,Non-Target,No,0,None,ADHD
991,Non-Target,No,0,None,ADHD
992,Non-Target,No,0,None,ADHD
993,Target,No,0,Omission,ADHD
994,Non-Target,Yes,762,Commission,ADHD
995,Non-Target,No,0,None,ADHD
996,Non-Target,No,0,None,ADHD
997,Target,Yes,619,None,ADHD
998,Non-Target,No,0,None,ADHD
999,Non-Target,No,0,None,ADHD
1000,Non-Target,No,0,None,ADHD
1001,Target,No,0,Omission,ADHD
1002,Target,Yes,882,None,ADHD
1003,Target,Yes,801,None,ADHD
1004,Non-Target,No,0,None,ADHD
1005,Non-Target,Yes,918,Commission,ADHD
1006,Target,Yes,806,None,ADHD
1007,Non-Target,No,0,None,ADHD
1008,Target,Yes,682,None,ADHD
1009,Non-Target,No,0,None,ADHD
1010,Non-Target,No,0,None,ADHD
1011,Target,Yes,796,None,ADHD
1012,Non-Target,No,0,None,ADHD
1013,Non-Target,No,0,None,ADHD
1014,Non-Target,Yes,762,Commission,ADHD
1015,Non-Target,Yes,955,Commission,ADHD
1016,Target,Yes,739,None,ADHD
1017,Non-Target,No,0,None,ADHD
1018,Non-Target,No,0,None,ADHD
1019,Non-Target,No,0,None,ADHD
1020,Target,Yes,728,None,ADHD
1021,Non-Target,No,0,None,ADHD
1022,Non-Target,No,0,None,ADHD
1023,Target,Yes,864,None,ADHD
1024,Non-Target,No,0,None,ADHD
1025,Non-Target,No,0,None,ADHD
1026,Target,Yes,825,None,ADHD
1027,Target,Yes,819,None,ADHD
1028,Target,Yes,820,None,ADHD
1029,Non-Target,No,0,None,ADHD
1030,Target,Yes,750,None,ADHD
1031,Target,No,0,Omission,ADHD
1032,Non-Target,Yes,669,Commission,ADHD
1033,Target,Yes,769,None,ADHD
1034,Target,No,0,Omission,ADHD
1035,Non-Target,No,0,None,ADHD
1036,Non-Target,No,0,None,ADHD
1037,Non-Target,No,0,None,ADHD
1038,Non-Target,No,0,None,ADHD
1039,Non-Target,No,0,None,ADHD
1040,Non-Target,No,0,None,ADHD
1041,Target,Yes,651,None,ADHD
1042,Non-Target,No,0,None,ADHD
1043,Target,Yes,801,None,ADHD
1044,Non-Target,No,0,None,ADHD
1045,Target,Yes,611,None,ADHD
1046,Target,Yes,1052,None,ADHD
1047,Target,Yes,779,None,ADHD
1048,Target,Yes,817,None,ADHD
1049,Non-Target,No,0,None,ADHD
1050,Target,Yes,630,None,ADHD
1051,Non-Target,No,0,None,ADHD
1052,Target,No,0,Omission,ADHD
1053,Target,Yes,914,None,ADHD
1054,Non-Target,No,0,None,ADHD
1055,Target,No,0,Omission,ADHD
1056,Target,No,0,Omission,ADHD
1057,Target,Yes,826,None,ADHD
1058,Target,Yes,762,None,ADHD
1059,Non-Target,No,0,None,ADHD
1060,Target,Yes,720,None,ADHD
1061,Non-Target,Yes,771,Commission,ADHD
1062,Non-Target,No,0,None,ADHD
1063,Non-Target,No,0,None,ADHD
1064,Non-Target,No,0,None,ADHD
1065,Target,Yes,797,None,ADHD
1066,Target,Yes,589,None,ADHD
1067,Non-Target,No,0,None,ADHD
1068,Non-Target,No,0,None,ADHD
1069,Target,Yes,785,None,ADHD
1070,Target,Yes,946,None,ADHD
1071,Non-Target,No,0,None,ADHD
1072,Non-Target,No,0,None,ADHD
1073,Non-Target,No,0,None,ADHD
1074,Non-Target,No,0,None,ADHD
1075,Non-Target,No,0,None,ADHD
1076,Non-Target,Yes,765,Commission,ADHD
1077,Non-Target,No,0,None,ADHD
1078,Non-Target,Yes,683,Commission,ADHD
1079,Non-Target,No,0,None,ADHD
1080,Target,Yes,483,None,ADHD
1081,Target,Yes,667,None,ADHD
1082,Non-Target,No,0,None,ADHD
1083,Target,Yes,773,None,ADHD
1084,Non-Target,No,0,None,ADHD
1085,Non-Target,No,0,None,ADHD
1086,Non-Target,No,0,None,ADHD
1087,Non-Target,Yes,723,Commission,ADHD
1088,Target,Yes,795,None,ADHD
1089,Non-Target,No,0,None,ADHD
1090,Target,No,0,Omission,ADHD
1091,Non-Target,No,0,None,ADHD
1092,Non-Target,No,0,None,ADHD
1093,Target,Yes,729,None,ADHD
1094,Non-Target,No,0,None,ADHD
1095,Target,No,0,Omission,ADHD
1096,Target,Yes,752,None,ADHD
1097,Non-Target,Yes,672,Commission,ADHD
1098,Non-Target,No,0,None,ADHD
1099,Target,No,0,Omission,ADHD
1100,Target,Yes,759,None,ADHD
1101,Non-Target,Yes,741,Commission,ADHD
1102,Non-Target,No,0,None,ADHD
1103,Non-Target,No,0,None,ADHD
1104,Non-Target,No,0,None,ADHD
1105,Non-Target,No,0,None,ADHD
1106,Target,Yes,739,None,ADHD
1107,Non-Target,No,0,None,ADHD
1108,Non-Target,No,0,None,ADHD
1109,Target,No,0,Omission,ADHD
1110,Non-Target,No,0,None,ADHD
1111,Non-Target,No,0,None,ADHD
1112,Non-Target,No,0,None,ADHD
1113,Non-Target,No,0,None,ADHD
1114,Non-Target,No,0,None,ADHD
1115,Target,Yes,816,None,ADHD
1116,Non-Target,No,0,None,ADHD
1117,Non-Target,No,0,None,ADHD
1118,Non-Target,Yes,607,Commission,ADHD
1119,Non-Target,No,0,None,ADHD
1120,Non-Target,No,0,None,ADHD
1121,Target,Yes,692,None,ADHD
1122,Non-Target,No,0,None,ADHD
1123,Target,Yes,720,None,ADHD
1124,Non-Target,No,0,None,ADHD
1125,Non-Target,No,0,None,ADHD
1126,Non-Target,No,0,None,ADHD
1127,Non-Target,Yes,709,Commission,ADHD
1128,Target,Yes,716,None,ADHD
1129,Non-Target,No,0,None,ADHD
1130,Target,Yes,867,None,ADHD
1131,Non-Target,Yes,963,Commission,ADHD
1132,Non-Target,No,0,None,ADHD
1133,Non-Target,No,0,None,ADHD
1134,Target,No,0,Omission,ADHD
1135,Non-Target,No,0,None,ADHD
1136,Target,Yes,792,None,ADHD
1137,Non-Target,No,0,None,ADHD
1138,Non-Target,No,0,None,ADHD
1139,Target,Yes,692,None,ADHD
1140,Non-Target,No,0,None,ADHD
1141,Non-Target,No,0,None,ADHD
1142,Target,Yes,705,None,ADHD
1143,Non-Target,No,0,None,ADHD
1144,Target,No,0,Omission,ADHD
1145,Non-Target,Yes,825,Commission,ADHD
1146,Non-Target,No,0,None,ADHD
1147,Non-Target,No,0,None,ADHD
1148,Non-Target,No,0,None,ADHD
1149,Non-Target,No,0,None,ADHD
1150,Target,Yes,786,None,ADHD
1151,Target,No,0,Omission,ADHD
1152,Non-Target,No,0,None,ADHD
1153,Non-Target,No,0,None,ADHD
1154,Non-Target,No,0,None,ADHD
1155,Non-Target,No,0,None,ADHD
1156,Target,Yes,632,None,ADHD
1157,Non-Target,No,0,None,ADHD
1158,Target,Yes,635,None,ADHD
1159,Target,Yes,914,None,ADHD
1160,Non-Target,No,0,None,ADHD
1161,Non-Target,No,0,None,ADHD
1162,Non-Target,No,0,None,ADHD
1163,Non-Target,No,0,None,ADHD
1164,Target,Yes,960,None,ADHD
1165,Non-Target,No,0,None,ADHD
1166,Target,Yes,649,None,ADHD
1167,Non-Target,No,0,None,ADHD
1168,Non-Target,No,0,None,ADHD
1169,Target,Yes,899,None,ADHD
1170,Target,No,0,Omission,ADHD
1171,Target,Yes,835,None,ADHD
1172,Non-Target,No,0,None,ADHD
1173,Non-Target,No,0,None,ADHD
1174,Non-Target,No,0,None,ADHD
1175,Target,Yes,744,None,ADHD
1176,Non-Target,No,0,None,ADHD
1177,Non-Target,No,0,None,ADHD
1178,Non-Target,No,0,None,ADHD
1179,Non-Target,No,0,None,ADHD
1180,Target,Yes,880,None,ADHD
1181,Non-Target,No,0,None,ADHD
1182,Non-Target,No,0,None,ADHD
1183,Non-Target,No,0,None,ADHD
1184,Non-Target,No,0,None,ADHD
1185,Non-Target,No,0,None,ADHD
1186,Non-Target,Yes,608,Commission,ADHD
1187,Non-Target,No,0,None,ADHD
1188,Target,Yes,794,None,ADHD
1189,Target,Yes,771,None,ADHD
1190,Non-Target,No,0,None,ADHD
1191,Non-Target,Yes,794,Commission,ADHD
1192,Non-Target,No,0,None,ADHD
1193,Non-Target,Yes,928,Commission,ADHD
1194,Non-Target,No,0,None,ADHD
1195,Non-Target,Yes,798,Commission,ADHD
1196,Non-Target,No,0,None,ADHD
1197,Non-Target,No,0,None,ADHD
1198,Target,Yes,676,None,ADHD
1199,Non-Target,No,0,None,ADHD
1200,Non-Target,No,0,None,ADHD
