Trial,StimulusType,Reaction,ReactionTime(ms),ErrorType,Label
1,Non-Target,No,0,None,ADHD
2,Non-Target,No,0,None,ADHD
3,Non-Target,No,0,None,ADHD
4,Non-Target,Yes,887,Commission,ADHD
5,Non-Target,No,0,None,ADHD
6,Non-Target,No,0,None,ADHD
7,Target,Yes,493,None,ADHD
8,Non-Target,Yes,493,Commission,ADHD
9,Non-Target,No,0,None,ADHD
10,Non-Target,No,0,None,ADHD
11,Non-Target,No,0,None,ADHD
12,Non-Target,No,0,None,ADHD
13,Non-Target,No,0,None,ADHD
14,Non-Target,No,0,None,ADHD
15,Non-Target,No,0,None,ADHD
16,Non-Target,No,0,None,ADHD
17,Target,Yes,750,None,ADHD
18,Non-Target,No,0,None,ADHD
19,Non-Target,Yes,955,Commission,ADHD
20,Non-Target,No,0,None,ADHD
21,Non-Target,No,0,None,ADHD
22,Target,Yes,781,None,ADHD
23,Non-Target,No,0,None,ADHD
24,Target,No,0,Omission,ADHD
25,Target,Yes,895,None,ADHD
26,Non-Target,No,0,None,ADHD
27,Target,Yes,1009,None,ADHD
28,Non-Target,No,0,None,ADHD
29,Target,Yes,775,None,ADHD
30,Non-Target,Yes,534,Commission,ADHD
31,Target,Yes,1055,None,ADHD
32,Non-Target,No,0,None,ADHD
33,Target,Yes,866,None,ADHD
34,Target,No,0,Omission,ADHD
35,Target,Yes,934,None,ADHD
36,Non-Target,No,0,None,ADHD
37,Non-Target,No,0,None,ADHD
38,Non-Target,No,0,None,ADHD
39,Non-Target,No,0,None,ADHD
40,Target,Yes,601,None,ADHD
41,Non-Target,No,0,None,ADHD
42,Non-Target,No,0,None,ADHD
43,Non-Target,No,0,None,ADHD
44,Non-Target,No,0,None,ADHD
45,Non-Target,Yes,728,Commission,ADHD
46,Non-Target,No,0,None,ADHD
47,Non-Target,No,0,None,ADHD
48,Non-Target,No,0,None,ADHD
49,Target,Yes,608,None,ADHD
50,Non-Target,No,0,None,ADHD
51,Non-Target,No,0,None,ADHD
52,Non-Target,No,0,None,ADHD
53,Non-Target,No,0,None,ADHD
54,Non-Target,No,0,None,ADHD
55,Non-Target,No,0,None,ADHD
56,Non-Target,No,0,None,ADHD
57,Non-Target,Yes,562,Commission,ADHD
58,Target,Yes,658,None,ADHD
59,Target,No,0,Omission,ADHD
60,Non-Target,No,0,None,ADHD
61,Target,Yes,517,None,ADHD
62,Non-Target,No,0,None,ADHD
63,Non-Target,No,0,None,ADHD
64,Non-Target,No,0,None,ADHD
65,Non-Target,No,0,None,ADHD
66,Non-Target,No,0,None,ADHD
67,Non-Target,No,0,None,ADHD
68,Non-Target,No,0,None,ADHD
69,Non-Target,No,0,None,ADHD
70,Non-Target,No,0,None,ADHD
71,Non-Target,No,0,None,ADHD
72,Non-Target,Yes,716,Commission,ADHD
73,Non-Target,No,0,None,ADHD
74,Non-Target,No,0,None,ADHD
75,Non-Target,No,0,None,ADHD
76,Non-Target,No,0,None,ADHD
77,Non-Target,No,0,None,ADHD
78,Target,Yes,859,None,ADHD
79,Non-Target,Yes,885,Commission,ADHD
80,Non-Target,No,0,None,ADHD
81,Target,Yes,751,None,ADHD
82,Non-Target,No,0,None,ADHD
83,Non-Target,No,0,None,ADHD
84,Non-Target,No,0,None,ADHD
85,Non-Target,No,0,None,ADHD
86,Non-Target,No,0,None,ADHD
87,Target,Yes,459,None,ADHD
88,Non-Target,Yes,550,Commission,ADHD
89,Non-Target,No,0,None,ADHD
90,Non-Target,No,0,None,ADHD
91,Non-Target,No,0,None,ADHD
92,Non-Target,No,0,None,ADHD
93,Non-Target,No,0,None,ADHD
94,Non-Target,No,0,None,ADHD
95,Non-Target,No,0,None,ADHD
96,Non-Target,No,0,None,ADHD
97,Non-Target,No,0,None,ADHD
98,Non-Target,Yes,970,Commission,ADHD
99,Non-Target,No,0,None,ADHD
100,Non-Target,No,0,None,ADHD
101,Non-Target,No,0,None,ADHD
102,Target,No,0,Omission,ADHD
103,Non-Target,No,0,None,ADHD
104,Target,No,0,Omission,ADHD
105,Non-Target,No,0,None,ADHD
106,Target,Yes,495,None,ADHD
107,Non-Target,No,0,None,ADHD
108,Target,Yes,981,None,ADHD
109,Non-Target,No,0,None,ADHD
110,Target,Yes,790,None,ADHD
111,Non-Target,No,0,None,ADHD
112,Non-Target,No,0,None,ADHD
113,Non-Target,No,0,None,ADHD
114,Non-Target,No,0,None,ADHD
115,Non-Target,No,0,None,ADHD
116,Non-Target,Yes,814,Commission,ADHD
117,Non-Target,Yes,992,Commission,ADHD
118,Non-Target,No,0,None,ADHD
119,Non-Target,No,0,None,ADHD
120,Non-Target,No,0,None,ADHD
121,Non-Target,No,0,None,ADHD
122,Target,Yes,812,None,ADHD
123,Target,No,0,Omission,ADHD
124,Non-Target,No,0,None,ADHD
125,Non-Target,Yes,929,Commission,ADHD
126,Non-Target,No,0,None,ADHD
127,Target,Yes,714,None,ADHD
128,Non-Target,No,0,None,ADHD
129,Non-Target,Yes,895,Commission,ADHD
130,Non-Target,No,0,None,ADHD
131,Non-Target,No,0,None,ADHD
132,Non-Target,No,0,None,ADHD
133,Non-Target,No,0,None,ADHD
134,Target,Yes,736,None,ADHD
135,Non-Target,No,0,None,ADHD
136,Non-Target,No,0,None,ADHD
137,Non-Target,No,0,None,ADHD
138,Non-Target,No,0,None,ADHD
139,Target,No,0,Omission,ADHD
140,Non-Target,No,0,None,ADHD
141,Non-Target,No,0,None,ADHD
142,Non-Target,No,0,None,ADHD
143,Non-Target,No,0,None,ADHD
144,Target,Yes,887,None,ADHD
145,Target,Yes,541,None,ADHD
146,Non-Target,No,0,None,ADHD
147,Non-Target,No,0,None,ADHD
148,Target,Yes,921,None,ADHD
149,Non-Target,Yes,799,Commission,ADHD
150,Non-Target,No,0,None,ADHD
151,Target,Yes,876,None,ADHD
152,Non-Target,No,0,None,ADHD
153,Non-Target,No,0,None,ADHD
154,Non-Target,Yes,636,Commission,ADHD
155,Non-Target,Yes,558,Commission,ADHD
156,Non-Target,No,0,None,ADHD
157,Non-Target,No,0,None,ADHD
158,Target,No,0,Omission,ADHD
159,Non-Target,No,0,None,ADHD
160,Target,No,0,Omission,ADHD
161,Non-Target,Yes,585,Commission,ADHD
162,Non-Target,No,0,None,ADHD
163,Non-Target,No,0,None,ADHD
164,Non-Target,No,0,None,ADHD
165,Non-Target,No,0,None,ADHD
166,Non-Target,Yes,722,Commission,ADHD
167,Target,Yes,666,None,ADHD
168,Target,Yes,842,None,ADHD
169,Non-Target,No,0,None,ADHD
170,Non-Target,No,0,None,ADHD
171,Non-Target,No,0,None,ADHD
172,Non-Target,No,0,None,ADHD
173,Non-Target,No,0,None,ADHD
174,Non-Target,No,0,None,ADHD
175,Non-Target,No,0,None,ADHD
176,Non-Target,No,0,None,ADHD
177,Non-Target,No,0,None,ADHD
178,Target,Yes,973,None,ADHD
179,Non-Target,No,0,None,ADHD
180,Non-Target,No,0,None,ADHD
181,Non-Target,No,0,None,ADHD
182,Non-Target,No,0,None,ADHD
183,Non-Target,No,0,None,ADHD
184,Non-Target,No,0,None,ADHD
185,Non-Target,No,0,None,ADHD
186,Non-Target,Yes,776,Commission,ADHD
187,Non-Target,No,0,None,ADHD
188,Target,Yes,867,None,ADHD
189,Non-Target,No,0,None,ADHD
190,Target,Yes,601,None,ADHD
191,Target,No,0,Omission,ADHD
192,Non-Target,No,0,None,ADHD
193,Non-Target,Yes,619,Commission,ADHD
194,Target,Yes,724,None,ADHD
195,Non-Target,No,0,None,ADHD
196,Non-Target,No,0,None,ADHD
197,Non-Target,Yes,901,Commission,ADHD
198,Non-Target,No,0,None,ADHD
199,Non-Target,No,0,None,ADHD
200,Non-Target,Yes,764,Commission,ADHD
201,Non-Target,No,0,None,ADHD
202,Target,Yes,655,None,ADHD
203,Non-Target,No,0,None,ADHD
204,Non-Target,No,0,None,ADHD
205,Non-Target,No,0,None,ADHD
206,Target,Yes,737,None,ADHD
207,Target,Yes,789,None,ADHD
208,Non-Target,No,0,None,ADHD
209,Target,Yes,622,None,ADHD
210,Target,Yes,731,None,ADHD
211,Target,No,0,Omission,ADHD
212,Non-Target,No,0,None,ADHD
213,Non-Target,No,0,None,ADHD
214,Non-Target,No,0,None,ADHD
215,Target,Yes,914,None,ADHD
216,Target,Yes,623,None,ADHD
217,Target,Yes,752,None,ADHD
218,Target,Yes,966,None,ADHD
219,Non-Target,No,0,None,ADHD
220,Target,Yes,765,None,ADHD
221,Non-Target,No,0,None,ADHD
222,Non-Target,No,0,None,ADHD
223,Target,Yes,774,None,ADHD
224,Target,Yes,942,None,ADHD
225,Non-Target,No,0,None,ADHD
226,Target,Yes,888,None,ADHD
227,Non-Target,No,0,None,ADHD
228,Non-Target,No,0,None,ADHD
229,Non-Target,Yes,731,Commission,ADHD
230,Non-Target,No,0,None,ADHD
231,Non-Target,Yes,516,Commission,ADHD
232,Non-Target,No,0,None,ADHD
233,Non-Target,No,0,None,ADHD
234,Target,Yes,701,None,ADHD
235,Non-Target,No,0,None,ADHD
236,Non-Target,No,0,None,ADHD
237,Target,Yes,733,None,ADHD
238,Target,Yes,702,None,ADHD
239,Non-Target,No,0,None,ADHD
240,Non-Target,No,0,None,ADHD
241,Non-Target,No,0,None,ADHD
242,Non-Target,Yes,565,Commission,ADHD
243,Non-Target,No,0,None,ADHD
244,Non-Target,No,0,None,ADHD
245,Non-Target,Yes,776,Commission,ADHD
246,Non-Target,No,0,None,ADHD
247,Non-Target,No,0,None,ADHD
248,Target,No,0,Omission,ADHD
249,Non-Target,No,0,None,ADHD
250,Target,Yes,910,None,ADHD
251,Target,Yes,703,None,ADHD
252,Non-Target,No,0,None,ADHD
253,Non-Target,Yes,886,Commission,ADHD
254,Non-Target,No,0,None,ADHD
255,Non-Target,No,0,None,ADHD
256,Non-Target,No,0,None,ADHD
257,Non-Target,Yes,548,Commission,ADHD
258,Target,Yes,707,None,ADHD
259,Target,Yes,678,None,ADHD
260,Non-Target,No,0,None,ADHD
261,Non-Target,No,0,None,ADHD
262,Non-Target,No,0,None,ADHD
263,Target,Yes,533,None,ADHD
264,Non-Target,No,0,None,ADHD
265,Non-Target,No,0,None,ADHD
266,Target,No,0,Omission,ADHD
267,Target,Yes,650,None,ADHD
268,Non-Target,No,0,None,ADHD
269,Non-Target,No,0,None,ADHD
270,Target,Yes,683,None,ADHD
271,Non-Target,Yes,803,Commission,ADHD
272,Target,Yes,667,None,ADHD
273,Target,Yes,932,None,ADHD
274,Non-Target,Yes,765,Commission,ADHD
275,Non-Target,Yes,665,Commission,ADHD
276,Target,Yes,746,None,ADHD
277,Target,Yes,743,None,ADHD
278,Non-Target,No,0,None,ADHD
279,Non-Target,No,0,None,ADHD
280,Target,Yes,713,None,ADHD
281,Target,Yes,659,None,ADHD
282,Target,No,0,Omission,ADHD
283,Target,Yes,703,None,ADHD
284,Non-Target,No,0,None,ADHD
285,Non-Target,No,0,None,ADHD
286,Non-Target,Yes,759,Commission,ADHD
287,Non-Target,No,0,None,ADHD
288,Non-Target,No,0,None,ADHD
289,Non-Target,Yes,712,Commission,ADHD
290,Target,No,0,Omission,ADHD
291,Non-Target,No,0,None,ADHD
292,Non-Target,No,0,None,ADHD
293,Target,Yes,985,None,ADHD
294,Non-Target,Yes,813,Commission,ADHD
295,Target,Yes,657,None,ADHD
296,Target,Yes,702,None,ADHD
297,Target,Yes,610,None,ADHD
298,Non-Target,No,0,None,ADHD
299,Target,Yes,661,None,ADHD
300,Non-Target,No,0,None,ADHD
301,Non-Target,No,0,None,ADHD
302,Non-Target,No,0,None,ADHD
303,Target,Yes,856,None,ADHD
304,Non-Target,No,0,None,ADHD
305,Non-Target,Yes,328,Commission,ADHD
306,Non-Target,No,0,None,ADHD
307,Non-Target,Yes,832,Commission,ADHD
308,Target,Yes,524,None,ADHD
309,Target,No,0,Omission,ADHD
310,Non-Target,No,0,None,ADHD
311,Non-Target,Yes,568,Commission,ADHD
312,Non-Target,No,0,None,ADHD
313,Target,Yes,890,None,ADHD
314,Non-Target,No,0,None,ADHD
315,Target,Yes,714,None,ADHD
316,Non-Target,No,0,None,ADHD
317,Non-Target,No,0,None,ADHD
318,Non-Target,No,0,None,ADHD
319,Non-Target,No,0,None,ADHD
320,Non-Target,Yes,643,Commission,ADHD
321,Target,Yes,858,None,ADHD
322,Non-Target,No,0,None,ADHD
323,Non-Target,No,0,None,ADHD
324,Non-Target,No,0,None,ADHD
325,Non-Target,No,0,None,ADHD
326,Non-Target,No,0,None,ADHD
327,Non-Target,No,0,None,ADHD
328,Non-Target,No,0,None,ADHD
329,Non-Target,No,0,None,ADHD
330,Target,No,0,Omission,ADHD
331,Non-Target,No,0,None,ADHD
332,Target,No,0,Omission,ADHD
333,Non-Target,No,0,None,ADHD
334,Target,No,0,Omission,ADHD
335,Non-Target,No,0,None,ADHD
336,Non-Target,Yes,686,Commission,ADHD
337,Non-Target,No,0,None,ADHD
338,Non-Target,No,0,None,ADHD
339,Non-Target,No,0,None,ADHD
340,Target,Yes,738,None,ADHD
341,Non-Target,No,0,None,ADHD
342,Non-Target,No,0,None,ADHD
343,Non-Target,No,0,None,ADHD
344,Non-Target,No,0,None,ADHD
345,Non-Target,No,0,None,ADHD
346,Non-Target,No,0,None,ADHD
347,Non-Target,No,0,None,ADHD
348,Target,Yes,934,None,ADHD
349,Target,Yes,1051,None,ADHD
350,Target,Yes,844,None,ADHD
351,Target,Yes,1014,None,ADHD
352,Non-Target,No,0,None,ADHD
353,Target,Yes,900,None,ADHD
354,Non-Target,No,0,None,ADHD
355,Non-Target,No,0,None,ADHD
356,Non-Target,No,0,None,ADHD
357,Non-Target,No,0,None,ADHD
358,Non-Target,Yes,662,Commission,ADHD
359,Target,No,0,Omission,ADHD
360,Non-Target,No,0,None,ADHD
361,Non-Target,No,0,None,ADHD
362,Target,Yes,623,None,ADHD
363,Target,Yes,754,None,ADHD
364,Non-Target,No,0,None,ADHD
365,Non-Target,No,0,None,ADHD
366,Target,Yes,716,None,ADHD
367,Target,Yes,768,None,ADHD
368,Target,Yes,881,None,ADHD
369,Non-Target,No,0,None,ADHD
370,Non-Target,No,0,None,ADHD
371,Target,No,0,Omission,ADHD
372,Target,Yes,821,None,ADHD
373,Target,Yes,518,None,ADHD
374,Non-Target,No,0,None,ADHD
375,Non-Target,No,0,None,ADHD
376,Target,No,0,Omission,ADHD
377,Non-Target,No,0,None,ADHD
378,Non-Target,No,0,None,ADHD
379,Non-Target,Yes,688,Commission,ADHD
380,Non-Target,No,0,None,ADHD
381,Target,Yes,832,None,ADHD
382,Non-Target,No,0,None,ADHD
383,Target,Yes,639,None,ADHD
384,Non-Target,No,0,None,ADHD
385,Non-Target,No,0,None,ADHD
386,Target,Yes,904,None,ADHD
387,Non-Target,No,0,None,ADHD
388,Target,Yes,670,None,ADHD
389,Non-Target,No,0,None,ADHD
390,Target,No,0,Omission,ADHD
391,Non-Target,Yes,558,Commission,ADHD
392,Non-Target,No,0,None,ADHD
393,Target,Yes,672,None,ADHD
394,Non-Target,No,0,None,ADHD
395,Non-Target,Yes,720,Commission,ADHD
396,Non-Target,No,0,None,ADHD
397,Target,Yes,512,None,ADHD
398,Non-Target,No,0,None,ADHD
399,Non-Target,No,0,None,ADHD
400,Non-Target,No,0,None,ADHD
401,Non-Target,No,0,None,ADHD
402,Non-Target,No,0,None,ADHD
403,Non-Target,Yes,698,Commission,ADHD
404,Non-Target,No,0,None,ADHD
405,Non-Target,No,0,None,ADHD
406,Non-Target,No,0,None,ADHD
407,Non-Target,No,0,None,ADHD
408,Non-Target,No,0,None,ADHD
409,Non-Target,No,0,None,ADHD
410,Non-Target,Yes,873,Commission,ADHD
411,Non-Target,No,0,None,ADHD
412,Non-Target,Yes,668,Commission,ADHD
413,Non-Target,No,0,None,ADHD
414,Non-Target,No,0,None,ADHD
415,Target,No,0,Omission,ADHD
416,Target,No,0,Omission,ADHD
417,Non-Target,No,0,None,ADHD
418,Non-Target,No,0,None,ADHD
419,Target,Yes,644,None,ADHD
420,Non-Target,Yes,599,Commission,ADHD
421,Target,Yes,801,None,ADHD
422,Non-Target,No,0,None,ADHD
423,Non-Target,No,0,None,ADHD
424,Target,Yes,562,None,ADHD
425,Target,Yes,696,None,ADHD
426,Target,No,0,Omission,ADHD
427,Non-Target,No,0,None,ADHD
428,Target,Yes,637,None,ADHD
429,Non-Target,No,0,None,ADHD
430,Non-Target,Yes,657,Commission,ADHD
431,Non-Target,No,0,None,ADHD
432,Non-Target,No,0,None,ADHD
433,Non-Target,No,0,None,ADHD
434,Non-Target,Yes,850,Commission,ADHD
435,Non-Target,No,0,None,ADHD
436,Target,Yes,669,None,ADHD
437,Non-Target,No,0,None,ADHD
438,Non-Target,No,0,None,ADHD
439,Target,Yes,738,None,ADHD
440,Non-Target,No,0,None,ADHD
441,Non-Target,No,0,None,ADHD
442,Non-Target,No,0,None,ADHD
443,Non-Target,Yes,758,Commission,ADHD
444,Non-Target,No,0,None,ADHD
445,Non-Target,No,0,None,ADHD
446,Non-Target,Yes,800,Commission,ADHD
447,Target,Yes,481,None,ADHD
448,Non-Target,No,0,None,ADHD
449,Non-Target,No,0,None,ADHD
450,Non-Target,No,0,None,ADHD
451,Non-Target,No,0,None,ADHD
452,Target,Yes,1028,None,ADHD
453,Target,Yes,590,None,ADHD
454,Non-Target,No,0,None,ADHD
455,Non-Target,No,0,None,ADHD
456,Non-Target,No,0,None,ADHD
457,Non-Target,No,0,None,ADHD
458,Target,Yes,850,None,ADHD
459,Non-Target,No,0,None,ADHD
460,Non-Target,No,0,None,ADHD
461,Non-Target,Yes,926,Commission,ADHD
462,Non-Target,No,0,None,ADHD
463,Non-Target,No,0,None,ADHD
464,Non-Target,No,0,None,ADHD
465,Target,No,0,Omission,ADHD
466,Non-Target,Yes,760,Commission,ADHD
467,Non-Target,No,0,None,ADHD
468,Non-Target,Yes,806,Commission,ADHD
469,Non-Target,No,0,None,ADHD
470,Non-Target,No,0,None,ADHD
471,Target,No,0,Omission,ADHD
472,Non-Target,Yes,644,Commission,ADHD
473,Non-Target,No,0,None,ADHD
474,Target,Yes,788,None,ADHD
475,Non-Target,No,0,None,ADHD
476,Non-Target,No,0,None,ADHD
477,Target,Yes,652,None,ADHD
478,Non-Target,No,0,None,ADHD
479,Non-Target,No,0,None,ADHD
480,Non-Target,No,0,None,ADHD
481,Non-Target,No,0,None,ADHD
482,Non-Target,No,0,None,ADHD
483,Target,Yes,979,None,ADHD
484,Non-Target,No,0,None,ADHD
485,Target,Yes,755,None,ADHD
486,Non-Target,Yes,790,Commission,ADHD
487,Non-Target,No,0,None,ADHD
488,Non-Target,No,0,None,ADHD
489,Non-Target,No,0,None,ADHD
490,Non-Target,No,0,None,ADHD
491,Non-Target,No,0,None,ADHD
492,Target,Yes,829,None,ADHD
493,Target,Yes,724,None,ADHD
494,Non-Target,No,0,None,ADHD
495,Non-Target,No,0,None,ADHD
496,Non-Target,No,0,None,ADHD
497,Non-Target,No,0,None,ADHD
498,Non-Target,No,0,None,ADHD
499,Non-Target,No,0,None,ADHD
500,Non-Target,Yes,614,Commission,ADHD
501,Target,No,0,Omission,ADHD
502,Non-Target,Yes,768,Commission,ADHD
503,Non-Target,No,0,None,ADHD
504,Non-Target,Yes,709,Commission,ADHD
505,Non-Target,No,0,None,ADHD
506,Non-Target,No,0,None,ADHD
507,Non-Target,No,0,None,ADHD
508,Target,Yes,849,None,ADHD
509,Non-Target,No,0,None,ADHD
510,Non-Target,No,0,None,ADHD
511,Target,Yes,770,None,ADHD
512,Non-Target,No,0,None,ADHD
513,Non-Target,No,0,None,ADHD
514,Non-Target,No,0,None,ADHD
515,Target,Yes,712,None,ADHD
516,Target,Yes,681,None,ADHD
517,Target,Yes,774,None,ADHD
518,Non-Target,No,0,None,ADHD
519,Target,Yes,655,None,ADHD
520,Non-Target,No,0,None,ADHD
521,Target,No,0,Omission,ADHD
522,Target,No,0,Omission,ADHD
523,Non-Target,Yes,674,Commission,ADHD
524,Non-Target,No,0,None,ADHD
525,Non-Target,No,0,None,ADHD
526,Non-Target,No,0,None,ADHD
527,Target,Yes,611,None,ADHD
528,Non-Target,No,0,None,ADHD
529,Non-Target,No,0,None,ADHD
530,Target,No,0,Omission,ADHD
531,Target,Yes,860,None,ADHD
532,Non-Target,No,0,None,ADHD
533,Non-Target,No,0,None,ADHD
534,Non-Target,No,0,None,ADHD
535,Non-Target,No,0,None,ADHD
536,Non-Target,No,0,None,ADHD
537,Target,No,0,Omission,ADHD
538,Target,Yes,620,None,ADHD
539,Non-Target,No,0,None,ADHD
540,Non-Target,No,0,None,ADHD
541,Target,Yes,724,None,ADHD
542,Non-Target,Yes,622,Commission,ADHD
543,Non-Target,No,0,None,ADHD
544,Target,Yes,1067,None,ADHD
545,Non-Target,No,0,None,ADHD
546,Non-Target,Yes,563,Commission,ADHD
547,Non-Target,Yes,752,Commission,ADHD
548,Target,Yes,696,None,ADHD
549,Target,Yes,490,None,ADHD
550,Non-Target,No,0,None,ADHD
551,Target,Yes,595,None,ADHD
552,Target,No,0,Omission,ADHD
553,Non-Target,No,0,None,ADHD
554,Non-Target,No,0,None,ADHD
555,Non-Target,No,0,None,ADHD
556,Target,Yes,858,None,ADHD
557,Target,Yes,829,None,ADHD
558,Non-Target,No,0,None,ADHD
559,Non-Target,No,0,None,ADHD
560,Non-Target,No,0,None,ADHD
561,Non-Target,No,0,None,ADHD
562,Target,No,0,Omission,ADHD
563,Target,No,0,Omission,ADHD
564,Target,Yes,495,None,ADHD
565,Non-Target,No,0,None,ADHD
566,Non-Target,No,0,None,ADHD
567,Target,Yes,712,None,ADHD
568,Target,Yes,673,None,ADHD
569,Non-Target,No,0,None,ADHD
570,Non-Target,No,0,None,ADHD
571,Non-Target,No,0,None,ADHD
572,Non-Target,Yes,831,Commission,ADHD
573,Target,Yes,641,None,ADHD
574,Non-Target,No,0,None,ADHD
575,Non-Target,No,0,None,ADHD
576,Non-Target,No,0,None,ADHD
577,Non-Target,No,0,None,ADHD
578,Non-Target,No,0,None,ADHD
579,Non-Target,Yes,813,Commission,ADHD
580,Non-Target,No,0,None,ADHD
581,Non-Target,No,0,None,ADHD
582,Non-Target,Yes,766,Commission,ADHD
583,Non-Target,No,0,None,ADHD
584,Non-Target,Yes,845,Commission,ADHD
585,Non-Target,No,0,None,ADHD
586,Target,Yes,665,None,ADHD
587,Non-Target,No,0,None,ADHD
588,Non-Target,No,0,None,ADHD
589,Non-Target,No,0,None,ADHD
590,Target,No,0,Omission,ADHD
591,Non-Target,No,0,None,ADHD
592,Non-Target,No,0,None,ADHD
593,Target,No,0,Omission,ADHD
594,Non-Target,No,0,None,ADHD
595,Target,Yes,750,None,ADHD
596,Non-Target,No,0,None,ADHD
597,Non-Target,No,0,None,ADHD
598,Target,Yes,503,None,ADHD
599,Non-Target,No,0,None,ADHD
600,Non-Target,No,0,None,ADHD
601,Non-Target,Yes,696,Commission,ADHD
602,Non-Target,Yes,786,Commission,ADHD
603,Non-Target,No,0,None,ADHD
604,Target,Yes,775,None,ADHD
605,Non-Target,No,0,None,ADHD
606,Non-Target,No,0,None,ADHD
607,Target,Yes,518,None,ADHD
608,Target,Yes,705,None,ADHD
609,Non-Target,No,0,None,ADHD
610,Target,No,0,Omission,ADHD
611,Non-Target,No,0,None,ADHD
612,Non-Target,No,0,None,ADHD
613,Non-Target,Yes,628,Commission,ADHD
614,Non-Target,No,0,None,ADHD
615,Target,No,0,Omission,ADHD
616,Non-Target,No,0,None,ADHD
617,Non-Target,No,0,None,ADHD
618,Non-Target,Yes,766,Commission,ADHD
619,Non-Target,No,0,None,ADHD
620,Target,Yes,689,None,ADHD
621,Non-Target,No,0,None,ADHD
622,Target,No,0,Omission,ADHD
623,Target,Yes,821,None,ADHD
624,Target,Yes,823,None,ADHD
625,Non-Target,No,0,None,ADHD
626,Non-Target,No,0,None,ADHD
627,Non-Target,No,0,None,ADHD
628,Non-Target,No,0,None,ADHD
629,Non-Target,No,0,None,ADHD
630,Non-Target,No,0,None,ADHD
631,Non-Target,No,0,None,ADHD
632,Non-Target,Yes,869,Commission,ADHD
633,Non-Target,No,0,None,ADHD
634,Non-Target,No,0,None,ADHD
635,Target,Yes,609,None,ADHD
636,Target,Yes,901,None,ADHD
637,Target,Yes,762,None,ADHD
638,Target,No,0,Omission,ADHD
639,Non-Target,No,0,None,ADHD
640,Non-Target,No,0,None,ADHD
641,Target,No,0,Omission,ADHD
642,Target,No,0,Omission,ADHD
643,Non-Target,No,0,None,ADHD
644,Non-Target,No,0,None,ADHD
645,Non-Target,No,0,None,ADHD
646,Non-Target,No,0,None,ADHD
647,Non-Target,Yes,649,Commission,ADHD
648,Non-Target,No,0,None,ADHD
649,Non-Target,No,0,None,ADHD
650,Target,No,0,Omission,ADHD
651,Target,Yes,873,None,ADHD
652,Non-Target,No,0,None,ADHD
653,Non-Target,No,0,None,ADHD
654,Non-Target,No,0,None,ADHD
655,Non-Target,No,0,None,ADHD
656,Non-Target,Yes,629,Commission,ADHD
657,Non-Target,No,0,None,ADHD
658,Non-Target,No,0,None,ADHD
659,Target,Yes,552,None,ADHD
660,Non-Target,Yes,809,Commission,ADHD
661,Target,Yes,713,None,ADHD
662,Non-Target,No,0,None,ADHD
663,Non-Target,No,0,None,ADHD
664,Non-Target,No,0,None,ADHD
665,Non-Target,Yes,1001,Commission,ADHD
666,Non-Target,No,0,None,ADHD
667,Non-Target,No,0,None,ADHD
668,Non-Target,No,0,None,ADHD
669,Target,Yes,732,None,ADHD
670,Non-Target,No,0,None,ADHD
671,Non-Target,No,0,None,ADHD
672,Non-Target,No,0,None,ADHD
673,Non-Target,No,0,None,ADHD
674,Target,No,0,Omission,ADHD
675,Non-Target,Yes,762,Commission,ADHD
676,Non-Target,Yes,782,Commission,ADHD
677,Non-Target,No,0,None,ADHD
678,Non-Target,Yes,668,Commission,ADHD
679,Target,Yes,646,None,ADHD
680,Non-Target,No,0,None,ADHD
681,Non-Target,No,0,None,ADHD
682,Non-Target,Yes,768,Commission,ADHD
683,Target,Yes,778,None,ADHD
684,Non-Target,No,0,None,ADHD
685,Non-Target,No,0,None,ADHD
686,Non-Target,No,0,None,ADHD
687,Target,No,0,Omission,ADHD
688,Non-Target,Yes,615,Commission,ADHD
689,Non-Target,Yes,804,Commission,ADHD
690,Non-Target,No,0,None,ADHD
691,Non-Target,No,0,None,ADHD
692,Non-Target,No,0,None,ADHD
693,Non-Target,Yes,705,Commission,ADHD
694,Non-Target,No,0,None,ADHD
695,Non-Target,No,0,None,ADHD
696,Non-Target,No,0,None,ADHD
697,Non-Target,No,0,None,ADHD
698,Non-Target,Yes,773,Commission,ADHD
699,Non-Target,No,0,None,ADHD
700,Target,Yes,805,None,ADHD
701,Target,Yes,591,None,ADHD
702,Target,Yes,813,None,ADHD
703,Non-Target,No,0,None,ADHD
704,Non-Target,Yes,678,Commission,ADHD
705,Target,No,0,Omission,ADHD
706,Non-Target,No,0,None,ADHD
707,Non-Target,No,0,None,ADHD
708,Non-Target,No,0,None,ADHD
709,Non-Target,No,0,None,ADHD
710,Non-Target,No,0,None,ADHD
711,Non-Target,No,0,None,ADHD
712,Non-Target,No,0,None,ADHD
713,Non-Target,No,0,None,ADHD
714,Non-Target,No,0,None,ADHD
715,Non-Target,No,0,None,ADHD
716,Target,Yes,853,None,ADHD
717,Target,No,0,Omission,ADHD
718,Target,Yes,798,None,ADHD
719,Non-Target,No,0,None,ADHD
720,Target,Yes,933,None,ADHD
721,Non-Target,No,0,None,ADHD
722,Non-Target,Yes,885,Commission,ADHD
723,Non-Target,No,0,None,ADHD
724,Non-Target,Yes,874,Commission,ADHD
725,Target,Yes,864,None,ADHD
726,Non-Target,No,0,None,ADHD
727,Non-Target,No,0,None,ADHD
728,Non-Target,No,0,None,ADHD
729,Target,Yes,625,None,ADHD
730,Target,Yes,746,None,ADHD
731,Non-Target,No,0,None,ADHD
732,Non-Target,No,0,None,ADHD
733,Non-Target,No,0,None,ADHD
734,Non-Target,No,0,None,ADHD
735,Non-Target,No,0,None,ADHD
736,Non-Target,No,0,None,ADHD
737,Target,Yes,900,None,ADHD
738,Non-Target,No,0,None,ADHD
739,Non-Target,No,0,None,ADHD
740,Non-Target,No,0,None,ADHD
741,Target,Yes,726,None,ADHD
742,Non-Target,No,0,None,ADHD
743,Non-Target,No,0,None,ADHD
744,Non-Target,Yes,752,Commission,ADHD
745,Non-Target,No,0,None,ADHD
746,Non-Target,No,0,None,ADHD
747,Target,Yes,605,None,ADHD
748,Target,Yes,475,None,ADHD
749,Target,Yes,500,None,ADHD
750,Non-Target,Yes,594,Commission,ADHD
751,Non-Target,No,0,None,ADHD
752,Non-Target,Yes,851,Commission,ADHD
753,Non-Target,No,0,None,ADHD
754,Non-Target,Yes,739,Commission,ADHD
755,Non-Target,No,0,None,ADHD
756,Non-Target,No,0,None,ADHD
757,Non-Target,No,0,None,ADHD
758,Non-Target,No,0,None,ADHD
759,Non-Target,No,0,None,ADHD
760,Target,No,0,Omission,ADHD
761,Non-Target,Yes,754,Commission,ADHD
762,Non-Target,Yes,538,Commission,ADHD
763,Non-Target,No,0,None,ADHD
764,Non-Target,No,0,None,ADHD
765,Non-Target,No,0,None,ADHD
766,Target,Yes,755,None,ADHD
767,Non-Target,No,0,None,ADHD
768,Non-Target,No,0,None,ADHD
769,Non-Target,No,0,None,ADHD
770,Target,Yes,742,None,ADHD
771,Target,No,0,Omission,ADHD
772,Target,No,0,Omission,ADHD
773,Non-Target,No,0,None,ADHD
774,Non-Target,No,0,None,ADHD
775,Non-Target,No,0,None,ADHD
776,Non-Target,Yes,854,Commission,ADHD
777,Non-Target,No,0,None,ADHD
778,Non-Target,No,0,None,ADHD
779,Target,Yes,835,None,ADHD
780,Target,Yes,776,None,ADHD
781,Target,Yes,514,None,ADHD
782,Non-Target,No,0,None,ADHD
783,Target,No,0,Omission,ADHD
784,Non-Target,No,0,None,ADHD
785,Target,Yes,911,None,ADHD
786,Non-Target,No,0,None,ADHD
787,Non-Target,No,0,None,ADHD
788,Target,Yes,915,None,ADHD
789,Target,Yes,635,None,ADHD
790,Non-Target,No,0,None,ADHD
791,Target,Yes,906,None,ADHD
792,Non-Target,No,0,None,ADHD
793,Target,Yes,510,None,ADHD
794,Non-Target,No,0,None,ADHD
795,Non-Target,No,0,None,ADHD
796,Non-Target,No,0,None,ADHD
797,Non-Target,No,0,None,ADHD
798,Non-Target,No,0,None,ADHD
799,Non-Target,Yes,758,Commission,ADHD
800,Non-Target,Yes,803,Commission,ADHD
801,Non-Target,No,0,None,ADHD
802,Target,Yes,436,None,ADHD
803,Non-Target,No,0,None,ADHD
804,Target,Yes,696,None,ADHD
805,Target,Yes,898,None,ADHD
806,Non-Target,No,0,None,ADHD
807,Non-Target,No,0,None,ADHD
808,Non-Target,No,0,None,ADHD
809,Non-Target,No,0,None,ADHD
810,Target,Yes,1027,None,ADHD
811,Target,No,0,Omission,ADHD
812,Non-Target,No,0,None,ADHD
813,Non-Target,Yes,672,Commission,ADHD
814,Non-Target,No,0,None,ADHD
815,Non-Target,Yes,825,Commission,ADHD
816,Non-Target,No,0,None,ADHD
817,Non-Target,Yes,599,Commission,ADHD
818,Non-Target,No,0,None,ADHD
819,Non-Target,Yes,778,Commission,ADHD
820,Non-Target,Yes,768,Commission,ADHD
821,Target,Yes,899,None,ADHD
822,Non-Target,No,0,None,ADHD
823,Non-Target,Yes,745,Commission,ADHD
824,Non-Target,No,0,None,ADHD
825,Non-Target,No,0,None,ADHD
826,Non-Target,Yes,566,Commission,ADHD
827,Non-Target,No,0,None,ADHD
828,Non-Target,No,0,None,ADHD
829,Non-Target,No,0,None,ADHD
830,Target,Yes,826,None,ADHD
831,Non-Target,No,0,None,ADHD
832,Target,Yes,740,None,ADHD
833,Non-Target,No,0,None,ADHD
834,Non-Target,No,0,None,ADHD
835,Non-Target,No,0,None,ADHD
836,Target,Yes,831,None,ADHD
837,Non-Target,No,0,None,ADHD
838,Target,No,0,Omission,ADHD
839,Non-Target,No,0,None,ADHD
840,Non-Target,No,0,None,ADHD
841,Target,Yes,884,None,ADHD
842,Target,Yes,921,None,ADHD
843,Non-Target,Yes,769,Commission,ADHD
844,Target,Yes,794,None,ADHD
845,Non-Target,No,0,None,ADHD
846,Non-Target,No,0,None,ADHD
847,Non-Target,No,0,None,ADHD
848,Non-Target,No,0,None,ADHD
849,Non-Target,No,0,None,ADHD
850,Non-Target,No,0,None,ADHD
851,Non-Target,No,0,None,ADHD
852,Non-Target,Yes,752,Commission,ADHD
853,Target,Yes,816,None,ADHD
854,Non-Target,No,0,None,ADHD
855,Non-Target,No,0,None,ADHD
856,Non-Target,No,0,None,ADHD
857,Non-Target,Yes,521,Commission,ADHD
858,Non-Target,Yes,647,Commission,ADHD
859,Non-Target,No,0,None,ADHD
860,Non-Target,Yes,758,Commission,ADHD
861,Non-Target,No,0,None,ADHD
862,Non-Target,No,0,None,ADHD
863,Target,No,0,Omission,ADHD
864,Non-Target,Yes,715,Commission,ADHD
865,Non-Target,No,0,None,ADHD
866,Target,Yes,999,None,ADHD
867,Non-Target,Yes,560,Commission,ADHD
868,Non-Target,No,0,None,ADHD
869,Non-Target,No,0,None,ADHD
870,Target,No,0,Omission,ADHD
871,Non-Target,Yes,773,Commission,ADHD
872,Non-Target,No,0,None,ADHD
873,Target,Yes,597,None,ADHD
874,Target,No,0,Omission,ADHD
875,Non-Target,No,0,None,ADHD
876,Non-Target,No,0,None,ADHD
877,Non-Target,Yes,955,Commission,ADHD
878,Non-Target,No,0,None,ADHD
879,Non-Target,No,0,None,ADHD
880,Target,Yes,743,None,ADHD
881,Non-Target,No,0,None,ADHD
882,Non-Target,No,0,None,ADHD
883,Non-Target,Yes,612,Commission,ADHD
884,Non-Target,No,0,None,ADHD
885,Non-Target,No,0,None,ADHD
886,Non-Target,No,0,None,ADHD
887,Non-Target,No,0,None,ADHD
888,Target,Yes,777,None,ADHD
889,Non-Target,No,0,None,ADHD
890,Non-Target,Yes,881,Commission,ADHD
891,Target,No,0,Omission,ADHD
892,Non-Target,No,0,None,ADHD
893,Non-Target,No,0,None,ADHD
894,Non-Target,No,0,None,ADHD
895,Target,Yes,915,None,ADHD
896,Non-Target,Yes,1012,Commission,ADHD
897,Non-Target,No,0,None,ADHD
898,Non-Target,No,0,None,ADHD
899,Target,Yes,596,None,ADHD
900,Non-Target,No,0,None,ADHD
901,Target,Yes,773,None,ADHD
902,Non-Target,Yes,662,Commission,ADHD
903,Non-Target,Yes,728,Commission,ADHD
904,Non-Target,Yes,692,Commission,ADHD
905,Target,Yes,781,None,ADHD
906,Non-Target,No,0,None,ADHD
907,Non-Target,No,0,None,ADHD
908,Non-Target,Yes,1027,Commission,ADHD
909,Non-Target,No,0,None,ADHD
910,Non-Target,No,0,None,ADHD
911,Non-Target,No,0,None,ADHD
912,Target,No,0,Omission,ADHD
913,Non-Target,No,0,None,ADHD
914,Non-Target,Yes,764,Commission,ADHD
915,Non-Target,No,0,None,ADHD
916,Non-Target,No,0,None,ADHD
917,Target,No,0,Omission,ADHD
918,Non-Target,No,0,None,ADHD
919,Target,Yes,781,None,ADHD
920,Non-Target,No,0,None,ADHD
921,Non-Target,No,0,None,ADHD
922,Non-Target,No,0,None,ADHD
923,Non-Target,Yes,790,Commission,ADHD
924,Non-Target,Yes,936,Commission,ADHD
925,Non-Target,No,0,None,ADHD
926,Target,Yes,669,None,ADHD
927,Non-Target,No,0,None,ADHD
928,Non-Target,Yes,598,Commission,ADHD
929,Non-Target,No,0,None,ADHD
930,Target,Yes,858,None,ADHD
931,Non-Target,No,0,None,ADHD
932,Non-Target,Yes,631,Commission,ADHD
933,Non-Target,No,0,None,ADHD
934,Non-Target,No,0,None,ADHD
935,Non-Target,No,0,None,ADHD
936,Non-Target,No,0,None,ADHD
937,Non-Target,No,0,None,ADHD
938,Target,No,0,Omission,ADHD
939,Target,No,0,Omission,ADHD
940,Non-Target,Yes,596,Commission,ADHD
941,Non-Target,No,0,None,ADHD
942,Non-Target,Yes,585,Commission,ADHD
943,Non-Target,No,0,None,ADHD
944,Target,Yes,571,None,ADHD
945,Target,Yes,669,None,ADHD
946,Target,Yes,927,None,ADHD
947,Non-Target,No,0,None,ADHD
948,Non-Target,No,0,None,ADHD
949,Non-Target,No,0,None,ADHD
950,Non-Target,No,0,None,ADHD
951,Non-Target,No,0,None,ADHD
952,Non-Target,Yes,676,Commission,ADHD
953,Non-Target,No,0,None,ADHD
954,Non-Target,No,0,None,ADHD
955,Non-Target,Yes,798,Commission,ADHD
956,Target,Yes,777,None,ADHD
957,Target,Yes,819,None,ADHD
958,Non-Target,Yes,752,Commission,ADHD
959,Non-Target,No,0,None,ADHD
960,Non-Target,No,0,None,ADHD
961,Target,Yes,672,None,ADHD
962,Non-Target,No,0,None,ADHD
963,Non-Target,No,0,None,ADHD
964,Target,No,0,Omission,ADHD
965,Target,Yes,730,None,ADHD
966,Non-Target,No,0,None,ADHD
967,Non-Target,Yes,1028,Commission,ADHD
968,Non-Target,Yes,777,Commission,ADHD
969,Target,Yes,697,None,ADHD
970,Non-Target,No,0,None,ADHD
971,Non-Target,Yes,651,Commission,ADHD
972,Non-Target,Yes,791,Commission,ADHD
973,Non-Target,No,0,None,ADHD
974,Non-Target,No,0,None,ADHD
975,Non-Target,No,0,None,ADHD
976,Non-Target,No,0,None,ADHD
977,Target,No,0,Omission,ADHD
978,Non-Target,No,0,None,ADHD
979,Target,Yes,307,None,ADHD
980,Non-Target,No,0,None,ADHD
981,Non-Target,No,0,None,ADHD
982,Non-Target,Yes,856,Commission,ADHD
983,Target,No,0,Omission,ADHD
984,Non-Target,Yes,721,Commission,ADHD
985,Target,Yes,731,None,ADHD
986,Non-Target,No,0,None,ADHD
987,Target,Yes,833,None,ADHD
988,Non-Target,No,0,None,ADHD
989,Non-Target,No,0,None,ADHD
990,Target,Yes,854,None,ADHD
991,Target,Yes,923,None,ADHD
992,Non-Target,No,0,None,ADHD
993,Non-Target,No,0,None,ADHD
994,Target,No,0,Omission,ADHD
995,Target,Yes,867,None,ADHD
996,Target,Yes,611,None,ADHD
997,Non-Target,No,0,None,ADHD
998,Non-Target,No,0,None,ADHD
999,Non-Target,No,0,None,ADHD
1000,Non-Target,Yes,881,Commission,ADHD
1001,Non-Target,No,0,None,ADHD
1002,Non-Target,Yes,1169,Commission,ADHD
1003,Non-Target,No,0,None,ADHD
1004,Target,No,0,Omission,ADHD
1005,Target,Yes,840,None,ADHD
1006,Non-Target,Yes,763,Commission,ADHD
1007,Target,Yes,796,None,ADHD
1008,Non-Target,No,0,None,ADHD
1009,Non-Target,No,0,None,ADHD
1010,Target,Yes,665,None,ADHD
1011,Non-Target,No,0,None,ADHD
1012,Target,Yes,812,None,ADHD
1013,Non-Target,No,0,None,ADHD
1014,Non-Target,No,0,None,ADHD
1015,Target,Yes,897,None,ADHD
1016,Non-Target,No,0,None,ADHD
1017,Non-Target,Yes,736,Commission,ADHD
1018,Non-Target,No,0,None,ADHD
1019,Non-Target,Yes,617,Commission,ADHD
1020,Non-Target,No,0,None,ADHD
1021,Non-Target,No,0,None,ADHD
1022,Target,No,0,Omission,ADHD
1023,Non-Target,No,0,None,ADHD
1024,Target,Yes,714,None,ADHD
1025,Non-Target,No,0,None,ADHD
1026,Target,Yes,1010,None,ADHD
1027,Target,Yes,700,None,ADHD
1028,Target,Yes,605,None,ADHD
1029,Non-Target,No,0,None,ADHD
1030,Non-Target,No,0,None,ADHD
1031,Non-Target,No,0,None,ADHD
1032,Target,Yes,854,None,ADHD
1033,Target,Yes,1011,None,ADHD
1034,Non-Target,No,0,None,ADHD
1035,Non-Target,No,0,None,ADHD
1036,Non-Target,No,0,None,ADHD
1037,Target,Yes,570,None,ADHD
1038,Non-Target,No,0,None,ADHD
1039,Non-Target,No,0,None,ADHD
1040,Non-Target,Yes,920,Commission,ADHD
1041,Non-Target,No,0,None,ADHD
1042,Target,Yes,724,None,ADHD
1043,Non-Target,No,0,None,ADHD
1044,Non-Target,No,0,None,ADHD
1045,Non-Target,No,0,None,ADHD
1046,Target,Yes,672,None,ADHD
1047,Non-Target,Yes,781,Commission,ADHD
1048,Non-Target,No,0,None,ADHD
1049,Non-Target,No,0,None,ADHD
1050,Non-Target,No,0,None,ADHD
1051,Non-Target,No,0,None,ADHD
1052,Non-Target,No,0,None,ADHD
1053,Non-Target,No,0,None,ADHD
1054,Target,Yes,938,None,ADHD
1055,Target,Yes,731,None,ADHD
1056,Non-Target,No,0,None,ADHD
1057,Non-Target,Yes,780,Commission,ADHD
1058,Non-Target,No,0,None,ADHD
1059,Non-Target,No,0,None,ADHD
1060,Target,Yes,895,None,ADHD
1061,Non-Target,Yes,638,Commission,ADHD
1062,Non-Target,No,0,None,ADHD
1063,Non-Target,No,0,None,ADHD
1064,Target,Yes,692,None,ADHD
1065,Non-Target,No,0,None,ADHD
1066,Non-Target,No,0,None,ADHD
1067,Target,Yes,897,None,ADHD
1068,Non-Target,No,0,None,ADHD
1069,Target,Yes,764,None,ADHD
1070,Target,Yes,722,None,ADHD
1071,Non-Target,Yes,507,Commission,ADHD
1072,Non-Target,No,0,None,ADHD
1073,Non-Target,No,0,None,ADHD
1074,Non-Target,No,0,None,ADHD
1075,Target,Yes,727,None,ADHD
1076,Non-Target,No,0,None,ADHD
1077,Target,Yes,761,None,ADHD
1078,Target,Yes,808,None,ADHD
1079,Target,No,0,Omission,ADHD
1080,Non-Target,No,0,None,ADHD
1081,Non-Target,No,0,None,ADHD
1082,Non-Target,Yes,875,Commission,ADHD
1083,Non-Target,No,0,None,ADHD
1084,Non-Target,No,0,None,ADHD
1085,Non-Target,No,0,None,ADHD
1086,Target,Yes,882,None,ADHD
1087,Non-Target,No,0,None,ADHD
1088,Non-Target,No,0,None,ADHD
1089,Non-Target,No,0,None,ADHD
1090,Non-Target,No,0,None,ADHD
1091,Non-Target,No,0,None,ADHD
1092,Non-Target,No,0,None,ADHD
1093,Target,Yes,725,None,ADHD
1094,Target,Yes,743,None,ADHD
1095,Target,Yes,858,None,ADHD
1096,Non-Target,No,0,None,ADHD
1097,Non-Target,No,0,None,ADHD
1098,Non-Target,No,0,None,ADHD
1099,Non-Target,No,0,None,ADHD
1100,Non-Target,No,0,None,ADHD
1101,Non-Target,No,0,None,ADHD
1102,Target,Yes,823,None,ADHD
1103,Non-Target,No,0,None,ADHD
1104,Target,No,0,Omission,ADHD
1105,Target,Yes,674,None,ADHD
1106,Non-Target,No,0,None,ADHD
1107,Non-Target,No,0,None,ADHD
1108,Non-Target,No,0,None,ADHD
1109,Non-Target,Yes,620,Commission,ADHD
1110,Non-Target,No,0,None,ADHD
1111,Target,Yes,784,None,ADHD
1112,Non-Target,No,0,None,ADHD
1113,Target,Yes,681,None,ADHD
1114,Non-Target,No,0,None,ADHD
1115,Non-Target,No,0,None,ADHD
1116,Non-Target,No,0,None,ADHD
1117,Target,No,0,Omission,ADHD
1118,Target,Yes,656,None,ADHD
1119,Target,Yes,786,None,ADHD
1120,Non-Target,No,0,None,ADHD
1121,Non-Target,No,0,None,ADHD
1122,Non-Target,No,0,None,ADHD
1123,Non-Target,No,0,None,ADHD
1124,Non-Target,No,0,None,ADHD
1125,Non-Target,No,0,None,ADHD
1126,Target,Yes,828,None,ADHD
1127,Target,Yes,780,None,ADHD
1128,Non-Target,No,0,None,ADHD
1129,Non-Target,No,0,None,ADHD
1130,Non-Target,Yes,887,Commission,ADHD
1131,Non-Target,Yes,767,Commission,ADHD
1132,Non-Target,No,0,None,ADHD
1133,Non-Target,No,0,None,ADHD
1134,Non-Target,Yes,942,Commission,ADHD
1135,Non-Target,No,0,None,ADHD
1136,Target,Yes,885,None,ADHD
1137,Non-Target,No,0,None,ADHD
1138,Target,Yes,1064,None,ADHD
1139,Non-Target,No,0,None,ADHD
1140,Non-Target,Yes,679,Commission,ADHD
1141,Non-Target,No,0,None,ADHD
1142,Target,No,0,Omission,ADHD
1143,Non-Target,Yes,732,Commission,ADHD
1144,Target,Yes,908,None,ADHD
1145,Target,No,0,Omission,ADHD
1146,Target,Yes,797,None,ADHD
1147,Non-Target,No,0,None,ADHD
1148,Target,No,0,Omission,ADHD
1149,Non-Target,Yes,511,Commission,ADHD
1150,Non-Target,No,0,None,ADHD
1151,Target,No,0,Omission,ADHD
1152,Target,Yes,618,None,ADHD
1153,Target,Yes,658,None,ADHD
1154,Non-Target,No,0,None,ADHD
1155,Target,Yes,694,None,ADHD
1156,Non-Target,No,0,None,ADHD
1157,Target,Yes,659,None,ADHD
1158,Non-Target,No,0,None,ADHD
1159,Target,Yes,551,None,ADHD
1160,Non-Target,No,0,None,ADHD
1161,Non-Target,No,0,None,ADHD
1162,Non-Target,Yes,711,Commission,ADHD
1163,Target,Yes,445,None,ADHD
1164,Target,No,0,Omission,ADHD
1165,Non-Target,No,0,None,ADHD
1166,Non-Target,No,0,None,ADHD
1167,Non-Target,No,0,None,ADHD
1168,Target,No,0,Omission,ADHD
1169,Non-Target,No,0,None,ADHD
1170,Non-Target,No,0,None,ADHD
1171,Non-Target,No,0,None,ADHD
1172,Non-Target,No,0,None,ADHD
1173,Target,No,0,Omission,ADHD
1174,Target,Yes,719,None,ADHD
1175,Non-Target,No,0,None,ADHD
1176,Non-Target,No,0,None,ADHD
1177,Target,Yes,874,None,ADHD
1178,Target,Yes,871,None,ADHD
1179,Target,Yes,644,None,ADHD
1180,Non-Target,No,0,None,ADHD
1181,Non-Target,No,0,None,ADHD
1182,Target,Yes,918,None,ADHD
1183,Non-Target,No,0,None,ADHD
1184,Non-Target,No,0,None,ADHD
1185,Target,Yes,687,None,ADHD
1186,Target,Yes,766,None,ADHD
1187,Non-Target,No,0,None,ADHD
1188,Target,Yes,771,None,ADHD
1189,Target,Yes,841,None,ADHD
1190,Non-Target,No,0,None,ADHD
1191,Target,Yes,614,None,ADHD
1192,Target,Yes,648,None,ADHD
1193,Target,Yes,881,None,ADHD
1194,Non-Target,No,0,None,ADHD
1195,Non-Target,No,0,None,ADHD
1196,Non-Target,Yes,896,Commission,ADHD
1197,Target,Yes,805,None,ADHD
1198,Non-Target,No,0,None,ADHD
1199,Target,Yes,629,None,ADHD
1200,Non-Target,No,0,None,ADHD
