Trial,StimulusType,Reaction,ReactionTime(ms),ErrorType,Label
1,Non-Target,No,0,None,ADHD
2,Target,Yes,430,None,ADHD
3,Non-Target,Yes,826,Commission,ADHD
4,Non-Target,No,0,None,ADHD
5,Target,Yes,668,None,ADHD
6,Non-Target,Yes,742,Commission,ADHD
7,Non-Target,No,0,None,ADHD
8,Non-Target,No,0,None,ADHD
9,Non-Target,No,0,None,ADHD
10,Target,Yes,743,None,ADHD
11,Target,Yes,631,None,ADHD
12,Target,No,0,Omission,ADHD
13,Non-Target,No,0,None,ADHD
14,Non-Target,Yes,516,Commission,ADHD
15,Non-Target,Yes,604,Commission,ADHD
16,Non-Target,No,0,None,ADHD
17,Target,Yes,665,None,ADHD
18,Non-Target,No,0,None,ADHD
19,Non-Target,Yes,571,Commission,ADHD
20,Non-Target,No,0,None,ADHD
21,Non-Target,Yes,846,Commission,ADHD
22,Target,Yes,623,None,ADHD
23,Target,Yes,651,None,ADHD
24,Target,Yes,605,None,ADHD
25,Non-Target,No,0,None,ADHD
26,Target,Yes,655,None,ADHD
27,Non-Target,No,0,None,ADHD
28,Non-Target,Yes,818,Commission,ADHD
29,Non-Target,No,0,None,ADHD
30,Non-Target,No,0,None,ADHD
31,Non-Target,No,0,None,ADHD
32,Non-Target,No,0,None,ADHD
33,Target,Yes,772,None,ADHD
34,Non-Target,Yes,667,Commission,ADHD
35,Non-Target,No,0,None,ADHD
36,Target,Yes,691,None,ADHD
37,Non-Target,No,0,None,ADHD
38,Target,Yes,440,None,ADHD
39,Target,Yes,573,None,ADHD
40,Non-Target,No,0,None,ADHD
41,Non-Target,No,0,None,ADHD
42,Target,Yes,349,None,ADHD
43,Non-Target,Yes,443,Commission,ADHD
44,Non-Target,No,0,None,ADHD
45,Non-Target,No,0,None,ADHD
46,Target,Yes,443,None,ADHD
47,Non-Target,Yes,597,Commission,ADHD
48,Target,Yes,136,None,ADHD
49,Non-Target,No,0,None,ADHD
50,Non-Target,No,0,None,ADHD
51,Non-Target,Yes,604,Commission,ADHD
52,Target,Yes,606,None,ADHD
53,Target,Yes,502,None,ADHD
54,Target,Yes,591,None,ADHD
55,Target,No,0,Omission,ADHD
56,Non-Target,No,0,None,ADHD
57,Non-Target,No,0,None,ADHD
58,Non-Target,No,0,None,ADHD
59,Non-Target,No,0,None,ADHD
60,Non-Target,No,0,None,ADHD
61,Non-Target,No,0,None,ADHD
62,Target,Yes,638,None,ADHD
63,Non-Target,No,0,None,ADHD
64,Non-Target,No,0,None,ADHD
65,Target,Yes,704,None,ADHD
66,Non-Target,No,0,None,ADHD
67,Target,Yes,894,None,ADHD
68,Non-Target,No,0,None,ADHD
69,Non-Target,No,0,None,ADHD
70,Non-Target,No,0,None,ADHD
71,Non-Target,No,0,None,ADHD
72,Non-Target,No,0,None,ADHD
73,Non-Target,No,0,None,ADHD
74,Non-Target,No,0,None,ADHD
75,Target,Yes,321,None,ADHD
76,Non-Target,No,0,None,ADHD
77,Non-Target,No,0,None,ADHD
78,Non-Target,Yes,625,Commission,ADHD
79,Target,Yes,679,None,ADHD
80,Target,Yes,617,None,ADHD
81,Non-Target,No,0,None,ADHD
82,Target,No,0,Omission,ADHD
83,Target,Yes,750,None,ADHD
84,Non-Target,No,0,None,ADHD
85,Target,Yes,584,None,ADHD
86,Non-Target,Yes,727,Commission,ADHD
87,Non-Target,No,0,None,ADHD
88,Non-Target,No,0,None,ADHD
89,Non-Target,Yes,628,Commission,ADHD
90,Target,Yes,476,None,ADHD
91,Non-Target,Yes,680,Commission,ADHD
92,Non-Target,No,0,None,ADHD
93,Non-Target,No,0,None,ADHD
94,Non-Target,No,0,None,ADHD
95,Non-Target,No,0,None,ADHD
96,Non-Target,Yes,520,Commission,ADHD
97,Target,Yes,690,None,ADHD
98,Non-Target,No,0,None,ADHD
99,Non-Target,No,0,None,ADHD
100,Non-Target,No,0,None,ADHD
101,Non-Target,No,0,None,ADHD
102,Non-Target,No,0,None,ADHD
103,Target,Yes,266,None,ADHD
104,Non-Target,No,0,None,ADHD
105,Non-Target,No,0,None,ADHD
106,Target,Yes,343,None,ADHD
107,Non-Target,No,0,None,ADHD
108,Target,Yes,911,None,ADHD
109,Target,Yes,756,None,ADHD
110,Non-Target,Yes,836,Commission,ADHD
111,Non-Target,No,0,None,ADHD
112,Non-Target,No,0,None,ADHD
113,Non-Target,No,0,None,ADHD
114,Target,Yes,471,None,ADHD
115,Target,Yes,465,None,ADHD
116,Non-Target,No,0,None,ADHD
117,Non-Target,No,0,None,ADHD
118,Non-Target,Yes,562,Commission,ADHD
119,Non-Target,Yes,707,Commission,ADHD
120,Non-Target,Yes,619,Commission,ADHD
121,Non-Target,No,0,None,ADHD
122,Non-Target,No,0,None,ADHD
123,Non-Target,No,0,None,ADHD
124,Non-Target,Yes,527,Commission,ADHD
125,Non-Target,No,0,None,ADHD
126,Non-Target,No,0,None,ADHD
127,Target,Yes,583,None,ADHD
128,Non-Target,No,0,None,ADHD
129,Non-Target,Yes,356,Commission,ADHD
130,Non-Target,No,0,None,ADHD
131,Target,Yes,737,None,ADHD
132,Non-Target,Yes,510,Commission,ADHD
133,Target,Yes,379,None,ADHD
134,Target,Yes,967,None,ADHD
135,Non-Target,No,0,None,ADHD
136,Non-Target,Yes,403,Commission,ADHD
137,Non-Target,Yes,239,Commission,ADHD
138,Target,Yes,520,None,ADHD
139,Non-Target,No,0,None,ADHD
140,Non-Target,No,0,None,ADHD
141,Non-Target,No,0,None,ADHD
142,Non-Target,Yes,483,Commission,ADHD
143,Non-Target,No,0,None,ADHD
144,Target,Yes,709,None,ADHD
145,Non-Target,No,0,None,ADHD
146,Non-Target,Yes,468,Commission,ADHD
147,Target,No,0,Omission,ADHD
148,Target,Yes,541,None,ADHD
149,Non-Target,No,0,None,ADHD
150,Non-Target,No,0,None,ADHD
151,Non-Target,Yes,696,Commission,ADHD
152,Non-Target,Yes,985,Commission,ADHD
153,Target,Yes,429,None,ADHD
154,Target,Yes,438,None,ADHD
155,Non-Target,No,0,None,ADHD
156,Non-Target,No,0,None,ADHD
157,Target,Yes,652,None,ADHD
158,Non-Target,Yes,618,Commission,ADHD
159,Target,Yes,451,None,ADHD
160,Target,Yes,876,None,ADHD
161,Target,Yes,384,None,ADHD
162,Target,Yes,567,None,ADHD
163,Non-Target,No,0,None,ADHD
164,Target,Yes,436,None,ADHD
165,Target,No,0,Omission,ADHD
166,Target,Yes,638,None,ADHD
167,Non-Target,No,0,None,ADHD
168,Non-Target,No,0,None,ADHD
169,Non-Target,Yes,289,Commission,ADHD
170,Target,Yes,620,None,ADHD
171,Non-Target,No,0,None,ADHD
172,Non-Target,No,0,None,ADHD
173,Non-Target,No,0,None,ADHD
174,Target,Yes,545,None,ADHD
175,Target,No,0,Omission,ADHD
176,Non-Target,No,0,None,ADHD
177,Non-Target,No,0,None,ADHD
178,Target,Yes,651,None,ADHD
179,Non-Target,No,0,None,ADHD
180,Target,Yes,802,None,ADHD
181,Target,Yes,691,None,ADHD
182,Non-Target,No,0,None,ADHD
183,Non-Target,No,0,None,ADHD
184,Non-Target,No,0,None,ADHD
185,Non-Target,No,0,None,ADHD
186,Target,Yes,653,None,ADHD
187,Target,Yes,771,None,ADHD
188,Non-Target,Yes,689,Commission,ADHD
189,Non-Target,No,0,None,ADHD
190,Non-Target,Yes,596,Commission,ADHD
191,Non-Target,No,0,None,ADHD
192,Target,Yes,477,None,ADHD
193,Target,Yes,588,None,ADHD
194,Non-Target,No,0,None,ADHD
195,Non-Target,No,0,None,ADHD
196,Non-Target,No,0,None,ADHD
197,Non-Target,No,0,None,ADHD
198,Target,Yes,528,None,ADHD
199,Non-Target,Yes,565,Commission,ADHD
200,Non-Target,Yes,868,Commission,ADHD
201,Non-Target,No,0,None,ADHD
202,Non-Target,Yes,673,Commission,ADHD
203,Non-Target,Yes,644,Commission,ADHD
204,Non-Target,No,0,None,ADHD
205,Non-Target,No,0,None,ADHD
206,Target,Yes,650,None,ADHD
207,Target,Yes,855,None,ADHD
208,Non-Target,No,0,None,ADHD
209,Non-Target,No,0,None,ADHD
210,Non-Target,No,0,None,ADHD
211,Non-Target,No,0,None,ADHD
212,Non-Target,No,0,None,ADHD
213,Target,Yes,838,None,ADHD
214,Target,Yes,712,None,ADHD
215,Target,Yes,852,None,ADHD
216,Non-Target,No,0,None,ADHD
217,Non-Target,No,0,None,ADHD
218,Target,Yes,698,None,ADHD
219,Target,No,0,Omission,ADHD
220,Non-Target,No,0,None,ADHD
221,Non-Target,Yes,568,Commission,ADHD
222,Non-Target,No,0,None,ADHD
223,Target,No,0,Omission,ADHD
224,Non-Target,Yes,533,Commission,ADHD
225,Non-Target,Yes,580,Commission,ADHD
226,Non-Target,No,0,None,ADHD
227,Target,No,0,Omission,ADHD
228,Target,Yes,663,None,ADHD
229,Non-Target,No,0,None,ADHD
230,Target,No,0,Omission,ADHD
231,Non-Target,No,0,None,ADHD
232,Target,Yes,546,None,ADHD
233,Non-Target,No,0,None,ADHD
234,Non-Target,No,0,None,ADHD
235,Target,Yes,628,None,ADHD
236,Non-Target,No,0,None,ADHD
237,Target,Yes,488,None,ADHD
238,Target,Yes,582,None,ADHD
239,Non-Target,No,0,None,ADHD
240,Non-Target,No,0,None,ADHD
241,Target,No,0,Omission,ADHD
242,Non-Target,No,0,None,ADHD
243,Target,Yes,466,None,ADHD
244,Non-Target,No,0,None,ADHD
245,Non-Target,No,0,None,ADHD
246,Non-Target,Yes,733,Commission,ADHD
247,Non-Target,Yes,599,Commission,ADHD
248,Non-Target,No,0,None,ADHD
249,Target,Yes,725,None,ADHD
250,Non-Target,No,0,None,ADHD
251,Non-Target,No,0,None,ADHD
252,Target,Yes,711,None,ADHD
253,Non-Target,No,0,None,ADHD
254,Non-Target,No,0,None,ADHD
255,Non-Target,No,0,None,ADHD
256,Target,Yes,603,None,ADHD
257,Non-Target,No,0,None,ADHD
258,Target,Yes,880,None,ADHD
259,Target,No,0,Omission,ADHD
260,Non-Target,No,0,None,ADHD
261,Target,Yes,334,None,ADHD
262,Target,Yes,551,None,ADHD
263,Non-Target,No,0,None,ADHD
264,Non-Target,No,0,None,ADHD
265,Non-Target,No,0,None,ADHD
266,Non-Target,No,0,None,ADHD
267,Target,Yes,673,None,ADHD
268,Target,No,0,Omission,ADHD
269,Non-Target,No,0,None,ADHD
270,Non-Target,No,0,None,ADHD
271,Target,Yes,411,None,ADHD
272,Non-Target,No,0,None,ADHD
273,Target,Yes,446,None,ADHD
274,Target,Yes,453,None,ADHD
275,Target,No,0,Omission,ADHD
276,Non-Target,Yes,373,Commission,ADHD
277,Non-Target,No,0,None,ADHD
278,Target,Yes,500,None,ADHD
279,Non-Target,No,0,None,ADHD
280,Non-Target,No,0,None,ADHD
281,Non-Target,No,0,None,ADHD
282,Target,Yes,663,None,ADHD
283,Target,Yes,556,None,ADHD
284,Non-Target,Yes,540,Commission,ADHD
285,Non-Target,Yes,710,Commission,ADHD
286,Non-Target,No,0,None,ADHD
287,Non-Target,No,0,None,ADHD
288,Non-Target,Yes,724,Commission,ADHD
289,Non-Target,No,0,None,ADHD
290,Target,Yes,536,None,ADHD
291,Non-Target,No,0,None,ADHD
292,Non-Target,Yes,559,Commission,ADHD
293,Non-Target,No,0,None,ADHD
294,Target,Yes,450,None,ADHD
295,Non-Target,No,0,None,ADHD
296,Target,Yes,773,None,ADHD
297,Target,Yes,772,None,ADHD
298,Non-Target,Yes,770,Commission,ADHD
299,Non-Target,No,0,None,ADHD
300,Non-Target,No,0,None,ADHD
301,Target,Yes,810,None,ADHD
302,Non-Target,Yes,593,Commission,ADHD
303,Non-Target,No,0,None,ADHD
304,Target,Yes,361,None,ADHD
305,Target,No,0,Omission,ADHD
306,Non-Target,Yes,657,Commission,ADHD
307,Target,Yes,606,None,ADHD
308,Non-Target,No,0,None,ADHD
309,Non-Target,No,0,None,ADHD
310,Non-Target,No,0,None,ADHD
311,Non-Target,No,0,None,ADHD
312,Non-Target,No,0,None,ADHD
313,Non-Target,No,0,None,ADHD
314,Non-Target,No,0,None,ADHD
315,Target,Yes,563,None,ADHD
316,Target,Yes,648,None,ADHD
317,Non-Target,Yes,453,Commission,ADHD
318,Target,Yes,734,None,ADHD
319,Target,No,0,Omission,ADHD
320,Target,No,0,Omission,ADHD
321,Non-Target,No,0,None,ADHD
322,Non-Target,No,0,None,ADHD
323,Target,No,0,Omission,ADHD
324,Non-Target,No,0,None,ADHD
325,Target,Yes,612,None,ADHD
326,Non-Target,No,0,None,ADHD
327,Target,No,0,Omission,ADHD
328,Non-Target,Yes,332,Commission,ADHD
329,Non-Target,No,0,None,ADHD
330,Non-Target,No,0,None,ADHD
331,Target,Yes,557,None,ADHD
332,Target,No,0,Omission,ADHD
333,Non-Target,No,0,None,ADHD
334,Non-Target,No,0,None,ADHD
335,Non-Target,No,0,None,ADHD
336,Non-Target,Yes,778,Commission,ADHD
337,Non-Target,No,0,None,ADHD
338,Target,Yes,722,None,ADHD
339,Non-Target,No,0,None,ADHD
340,Target,Yes,646,None,ADHD
341,Non-Target,No,0,None,ADHD
342,Target,Yes,641,None,ADHD
343,Non-Target,No,0,None,ADHD
344,Non-Target,No,0,None,ADHD
345,Non-Target,No,0,None,ADHD
346,Target,No,0,Omission,ADHD
347,Non-Target,No,0,None,ADHD
348,Non-Target,No,0,None,ADHD
349,Target,Yes,524,None,ADHD
350,Non-Target,Yes,740,Commission,ADHD
351,Non-Target,No,0,None,ADHD
352,Non-Target,No,0,None,ADHD
353,Non-Target,Yes,686,Commission,ADHD
354,Target,Yes,850,None,ADHD
355,Non-Target,No,0,None,ADHD
356,Non-Target,Yes,509,Commission,ADHD
357,Non-Target,No,0,None,ADHD
358,Non-Target,No,0,None,ADHD
359,Target,Yes,618,None,ADHD
360,Non-Target,Yes,496,Commission,ADHD
361,Non-Target,No,0,None,ADHD
362,Non-Target,No,0,None,ADHD
363,Non-Target,No,0,None,ADHD
364,Non-Target,Yes,555,Commission,ADHD
365,Non-Target,No,0,None,ADHD
366,Non-Target,No,0,None,ADHD
367,Non-Target,No,0,None,ADHD
368,Non-Target,No,0,None,ADHD
369,Non-Target,No,0,None,ADHD
370,Target,Yes,678,None,ADHD
371,Target,Yes,696,None,ADHD
372,Target,Yes,870,None,ADHD
373,Non-Target,Yes,519,Commission,ADHD
374,Non-Target,No,0,None,ADHD
375,Non-Target,No,0,None,ADHD
376,Non-Target,No,0,None,ADHD
377,Target,Yes,303,None,ADHD
378,Target,Yes,383,None,ADHD
379,Non-Target,No,0,None,ADHD
380,Target,Yes,555,None,ADHD
381,Non-Target,No,0,None,ADHD
382,Target,Yes,325,None,ADHD
383,Target,Yes,370,None,ADHD
384,Non-Target,No,0,None,ADHD
385,Target,Yes,602,None,ADHD
386,Non-Target,No,0,None,ADHD
387,Non-Target,No,0,None,ADHD
388,Non-Target,No,0,None,ADHD
389,Non-Target,No,0,None,ADHD
390,Non-Target,No,0,None,ADHD
391,Non-Target,Yes,843,Commission,ADHD
392,Non-Target,No,0,None,ADHD
393,Target,Yes,596,None,ADHD
394,Target,Yes,333,None,ADHD
395,Non-Target,No,0,None,ADHD
396,Non-Target,No,0,None,ADHD
397,Non-Target,Yes,418,Commission,ADHD
398,Non-Target,No,0,None,ADHD
399,Target,Yes,510,None,ADHD
400,Target,No,0,Omission,ADHD
401,Non-Target,Yes,562,Commission,ADHD
402,Target,No,0,Omission,ADHD
403,Non-Target,No,0,None,ADHD
404,Non-Target,No,0,None,ADHD
405,Non-Target,No,0,None,ADHD
406,Non-Target,No,0,None,ADHD
407,Target,Yes,376,None,ADHD
408,Non-Target,No,0,None,ADHD
409,Target,Yes,698,None,ADHD
410,Non-Target,No,0,None,ADHD
411,Non-Target,No,0,None,ADHD
412,Non-Target,Yes,573,Commission,ADHD
413,Non-Target,No,0,None,ADHD
414,Non-Target,No,0,None,ADHD
415,Non-Target,No,0,None,ADHD
416,Non-Target,No,0,None,ADHD
417,Non-Target,No,0,None,ADHD
418,Non-Target,No,0,None,ADHD
419,Target,Yes,481,None,ADHD
420,Non-Target,Yes,467,Commission,ADHD
421,Non-Target,Yes,679,Commission,ADHD
422,Non-Target,No,0,None,ADHD
423,Non-Target,No,0,None,ADHD
424,Non-Target,No,0,None,ADHD
425,Target,Yes,551,None,ADHD
426,Non-Target,No,0,None,ADHD
427,Target,Yes,922,None,ADHD
428,Non-Target,Yes,507,Commission,ADHD
429,Non-Target,Yes,503,Commission,ADHD
430,Non-Target,No,0,None,ADHD
431,Non-Target,No,0,None,ADHD
432,Target,Yes,729,None,ADHD
433,Non-Target,No,0,None,ADHD
434,Non-Target,No,0,None,ADHD
435,Non-Target,No,0,None,ADHD
436,Non-Target,No,0,None,ADHD
437,Non-Target,No,0,None,ADHD
438,Non-Target,No,0,None,ADHD
439,Non-Target,No,0,None,ADHD
440,Non-Target,No,0,None,ADHD
441,Target,Yes,515,None,ADHD
442,Non-Target,No,0,None,ADHD
443,Non-Target,No,0,None,ADHD
444,Non-Target,No,0,None,ADHD
445,Non-Target,No,0,None,ADHD
446,Non-Target,No,0,None,ADHD
447,Non-Target,No,0,None,ADHD
448,Target,Yes,453,None,ADHD
449,Non-Target,No,0,None,ADHD
450,Non-Target,No,0,None,ADHD
451,Non-Target,Yes,575,Commission,ADHD
452,Non-Target,No,0,None,ADHD
453,Non-Target,No,0,None,ADHD
454,Non-Target,No,0,None,ADHD
455,Non-Target,No,0,None,ADHD
456,Non-Target,Yes,549,Commission,ADHD
457,Target,Yes,645,None,ADHD
458,Target,Yes,783,None,ADHD
459,Non-Target,No,0,None,ADHD
460,Target,No,0,Omission,ADHD
461,Target,Yes,509,None,ADHD
462,Non-Target,No,0,None,ADHD
463,Non-Target,No,0,None,ADHD
464,Target,No,0,Omission,ADHD
465,Target,No,0,Omission,ADHD
466,Non-Target,No,0,None,ADHD
467,Target,Yes,643,None,ADHD
468,Non-Target,No,0,None,ADHD
469,Non-Target,No,0,None,ADHD
470,Target,Yes,669,None,ADHD
471,Non-Target,No,0,None,ADHD
472,Non-Target,No,0,None,ADHD
473,Non-Target,Yes,749,Commission,ADHD
474,Non-Target,No,0,None,ADHD
475,Target,No,0,Omission,ADHD
476,Target,No,0,Omission,ADHD
477,Target,Yes,490,None,ADHD
478,Target,Yes,770,None,ADHD
479,Target,Yes,723,None,ADHD
480,Non-Target,No,0,None,ADHD
481,Non-Target,Yes,376,Commission,ADHD
482,Non-Target,Yes,574,Commission,ADHD
483,Non-Target,No,0,None,ADHD
484,Non-Target,No,0,None,ADHD
485,Non-Target,No,0,None,ADHD
486,Target,Yes,192,None,ADHD
487,Target,Yes,458,None,ADHD
488,Non-Target,No,0,None,ADHD
489,Non-Target,Yes,633,Commission,ADHD
490,Non-Target,No,0,None,ADHD
491,Non-Target,No,0,None,ADHD
492,Non-Target,No,0,None,ADHD
493,Non-Target,No,0,None,ADHD
494,Target,Yes,683,None,ADHD
495,Non-Target,No,0,None,ADHD
496,Target,Yes,536,None,ADHD
497,Non-Target,No,0,None,ADHD
498,Non-Target,No,0,None,ADHD
499,Non-Target,No,0,None,ADHD
500,Non-Target,No,0,None,ADHD
501,Target,Yes,715,None,ADHD
502,Target,No,0,Omission,ADHD
503,Target,Yes,783,None,ADHD
504,Non-Target,Yes,706,Commission,ADHD
505,Target,Yes,562,None,ADHD
506,Target,Yes,562,None,ADHD
507,Non-Target,No,0,None,ADHD
508,Target,No,0,Omission,ADHD
509,Non-Target,No,0,None,ADHD
510,Target,No,0,Omission,ADHD
511,Target,Yes,816,None,ADHD
512,Target,No,0,Omission,ADHD
513,Non-Target,No,0,None,ADHD
514,Non-Target,No,0,None,ADHD
515,Non-Target,Yes,334,Commission,ADHD
516,Target,Yes,545,None,ADHD
517,Non-Target,Yes,754,Commission,ADHD
518,Target,Yes,662,None,ADHD
519,Non-Target,No,0,None,ADHD
520,Target,Yes,453,None,ADHD
521,Non-Target,No,0,None,ADHD
522,Non-Target,No,0,None,ADHD
523,Non-Target,Yes,736,Commission,ADHD
524,Non-Target,No,0,None,ADHD
525,Target,No,0,Omission,ADHD
526,Non-Target,No,0,None,ADHD
527,Target,Yes,761,None,ADHD
528,Target,No,0,Omission,ADHD
529,Non-Target,No,0,None,ADHD
530,Non-Target,No,0,None,ADHD
531,Non-Target,Yes,590,Commission,ADHD
532,Non-Target,No,0,None,ADHD
533,Non-Target,No,0,None,ADHD
534,Non-Target,No,0,None,ADHD
535,Non-Target,No,0,None,ADHD
536,Target,No,0,Omission,ADHD
537,Non-Target,Yes,1165,Commission,ADHD
538,Non-Target,No,0,None,ADHD
539,Non-Target,Yes,594,Commission,ADHD
540,Non-Target,No,0,None,ADHD
541,Target,Yes,739,None,ADHD
542,Target,No,0,Omission,ADHD
543,Non-Target,No,0,None,ADHD
544,Non-Target,No,0,None,ADHD
545,Non-Target,No,0,None,ADHD
546,Non-Target,No,0,None,ADHD
547,Target,Yes,569,None,ADHD
548,Non-Target,No,0,None,ADHD
549,Non-Target,No,0,None,ADHD
550,Non-Target,No,0,None,ADHD
551,Non-Target,Yes,654,Commission,ADHD
552,Target,No,0,Omission,ADHD
553,Non-Target,No,0,None,ADHD
554,Non-Target,Yes,554,Commission,ADHD
555,Non-Target,No,0,None,ADHD
556,Non-Target,No,0,None,ADHD
557,Non-Target,No,0,None,ADHD
558,Non-Target,No,0,None,ADHD
559,Non-Target,No,0,None,ADHD
560,Non-Target,No,0,None,ADHD
561,Non-Target,No,0,None,ADHD
562,Non-Target,No,0,None,ADHD
563,Non-Target,No,0,None,ADHD
564,Non-Target,Yes,782,Commission,ADHD
565,Target,Yes,886,None,ADHD
566,Target,No,0,Omission,ADHD
567,Non-Target,No,0,None,ADHD
568,Non-Target,Yes,628,Commission,ADHD
569,Non-Target,No,0,None,ADHD
570,Non-Target,No,0,None,ADHD
571,Non-Target,Yes,429,Commission,ADHD
572,Non-Target,No,0,None,ADHD
573,Non-Target,Yes,616,Commission,ADHD
574,Non-Target,Yes,616,Commission,ADHD
575,Non-Target,No,0,None,ADHD
576,Non-Target,No,0,None,ADHD
577,Non-Target,No,0,None,ADHD
578,Non-Target,No,0,None,ADHD
579,Non-Target,Yes,723,Commission,ADHD
580,Non-Target,No,0,None,ADHD
581,Non-Target,No,0,None,ADHD
582,Non-Target,No,0,None,ADHD
583,Target,Yes,586,None,ADHD
584,Target,No,0,Omission,ADHD
585,Non-Target,Yes,522,Commission,ADHD
586,Target,Yes,694,None,ADHD
587,Non-Target,No,0,None,ADHD
588,Non-Target,No,0,None,ADHD
589,Target,No,0,Omission,ADHD
590,Non-Target,Yes,508,Commission,ADHD
591,Non-Target,No,0,None,ADHD
592,Non-Target,No,0,None,ADHD
593,Non-Target,No,0,None,ADHD
594,Target,Yes,739,None,ADHD
595,Non-Target,No,0,None,ADHD
596,Non-Target,No,0,None,ADHD
597,Non-Target,No,0,None,ADHD
598,Non-Target,No,0,None,ADHD
599,Non-Target,No,0,None,ADHD
600,Target,Yes,765,None,ADHD
601,Non-Target,No,0,None,ADHD
602,Non-Target,No,0,None,ADHD
603,Non-Target,No,0,None,ADHD
604,Non-Target,Yes,593,Commission,ADHD
605,Non-Target,No,0,None,ADHD
606,Non-Target,No,0,None,ADHD
607,Non-Target,No,0,None,ADHD
608,Non-Target,No,0,None,ADHD
609,Target,Yes,735,None,ADHD
610,Non-Target,No,0,None,ADHD
611,Non-Target,No,0,None,ADHD
612,Non-Target,No,0,None,ADHD
613,Non-Target,No,0,None,ADHD
614,Non-Target,No,0,None,ADHD
615,Target,Yes,592,None,ADHD
616,Target,Yes,507,None,ADHD
617,Target,Yes,583,None,ADHD
618,Non-Target,No,0,None,ADHD
619,Non-Target,No,0,None,ADHD
620,Non-Target,No,0,None,ADHD
621,Non-Target,No,0,None,ADHD
622,Non-Target,No,0,None,ADHD
623,Target,Yes,752,None,ADHD
624,Non-Target,No,0,None,ADHD
625,Non-Target,No,0,None,ADHD
626,Non-Target,Yes,608,Commission,ADHD
627,Non-Target,Yes,554,Commission,ADHD
628,Non-Target,No,0,None,ADHD
629,Non-Target,No,0,None,ADHD
630,Non-Target,No,0,None,ADHD
631,Non-Target,No,0,None,ADHD
632,Target,Yes,527,None,ADHD
633,Target,Yes,681,None,ADHD
634,Target,Yes,939,None,ADHD
635,Non-Target,Yes,706,Commission,ADHD
636,Target,Yes,510,None,ADHD
637,Non-Target,No,0,None,ADHD
638,Non-Target,No,0,None,ADHD
639,Non-Target,No,0,None,ADHD
640,Target,No,0,Omission,ADHD
641,Non-Target,No,0,None,ADHD
642,Non-Target,Yes,514,Commission,ADHD
643,Non-Target,No,0,None,ADHD
644,Non-Target,No,0,None,ADHD
645,Non-Target,No,0,None,ADHD
646,Target,Yes,521,None,ADHD
647,Target,Yes,690,None,ADHD
648,Non-Target,Yes,583,Commission,ADHD
649,Non-Target,No,0,None,ADHD
650,Non-Target,No,0,None,ADHD
651,Non-Target,No,0,None,ADHD
652,Non-Target,No,0,None,ADHD
653,Non-Target,No,0,None,ADHD
654,Non-Target,No,0,None,ADHD
655,Non-Target,No,0,None,ADHD
656,Non-Target,No,0,None,ADHD
657,Target,No,0,Omission,ADHD
658,Target,Yes,670,None,ADHD
659,Non-Target,No,0,None,ADHD
660,Non-Target,No,0,None,ADHD
661,Non-Target,No,0,None,ADHD
662,Non-Target,Yes,430,Commission,ADHD
663,Non-Target,No,0,None,ADHD
664,Target,Yes,605,None,ADHD
665,Non-Target,No,0,None,ADHD
666,Target,Yes,909,None,ADHD
667,Non-Target,Yes,592,Commission,ADHD
668,Non-Target,No,0,None,ADHD
669,Non-Target,Yes,530,Commission,ADHD
670,Non-Target,Yes,560,Commission,ADHD
671,Non-Target,No,0,None,ADHD
672,Non-Target,Yes,357,Commission,ADHD
673,Non-Target,No,0,None,ADHD
674,Non-Target,No,0,None,ADHD
675,Target,Yes,758,None,ADHD
676,Non-Target,No,0,None,ADHD
677,Target,Yes,689,None,ADHD
678,Non-Target,No,0,None,ADHD
679,Non-Target,No,0,None,ADHD
680,Non-Target,No,0,None,ADHD
681,Target,Yes,444,None,ADHD
682,Target,Yes,398,None,ADHD
683,Non-Target,No,0,None,ADHD
684,Non-Target,No,0,None,ADHD
685,Non-Target,No,0,None,ADHD
686,Non-Target,No,0,None,ADHD
687,Target,No,0,Omission,ADHD
688,Non-Target,No,0,None,ADHD
689,Target,Yes,500,None,ADHD
690,Non-Target,No,0,None,ADHD
691,Non-Target,No,0,None,ADHD
692,Non-Target,Yes,481,Commission,ADHD
693,Non-Target,No,0,None,ADHD
694,Non-Target,No,0,None,ADHD
695,Non-Target,No,0,None,ADHD
696,Non-Target,No,0,None,ADHD
697,Non-Target,No,0,None,ADHD
698,Non-Target,No,0,None,ADHD
699,Non-Target,No,0,None,ADHD
700,Non-Target,No,0,None,ADHD
701,Non-Target,Yes,453,Commission,ADHD
702,Non-Target,No,0,None,ADHD
703,Non-Target,No,0,None,ADHD
704,Target,No,0,Omission,ADHD
705,Non-Target,No,0,None,ADHD
706,Target,No,0,Omission,ADHD
707,Target,Yes,573,None,ADHD
708,Non-Target,No,0,None,ADHD
709,Target,Yes,806,None,ADHD
710,Non-Target,No,0,None,ADHD
711,Non-Target,Yes,463,Commission,ADHD
712,Non-Target,No,0,None,ADHD
713,Non-Target,No,0,None,ADHD
714,Target,Yes,657,None,ADHD
715,Target,Yes,642,None,ADHD
716,Non-Target,No,0,None,ADHD
717,Non-Target,No,0,None,ADHD
718,Target,Yes,606,None,ADHD
719,Non-Target,No,0,None,ADHD
720,Non-Target,No,0,None,ADHD
721,Target,No,0,Omission,ADHD
722,Non-Target,No,0,None,ADHD
723,Target,Yes,449,None,ADHD
724,Target,Yes,699,None,ADHD
725,Target,Yes,615,None,ADHD
726,Target,Yes,653,None,ADHD
727,Non-Target,No,0,None,ADHD
728,Non-Target,No,0,None,ADHD
729,Non-Target,No,0,None,ADHD
730,Non-Target,No,0,None,ADHD
731,Non-Target,No,0,None,ADHD
732,Non-Target,No,0,None,ADHD
733,Non-Target,Yes,612,Commission,ADHD
734,Target,Yes,471,None,ADHD
735,Target,Yes,587,None,ADHD
736,Non-Target,Yes,698,Commission,ADHD
737,Target,Yes,861,None,ADHD
738,Non-Target,No,0,None,ADHD
739,Target,Yes,722,None,ADHD
740,Target,Yes,783,None,ADHD
741,Non-Target,No,0,None,ADHD
742,Non-Target,No,0,None,ADHD
743,Target,Yes,588,None,ADHD
744,Target,Yes,579,None,ADHD
745,Non-Target,No,0,None,ADHD
746,Non-Target,Yes,459,Commission,ADHD
747,Non-Target,No,0,None,ADHD
748,Target,Yes,715,None,ADHD
749,Non-Target,No,0,None,ADHD
750,Non-Target,No,0,None,ADHD
751,Non-Target,Yes,381,Commission,ADHD
752,Non-Target,No,0,None,ADHD
753,Target,Yes,341,None,ADHD
754,Non-Target,No,0,None,ADHD
755,Non-Target,Yes,536,Commission,ADHD
756,Non-Target,No,0,None,ADHD
757,Target,Yes,593,None,ADHD
758,Non-Target,No,0,None,ADHD
759,Non-Target,Yes,640,Commission,ADHD
760,Non-Target,No,0,None,ADHD
761,Target,No,0,Omission,ADHD
762,Non-Target,No,0,None,ADHD
763,Non-Target,Yes,504,Commission,ADHD
764,Non-Target,No,0,None,ADHD
765,Non-Target,No,0,None,ADHD
766,Non-Target,No,0,None,ADHD
767,Non-Target,No,0,None,ADHD
768,Non-Target,No,0,None,ADHD
769,Target,Yes,394,None,ADHD
770,Non-Target,No,0,None,ADHD
771,Target,Yes,670,None,ADHD
772,Non-Target,No,0,None,ADHD
773,Non-Target,Yes,672,Commission,ADHD
774,Non-Target,No,0,None,ADHD
775,Non-Target,No,0,None,ADHD
776,Non-Target,No,0,None,ADHD
777,Non-Target,No,0,None,ADHD
778,Non-Target,No,0,None,ADHD
779,Target,Yes,718,None,ADHD
780,Target,Yes,629,None,ADHD
781,Target,Yes,612,None,ADHD
782,Target,Yes,550,None,ADHD
783,Non-Target,No,0,None,ADHD
784,Non-Target,No,0,None,ADHD
785,Non-Target,No,0,None,ADHD
786,Non-Target,No,0,None,ADHD
787,Non-Target,No,0,None,ADHD
788,Non-Target,No,0,None,ADHD
789,Target,No,0,Omission,ADHD
790,Non-Target,No,0,None,ADHD
791,Non-Target,No,0,None,ADHD
792,Non-Target,Yes,655,Commission,ADHD
793,Non-Target,No,0,None,ADHD
794,Non-Target,No,0,None,ADHD
795,Non-Target,No,0,None,ADHD
796,Target,Yes,604,None,ADHD
797,Target,Yes,747,None,ADHD
798,Non-Target,No,0,None,ADHD
799,Non-Target,No,0,None,ADHD
800,Non-Target,No,0,None,ADHD
801,Non-Target,Yes,593,Commission,ADHD
802,Non-Target,No,0,None,ADHD
803,Non-Target,No,0,None,ADHD
804,Target,Yes,1006,None,ADHD
805,Non-Target,No,0,None,ADHD
806,Target,No,0,Omission,ADHD
807,Non-Target,No,0,None,ADHD
808,Non-Target,No,0,None,ADHD
809,Target,Yes,509,None,ADHD
810,Target,No,0,Omission,ADHD
811,Target,No,0,Omission,ADHD
812,Non-Target,No,0,None,ADHD
813,Non-Target,No,0,None,ADHD
814,Non-Target,Yes,506,Commission,ADHD
815,Non-Target,No,0,None,ADHD
816,Target,No,0,Omission,ADHD
817,Non-Target,No,0,None,ADHD
818,Non-Target,No,0,None,ADHD
819,Target,Yes,475,None,ADHD
820,Non-Target,Yes,345,Commission,ADHD
821,Non-Target,No,0,None,ADHD
822,Non-Target,No,0,None,ADHD
823,Non-Target,No,0,None,ADHD
824,Non-Target,Yes,1013,Commission,ADHD
825,Non-Target,No,0,None,ADHD
826,Non-Target,Yes,567,Commission,ADHD
827,Target,Yes,731,None,ADHD
828,Non-Target,No,0,None,ADHD
829,Target,Yes,521,None,ADHD
830,Non-Target,No,0,None,ADHD
831,Non-Target,No,0,None,ADHD
832,Target,Yes,632,None,ADHD
833,Non-Target,No,0,None,ADHD
834,Target,No,0,Omission,ADHD
835,Non-Target,No,0,None,ADHD
836,Non-Target,No,0,None,ADHD
837,Non-Target,Yes,775,Commission,ADHD
838,Non-Target,No,0,None,ADHD
839,Non-Target,No,0,None,ADHD
840,Non-Target,No,0,None,ADHD
841,Non-Target,No,0,None,ADHD
842,Target,No,0,Omission,ADHD
843,Non-Target,No,0,None,ADHD
844,Non-Target,No,0,None,ADHD
845,Non-Target,Yes,665,Commission,ADHD
846,Non-Target,No,0,None,ADHD
847,Non-Target,No,0,None,ADHD
848,Non-Target,No,0,None,ADHD
849,Non-Target,No,0,None,ADHD
850,Non-Target,No,0,None,ADHD
851,Non-Target,No,0,None,ADHD
852,Non-Target,Yes,627,Commission,ADHD
853,Non-Target,No,0,None,ADHD
854,Non-Target,No,0,None,ADHD
855,Non-Target,No,0,None,ADHD
856,Non-Target,No,0,None,ADHD
857,Non-Target,No,0,None,ADHD
858,Non-Target,No,0,None,ADHD
859,Non-Target,No,0,None,ADHD
860,Non-Target,No,0,None,ADHD
861,Non-Target,Yes,387,Commission,ADHD
862,Non-Target,Yes,839,Commission,ADHD
863,Target,Yes,784,None,ADHD
864,Non-Target,No,0,None,ADHD
865,Non-Target,No,0,None,ADHD
866,Target,Yes,480,None,ADHD
867,Target,Yes,504,None,ADHD
868,Non-Target,No,0,None,ADHD
869,Target,Yes,859,None,ADHD
870,Non-Target,No,0,None,ADHD
871,Non-Target,No,0,None,ADHD
872,Non-Target,No,0,None,ADHD
873,Non-Target,No,0,None,ADHD
874,Non-Target,No,0,None,ADHD
875,Target,Yes,844,None,ADHD
876,Non-Target,No,0,None,ADHD
877,Target,No,0,Omission,ADHD
878,Non-Target,No,0,None,ADHD
879,Non-Target,Yes,362,Commission,ADHD
880,Non-Target,No,0,None,ADHD
881,Non-Target,No,0,None,ADHD
882,Non-Target,Yes,597,Commission,ADHD
883,Non-Target,No,0,None,ADHD
884,Non-Target,No,0,None,ADHD
885,Non-Target,No,0,None,ADHD
886,Non-Target,No,0,None,ADHD
887,Target,Yes,694,None,ADHD
888,Non-Target,Yes,491,Commission,ADHD
889,Non-Target,No,0,None,ADHD
890,Non-Target,No,0,None,ADHD
891,Non-Target,No,0,None,ADHD
892,Target,Yes,746,None,ADHD
893,Non-Target,No,0,None,ADHD
894,Target,Yes,397,None,ADHD
895,Target,Yes,695,None,ADHD
896,Target,Yes,499,None,ADHD
897,Target,Yes,601,None,ADHD
898,Target,Yes,615,None,ADHD
899,Non-Target,No,0,None,ADHD
900,Non-Target,No,0,None,ADHD
901,Non-Target,No,0,None,ADHD
902,Non-Target,No,0,None,ADHD
903,Non-Target,No,0,None,ADHD
904,Non-Target,No,0,None,ADHD
905,Non-Target,No,0,None,ADHD
906,Non-Target,No,0,None,ADHD
907,Non-Target,No,0,None,ADHD
908,Non-Target,No,0,None,ADHD
909,Non-Target,No,0,None,ADHD
910,Non-Target,No,0,None,ADHD
911,Non-Target,No,0,None,ADHD
912,Non-Target,No,0,None,ADHD
913,Non-Target,No,0,None,ADHD
914,Target,Yes,353,None,ADHD
915,Non-Target,No,0,None,ADHD
916,Non-Target,No,0,None,ADHD
917,Non-Target,Yes,806,Commission,ADHD
918,Target,Yes,576,None,ADHD
919,Target,No,0,Omission,ADHD
920,Non-Target,No,0,None,ADHD
921,Target,Yes,779,None,ADHD
922,Target,Yes,734,None,ADHD
923,Target,Yes,663,None,ADHD
924,Non-Target,No,0,None,ADHD
925,Non-Target,No,0,None,ADHD
926,Target,Yes,689,None,ADHD
927,Non-Target,Yes,245,Commission,ADHD
928,Non-Target,No,0,None,ADHD
929,Non-Target,No,0,None,ADHD
930,Non-Target,No,0,None,ADHD
931,Non-Target,No,0,None,ADHD
932,Non-Target,No,0,None,ADHD
933,Non-Target,No,0,None,ADHD
934,Target,Yes,248,None,ADHD
935,Non-Target,No,0,None,ADHD
936,Non-Target,No,0,None,ADHD
937,Non-Target,No,0,None,ADHD
938,Non-Target,No,0,None,ADHD
939,Non-Target,No,0,None,ADHD
940,Target,Yes,359,None,ADHD
941,Non-Target,Yes,654,Commission,ADHD
942,Non-Target,No,0,None,ADHD
943,Non-Target,No,0,None,ADHD
944,Target,Yes,427,None,ADHD
945,Target,Yes,726,None,ADHD
946,Target,Yes,610,None,ADHD
947,Non-Target,No,0,None,ADHD
948,Target,Yes,592,None,ADHD
949,Non-Target,No,0,None,ADHD
950,Non-Target,No,0,None,ADHD
951,Target,No,0,Omission,ADHD
952,Non-Target,No,0,None,ADHD
953,Non-Target,No,0,None,ADHD
954,Non-Target,No,0,None,ADHD
955,Target,Yes,464,None,ADHD
956,Target,Yes,860,None,ADHD
957,Non-Target,No,0,None,ADHD
958,Non-Target,No,0,None,ADHD
959,Non-Target,No,0,None,ADHD
960,Non-Target,No,0,None,ADHD
961,Non-Target,No,0,None,ADHD
962,Non-Target,No,0,None,ADHD
963,Non-Target,No,0,None,ADHD
964,Non-Target,Yes,496,Commission,ADHD
965,Target,Yes,537,None,ADHD
966,Target,Yes,846,None,ADHD
967,Non-Target,No,0,None,ADHD
968,Non-Target,No,0,None,ADHD
969,Target,Yes,877,None,ADHD
970,Non-Target,No,0,None,ADHD
971,Non-Target,No,0,None,ADHD
972,Target,No,0,Omission,ADHD
973,Non-Target,No,0,None,ADHD
974,Non-Target,No,0,None,ADHD
975,Non-Target,Yes,747,Commission,ADHD
976,Non-Target,No,0,None,ADHD
977,Non-Target,No,0,None,ADHD
978,Target,Yes,623,None,ADHD
979,Non-Target,No,0,None,ADHD
980,Target,Yes,620,None,ADHD
981,Non-Target,No,0,None,ADHD
982,Non-Target,No,0,None,ADHD
983,Target,No,0,Omission,ADHD
984,Target,Yes,363,None,ADHD
985,Target,Yes,436,None,ADHD
986,Non-Target,No,0,None,ADHD
987,Non-Target,Yes,616,Commission,ADHD
988,Target,Yes,544,None,ADHD
989,Target,No,0,Omission,ADHD
990,Non-Target,No,0,None,ADHD
991,Non-Target,No,0,None,ADHD
992,Non-Target,No,0,None,ADHD
993,Non-Target,Yes,186,Commission,ADHD
994,Non-Target,No,0,None,ADHD
995,Target,Yes,718,None,ADHD
996,Target,Yes,721,None,ADHD
997,Target,Yes,451,None,ADHD
998,Target,No,0,Omission,ADHD
999,Target,Yes,486,None,ADHD
1000,Non-Target,No,0,None,ADHD
1001,Non-Target,Yes,695,Commission,ADHD
1002,Non-Target,No,0,None,ADHD
1003,Non-Target,No,0,None,ADHD
1004,Non-Target,No,0,None,ADHD
1005,Non-Target,No,0,None,ADHD
1006,Non-Target,No,0,None,ADHD
1007,Non-Target,No,0,None,ADHD
1008,Target,Yes,660,None,ADHD
1009,Non-Target,No,0,None,ADHD
1010,Non-Target,No,0,None,ADHD
1011,Non-Target,No,0,None,ADHD
1012,Non-Target,Yes,520,Commission,ADHD
1013,Non-Target,No,0,None,ADHD
1014,Target,Yes,432,None,ADHD
1015,Non-Target,Yes,730,Commission,ADHD
1016,Non-Target,No,0,None,ADHD
1017,Target,Yes,615,None,ADHD
1018,Target,Yes,290,None,ADHD
1019,Non-Target,No,0,None,ADHD
1020,Target,Yes,531,None,ADHD
1021,Non-Target,No,0,None,ADHD
1022,Non-Target,No,0,None,ADHD
1023,Non-Target,No,0,None,ADHD
1024,Target,Yes,848,None,ADHD
1025,Non-Target,No,0,None,ADHD
1026,Non-Target,Yes,722,Commission,ADHD
1027,Target,Yes,634,None,ADHD
1028,Target,No,0,Omission,ADHD
1029,Non-Target,No,0,None,ADHD
1030,Non-Target,No,0,None,ADHD
1031,Non-Target,No,0,None,ADHD
1032,Non-Target,No,0,None,ADHD
1033,Target,No,0,Omission,ADHD
1034,Non-Target,No,0,None,ADHD
1035,Target,Yes,848,None,ADHD
1036,Non-Target,No,0,None,ADHD
1037,Non-Target,No,0,None,ADHD
1038,Non-Target,No,0,None,ADHD
1039,Non-Target,No,0,None,ADHD
1040,Non-Target,No,0,None,ADHD
1041,Target,Yes,773,None,ADHD
1042,Non-Target,No,0,None,ADHD
1043,Target,Yes,472,None,ADHD
1044,Non-Target,Yes,630,Commission,ADHD
1045,Target,Yes,771,None,ADHD
1046,Non-Target,Yes,827,Commission,ADHD
1047,Non-Target,No,0,None,ADHD
1048,Non-Target,No,0,None,ADHD
1049,Non-Target,No,0,None,ADHD
1050,Target,Yes,765,None,ADHD
1051,Non-Target,No,0,None,ADHD
1052,Target,Yes,598,None,ADHD
1053,Non-Target,No,0,None,ADHD
1054,Target,Yes,667,None,ADHD
1055,Non-Target,No,0,None,ADHD
1056,Non-Target,No,0,None,ADHD
1057,Non-Target,No,0,None,ADHD
1058,Target,Yes,462,None,ADHD
1059,Non-Target,No,0,None,ADHD
1060,Non-Target,No,0,None,ADHD
1061,Non-Target,No,0,None,ADHD
1062,Non-Target,No,0,None,ADHD
1063,Non-Target,Yes,531,Commission,ADHD
1064,Non-Target,No,0,None,ADHD
1065,Non-Target,No,0,None,ADHD
1066,Non-Target,No,0,None,ADHD
1067,Non-Target,No,0,None,ADHD
1068,Target,Yes,284,None,ADHD
1069,Target,Yes,650,None,ADHD
1070,Target,Yes,360,None,ADHD
1071,Non-Target,No,0,None,ADHD
1072,Non-Target,No,0,None,ADHD
1073,Target,Yes,819,None,ADHD
1074,Target,Yes,741,None,ADHD
1075,Non-Target,Yes,814,Commission,ADHD
1076,Non-Target,No,0,None,ADHD
1077,Non-Target,No,0,None,ADHD
1078,Non-Target,No,0,None,ADHD
1079,Target,Yes,560,None,ADHD
1080,Target,Yes,665,None,ADHD
1081,Target,Yes,571,None,ADHD
1082,Target,Yes,733,None,ADHD
1083,Target,Yes,301,None,ADHD
1084,Non-Target,No,0,None,ADHD
1085,Non-Target,No,0,None,ADHD
1086,Non-Target,No,0,None,ADHD
1087,Non-Target,No,0,None,ADHD
1088,Non-Target,No,0,None,ADHD
1089,Non-Target,No,0,None,ADHD
1090,Non-Target,No,0,None,ADHD
1091,Non-Target,Yes,699,Commission,ADHD
1092,Non-Target,No,0,None,ADHD
1093,Non-Target,No,0,None,ADHD
1094,Target,Yes,537,None,ADHD
1095,Non-Target,No,0,None,ADHD
1096,Target,Yes,607,None,ADHD
1097,Non-Target,No,0,None,ADHD
1098,Non-Target,No,0,None,ADHD
1099,Target,Yes,722,None,ADHD
1100,Non-Target,No,0,None,ADHD
1101,Non-Target,No,0,None,ADHD
1102,Target,Yes,630,None,ADHD
1103,Non-Target,Yes,583,Commission,ADHD
1104,Non-Target,No,0,None,ADHD
1105,Target,Yes,722,None,ADHD
1106,Target,No,0,Omission,ADHD
1107,Target,No,0,Omission,ADHD
1108,Non-Target,Yes,571,Commission,ADHD
1109,Target,Yes,594,None,ADHD
1110,Non-Target,No,0,None,ADHD
1111,Non-Target,No,0,None,ADHD
1112,Target,Yes,588,None,ADHD
1113,Non-Target,No,0,None,ADHD
1114,Target,Yes,358,None,ADHD
1115,Target,Yes,566,None,ADHD
1116,Target,Yes,590,None,ADHD
1117,Non-Target,No,0,None,ADHD
1118,Target,No,0,Omission,ADHD
1119,Non-Target,No,0,None,ADHD
1120,Non-Target,No,0,None,ADHD
1121,Non-Target,No,0,None,ADHD
1122,Non-Target,No,0,None,ADHD
1123,Target,Yes,843,None,ADHD
1124,Target,Yes,690,None,ADHD
1125,Target,Yes,585,None,ADHD
1126,Non-Target,No,0,None,ADHD
1127,Non-Target,No,0,None,ADHD
1128,Non-Target,Yes,712,Commission,ADHD
1129,Non-Target,No,0,None,ADHD
1130,Non-Target,No,0,None,ADHD
1131,Non-Target,No,0,None,ADHD
1132,Target,Yes,603,None,ADHD
1133,Non-Target,No,0,None,ADHD
1134,Non-Target,Yes,665,Commission,ADHD
1135,Non-Target,No,0,None,ADHD
1136,Non-Target,No,0,None,ADHD
1137,Non-Target,Yes,768,Commission,ADHD
1138,Non-Target,No,0,None,ADHD
1139,Non-Target,No,0,None,ADHD
1140,Non-Target,No,0,None,ADHD
1141,Non-Target,Yes,764,Commission,ADHD
1142,Non-Target,No,0,None,ADHD
1143,Target,Yes,372,None,ADHD
1144,Non-Target,No,0,None,ADHD
1145,Non-Target,No,0,None,ADHD
1146,Non-Target,No,0,None,ADHD
1147,Non-Target,Yes,672,Commission,ADHD
1148,Non-Target,No,0,None,ADHD
1149,Non-Target,No,0,None,ADHD
1150,Target,Yes,439,None,ADHD
1151,Target,Yes,543,None,ADHD
1152,Non-Target,Yes,500,Commission,ADHD
1153,Non-Target,No,0,None,ADHD
1154,Non-Target,No,0,None,ADHD
1155,Target,Yes,440,None,ADHD
1156,Target,Yes,560,None,ADHD
1157,Non-Target,No,0,None,ADHD
1158,Non-Target,No,0,None,ADHD
1159,Non-Target,No,0,None,ADHD
1160,Non-Target,No,0,None,ADHD
1161,Non-Target,No,0,None,ADHD
1162,Non-Target,Yes,705,Commission,ADHD
1163,Target,Yes,678,None,ADHD
1164,Non-Target,No,0,None,ADHD
1165,Non-Target,Yes,530,Commission,ADHD
1166,Non-Target,No,0,None,ADHD
1167,Target,No,0,Omission,ADHD
1168,Non-Target,No,0,None,ADHD
1169,Non-Target,No,0,None,ADHD
1170,Non-Target,No,0,None,ADHD
1171,Target,Yes,603,None,ADHD
1172,Non-Target,No,0,None,ADHD
1173,Non-Target,No,0,None,ADHD
1174,Target,Yes,903,None,ADHD
1175,Non-Target,No,0,None,ADHD
1176,Non-Target,No,0,None,ADHD
1177,Target,Yes,600,None,ADHD
1178,Non-Target,No,0,None,ADHD
1179,Non-Target,No,0,None,ADHD
1180,Non-Target,No,0,None,ADHD
1181,Target,Yes,439,None,ADHD
1182,Non-Target,No,0,None,ADHD
1183,Target,Yes,685,None,ADHD
1184,Non-Target,No,0,None,ADHD
1185,Non-Target,No,0,None,ADHD
1186,Non-Target,Yes,593,Commission,ADHD
1187,Non-Target,No,0,None,ADHD
1188,Non-Target,No,0,None,ADHD
1189,Non-Target,No,0,None,ADHD
1190,Non-Target,No,0,None,ADHD
1191,Non-Target,No,0,None,ADHD
1192,Target,Yes,898,None,ADHD
1193,Non-Target,No,0,None,ADHD
1194,Target,Yes,624,None,ADHD
1195,Target,Yes,519,None,ADHD
1196,Non-Target,Yes,429,Commission,ADHD
1197,Target,Yes,735,None,ADHD
1198,Target,No,0,Omission,ADHD
1199,Non-Target,No,0,None,ADHD
1200,Non-Target,No,0,None,ADHD
