Trial,StimulusType,Reaction,ReactionTime(ms),ErrorType,Label
1,Non-Target,No,0,None,ADHD
2,Target,Yes,656,None,ADHD
3,Non-Target,Yes,637,Commission,ADHD
4,Target,No,0,Omission,ADHD
5,Non-Target,No,0,None,ADHD
6,Non-Target,No,0,None,ADHD
7,Non-Target,No,0,None,ADHD
8,Non-Target,No,0,None,ADHD
9,Non-Target,No,0,None,ADHD
10,Non-Target,No,0,None,ADHD
11,Target,Yes,992,None,ADHD
12,Target,Yes,657,None,ADHD
13,Non-Target,Yes,872,Commission,ADHD
14,Non-Target,No,0,None,ADHD
15,Non-Target,No,0,None,ADHD
16,Non-Target,No,0,None,ADHD
17,Target,Yes,1006,None,ADHD
18,Non-Target,No,0,None,ADHD
19,Non-Target,Yes,634,Commission,ADHD
20,Non-Target,Yes,550,Commission,ADHD
21,Non-Target,No,0,None,ADHD
22,Non-Target,No,0,None,ADHD
23,Target,Yes,937,None,ADHD
24,Target,No,0,Omission,ADHD
25,Target,Yes,879,None,ADHD
26,Non-Target,No,0,None,ADHD
27,Non-Target,No,0,None,ADHD
28,Non-Target,No,0,None,ADHD
29,Non-Target,No,0,None,ADHD
30,Non-Target,Yes,970,Commission,ADHD
31,Target,Yes,922,None,ADHD
32,Non-Target,No,0,None,ADHD
33,Non-Target,Yes,828,Commission,ADHD
34,Non-Target,No,0,None,ADHD
35,Non-Target,No,0,None,ADHD
36,Target,No,0,Omission,ADHD
37,Non-Target,No,0,None,ADHD
38,Non-Target,No,0,None,ADHD
39,Target,No,0,Omission,ADHD
40,Non-Target,No,0,None,ADHD
41,Target,Yes,766,None,ADHD
42,Target,Yes,800,None,ADHD
43,Non-Target,No,0,None,ADHD
44,Non-Target,Yes,880,Commission,ADHD
45,Target,Yes,911,None,ADHD
46,Non-Target,No,0,None,ADHD
47,Target,Yes,663,None,ADHD
48,Target,Yes,731,None,ADHD
49,Non-Target,No,0,None,ADHD
50,Non-Target,No,0,None,ADHD
51,Non-Target,Yes,807,Commission,ADHD
52,Target,Yes,1039,None,ADHD
53,Target,Yes,623,None,ADHD
54,Non-Target,No,0,None,ADHD
55,Non-Target,Yes,750,Commission,ADHD
56,Non-Target,No,0,None,ADHD
57,Non-Target,No,0,None,ADHD
58,Target,Yes,650,None,ADHD
59,Non-Target,No,0,None,ADHD
60,Non-Target,No,0,None,ADHD
61,Non-Target,No,0,None,ADHD
62,Target,Yes,637,None,ADHD
63,Non-Target,No,0,None,ADHD
64,Non-Target,No,0,None,ADHD
65,Non-Target,No,0,None,ADHD
66,Non-Target,No,0,None,ADHD
67,Target,Yes,533,None,ADHD
68,Non-Target,No,0,None,ADHD
69,Target,No,0,Omission,ADHD
70,Non-Target,No,0,None,ADHD
71,Non-Target,Yes,762,Commission,ADHD
72,Non-Target,No,0,None,ADHD
73,Target,Yes,652,None,ADHD
74,Target,No,0,Omission,ADHD
75,Target,No,0,Omission,ADHD
76,Non-Target,Yes,810,Commission,ADHD
77,Non-Target,No,0,None,ADHD
78,Non-Target,No,0,None,ADHD
79,Non-Target,No,0,None,ADHD
80,Target,Yes,792,None,ADHD
81,Non-Target,No,0,None,ADHD
82,Non-Target,No,0,None,ADHD
83,Target,Yes,1020,None,ADHD
84,Non-Target,Yes,689,Commission,ADHD
85,Non-Target,No,0,None,ADHD
86,Target,Yes,549,None,ADHD
87,Non-Target,No,0,None,ADHD
88,Target,Yes,868,None,ADHD
89,Non-Target,Yes,774,Commission,ADHD
90,Non-Target,No,0,None,ADHD
91,Target,Yes,632,None,ADHD
92,Non-Target,No,0,None,ADHD
93,Non-Target,No,0,None,ADHD
94,Non-Target,No,0,None,ADHD
95,Non-Target,No,0,None,ADHD
96,Non-Target,Yes,984,Commission,ADHD
97,Non-Target,No,0,None,ADHD
98,Non-Target,No,0,None,ADHD
99,Non-Target,Yes,734,Commission,ADHD
100,Target,Yes,657,None,ADHD
101,Target,Yes,624,None,ADHD
102,Non-Target,No,0,None,ADHD
103,Target,Yes,683,None,ADHD
104,Non-Target,No,0,None,ADHD
105,Target,Yes,744,None,ADHD
106,Non-Target,No,0,None,ADHD
107,Non-Target,No,0,None,ADHD
108,Non-Target,No,0,None,ADHD
109,Non-Target,No,0,None,ADHD
110,Non-Target,No,0,None,ADHD
111,Target,Yes,707,None,ADHD
112,Target,Yes,740,None,ADHD
113,Non-Target,No,0,None,ADHD
114,Target,No,0,Omission,ADHD
115,Non-Target,No,0,None,ADHD
116,Non-Target,No,0,None,ADHD
117,Target,Yes,945,None,ADHD
118,Non-Target,No,0,None,ADHD
119,Target,No,0,Omission,ADHD
120,Non-Target,No,0,None,ADHD
121,Target,No,0,Omission,ADHD
122,Non-Target,No,0,None,ADHD
123,Target,Yes,715,None,ADHD
124,Target,Yes,795,None,ADHD
125,Non-Target,No,0,None,ADHD
126,Non-Target,Yes,920,Commission,ADHD
127,Non-Target,No,0,None,ADHD
128,Target,Yes,739,None,ADHD
129,Target,No,0,Omission,ADHD
130,Non-Target,Yes,826,Commission,ADHD
131,Target,Yes,996,None,ADHD
132,Non-Target,Yes,892,Commission,ADHD
133,Non-Target,No,0,None,ADHD
134,Non-Target,No,0,None,ADHD
135,Target,Yes,685,None,ADHD
136,Non-Target,Yes,787,Commission,ADHD
137,Non-Target,No,0,None,ADHD
138,Non-Target,No,0,None,ADHD
139,Target,Yes,904,None,ADHD
140,Non-Target,No,0,None,ADHD
141,Non-Target,Yes,913,Commission,ADHD
142,Non-Target,No,0,None,ADHD
143,Non-Target,No,0,None,ADHD
144,Non-Target,No,0,None,ADHD
145,Non-Target,No,0,None,ADHD
146,Non-Target,No,0,None,ADHD
147,Target,No,0,Omission,ADHD
148,Non-Target,No,0,None,ADHD
149,Non-Target,No,0,None,ADHD
150,Target,Yes,868,None,ADHD
151,Target,Yes,942,None,ADHD
152,Non-Target,Yes,718,Commission,ADHD
153,Non-Target,Yes,806,Commission,ADHD
154,Target,Yes,332,None,ADHD
155,Non-Target,No,0,None,ADHD
156,Non-Target,No,0,None,ADHD
157,Target,Yes,951,None,ADHD
158,Non-Target,No,0,None,ADHD
159,Non-Target,No,0,None,ADHD
160,Non-Target,No,0,None,ADHD
161,Target,Yes,965,None,ADHD
162,Non-Target,No,0,None,ADHD
163,Non-Target,No,0,None,ADHD
164,Target,Yes,1067,None,ADHD
165,Target,No,0,Omission,ADHD
166,Target,No,0,Omission,ADHD
167,Target,Yes,749,None,ADHD
168,Non-Target,No,0,None,ADHD
169,Target,Yes,820,None,ADHD
170,Non-Target,No,0,None,ADHD
171,Non-Target,No,0,None,ADHD
172,Target,Yes,803,None,ADHD
173,Non-Target,Yes,1071,Commission,ADHD
174,Target,Yes,954,None,ADHD
175,Target,Yes,619,None,ADHD
176,Non-Target,No,0,None,ADHD
177,Target,Yes,887,None,ADHD
178,Target,Yes,693,None,ADHD
179,Non-Target,Yes,637,Commission,ADHD
180,Non-Target,No,0,None,ADHD
181,Non-Target,No,0,None,ADHD
182,Non-Target,No,0,None,ADHD
183,Non-Target,No,0,None,ADHD
184,Target,Yes,539,None,ADHD
185,Non-Target,No,0,None,ADHD
186,Non-Target,No,0,None,ADHD
187,Non-Target,No,0,None,ADHD
188,Non-Target,No,0,None,ADHD
189,Non-Target,No,0,None,ADHD
190,Non-Target,No,0,None,ADHD
191,Target,Yes,763,None,ADHD
192,Non-Target,No,0,None,ADHD
193,Target,Yes,636,None,ADHD
194,Non-Target,No,0,None,ADHD
195,Target,Yes,794,None,ADHD
196,Non-Target,No,0,None,ADHD
197,Non-Target,Yes,686,Commission,ADHD
198,Non-Target,No,0,None,ADHD
199,Target,No,0,Omission,ADHD
200,Non-Target,Yes,813,Commission,ADHD
201,Target,Yes,829,None,ADHD
202,Target,Yes,672,None,ADHD
203,Non-Target,No,0,None,ADHD
204,Non-Target,No,0,None,ADHD
205,Target,Yes,813,None,ADHD
206,Non-Target,No,0,None,ADHD
207,Non-Target,Yes,782,Commission,ADHD
208,Non-Target,Yes,676,Commission,ADHD
209,Non-Target,No,0,None,ADHD
210,Non-Target,No,0,None,ADHD
211,Target,Yes,810,None,ADHD
212,Target,Yes,799,None,ADHD
213,Non-Target,No,0,None,ADHD
214,Non-Target,No,0,None,ADHD
215,Non-Target,No,0,None,ADHD
216,Non-Target,No,0,None,ADHD
217,Non-Target,No,0,None,ADHD
218,Target,Yes,773,None,ADHD
219,Non-Target,No,0,None,ADHD
220,Non-Target,Yes,810,Commission,ADHD
221,Non-Target,No,0,None,ADHD
222,Target,Yes,699,None,ADHD
223,Non-Target,No,0,None,ADHD
224,Target,Yes,726,None,ADHD
225,Non-Target,No,0,None,ADHD
226,Non-Target,No,0,None,ADHD
227,Non-Target,No,0,None,ADHD
228,Target,Yes,674,None,ADHD
229,Target,No,0,Omission,ADHD
230,Target,Yes,736,None,ADHD
231,Target,Yes,784,None,ADHD
232,Target,No,0,Omission,ADHD
233,Target,Yes,787,None,ADHD
234,Non-Target,Yes,1052,Commission,ADHD
235,Non-Target,No,0,None,ADHD
236,Non-Target,No,0,None,ADHD
237,Non-Target,No,0,None,ADHD
238,Target,Yes,740,None,ADHD
239,Target,Yes,997,None,ADHD
240,Target,Yes,956,None,ADHD
241,Non-Target,Yes,926,Commission,ADHD
242,Non-Target,Yes,1077,Commission,ADHD
243,Non-Target,No,0,None,ADHD
244,Target,No,0,Omission,ADHD
245,Target,Yes,884,None,ADHD
246,Target,Yes,871,None,ADHD
247,Non-Target,No,0,None,ADHD
248,Non-Target,No,0,None,ADHD
249,Non-Target,No,0,None,ADHD
250,Target,No,0,Omission,ADHD
251,Non-Target,No,0,None,ADHD
252,Non-Target,No,0,None,ADHD
253,Non-Target,No,0,None,ADHD
254,Non-Target,No,0,None,ADHD
255,Target,Yes,802,None,ADHD
256,Non-Target,No,0,None,ADHD
257,Non-Target,Yes,880,Commission,ADHD
258,Target,No,0,Omission,ADHD
259,Non-Target,No,0,None,ADHD
260,Target,Yes,1060,None,ADHD
261,Non-Target,No,0,None,ADHD
262,Target,Yes,729,None,ADHD
263,Non-Target,No,0,None,ADHD
264,Non-Target,No,0,None,ADHD
265,Non-Target,No,0,None,ADHD
266,Non-Target,No,0,None,ADHD
267,Non-Target,No,0,None,ADHD
268,Non-Target,No,0,None,ADHD
269,Non-Target,No,0,None,ADHD
270,Non-Target,No,0,None,ADHD
271,Non-Target,No,0,None,ADHD
272,Non-Target,No,0,None,ADHD
273,Non-Target,No,0,None,ADHD
274,Non-Target,No,0,None,ADHD
275,Non-Target,No,0,None,ADHD
276,Target,No,0,Omission,ADHD
277,Non-Target,No,0,None,ADHD
278,Non-Target,No,0,None,ADHD
279,Target,Yes,688,None,ADHD
280,Non-Target,No,0,None,ADHD
281,Target,Yes,685,None,ADHD
282,Non-Target,No,0,None,ADHD
283,Non-Target,No,0,None,ADHD
284,Non-Target,No,0,None,ADHD
285,Non-Target,No,0,None,ADHD
286,Non-Target,No,0,None,ADHD
287,Non-Target,Yes,835,Commission,ADHD
288,Target,No,0,Omission,ADHD
289,Non-Target,No,0,None,ADHD
290,Non-Target,No,0,None,ADHD
291,Target,Yes,698,None,ADHD
292,Target,Yes,630,None,ADHD
293,Target,Yes,689,None,ADHD
294,Target,Yes,898,None,ADHD
295,Target,Yes,1002,None,ADHD
296,Non-Target,No,0,None,ADHD
297,Target,Yes,735,None,ADHD
298,Non-Target,Yes,750,Commission,ADHD
299,Non-Target,No,0,None,ADHD
300,Non-Target,No,0,None,ADHD
301,Target,Yes,885,None,ADHD
302,Non-Target,No,0,None,ADHD
303,Target,No,0,Omission,ADHD
304,Non-Target,No,0,None,ADHD
305,Non-Target,No,0,None,ADHD
306,Non-Target,No,0,None,ADHD
307,Non-Target,No,0,None,ADHD
308,Target,Yes,627,None,ADHD
309,Non-Target,No,0,None,ADHD
310,Target,No,0,Omission,ADHD
311,Target,Yes,564,None,ADHD
312,Non-Target,No,0,None,ADHD
313,Target,Yes,922,None,ADHD
314,Non-Target,No,0,None,ADHD
315,Non-Target,No,0,None,ADHD
316,Non-Target,No,0,None,ADHD
317,Non-Target,No,0,None,ADHD
318,Non-Target,No,0,None,ADHD
319,Non-Target,Yes,1020,Commission,ADHD
320,Non-Target,No,0,None,ADHD
321,Non-Target,No,0,None,ADHD
322,Non-Target,No,0,None,ADHD
323,Non-Target,No,0,None,ADHD
324,Target,Yes,752,None,ADHD
325,Non-Target,No,0,None,ADHD
326,Non-Target,No,0,None,ADHD
327,Non-Target,No,0,None,ADHD
328,Non-Target,No,0,None,ADHD
329,Non-Target,No,0,None,ADHD
330,Target,Yes,727,None,ADHD
331,Non-Target,Yes,697,Commission,ADHD
332,Non-Target,No,0,None,ADHD
333,Target,Yes,787,None,ADHD
334,Target,No,0,Omission,ADHD
335,Target,No,0,Omission,ADHD
336,Non-Target,Yes,605,Commission,ADHD
337,Target,Yes,608,None,ADHD
338,Non-Target,No,0,None,ADHD
339,Non-Target,No,0,None,ADHD
340,Non-Target,Yes,888,Commission,ADHD
341,Non-Target,No,0,None,ADHD
342,Non-Target,Yes,799,Commission,ADHD
343,Non-Target,No,0,None,ADHD
344,Non-Target,No,0,None,ADHD
345,Target,Yes,909,None,ADHD
346,Target,Yes,575,None,ADHD
347,Non-Target,No,0,None,ADHD
348,Target,Yes,783,None,ADHD
349,Non-Target,No,0,None,ADHD
350,Non-Target,No,0,None,ADHD
351,Non-Target,No,0,None,ADHD
352,Non-Target,Yes,893,Commission,ADHD
353,Non-Target,No,0,None,ADHD
354,Non-Target,No,0,None,ADHD
355,Non-Target,No,0,None,ADHD
356,Non-Target,No,0,None,ADHD
357,Non-Target,Yes,443,Commission,ADHD
358,Non-Target,No,0,None,ADHD
359,Non-Target,No,0,None,ADHD
360,Non-Target,Yes,1074,Commission,ADHD
361,Non-Target,No,0,None,ADHD
362,Target,Yes,693,None,ADHD
363,Non-Target,No,0,None,ADHD
364,Target,No,0,Omission,ADHD
365,Non-Target,No,0,None,ADHD
366,Non-Target,No,0,None,ADHD
367,Non-Target,Yes,1129,Commission,ADHD
368,Non-Target,No,0,None,ADHD
369,Target,No,0,Omission,ADHD
370,Target,No,0,Omission,ADHD
371,Target,Yes,783,None,ADHD
372,Non-Target,No,0,None,ADHD
373,Non-Target,No,0,None,ADHD
374,Non-Target,No,0,None,ADHD
375,Target,Yes,870,None,ADHD
376,Non-Target,No,0,None,ADHD
377,Target,No,0,Omission,ADHD
378,Non-Target,No,0,None,ADHD
379,Target,Yes,565,None,ADHD
380,Non-Target,No,0,None,ADHD
381,Non-Target,No,0,None,ADHD
382,Target,No,0,Omission,ADHD
383,Target,No,0,Omission,ADHD
384,Non-Target,No,0,None,ADHD
385,Non-Target,Yes,775,Commission,ADHD
386,Target,Yes,697,None,ADHD
387,Non-Target,Yes,718,Commission,ADHD
388,Non-Target,Yes,761,Commission,ADHD
389,Target,Yes,664,None,ADHD
390,Non-Target,Yes,725,Commission,ADHD
391,Non-Target,Yes,628,Commission,ADHD
392,Non-Target,No,0,None,ADHD
393,Non-Target,Yes,769,Commission,ADHD
394,Non-Target,Yes,640,Commission,ADHD
395,Non-Target,No,0,None,ADHD
396,Non-Target,Yes,818,Commission,ADHD
397,Target,Yes,627,None,ADHD
398,Non-Target,Yes,848,Commission,ADHD
399,Non-Target,No,0,None,ADHD
400,Target,Yes,700,None,ADHD
401,Non-Target,Yes,795,Commission,ADHD
402,Non-Target,No,0,None,ADHD
403,Non-Target,Yes,868,Commission,ADHD
404,Non-Target,No,0,None,ADHD
405,Non-Target,No,0,None,ADHD
406,Non-Target,No,0,None,ADHD
407,Non-Target,No,0,None,ADHD
408,Non-Target,No,0,None,ADHD
409,Non-Target,Yes,828,Commission,ADHD
410,Non-Target,No,0,None,ADHD
411,Non-Target,No,0,None,ADHD
412,Non-Target,No,0,None,ADHD
413,Non-Target,No,0,None,ADHD
414,Target,Yes,820,None,ADHD
415,Non-Target,No,0,None,ADHD
416,Non-Target,No,0,None,ADHD
417,Non-Target,No,0,None,ADHD
418,Non-Target,No,0,None,ADHD
419,Non-Target,No,0,None,ADHD
420,Non-Target,No,0,None,ADHD
421,Non-Target,No,0,None,ADHD
422,Non-Target,No,0,None,ADHD
423,Target,Yes,976,None,ADHD
424,Non-Target,No,0,None,ADHD
425,Target,Yes,885,None,ADHD
426,Target,No,0,Omission,ADHD
427,Non-Target,No,0,None,ADHD
428,Non-Target,No,0,None,ADHD
429,Non-Target,No,0,None,ADHD
430,Target,Yes,927,None,ADHD
431,Target,Yes,844,None,ADHD
432,Non-Target,No,0,None,ADHD
433,Non-Target,No,0,None,ADHD
434,Target,Yes,800,None,ADHD
435,Non-Target,No,0,None,ADHD
436,Target,Yes,881,None,ADHD
437,Non-Target,No,0,None,ADHD
438,Non-Target,No,0,None,ADHD
439,Non-Target,No,0,None,ADHD
440,Target,Yes,731,None,ADHD
441,Target,Yes,743,None,ADHD
442,Non-Target,No,0,None,ADHD
443,Non-Target,No,0,None,ADHD
444,Non-Target,No,0,None,ADHD
445,Target,Yes,1064,None,ADHD
446,Target,Yes,889,None,ADHD
447,Non-Target,No,0,None,ADHD
448,Non-Target,No,0,None,ADHD
449,Non-Target,No,0,None,ADHD
450,Non-Target,No,0,None,ADHD
451,Non-Target,No,0,None,ADHD
452,Target,Yes,750,None,ADHD
453,Non-Target,No,0,None,ADHD
454,Non-Target,No,0,None,ADHD
455,Non-Target,No,0,None,ADHD
456,Non-Target,No,0,None,ADHD
457,Target,Yes,753,None,ADHD
458,Target,Yes,903,None,ADHD
459,Non-Target,No,0,None,ADHD
460,Non-Target,No,0,None,ADHD
461,Target,Yes,810,None,ADHD
462,Non-Target,No,0,None,ADHD
463,Target,No,0,Omission,ADHD
464,Non-Target,No,0,None,ADHD
465,Non-Target,No,0,None,ADHD
466,Non-Target,No,0,None,ADHD
467,Non-Target,No,0,None,ADHD
468,Non-Target,No,0,None,ADHD
469,Target,Yes,1035,None,ADHD
470,Target,Yes,757,None,ADHD
471,Non-Target,No,0,None,ADHD
472,Target,Yes,855,None,ADHD
473,Non-Target,No,0,None,ADHD
474,Target,Yes,1052,None,ADHD
475,Non-Target,No,0,None,ADHD
476,Non-Target,No,0,None,ADHD
477,Non-Target,No,0,None,ADHD
478,Non-Target,Yes,1066,Commission,ADHD
479,Non-Target,No,0,None,ADHD
480,Non-Target,No,0,None,ADHD
481,Non-Target,No,0,None,ADHD
482,Non-Target,No,0,None,ADHD
483,Non-Target,No,0,None,ADHD
484,Target,Yes,666,None,ADHD
485,Non-Target,No,0,None,ADHD
486,Non-Target,No,0,None,ADHD
487,Non-Target,Yes,996,Commission,ADHD
488,Non-Target,Yes,760,Commission,ADHD
489,Non-Target,No,0,None,ADHD
490,Non-Target,No,0,None,ADHD
491,Non-Target,No,0,None,ADHD
492,Non-Target,No,0,None,ADHD
493,Non-Target,Yes,658,Commission,ADHD
494,Target,Yes,725,None,ADHD
495,Non-Target,No,0,None,ADHD
496,Target,Yes,765,None,ADHD
497,Target,Yes,1017,None,ADHD
498,Non-Target,No,0,None,ADHD
499,Non-Target,No,0,None,ADHD
500,Non-Target,No,0,None,ADHD
501,Non-Target,No,0,None,ADHD
502,Non-Target,No,0,None,ADHD
503,Non-Target,No,0,None,ADHD
504,Non-Target,No,0,None,ADHD
505,Non-Target,No,0,None,ADHD
506,Non-Target,No,0,None,ADHD
507,Non-Target,No,0,None,ADHD
508,Target,Yes,690,None,ADHD
509,Non-Target,No,0,None,ADHD
510,Non-Target,No,0,None,ADHD
511,Non-Target,No,0,None,ADHD
512,Non-Target,No,0,None,ADHD
513,Target,Yes,915,None,ADHD
514,Non-Target,Yes,638,Commission,ADHD
515,Non-Target,No,0,None,ADHD
516,Non-Target,Yes,734,Commission,ADHD
517,Non-Target,No,0,None,ADHD
518,Non-Target,Yes,836,Commission,ADHD
519,Non-Target,No,0,None,ADHD
520,Non-Target,No,0,None,ADHD
521,Target,No,0,Omission,ADHD
522,Target,Yes,650,None,ADHD
523,Non-Target,No,0,None,ADHD
524,Non-Target,No,0,None,ADHD
525,Non-Target,No,0,None,ADHD
526,Non-Target,No,0,None,ADHD
527,Non-Target,No,0,None,ADHD
528,Non-Target,No,0,None,ADHD
529,Non-Target,No,0,None,ADHD
530,Target,Yes,827,None,ADHD
531,Non-Target,No,0,None,ADHD
532,Target,Yes,919,None,ADHD
533,Non-Target,No,0,None,ADHD
534,Target,No,0,Omission,ADHD
535,Target,Yes,720,None,ADHD
536,Target,Yes,647,None,ADHD
537,Target,Yes,940,None,ADHD
538,Non-Target,No,0,None,ADHD
539,Target,Yes,878,None,ADHD
540,Target,Yes,969,None,ADHD
541,Non-Target,No,0,None,ADHD
542,Target,Yes,580,None,ADHD
543,Target,Yes,732,None,ADHD
544,Non-Target,Yes,722,Commission,ADHD
545,Target,Yes,850,None,ADHD
546,Non-Target,No,0,None,ADHD
547,Non-Target,No,0,None,ADHD
548,Non-Target,No,0,None,ADHD
549,Non-Target,No,0,None,ADHD
550,Non-Target,No,0,None,ADHD
551,Non-Target,No,0,None,ADHD
552,Non-Target,Yes,733,Commission,ADHD
553,Target,Yes,871,None,ADHD
554,Non-Target,No,0,None,ADHD
555,Non-Target,No,0,None,ADHD
556,Non-Target,No,0,None,ADHD
557,Target,Yes,522,None,ADHD
558,Target,No,0,Omission,ADHD
559,Target,Yes,721,None,ADHD
560,Non-Target,No,0,None,ADHD
561,Non-Target,No,0,None,ADHD
562,Non-Target,No,0,None,ADHD
563,Non-Target,No,0,None,ADHD
564,Non-Target,No,0,None,ADHD
565,Non-Target,Yes,489,Commission,ADHD
566,Non-Target,No,0,None,ADHD
567,Non-Target,No,0,None,ADHD
568,Non-Target,No,0,None,ADHD
569,Non-Target,No,0,None,ADHD
570,Non-Target,No,0,None,ADHD
571,Target,Yes,789,None,ADHD
572,Non-Target,No,0,None,ADHD
573,Target,No,0,Omission,ADHD
574,Non-Target,Yes,843,Commission,ADHD
575,Non-Target,No,0,None,ADHD
576,Non-Target,No,0,None,ADHD
577,Non-Target,No,0,None,ADHD
578,Non-Target,No,0,None,ADHD
579,Non-Target,No,0,None,ADHD
580,Target,Yes,782,None,ADHD
581,Target,Yes,846,None,ADHD
582,Non-Target,No,0,None,ADHD
583,Target,Yes,941,None,ADHD
584,Non-Target,No,0,None,ADHD
585,Non-Target,No,0,None,ADHD
586,Target,Yes,789,None,ADHD
587,Non-Target,Yes,759,Commission,ADHD
588,Non-Target,No,0,None,ADHD
589,Non-Target,No,0,None,ADHD
590,Non-Target,Yes,944,Commission,ADHD
591,Non-Target,No,0,None,ADHD
592,Non-Target,No,0,None,ADHD
593,Non-Target,No,0,None,ADHD
594,Non-Target,No,0,None,ADHD
595,Non-Target,No,0,None,ADHD
596,Non-Target,No,0,None,ADHD
597,Target,Yes,965,None,ADHD
598,Non-Target,No,0,None,ADHD
599,Non-Target,No,0,None,ADHD
600,Target,No,0,Omission,ADHD
601,Target,Yes,731,None,ADHD
602,Non-Target,No,0,None,ADHD
603,Non-Target,No,0,None,ADHD
604,Non-Target,Yes,530,Commission,ADHD
605,Non-Target,Yes,998,Commission,ADHD
606,Non-Target,No,0,None,ADHD
607,Non-Target,No,0,None,ADHD
608,Non-Target,No,0,None,ADHD
609,Target,No,0,Omission,ADHD
610,Target,No,0,Omission,ADHD
611,Non-Target,No,0,None,ADHD
612,Non-Target,Yes,617,Commission,ADHD
613,Target,Yes,485,None,ADHD
614,Target,Yes,730,None,ADHD
615,Non-Target,Yes,862,Commission,ADHD
616,Non-Target,Yes,747,Commission,ADHD
617,Non-Target,No,0,None,ADHD
618,Target,Yes,643,None,ADHD
619,Target,Yes,787,None,ADHD
620,Non-Target,No,0,None,ADHD
621,Target,Yes,937,None,ADHD
622,Non-Target,No,0,None,ADHD
623,Non-Target,No,0,None,ADHD
624,Non-Target,No,0,None,ADHD
625,Non-Target,No,0,None,ADHD
626,Non-Target,No,0,None,ADHD
627,Target,Yes,833,None,ADHD
628,Target,Yes,621,None,ADHD
629,Target,No,0,Omission,ADHD
630,Target,No,0,Omission,ADHD
631,Target,Yes,773,None,ADHD
632,Non-Target,Yes,793,Commission,ADHD
633,Non-Target,No,0,None,ADHD
634,Non-Target,No,0,None,ADHD
635,Non-Target,No,0,None,ADHD
636,Non-Target,No,0,None,ADHD
637,Target,Yes,913,None,ADHD
638,Non-Target,Yes,739,Commission,ADHD
639,Non-Target,No,0,None,ADHD
640,Target,Yes,765,None,ADHD
641,Non-Target,No,0,None,ADHD
642,Non-Target,Yes,707,Commission,ADHD
643,Target,Yes,548,None,ADHD
644,Non-Target,No,0,None,ADHD
645,Target,Yes,561,None,ADHD
646,Non-Target,No,0,None,ADHD
647,Target,No,0,Omission,ADHD
648,Non-Target,Yes,1012,Commission,ADHD
649,Non-Target,Yes,878,Commission,ADHD
650,Non-Target,No,0,None,ADHD
651,Non-Target,No,0,None,ADHD
652,Target,Yes,856,None,ADHD
653,Non-Target,No,0,None,ADHD
654,Non-Target,No,0,None,ADHD
655,Non-Target,No,0,None,ADHD
656,Non-Target,Yes,823,Commission,ADHD
657,Target,Yes,559,None,ADHD
658,Target,Yes,738,None,ADHD
659,Non-Target,Yes,430,Commission,ADHD
660,Non-Target,No,0,None,ADHD
661,Non-Target,No,0,None,ADHD
662,Non-Target,No,0,None,ADHD
663,Target,Yes,654,None,ADHD
664,Non-Target,Yes,949,Commission,ADHD
665,Target,Yes,858,None,ADHD
666,Target,Yes,827,None,ADHD
667,Non-Target,No,0,None,ADHD
668,Target,No,0,Omission,ADHD
669,Non-Target,No,0,None,ADHD
670,Non-Target,No,0,None,ADHD
671,Non-Target,No,0,None,ADHD
672,Non-Target,No,0,None,ADHD
673,Target,No,0,Omission,ADHD
674,Non-Target,No,0,None,ADHD
675,Target,Yes,712,None,ADHD
676,Non-Target,No,0,None,ADHD
677,Non-Target,Yes,1098,Commission,ADHD
678,Target,No,0,Omission,ADHD
679,Non-Target,Yes,561,Commission,ADHD
680,Non-Target,No,0,None,ADHD
681,Non-Target,No,0,None,ADHD
682,Target,Yes,752,None,ADHD
683,Target,Yes,792,None,ADHD
684,Non-Target,No,0,None,ADHD
685,Non-Target,No,0,None,ADHD
686,Non-Target,No,0,None,ADHD
687,Non-Target,Yes,850,Commission,ADHD
688,Target,No,0,Omission,ADHD
689,Non-Target,No,0,None,ADHD
690,Non-Target,No,0,None,ADHD
691,Target,Yes,791,None,ADHD
692,Non-Target,Yes,1082,Commission,ADHD
693,Non-Target,No,0,None,ADHD
694,Non-Target,No,0,None,ADHD
695,Non-Target,No,0,None,ADHD
696,Non-Target,No,0,None,ADHD
697,Non-Target,No,0,None,ADHD
698,Target,Yes,872,None,ADHD
699,Non-Target,No,0,None,ADHD
700,Target,Yes,874,None,ADHD
701,Target,Yes,662,None,ADHD
702,Non-Target,No,0,None,ADHD
703,Target,Yes,959,None,ADHD
704,Non-Target,No,0,None,ADHD
705,Non-Target,Yes,823,Commission,ADHD
706,Non-Target,No,0,None,ADHD
707,Target,Yes,664,None,ADHD
708,Non-Target,No,0,None,ADHD
709,Non-Target,No,0,None,ADHD
710,Non-Target,No,0,None,ADHD
711,Non-Target,No,0,None,ADHD
712,Target,Yes,871,None,ADHD
713,Non-Target,No,0,None,ADHD
714,Target,Yes,663,None,ADHD
715,Non-Target,Yes,1043,Commission,ADHD
716,Non-Target,Yes,613,Commission,ADHD
717,Non-Target,No,0,None,ADHD
718,Non-Target,No,0,None,ADHD
719,Non-Target,No,0,None,ADHD
720,Target,Yes,721,None,ADHD
721,Non-Target,No,0,None,ADHD
722,Non-Target,No,0,None,ADHD
723,Non-Target,No,0,None,ADHD
724,Non-Target,No,0,None,ADHD
725,Target,Yes,608,None,ADHD
726,Non-Target,No,0,None,ADHD
727,Non-Target,No,0,None,ADHD
728,Non-Target,No,0,None,ADHD
729,Non-Target,No,0,None,ADHD
730,Target,No,0,Omission,ADHD
731,Non-Target,No,0,None,ADHD
732,Non-Target,No,0,None,ADHD
733,Non-Target,Yes,1066,Commission,ADHD
734,Non-Target,Yes,1046,Commission,ADHD
735,Non-Target,No,0,None,ADHD
736,Target,Yes,883,None,ADHD
737,Non-Target,No,0,None,ADHD
738,Non-Target,No,0,None,ADHD
739,Target,Yes,790,None,ADHD
740,Non-Target,No,0,None,ADHD
741,Non-Target,No,0,None,ADHD
742,Non-Target,No,0,None,ADHD
743,Non-Target,No,0,None,ADHD
744,Non-Target,No,0,None,ADHD
745,Non-Target,No,0,None,ADHD
746,Target,No,0,Omission,ADHD
747,Non-Target,Yes,915,Commission,ADHD
748,Non-Target,Yes,859,Commission,ADHD
749,Non-Target,No,0,None,ADHD
750,Non-Target,No,0,None,ADHD
751,Non-Target,No,0,None,ADHD
752,Target,Yes,913,None,ADHD
753,Target,Yes,592,None,ADHD
754,Non-Target,No,0,None,ADHD
755,Non-Target,No,0,None,ADHD
756,Non-Target,No,0,None,ADHD
757,Non-Target,Yes,838,Commission,ADHD
758,Non-Target,No,0,None,ADHD
759,Non-Target,No,0,None,ADHD
760,Non-Target,No,0,None,ADHD
761,Target,Yes,788,None,ADHD
762,Non-Target,No,0,None,ADHD
763,Target,No,0,Omission,ADHD
764,Target,Yes,896,None,ADHD
765,Non-Target,No,0,None,ADHD
766,Non-Target,No,0,None,ADHD
767,Target,Yes,664,None,ADHD
768,Non-Target,No,0,None,ADHD
769,Target,Yes,666,None,ADHD
770,Non-Target,No,0,None,ADHD
771,Non-Target,Yes,778,Commission,ADHD
772,Non-Target,No,0,None,ADHD
773,Non-Target,No,0,None,ADHD
774,Non-Target,No,0,None,ADHD
775,Non-Target,No,0,None,ADHD
776,Non-Target,No,0,None,ADHD
777,Non-Target,No,0,None,ADHD
778,Non-Target,No,0,None,ADHD
779,Non-Target,No,0,None,ADHD
780,Non-Target,No,0,None,ADHD
781,Non-Target,No,0,None,ADHD
782,Non-Target,No,0,None,ADHD
783,Non-Target,No,0,None,ADHD
784,Non-Target,Yes,849,Commission,ADHD
785,Non-Target,No,0,None,ADHD
786,Non-Target,Yes,742,Commission,ADHD
787,Target,No,0,Omission,ADHD
788,Target,Yes,1076,None,ADHD
789,Non-Target,No,0,None,ADHD
790,Non-Target,Yes,673,Commission,ADHD
791,Non-Target,No,0,None,ADHD
792,Non-Target,No,0,None,ADHD
793,Non-Target,No,0,None,ADHD
794,Non-Target,No,0,None,ADHD
795,Target,No,0,Omission,ADHD
796,Target,Yes,790,None,ADHD
797,Non-Target,No,0,None,ADHD
798,Non-Target,Yes,652,Commission,ADHD
799,Non-Target,No,0,None,ADHD
800,Non-Target,No,0,None,ADHD
801,Non-Target,Yes,748,Commission,ADHD
802,Non-Target,Yes,617,Commission,ADHD
803,Non-Target,No,0,None,ADHD
804,Target,Yes,870,None,ADHD
805,Non-Target,No,0,None,ADHD
806,Non-Target,No,0,None,ADHD
807,Target,Yes,635,None,ADHD
808,Non-Target,No,0,None,ADHD
809,Non-Target,No,0,None,ADHD
810,Non-Target,No,0,None,ADHD
811,Target,Yes,799,None,ADHD
812,Non-Target,No,0,None,ADHD
813,Target,Yes,827,None,ADHD
814,Non-Target,No,0,None,ADHD
815,Target,Yes,815,None,ADHD
816,Non-Target,Yes,735,Commission,ADHD
817,Non-Target,No,0,None,ADHD
818,Non-Target,No,0,None,ADHD
819,Non-Target,No,0,None,ADHD
820,Non-Target,No,0,None,ADHD
821,Non-Target,Yes,875,Commission,ADHD
822,Non-Target,No,0,None,ADHD
823,Non-Target,No,0,None,ADHD
824,Target,Yes,824,None,ADHD
825,Non-Target,No,0,None,ADHD
826,Non-Target,No,0,None,ADHD
827,Non-Target,No,0,None,ADHD
828,Target,Yes,615,None,ADHD
829,Non-Target,No,0,None,ADHD
830,Target,Yes,897,None,ADHD
831,Non-Target,No,0,None,ADHD
832,Non-Target,No,0,None,ADHD
833,Target,No,0,Omission,ADHD
834,Target,Yes,871,None,ADHD
835,Non-Target,No,0,None,ADHD
836,Non-Target,No,0,None,ADHD
837,Non-Target,No,0,None,ADHD
838,Target,Yes,816,None,ADHD
839,Non-Target,Yes,582,Commission,ADHD
840,Non-Target,No,0,None,ADHD
841,Target,Yes,937,None,ADHD
842,Non-Target,No,0,None,ADHD
843,Non-Target,No,0,None,ADHD
844,Non-Target,No,0,None,ADHD
845,Non-Target,No,0,None,ADHD
846,Target,Yes,802,None,ADHD
847,Non-Target,No,0,None,ADHD
848,Target,Yes,774,None,ADHD
849,Non-Target,No,0,None,ADHD
850,Target,Yes,825,None,ADHD
851,Target,No,0,Omission,ADHD
852,Non-Target,No,0,None,ADHD
853,Non-Target,Yes,749,Commission,ADHD
854,Target,Yes,793,None,ADHD
855,Non-Target,No,0,None,ADHD
856,Non-Target,No,0,None,ADHD
857,Non-Target,No,0,None,ADHD
858,Target,Yes,711,None,ADHD
859,Non-Target,Yes,660,Commission,ADHD
860,Target,Yes,834,None,ADHD
861,Non-Target,No,0,None,ADHD
862,Target,Yes,658,None,ADHD
863,Target,Yes,746,None,ADHD
864,Target,Yes,744,None,ADHD
865,Non-Target,No,0,None,ADHD
866,Target,Yes,865,None,ADHD
867,Non-Target,No,0,None,ADHD
868,Non-Target,No,0,None,ADHD
869,Target,Yes,740,None,ADHD
870,Non-Target,No,0,None,ADHD
871,Target,Yes,831,None,ADHD
872,Non-Target,No,0,None,ADHD
873,Non-Target,No,0,None,ADHD
874,Non-Target,No,0,None,ADHD
875,Non-Target,No,0,None,ADHD
876,Target,Yes,702,None,ADHD
877,Non-Target,No,0,None,ADHD
878,Target,Yes,803,None,ADHD
879,Target,Yes,953,None,ADHD
880,Non-Target,No,0,None,ADHD
881,Non-Target,No,0,None,ADHD
882,Non-Target,Yes,674,Commission,ADHD
883,Non-Target,No,0,None,ADHD
884,Non-Target,No,0,None,ADHD
885,Non-Target,No,0,None,ADHD
886,Non-Target,No,0,None,ADHD
887,Target,Yes,841,None,ADHD
888,Non-Target,No,0,None,ADHD
889,Target,Yes,473,None,ADHD
890,Non-Target,No,0,None,ADHD
891,Non-Target,No,0,None,ADHD
892,Target,Yes,714,None,ADHD
893,Non-Target,No,0,None,ADHD
894,Non-Target,No,0,None,ADHD
895,Target,Yes,812,None,ADHD
896,Non-Target,No,0,None,ADHD
897,Non-Target,No,0,None,ADHD
898,Target,Yes,686,None,ADHD
899,Target,Yes,1019,None,ADHD
900,Target,Yes,837,None,ADHD
901,Non-Target,No,0,None,ADHD
902,Non-Target,No,0,None,ADHD
903,Non-Target,No,0,None,ADHD
904,Non-Target,No,0,None,ADHD
905,Non-Target,No,0,None,ADHD
906,Non-Target,No,0,None,ADHD
907,Target,Yes,684,None,ADHD
908,Non-Target,No,0,None,ADHD
909,Non-Target,No,0,None,ADHD
910,Target,Yes,775,None,ADHD
911,Target,Yes,1044,None,ADHD
912,Target,Yes,690,None,ADHD
913,Target,Yes,838,None,ADHD
914,Non-Target,Yes,975,Commission,ADHD
915,Target,No,0,Omission,ADHD
916,Non-Target,No,0,None,ADHD
917,Non-Target,Yes,701,Commission,ADHD
918,Target,Yes,511,None,ADHD
919,Non-Target,No,0,None,ADHD
920,Non-Target,No,0,None,ADHD
921,Non-Target,No,0,None,ADHD
922,Non-Target,No,0,None,ADHD
923,Non-Target,Yes,979,Commission,ADHD
924,Non-Target,No,0,None,ADHD
925,Non-Target,Yes,707,Commission,ADHD
926,Non-Target,No,0,None,ADHD
927,Target,No,0,Omission,ADHD
928,Non-Target,No,0,None,ADHD
929,Target,Yes,1125,None,ADHD
930,Non-Target,No,0,None,ADHD
931,Non-Target,Yes,868,Commission,ADHD
932,Target,Yes,632,None,ADHD
933,Target,Yes,996,None,ADHD
934,Target,No,0,Omission,ADHD
935,Non-Target,No,0,None,ADHD
936,Non-Target,No,0,None,ADHD
937,Non-Target,No,0,None,ADHD
938,Non-Target,Yes,826,Commission,ADHD
939,Non-Target,No,0,None,ADHD
940,Non-Target,No,0,None,ADHD
941,Non-Target,No,0,None,ADHD
942,Target,Yes,854,None,ADHD
943,Target,Yes,671,None,ADHD
944,Non-Target,No,0,None,ADHD
945,Non-Target,No,0,None,ADHD
946,Non-Target,No,0,None,ADHD
947,Non-Target,No,0,None,ADHD
948,Non-Target,No,0,None,ADHD
949,Non-Target,No,0,None,ADHD
950,Non-Target,No,0,None,ADHD
951,Non-Target,No,0,None,ADHD
952,Target,Yes,840,None,ADHD
953,Non-Target,No,0,None,ADHD
954,Non-Target,Yes,847,Commission,ADHD
955,Non-Target,No,0,None,ADHD
956,Target,Yes,1077,None,ADHD
957,Non-Target,No,0,None,ADHD
958,Non-Target,No,0,None,ADHD
959,Target,Yes,835,None,ADHD
960,Non-Target,Yes,922,Commission,ADHD
961,Non-Target,No,0,None,ADHD
962,Non-Target,No,0,None,ADHD
963,Target,Yes,788,None,ADHD
964,Non-Target,No,0,None,ADHD
965,Non-Target,No,0,None,ADHD
966,Non-Target,No,0,None,ADHD
967,Target,Yes,928,None,ADHD
968,Non-Target,No,0,None,ADHD
969,Target,No,0,Omission,ADHD
970,Non-Target,No,0,None,ADHD
971,Non-Target,No,0,None,ADHD
972,Non-Target,No,0,None,ADHD
973,Non-Target,Yes,708,Commission,ADHD
974,Non-Target,No,0,None,ADHD
975,Non-Target,No,0,None,ADHD
976,Target,Yes,446,None,ADHD
977,Non-Target,No,0,None,ADHD
978,Non-Target,No,0,None,ADHD
979,Target,Yes,636,None,ADHD
980,Target,No,0,Omission,ADHD
981,Non-Target,Yes,642,Commission,ADHD
982,Non-Target,No,0,None,ADHD
983,Non-Target,No,0,None,ADHD
984,Target,No,0,Omission,ADHD
985,Non-Target,Yes,836,Commission,ADHD
986,Non-Target,No,0,None,ADHD
987,Non-Target,Yes,737,Commission,ADHD
988,Non-Target,No,0,None,ADHD
989,Target,Yes,699,None,ADHD
990,Non-Target,No,0,None,ADHD
991,Non-Target,No,0,None,ADHD
992,Non-Target,No,0,None,ADHD
993,Target,Yes,887,None,ADHD
994,Target,No,0,Omission,ADHD
995,Non-Target,Yes,976,Commission,ADHD
996,Target,Yes,1065,None,ADHD
997,Non-Target,Yes,978,Commission,ADHD
998,Non-Target,No,0,None,ADHD
999,Non-Target,No,0,None,ADHD
1000,Non-Target,No,0,None,ADHD
1001,Non-Target,No,0,None,ADHD
1002,Target,Yes,612,None,ADHD
1003,Non-Target,No,0,None,ADHD
1004,Non-Target,No,0,None,ADHD
1005,Target,Yes,876,None,ADHD
1006,Target,Yes,797,None,ADHD
1007,Non-Target,No,0,None,ADHD
1008,Target,Yes,765,None,ADHD
1009,Non-Target,No,0,None,ADHD
1010,Non-Target,No,0,None,ADHD
1011,Target,Yes,753,None,ADHD
1012,Target,Yes,812,None,ADHD
1013,Non-Target,No,0,None,ADHD
1014,Target,No,0,Omission,ADHD
1015,Non-Target,No,0,None,ADHD
1016,Non-Target,No,0,None,ADHD
1017,Target,Yes,875,None,ADHD
1018,Non-Target,No,0,None,ADHD
1019,Non-Target,No,0,None,ADHD
1020,Target,Yes,987,None,ADHD
1021,Non-Target,No,0,None,ADHD
1022,Target,Yes,810,None,ADHD
1023,Target,Yes,685,None,ADHD
1024,Non-Target,No,0,None,ADHD
1025,Non-Target,No,0,None,ADHD
1026,Target,Yes,810,None,ADHD
1027,Non-Target,No,0,None,ADHD
1028,Non-Target,No,0,None,ADHD
1029,Non-Target,Yes,632,Commission,ADHD
1030,Target,Yes,866,None,ADHD
1031,Non-Target,Yes,803,Commission,ADHD
1032,Target,Yes,696,None,ADHD
1033,Non-Target,No,0,None,ADHD
1034,Target,Yes,964,None,ADHD
1035,Non-Target,No,0,None,ADHD
1036,Target,No,0,Omission,ADHD
1037,Target,Yes,991,None,ADHD
1038,Non-Target,Yes,802,Commission,ADHD
1039,Non-Target,No,0,None,ADHD
1040,Non-Target,No,0,None,ADHD
1041,Target,Yes,540,None,ADHD
1042,Non-Target,No,0,None,ADHD
1043,Target,No,0,Omission,ADHD
1044,Non-Target,No,0,None,ADHD
1045,Non-Target,No,0,None,ADHD
1046,Target,Yes,699,None,ADHD
1047,Target,Yes,508,None,ADHD
1048,Target,Yes,669,None,ADHD
1049,Non-Target,No,0,None,ADHD
1050,Non-Target,No,0,None,ADHD
1051,Non-Target,Yes,677,Commission,ADHD
1052,Non-Target,No,0,None,ADHD
1053,Non-Target,No,0,None,ADHD
1054,Non-Target,No,0,None,ADHD
1055,Target,Yes,657,None,ADHD
1056,Non-Target,No,0,None,ADHD
1057,Non-Target,No,0,None,ADHD
1058,Non-Target,Yes,840,Commission,ADHD
1059,Non-Target,Yes,894,Commission,ADHD
1060,Non-Target,No,0,None,ADHD
1061,Non-Target,No,0,None,ADHD
1062,Non-Target,No,0,None,ADHD
1063,Non-Target,No,0,None,ADHD
1064,Non-Target,No,0,None,ADHD
1065,Non-Target,No,0,None,ADHD
1066,Target,Yes,535,None,ADHD
1067,Non-Target,No,0,None,ADHD
1068,Non-Target,No,0,None,ADHD
1069,Non-Target,No,0,None,ADHD
1070,Non-Target,No,0,None,ADHD
1071,Non-Target,No,0,None,ADHD
1072,Non-Target,No,0,None,ADHD
1073,Target,Yes,804,None,ADHD
1074,Non-Target,No,0,None,ADHD
1075,Non-Target,No,0,None,ADHD
1076,Target,Yes,697,None,ADHD
1077,Non-Target,No,0,None,ADHD
1078,Non-Target,No,0,None,ADHD
1079,Non-Target,No,0,None,ADHD
1080,Target,No,0,Omission,ADHD
1081,Non-Target,No,0,None,ADHD
1082,Target,Yes,815,None,ADHD
1083,Non-Target,No,0,None,ADHD
1084,Non-Target,No,0,None,ADHD
1085,Target,Yes,825,None,ADHD
1086,Target,Yes,847,None,ADHD
1087,Non-Target,No,0,None,ADHD
1088,Non-Target,No,0,None,ADHD
1089,Non-Target,No,0,None,ADHD
1090,Target,Yes,961,None,ADHD
1091,Non-Target,No,0,None,ADHD
1092,Non-Target,No,0,None,ADHD
1093,Non-Target,No,0,None,ADHD
1094,Non-Target,No,0,None,ADHD
1095,Non-Target,No,0,None,ADHD
1096,Non-Target,No,0,None,ADHD
1097,Non-Target,No,0,None,ADHD
1098,Non-Target,No,0,None,ADHD
1099,Non-Target,Yes,824,Commission,ADHD
1100,Non-Target,No,0,None,ADHD
1101,Non-Target,No,0,None,ADHD
1102,Target,Yes,671,None,ADHD
1103,Non-Target,No,0,None,ADHD
1104,Non-Target,No,0,None,ADHD
1105,Non-Target,Yes,1087,Commission,ADHD
1106,Non-Target,No,0,None,ADHD
1107,Non-Target,No,0,None,ADHD
1108,Target,No,0,Omission,ADHD
1109,Target,Yes,757,None,ADHD
1110,Non-Target,No,0,None,ADHD
1111,Non-Target,No,0,None,ADHD
1112,Non-Target,No,0,None,ADHD
1113,Target,Yes,760,None,ADHD
1114,Non-Target,No,0,None,ADHD
1115,Non-Target,No,0,None,ADHD
1116,Non-Target,No,0,None,ADHD
1117,Non-Target,No,0,None,ADHD
1118,Non-Target,No,0,None,ADHD
1119,Non-Target,No,0,None,ADHD
1120,Non-Target,No,0,None,ADHD
1121,Non-Target,Yes,903,Commission,ADHD
1122,Non-Target,Yes,896,Commission,ADHD
1123,Target,Yes,1026,None,ADHD
1124,Non-Target,No,0,None,ADHD
1125,Non-Target,No,0,None,ADHD
1126,Non-Target,No,0,None,ADHD
1127,Non-Target,No,0,None,ADHD
1128,Non-Target,Yes,841,Commission,ADHD
1129,Non-Target,No,0,None,ADHD
1130,Non-Target,No,0,None,ADHD
1131,Target,Yes,772,None,ADHD
1132,Non-Target,Yes,535,Commission,ADHD
1133,Non-Target,No,0,None,ADHD
1134,Non-Target,No,0,None,ADHD
1135,Non-Target,No,0,None,ADHD
1136,Target,Yes,756,None,ADHD
1137,Non-Target,No,0,None,ADHD
1138,Non-Target,No,0,None,ADHD
1139,Non-Target,No,0,None,ADHD
1140,Non-Target,No,0,None,ADHD
1141,Non-Target,No,0,None,ADHD
1142,Target,Yes,806,None,ADHD
1143,Target,Yes,764,None,ADHD
1144,Non-Target,No,0,None,ADHD
1145,Target,Yes,801,None,ADHD
1146,Non-Target,Yes,890,Commission,ADHD
1147,Non-Target,No,0,None,ADHD
1148,Non-Target,No,0,None,ADHD
1149,Non-Target,Yes,754,Commission,ADHD
1150,Non-Target,No,0,None,ADHD
1151,Target,Yes,844,None,ADHD
1152,Non-Target,No,0,None,ADHD
1153,Non-Target,No,0,None,ADHD
1154,Target,Yes,967,None,ADHD
1155,Non-Target,No,0,None,ADHD
1156,Non-Target,No,0,None,ADHD
1157,Non-Target,No,0,None,ADHD
1158,Non-Target,No,0,None,ADHD
1159,Target,Yes,998,None,ADHD
1160,Non-Target,No,0,None,ADHD
1161,Non-Target,No,0,None,ADHD
1162,Non-Target,No,0,None,ADHD
1163,Non-Target,No,0,None,ADHD
1164,Non-Target,Yes,758,Commission,ADHD
1165,Target,Yes,644,None,ADHD
1166,Non-Target,No,0,None,ADHD
1167,Non-Target,No,0,None,ADHD
1168,Non-Target,No,0,None,ADHD
1169,Non-Target,No,0,None,ADHD
1170,Target,Yes,735,None,ADHD
1171,Non-Target,No,0,None,ADHD
1172,Non-Target,No,0,None,ADHD
1173,Non-Target,No,0,None,ADHD
1174,Target,No,0,Omission,ADHD
1175,Non-Target,No,0,None,ADHD
1176,Non-Target,No,0,None,ADHD
1177,Non-Target,No,0,None,ADHD
1178,Non-Target,No,0,None,ADHD
1179,Non-Target,No,0,None,ADHD
1180,Non-Target,No,0,None,ADHD
1181,Non-Target,Yes,785,Commission,ADHD
1182,Target,Yes,736,None,ADHD
1183,Non-Target,No,0,None,ADHD
1184,Non-Target,No,0,None,ADHD
1185,Target,No,0,Omission,ADHD
1186,Target,Yes,970,None,ADHD
1187,Non-Target,No,0,None,ADHD
1188,Non-Target,No,0,None,ADHD
1189,Target,Yes,990,None,ADHD
1190,Non-Target,No,0,None,ADHD
1191,Target,Yes,660,None,ADHD
1192,Target,Yes,933,None,ADHD
1193,Non-Target,No,0,None,ADHD
1194,Target,No,0,Omission,ADHD
1195,Non-Target,No,0,None,ADHD
1196,Non-Target,No,0,None,ADHD
1197,Non-Target,No,0,None,ADHD
1198,Target,No,0,Omission,ADHD
1199,Non-Target,Yes,790,Commission,ADHD
1200,Non-Target,No,0,None,ADHD
