Trial,StimulusType,Reaction,ReactionTime(ms),ErrorType,Label
1,Non-Target,No,0,None,ADHD
2,Non-Target,No,0,None,ADHD
3,Target,Yes,770,None,ADHD
4,Target,Yes,1011,None,ADHD
5,Non-Target,No,0,None,ADHD
6,Target,No,0,Omission,ADHD
7,Target,No,0,Omission,ADHD
8,Target,Yes,698,None,ADHD
9,Target,Yes,644,None,ADHD
10,Non-Target,No,0,None,ADHD
11,Non-Target,No,0,None,ADHD
12,Non-Target,No,0,None,ADHD
13,Non-Target,No,0,None,ADHD
14,Target,Yes,854,None,ADHD
15,Target,Yes,786,None,ADHD
16,Non-Target,No,0,None,ADHD
17,Non-Target,Yes,671,Commission,ADHD
18,Target,Yes,776,None,ADHD
19,Non-Target,No,0,None,ADHD
20,Target,Yes,450,None,ADHD
21,Target,Yes,697,None,ADHD
22,Target,Yes,791,None,ADHD
23,Non-Target,No,0,None,ADHD
24,Target,Yes,676,None,ADHD
25,Non-Target,No,0,None,ADHD
26,Non-Target,No,0,None,ADHD
27,Non-Target,No,0,None,ADHD
28,Non-Target,No,0,None,ADHD
29,Non-Target,No,0,None,ADHD
30,Target,Yes,626,None,ADHD
31,Target,Yes,873,None,ADHD
32,Non-Target,No,0,None,ADHD
33,Non-Target,Yes,702,Commission,ADHD
34,Non-Target,No,0,None,ADHD
35,Non-Target,No,0,None,ADHD
36,Non-Target,No,0,None,ADHD
37,Non-Target,No,0,None,ADHD
38,Target,Yes,767,None,ADHD
39,Non-Target,Yes,679,Commission,ADHD
40,Non-Target,No,0,None,ADHD
41,Non-Target,No,0,None,ADHD
42,Non-Target,No,0,None,ADHD
43,Non-Target,No,0,None,ADHD
44,Non-Target,No,0,None,ADHD
45,Non-Target,No,0,None,ADHD
46,Non-Target,No,0,None,ADHD
47,Non-Target,No,0,None,ADHD
48,Non-Target,Yes,751,Commission,ADHD
49,Target,No,0,Omission,ADHD
50,Non-Target,No,0,None,ADHD
51,Non-Target,No,0,None,ADHD
52,Non-Target,No,0,None,ADHD
53,Non-Target,No,0,None,ADHD
54,Target,Yes,450,None,ADHD
55,Non-Target,No,0,None,ADHD
56,Target,Yes,645,None,ADHD
57,Non-Target,No,0,None,ADHD
58,Non-Target,No,0,None,ADHD
59,Non-Target,No,0,None,ADHD
60,Target,Yes,859,None,ADHD
61,Target,Yes,833,None,ADHD
62,Non-Target,No,0,None,ADHD
63,Non-Target,No,0,None,ADHD
64,Non-Target,No,0,None,ADHD
65,Target,Yes,706,None,ADHD
66,Non-Target,No,0,None,ADHD
67,Target,Yes,633,None,ADHD
68,Non-Target,No,0,None,ADHD
69,Non-Target,No,0,None,ADHD
70,Target,Yes,778,None,ADHD
71,Non-Target,No,0,None,ADHD
72,Non-Target,No,0,None,ADHD
73,Non-Target,Yes,762,Commission,ADHD
74,Non-Target,No,0,None,ADHD
75,Non-Target,No,0,None,ADHD
76,Non-Target,No,0,None,ADHD
77,Non-Target,No,0,None,ADHD
78,Non-Target,No,0,None,ADHD
79,Non-Target,No,0,None,ADHD
80,Non-Target,No,0,None,ADHD
81,Target,Yes,936,None,ADHD
82,Non-Target,No,0,None,ADHD
83,Target,Yes,787,None,ADHD
84,Non-Target,No,0,None,ADHD
85,Target,Yes,532,None,ADHD
86,Target,Yes,831,None,ADHD
87,Target,No,0,Omission,ADHD
88,Non-Target,No,0,None,ADHD
89,Non-Target,Yes,833,Commission,ADHD
90,Non-Target,Yes,640,Commission,ADHD
91,Non-Target,No,0,None,ADHD
92,Non-Target,No,0,None,ADHD
93,Target,Yes,764,None,ADHD
94,Target,Yes,859,None,ADHD
95,Non-Target,No,0,None,ADHD
96,Non-Target,No,0,None,ADHD
97,Non-Target,No,0,None,ADHD
98,Target,No,0,Omission,ADHD
99,Target,No,0,Omission,ADHD
100,Non-Target,No,0,None,ADHD
101,Target,Yes,820,None,ADHD
102,Non-Target,Yes,616,Commission,ADHD
103,Non-Target,No,0,None,ADHD
104,Target,No,0,Omission,ADHD
105,Non-Target,No,0,None,ADHD
106,Target,Yes,881,None,ADHD
107,Non-Target,No,0,None,ADHD
108,Non-Target,No,0,None,ADHD
109,Non-Target,No,0,None,ADHD
110,Non-Target,No,0,None,ADHD
111,Target,Yes,706,None,ADHD
112,Non-Target,No,0,None,ADHD
113,Target,Yes,702,None,ADHD
114,Non-Target,No,0,None,ADHD
115,Target,Yes,631,None,ADHD
116,Non-Target,No,0,None,ADHD
117,Non-Target,No,0,None,ADHD
118,Non-Target,No,0,None,ADHD
119,Non-Target,No,0,None,ADHD
120,Non-Target,No,0,None,ADHD
121,Non-Target,No,0,None,ADHD
122,Target,Yes,794,None,ADHD
123,Target,No,0,Omission,ADHD
124,Non-Target,No,0,None,ADHD
125,Non-Target,Yes,717,Commission,ADHD
126,Non-Target,No,0,None,ADHD
127,Target,Yes,761,None,ADHD
128,Non-Target,No,0,None,ADHD
129,Non-Target,Yes,715,Commission,ADHD
130,Non-Target,No,0,None,ADHD
131,Non-Target,No,0,None,ADHD
132,Non-Target,No,0,None,ADHD
133,Non-Target,No,0,None,ADHD
134,Target,Yes,756,None,ADHD
135,Non-Target,No,0,None,ADHD
136,Non-Target,No,0,None,ADHD
137,Target,No,0,Omission,ADHD
138,Non-Target,No,0,None,ADHD
139,Target,Yes,720,None,ADHD
140,Non-Target,No,0,None,ADHD
141,Target,Yes,673,None,ADHD
142,Non-Target,No,0,None,ADHD
143,Target,Yes,715,None,ADHD
144,Non-Target,No,0,None,ADHD
145,Target,No,0,Omission,ADHD
146,Target,Yes,943,None,ADHD
147,Non-Target,Yes,953,Commission,ADHD
148,Non-Target,No,0,None,ADHD
149,Non-Target,No,0,None,ADHD
150,Non-Target,No,0,None,ADHD
151,Non-Target,No,0,None,ADHD
152,Non-Target,No,0,None,ADHD
153,Non-Target,No,0,None,ADHD
154,Non-Target,No,0,None,ADHD
155,Non-Target,No,0,None,ADHD
156,Non-Target,No,0,None,ADHD
157,Non-Target,No,0,None,ADHD
158,Target,Yes,937,None,ADHD
159,Target,Yes,930,None,ADHD
160,Non-Target,No,0,None,ADHD
161,Non-Target,No,0,None,ADHD
162,Non-Target,No,0,None,ADHD
163,Non-Target,No,0,None,ADHD
164,Non-Target,Yes,851,Commission,ADHD
165,Non-Target,No,0,None,ADHD
166,Non-Target,No,0,None,ADHD
167,Non-Target,No,0,None,ADHD
168,Non-Target,No,0,None,ADHD
169,Non-Target,No,0,None,ADHD
170,Non-Target,No,0,None,ADHD
171,Non-Target,No,0,None,ADHD
172,Non-Target,No,0,None,ADHD
173,Non-Target,No,0,None,ADHD
174,Non-Target,Yes,707,Commission,ADHD
175,Non-Target,No,0,None,ADHD
176,Non-Target,No,0,None,ADHD
177,Target,No,0,Omission,ADHD
178,Non-Target,No,0,None,ADHD
179,Non-Target,Yes,761,Commission,ADHD
180,Non-Target,No,0,None,ADHD
181,Target,No,0,Omission,ADHD
182,Non-Target,No,0,None,ADHD
183,Non-Target,No,0,None,ADHD
184,Non-Target,No,0,None,ADHD
185,Non-Target,Yes,585,Commission,ADHD
186,Target,No,0,Omission,ADHD
187,Target,Yes,1146,None,ADHD
188,Non-Target,No,0,None,ADHD
189,Non-Target,No,0,None,ADHD
190,Non-Target,No,0,None,ADHD
191,Non-Target,No,0,None,ADHD
192,Non-Target,No,0,None,ADHD
193,Non-Target,No,0,None,ADHD
194,Target,Yes,808,None,ADHD
195,Non-Target,No,0,None,ADHD
196,Non-Target,No,0,None,ADHD
197,Non-Target,Yes,691,Commission,ADHD
198,Non-Target,No,0,None,ADHD
199,Non-Target,No,0,None,ADHD
200,Non-Target,No,0,None,ADHD
201,Non-Target,No,0,None,ADHD
202,Target,No,0,Omission,ADHD
203,Target,Yes,765,None,ADHD
204,Non-Target,No,0,None,ADHD
205,Non-Target,No,0,None,ADHD
206,Non-Target,No,0,None,ADHD
207,Non-Target,Yes,650,Commission,ADHD
208,Non-Target,No,0,None,ADHD
209,Non-Target,No,0,None,ADHD
210,Target,Yes,816,None,ADHD
211,Target,Yes,720,None,ADHD
212,Non-Target,No,0,None,ADHD
213,Non-Target,No,0,None,ADHD
214,Non-Target,No,0,None,ADHD
215,Non-Target,No,0,None,ADHD
216,Non-Target,No,0,None,ADHD
217,Target,Yes,630,None,ADHD
218,Non-Target,No,0,None,ADHD
219,Target,Yes,624,None,ADHD
220,Non-Target,No,0,None,ADHD
221,Non-Target,No,0,None,ADHD
222,Non-Target,No,0,None,ADHD
223,Non-Target,No,0,None,ADHD
224,Non-Target,No,0,None,ADHD
225,Target,Yes,709,None,ADHD
226,Target,Yes,835,None,ADHD
227,Non-Target,No,0,None,ADHD
228,Non-Target,No,0,None,ADHD
229,Non-Target,No,0,None,ADHD
230,Non-Target,No,0,None,ADHD
231,Non-Target,No,0,None,ADHD
232,Non-Target,Yes,881,Commission,ADHD
233,Non-Target,No,0,None,ADHD
234,Non-Target,No,0,None,ADHD
235,Non-Target,No,0,None,ADHD
236,Target,Yes,742,None,ADHD
237,Target,Yes,793,None,ADHD
238,Target,Yes,573,None,ADHD
239,Non-Target,No,0,None,ADHD
240,Non-Target,No,0,None,ADHD
241,Non-Target,No,0,None,ADHD
242,Target,No,0,Omission,ADHD
243,Non-Target,No,0,None,ADHD
244,Non-Target,No,0,None,ADHD
245,Non-Target,No,0,None,ADHD
246,Non-Target,No,0,None,ADHD
247,Target,Yes,579,None,ADHD
248,Non-Target,No,0,None,ADHD
249,Non-Target,No,0,None,ADHD
250,Non-Target,No,0,None,ADHD
251,Target,Yes,840,None,ADHD
252,Target,Yes,709,None,ADHD
253,Non-Target,No,0,None,ADHD
254,Non-Target,No,0,None,ADHD
255,Target,No,0,Omission,ADHD
256,Non-Target,Yes,785,Commission,ADHD
257,Non-Target,No,0,None,ADHD
258,Non-Target,No,0,None,ADHD
259,Non-Target,No,0,None,ADHD
260,Non-Target,No,0,None,ADHD
261,Non-Target,No,0,None,ADHD
262,Non-Target,No,0,None,ADHD
263,Non-Target,No,0,None,ADHD
264,Non-Target,No,0,None,ADHD
265,Target,No,0,Omission,ADHD
266,Non-Target,No,0,None,ADHD
267,Non-Target,No,0,None,ADHD
268,Non-Target,No,0,None,ADHD
269,Target,Yes,729,None,ADHD
270,Non-Target,No,0,None,ADHD
271,Target,Yes,804,None,ADHD
272,Target,Yes,526,None,ADHD
273,Non-Target,No,0,None,ADHD
274,Target,No,0,Omission,ADHD
275,Non-Target,No,0,None,ADHD
276,Non-Target,No,0,None,ADHD
277,Target,Yes,785,None,ADHD
278,Non-Target,No,0,None,ADHD
279,Target,Yes,760,None,ADHD
280,Non-Target,Yes,787,Commission,ADHD
281,Target,Yes,852,None,ADHD
282,Target,No,0,Omission,ADHD
283,Target,Yes,577,None,ADHD
284,Non-Target,No,0,None,ADHD
285,Non-Target,Yes,890,Commission,ADHD
286,Non-Target,No,0,None,ADHD
287,Target,Yes,933,None,ADHD
288,Non-Target,No,0,None,ADHD
289,Non-Target,No,0,None,ADHD
290,Target,No,0,Omission,ADHD
291,Non-Target,No,0,None,ADHD
292,Non-Target,Yes,654,Commission,ADHD
293,Non-Target,No,0,None,ADHD
294,Non-Target,No,0,None,ADHD
295,Non-Target,No,0,None,ADHD
296,Target,No,0,Omission,ADHD
297,Non-Target,No,0,None,ADHD
298,Non-Target,No,0,None,ADHD
299,Non-Target,No,0,None,ADHD
300,Non-Target,No,0,None,ADHD
301,Non-Target,No,0,None,ADHD
302,Target,No,0,Omission,ADHD
303,Non-Target,No,0,None,ADHD
304,Non-Target,No,0,None,ADHD
305,Non-Target,No,0,None,ADHD
306,Target,Yes,697,None,ADHD
307,Non-Target,No,0,None,ADHD
308,Non-Target,No,0,None,ADHD
309,Non-Target,No,0,None,ADHD
310,Non-Target,No,0,None,ADHD
311,Non-Target,No,0,None,ADHD
312,Target,Yes,622,None,ADHD
313,Non-Target,No,0,None,ADHD
314,Non-Target,No,0,None,ADHD
315,Non-Target,No,0,None,ADHD
316,Target,Yes,868,None,ADHD
317,Target,Yes,779,None,ADHD
318,Non-Target,Yes,767,Commission,ADHD
319,Non-Target,No,0,None,ADHD
320,Non-Target,No,0,None,ADHD
321,Non-Target,No,0,None,ADHD
322,Non-Target,No,0,None,ADHD
323,Target,Yes,546,None,ADHD
324,Non-Target,No,0,None,ADHD
325,Non-Target,Yes,880,Commission,ADHD
326,Non-Target,No,0,None,ADHD
327,Non-Target,No,0,None,ADHD
328,Non-Target,No,0,None,ADHD
329,Non-Target,Yes,699,Commission,ADHD
330,Non-Target,No,0,None,ADHD
331,Target,No,0,Omission,ADHD
332,Target,Yes,1008,None,ADHD
333,Target,Yes,838,None,ADHD
334,Non-Target,No,0,None,ADHD
335,Non-Target,No,0,None,ADHD
336,Non-Target,Yes,752,Commission,ADHD
337,Non-Target,No,0,None,ADHD
338,Non-Target,Yes,823,Commission,ADHD
339,Non-Target,No,0,None,ADHD
340,Non-Target,No,0,None,ADHD
341,Non-Target,No,0,None,ADHD
342,Non-Target,No,0,None,ADHD
343,Non-Target,No,0,None,ADHD
344,Non-Target,No,0,None,ADHD
345,Non-Target,No,0,None,ADHD
346,Non-Target,Yes,974,Commission,ADHD
347,Target,Yes,765,None,ADHD
348,Non-Target,No,0,None,ADHD
349,Target,No,0,Omission,ADHD
350,Non-Target,No,0,None,ADHD
351,Non-Target,No,0,None,ADHD
352,Non-Target,No,0,None,ADHD
353,Non-Target,No,0,None,ADHD
354,Target,No,0,Omission,ADHD
355,Target,Yes,857,None,ADHD
356,Non-Target,No,0,None,ADHD
357,Non-Target,Yes,527,Commission,ADHD
358,Non-Target,No,0,None,ADHD
359,Non-Target,No,0,None,ADHD
360,Target,Yes,875,None,ADHD
361,Non-Target,No,0,None,ADHD
362,Non-Target,No,0,None,ADHD
363,Target,Yes,624,None,ADHD
364,Non-Target,No,0,None,ADHD
365,Target,Yes,686,None,ADHD
366,Target,Yes,803,None,ADHD
367,Non-Target,No,0,None,ADHD
368,Non-Target,No,0,None,ADHD
369,Target,Yes,766,None,ADHD
370,Non-Target,No,0,None,ADHD
371,Target,Yes,872,None,ADHD
372,Non-Target,No,0,None,ADHD
373,Target,Yes,811,None,ADHD
374,Non-Target,No,0,None,ADHD
375,Non-Target,No,0,None,ADHD
376,Target,Yes,647,None,ADHD
377,Non-Target,Yes,840,Commission,ADHD
378,Non-Target,No,0,None,ADHD
379,Non-Target,Yes,680,Commission,ADHD
380,Non-Target,No,0,None,ADHD
381,Non-Target,No,0,None,ADHD
382,Non-Target,No,0,None,ADHD
383,Non-Target,No,0,None,ADHD
384,Non-Target,No,0,None,ADHD
385,Non-Target,No,0,None,ADHD
386,Non-Target,No,0,None,ADHD
387,Non-Target,No,0,None,ADHD
388,Non-Target,No,0,None,ADHD
389,Non-Target,No,0,None,ADHD
390,Non-Target,No,0,None,ADHD
391,Non-Target,No,0,None,ADHD
392,Non-Target,No,0,None,ADHD
393,Non-Target,No,0,None,ADHD
394,Non-Target,Yes,860,Commission,ADHD
395,Target,No,0,Omission,ADHD
396,Non-Target,No,0,None,ADHD
397,Non-Target,No,0,None,ADHD
398,Non-Target,No,0,None,ADHD
399,Non-Target,No,0,None,ADHD
400,Non-Target,Yes,619,Commission,ADHD
401,Non-Target,No,0,None,ADHD
402,Target,Yes,818,None,ADHD
403,Non-Target,No,0,None,ADHD
404,Target,Yes,727,None,ADHD
405,Non-Target,No,0,None,ADHD
406,Target,Yes,775,None,ADHD
407,Non-Target,No,0,None,ADHD
408,Target,Yes,697,None,ADHD
409,Non-Target,No,0,None,ADHD
410,Non-Target,No,0,None,ADHD
411,Target,Yes,835,None,ADHD
412,Non-Target,No,0,None,ADHD
413,Target,Yes,628,None,ADHD
414,Non-Target,No,0,None,ADHD
415,Non-Target,No,0,None,ADHD
416,Non-Target,No,0,None,ADHD
417,Non-Target,No,0,None,ADHD
418,Non-Target,No,0,None,ADHD
419,Non-Target,No,0,None,ADHD
420,Non-Target,No,0,None,ADHD
421,Non-Target,No,0,None,ADHD
422,Non-Target,No,0,None,ADHD
423,Non-Target,No,0,None,ADHD
424,Non-Target,No,0,None,ADHD
425,Non-Target,No,0,None,ADHD
426,Non-Target,Yes,785,Commission,ADHD
427,Non-Target,No,0,None,ADHD
428,Non-Target,No,0,None,ADHD
429,Non-Target,No,0,None,ADHD
430,Non-Target,No,0,None,ADHD
431,Non-Target,No,0,None,ADHD
432,Non-Target,No,0,None,ADHD
433,Non-Target,No,0,None,ADHD
434,Non-Target,No,0,None,ADHD
435,Non-Target,No,0,None,ADHD
436,Target,Yes,754,None,ADHD
437,Non-Target,Yes,967,Commission,ADHD
438,Non-Target,No,0,None,ADHD
439,Target,Yes,632,None,ADHD
440,Target,Yes,713,None,ADHD
441,Non-Target,No,0,None,ADHD
442,Non-Target,No,0,None,ADHD
443,Target,No,0,Omission,ADHD
444,Non-Target,No,0,None,ADHD
445,Target,Yes,587,None,ADHD
446,Non-Target,No,0,None,ADHD
447,Non-Target,No,0,None,ADHD
448,Non-Target,No,0,None,ADHD
449,Non-Target,No,0,None,ADHD
450,Non-Target,No,0,None,ADHD
451,Non-Target,No,0,None,ADHD
452,Non-Target,No,0,None,ADHD
453,Non-Target,Yes,881,Commission,ADHD
454,Non-Target,No,0,None,ADHD
455,Non-Target,No,0,None,ADHD
456,Non-Target,No,0,None,ADHD
457,Non-Target,No,0,None,ADHD
458,Non-Target,No,0,None,ADHD
459,Target,Yes,633,None,ADHD
460,Target,Yes,746,None,ADHD
461,Non-Target,No,0,None,ADHD
462,Non-Target,No,0,None,ADHD
463,Target,Yes,649,None,ADHD
464,Non-Target,No,0,None,ADHD
465,Non-Target,No,0,None,ADHD
466,Target,Yes,648,None,ADHD
467,Non-Target,No,0,None,ADHD
468,Non-Target,No,0,None,ADHD
469,Target,No,0,Omission,ADHD
470,Non-Target,No,0,None,ADHD
471,Non-Target,No,0,None,ADHD
472,Non-Target,No,0,None,ADHD
473,Target,Yes,580,None,ADHD
474,Non-Target,No,0,None,ADHD
475,Non-Target,No,0,None,ADHD
476,Target,No,0,Omission,ADHD
477,Non-Target,Yes,1044,Commission,ADHD
478,Non-Target,No,0,None,ADHD
479,Target,Yes,924,None,ADHD
480,Non-Target,No,0,None,ADHD
481,Target,Yes,685,None,ADHD
482,Target,Yes,643,None,ADHD
483,Non-Target,Yes,756,Commission,ADHD
484,Target,Yes,759,None,ADHD
485,Non-Target,No,0,None,ADHD
486,Target,No,0,Omission,ADHD
487,Target,Yes,761,None,ADHD
488,Non-Target,No,0,None,ADHD
489,Non-Target,Yes,723,Commission,ADHD
490,Non-Target,Yes,996,Commission,ADHD
491,Non-Target,No,0,None,ADHD
492,Non-Target,No,0,None,ADHD
493,Non-Target,No,0,None,ADHD
494,Non-Target,No,0,None,ADHD
495,Non-Target,No,0,None,ADHD
496,Non-Target,No,0,None,ADHD
497,Non-Target,No,0,None,ADHD
498,Non-Target,Yes,933,Commission,ADHD
499,Non-Target,Yes,844,Commission,ADHD
500,Target,Yes,788,None,ADHD
501,Target,No,0,Omission,ADHD
502,Non-Target,No,0,None,ADHD
503,Non-Target,No,0,None,ADHD
504,Non-Target,No,0,None,ADHD
505,Target,Yes,697,None,ADHD
506,Non-Target,No,0,None,ADHD
507,Non-Target,No,0,None,ADHD
508,Non-Target,No,0,None,ADHD
509,Target,Yes,692,None,ADHD
510,Target,No,0,Omission,ADHD
511,Non-Target,No,0,None,ADHD
512,Non-Target,No,0,None,ADHD
513,Non-Target,No,0,None,ADHD
514,Non-Target,No,0,None,ADHD
515,Target,No,0,Omission,ADHD
516,Non-Target,No,0,None,ADHD
517,Non-Target,No,0,None,ADHD
518,Non-Target,No,0,None,ADHD
519,Non-Target,No,0,None,ADHD
520,Target,Yes,1020,None,ADHD
521,Target,Yes,728,None,ADHD
522,Non-Target,No,0,None,ADHD
523,Non-Target,No,0,None,ADHD
524,Non-Target,No,0,None,ADHD
525,Non-Target,No,0,None,ADHD
526,Non-Target,No,0,None,ADHD
527,Non-Target,No,0,None,ADHD
528,Non-Target,No,0,None,ADHD
529,Non-Target,No,0,None,ADHD
530,Target,Yes,653,None,ADHD
531,Non-Target,Yes,962,Commission,ADHD
532,Target,Yes,629,None,ADHD
533,Target,Yes,661,None,ADHD
534,Non-Target,No,0,None,ADHD
535,Non-Target,No,0,None,ADHD
536,Target,Yes,963,None,ADHD
537,Target,Yes,812,None,ADHD
538,Target,Yes,840,None,ADHD
539,Non-Target,No,0,None,ADHD
540,Non-Target,No,0,None,ADHD
541,Non-Target,No,0,None,ADHD
542,Non-Target,No,0,None,ADHD
543,Non-Target,Yes,674,Commission,ADHD
544,Non-Target,No,0,None,ADHD
545,Non-Target,No,0,None,ADHD
546,Non-Target,No,0,None,ADHD
547,Non-Target,No,0,None,ADHD
548,Non-Target,No,0,None,ADHD
549,Non-Target,No,0,None,ADHD
550,Non-Target,No,0,None,ADHD
551,Target,Yes,868,None,ADHD
552,Target,Yes,629,None,ADHD
553,Target,No,0,Omission,ADHD
554,Non-Target,No,0,None,ADHD
555,Non-Target,No,0,None,ADHD
556,Target,Yes,615,None,ADHD
557,Non-Target,No,0,None,ADHD
558,Non-Target,Yes,882,Commission,ADHD
559,Non-Target,No,0,None,ADHD
560,Non-Target,No,0,None,ADHD
561,Target,Yes,848,None,ADHD
562,Non-Target,No,0,None,ADHD
563,Target,No,0,Omission,ADHD
564,Target,No,0,Omission,ADHD
565,Non-Target,No,0,None,ADHD
566,Non-Target,No,0,None,ADHD
567,Target,Yes,634,None,ADHD
568,Non-Target,No,0,None,ADHD
569,Non-Target,No,0,None,ADHD
570,Target,Yes,743,None,ADHD
571,Non-Target,No,0,None,ADHD
572,Non-Target,No,0,None,ADHD
573,Target,Yes,736,None,ADHD
574,Non-Target,No,0,None,ADHD
575,Non-Target,No,0,None,ADHD
576,Non-Target,No,0,None,ADHD
577,Non-Target,No,0,None,ADHD
578,Non-Target,No,0,None,ADHD
579,Non-Target,No,0,None,ADHD
580,Non-Target,No,0,None,ADHD
581,Non-Target,No,0,None,ADHD
582,Non-Target,No,0,None,ADHD
583,Target,Yes,674,None,ADHD
584,Target,No,0,Omission,ADHD
585,Non-Target,No,0,None,ADHD
586,Target,No,0,Omission,ADHD
587,Non-Target,Yes,917,Commission,ADHD
588,Non-Target,No,0,None,ADHD
589,Target,Yes,693,None,ADHD
590,Non-Target,No,0,None,ADHD
591,Non-Target,No,0,None,ADHD
592,Non-Target,No,0,None,ADHD
593,Non-Target,No,0,None,ADHD
594,Non-Target,No,0,None,ADHD
595,Target,Yes,728,None,ADHD
596,Target,Yes,719,None,ADHD
597,Target,No,0,Omission,ADHD
598,Non-Target,No,0,None,ADHD
599,Non-Target,No,0,None,ADHD
600,Target,Yes,899,None,ADHD
601,Non-Target,No,0,None,ADHD
602,Target,Yes,661,None,ADHD
603,Non-Target,No,0,None,ADHD
604,Non-Target,No,0,None,ADHD
605,Non-Target,No,0,None,ADHD
606,Non-Target,No,0,None,ADHD
607,Non-Target,No,0,None,ADHD
608,Non-Target,Yes,891,Commission,ADHD
609,Non-Target,Yes,882,Commission,ADHD
610,Non-Target,No,0,None,ADHD
611,Non-Target,No,0,None,ADHD
612,Non-Target,No,0,None,ADHD
613,Non-Target,No,0,None,ADHD
614,Target,Yes,681,None,ADHD
615,Non-Target,No,0,None,ADHD
616,Target,Yes,898,None,ADHD
617,Target,Yes,883,None,ADHD
618,Non-Target,No,0,None,ADHD
619,Target,Yes,668,None,ADHD
620,Non-Target,No,0,None,ADHD
621,Target,Yes,607,None,ADHD
622,Target,Yes,622,None,ADHD
623,Non-Target,No,0,None,ADHD
624,Non-Target,No,0,None,ADHD
625,Non-Target,No,0,None,ADHD
626,Non-Target,No,0,None,ADHD
627,Non-Target,No,0,None,ADHD
628,Non-Target,No,0,None,ADHD
629,Non-Target,No,0,None,ADHD
630,Target,Yes,690,None,ADHD
631,Target,Yes,706,None,ADHD
632,Non-Target,No,0,None,ADHD
633,Non-Target,No,0,None,ADHD
634,Non-Target,No,0,None,ADHD
635,Non-Target,No,0,None,ADHD
636,Target,No,0,Omission,ADHD
637,Non-Target,No,0,None,ADHD
638,Non-Target,No,0,None,ADHD
639,Non-Target,No,0,None,ADHD
640,Target,Yes,817,None,ADHD
641,Target,Yes,878,None,ADHD
642,Non-Target,No,0,None,ADHD
643,Target,Yes,674,None,ADHD
644,Non-Target,No,0,None,ADHD
645,Non-Target,No,0,None,ADHD
646,Non-Target,No,0,None,ADHD
647,Target,Yes,674,None,ADHD
648,Target,Yes,923,None,ADHD
649,Non-Target,No,0,None,ADHD
650,Non-Target,No,0,None,ADHD
651,Non-Target,No,0,None,ADHD
652,Non-Target,No,0,None,ADHD
653,Non-Target,No,0,None,ADHD
654,Target,No,0,Omission,ADHD
655,Non-Target,No,0,None,ADHD
656,Non-Target,No,0,None,ADHD
657,Non-Target,No,0,None,ADHD
658,Non-Target,No,0,None,ADHD
659,Target,Yes,796,None,ADHD
660,Target,No,0,Omission,ADHD
661,Non-Target,No,0,None,ADHD
662,Non-Target,No,0,None,ADHD
663,Target,Yes,849,None,ADHD
664,Non-Target,No,0,None,ADHD
665,Non-Target,No,0,None,ADHD
666,Non-Target,No,0,None,ADHD
667,Non-Target,No,0,None,ADHD
668,Non-Target,No,0,None,ADHD
669,Target,No,0,Omission,ADHD
670,Target,Yes,765,None,ADHD
671,Non-Target,No,0,None,ADHD
672,Non-Target,No,0,None,ADHD
673,Non-Target,No,0,None,ADHD
674,Target,Yes,635,None,ADHD
675,Non-Target,No,0,None,ADHD
676,Non-Target,No,0,None,ADHD
677,Target,Yes,745,None,ADHD
678,Target,No,0,Omission,ADHD
679,Non-Target,No,0,None,ADHD
680,Non-Target,Yes,877,Commission,ADHD
681,Non-Target,No,0,None,ADHD
682,Target,Yes,779,None,ADHD
683,Non-Target,No,0,None,ADHD
684,Non-Target,Yes,656,Commission,ADHD
685,Non-Target,No,0,None,ADHD
686,Target,Yes,870,None,ADHD
687,Non-Target,No,0,None,ADHD
688,Non-Target,No,0,None,ADHD
689,Non-Target,No,0,None,ADHD
690,Non-Target,No,0,None,ADHD
691,Non-Target,No,0,None,ADHD
692,Target,Yes,961,None,ADHD
693,Target,Yes,647,None,ADHD
694,Non-Target,No,0,None,ADHD
695,Target,No,0,Omission,ADHD
696,Non-Target,No,0,None,ADHD
697,Non-Target,No,0,None,ADHD
698,Non-Target,No,0,None,ADHD
699,Target,Yes,870,None,ADHD
700,Non-Target,No,0,None,ADHD
701,Non-Target,No,0,None,ADHD
702,Target,No,0,Omission,ADHD
703,Non-Target,No,0,None,ADHD
704,Non-Target,No,0,None,ADHD
705,Non-Target,No,0,None,ADHD
706,Non-Target,No,0,None,ADHD
707,Target,Yes,666,None,ADHD
708,Non-Target,No,0,None,ADHD
709,Non-Target,No,0,None,ADHD
710,Non-Target,No,0,None,ADHD
711,Target,No,0,Omission,ADHD
712,Non-Target,No,0,None,ADHD
713,Non-Target,Yes,777,Commission,ADHD
714,Non-Target,No,0,None,ADHD
715,Target,Yes,606,None,ADHD
716,Non-Target,No,0,None,ADHD
717,Non-Target,No,0,None,ADHD
718,Non-Target,No,0,None,ADHD
719,Target,Yes,836,None,ADHD
720,Target,No,0,Omission,ADHD
721,Target,No,0,Omission,ADHD
722,Non-Target,No,0,None,ADHD
723,Non-Target,No,0,None,ADHD
724,Non-Target,No,0,None,ADHD
725,Non-Target,No,0,None,ADHD
726,Non-Target,No,0,None,ADHD
727,Non-Target,No,0,None,ADHD
728,Target,Yes,1110,None,ADHD
729,Target,Yes,829,None,ADHD
730,Non-Target,No,0,None,ADHD
731,Non-Target,Yes,601,Commission,ADHD
732,Non-Target,No,0,None,ADHD
733,Target,Yes,731,None,ADHD
734,Target,Yes,776,None,ADHD
735,Non-Target,No,0,None,ADHD
736,Non-Target,No,0,None,ADHD
737,Target,Yes,1001,None,ADHD
738,Non-Target,No,0,None,ADHD
739,Non-Target,No,0,None,ADHD
740,Non-Target,No,0,None,ADHD
741,Non-Target,No,0,None,ADHD
742,Target,Yes,524,None,ADHD
743,Non-Target,No,0,None,ADHD
744,Non-Target,No,0,None,ADHD
745,Target,No,0,Omission,ADHD
746,Non-Target,Yes,724,Commission,ADHD
747,Non-Target,No,0,None,ADHD
748,Non-Target,No,0,None,ADHD
749,Non-Target,No,0,None,ADHD
750,Target,Yes,604,None,ADHD
751,Non-Target,No,0,None,ADHD
752,Target,No,0,Omission,ADHD
753,Target,Yes,765,None,ADHD
754,Non-Target,Yes,751,Commission,ADHD
755,Non-Target,No,0,None,ADHD
756,Target,Yes,902,None,ADHD
757,Non-Target,No,0,None,ADHD
758,Target,Yes,706,None,ADHD
759,Non-Target,Yes,738,Commission,ADHD
760,Non-Target,No,0,None,ADHD
761,Target,Yes,871,None,ADHD
762,Non-Target,No,0,None,ADHD
763,Non-Target,No,0,None,ADHD
764,Non-Target,No,0,None,ADHD
765,Non-Target,No,0,None,ADHD
766,Non-Target,No,0,None,ADHD
767,Non-Target,Yes,687,Commission,ADHD
768,Non-Target,No,0,None,ADHD
769,Non-Target,No,0,None,ADHD
770,Non-Target,No,0,None,ADHD
771,Non-Target,No,0,None,ADHD
772,Non-Target,No,0,None,ADHD
773,Non-Target,No,0,None,ADHD
774,Non-Target,Yes,749,Commission,ADHD
775,Non-Target,No,0,None,ADHD
776,Non-Target,No,0,None,ADHD
777,Non-Target,No,0,None,ADHD
778,Non-Target,No,0,None,ADHD
779,Non-Target,No,0,None,ADHD
780,Non-Target,No,0,None,ADHD
781,Target,Yes,770,None,ADHD
782,Target,Yes,787,None,ADHD
783,Target,No,0,Omission,ADHD
784,Non-Target,No,0,None,ADHD
785,Non-Target,No,0,None,ADHD
786,Non-Target,No,0,None,ADHD
787,Non-Target,No,0,None,ADHD
788,Non-Target,No,0,None,ADHD
789,Target,No,0,Omission,ADHD
790,Target,No,0,Omission,ADHD
791,Non-Target,No,0,None,ADHD
792,Target,Yes,862,None,ADHD
793,Target,Yes,595,None,ADHD
794,Non-Target,No,0,None,ADHD
795,Target,Yes,722,None,ADHD
796,Target,Yes,689,None,ADHD
797,Non-Target,No,0,None,ADHD
798,Non-Target,Yes,797,Commission,ADHD
799,Non-Target,No,0,None,ADHD
800,Non-Target,No,0,None,ADHD
801,Non-Target,No,0,None,ADHD
802,Non-Target,No,0,None,ADHD
803,Non-Target,No,0,None,ADHD
804,Non-Target,No,0,None,ADHD
805,Non-Target,No,0,None,ADHD
806,Non-Target,No,0,None,ADHD
807,Non-Target,No,0,None,ADHD
808,Non-Target,No,0,None,ADHD
809,Target,No,0,Omission,ADHD
810,Target,No,0,Omission,ADHD
811,Target,Yes,656,None,ADHD
812,Non-Target,No,0,None,ADHD
813,Non-Target,Yes,840,Commission,ADHD
814,Non-Target,No,0,None,ADHD
815,Target,Yes,520,None,ADHD
816,Non-Target,No,0,None,ADHD
817,Non-Target,No,0,None,ADHD
818,Non-Target,No,0,None,ADHD
819,Non-Target,No,0,None,ADHD
820,Non-Target,Yes,917,Commission,ADHD
821,Non-Target,No,0,None,ADHD
822,Target,Yes,833,None,ADHD
823,Non-Target,No,0,None,ADHD
824,Non-Target,No,0,None,ADHD
825,Non-Target,No,0,None,ADHD
826,Non-Target,No,0,None,ADHD
827,Target,No,0,Omission,ADHD
828,Non-Target,No,0,None,ADHD
829,Target,Yes,870,None,ADHD
830,Non-Target,No,0,None,ADHD
831,Target,Yes,744,None,ADHD
832,Non-Target,No,0,None,ADHD
833,Non-Target,No,0,None,ADHD
834,Target,Yes,644,None,ADHD
835,Non-Target,No,0,None,ADHD
836,Non-Target,No,0,None,ADHD
837,Non-Target,No,0,None,ADHD
838,Non-Target,No,0,None,ADHD
839,Target,Yes,1031,None,ADHD
840,Non-Target,No,0,None,ADHD
841,Target,No,0,Omission,ADHD
842,Non-Target,No,0,None,ADHD
843,Non-Target,No,0,None,ADHD
844,Non-Target,No,0,None,ADHD
845,Target,No,0,Omission,ADHD
846,Target,Yes,673,None,ADHD
847,Non-Target,No,0,None,ADHD
848,Non-Target,No,0,None,ADHD
849,Non-Target,No,0,None,ADHD
850,Non-Target,No,0,None,ADHD
851,Non-Target,No,0,None,ADHD
852,Non-Target,No,0,None,ADHD
853,Non-Target,Yes,877,Commission,ADHD
854,Target,Yes,533,None,ADHD
855,Non-Target,No,0,None,ADHD
856,Non-Target,No,0,None,ADHD
857,Non-Target,No,0,None,ADHD
858,Target,Yes,662,None,ADHD
859,Non-Target,No,0,None,ADHD
860,Non-Target,No,0,None,ADHD
861,Non-Target,Yes,800,Commission,ADHD
862,Target,Yes,650,None,ADHD
863,Non-Target,No,0,None,ADHD
864,Non-Target,No,0,None,ADHD
865,Target,Yes,894,None,ADHD
866,Non-Target,No,0,None,ADHD
867,Non-Target,No,0,None,ADHD
868,Non-Target,No,0,None,ADHD
869,Non-Target,No,0,None,ADHD
870,Non-Target,No,0,None,ADHD
871,Non-Target,No,0,None,ADHD
872,Target,No,0,Omission,ADHD
873,Non-Target,No,0,None,ADHD
874,Target,Yes,855,None,ADHD
875,Non-Target,No,0,None,ADHD
876,Non-Target,No,0,None,ADHD
877,Non-Target,No,0,None,ADHD
878,Non-Target,Yes,697,Commission,ADHD
879,Non-Target,No,0,None,ADHD
880,Non-Target,No,0,None,ADHD
881,Target,Yes,917,None,ADHD
882,Non-Target,No,0,None,ADHD
883,Target,Yes,535,None,ADHD
884,Non-Target,No,0,None,ADHD
885,Non-Target,No,0,None,ADHD
886,Non-Target,No,0,None,ADHD
887,Target,No,0,Omission,ADHD
888,Non-Target,No,0,None,ADHD
889,Non-Target,No,0,None,ADHD
890,Target,No,0,Omission,ADHD
891,Target,No,0,Omission,ADHD
892,Non-Target,Yes,946,Commission,ADHD
893,Non-Target,No,0,None,ADHD
894,Target,Yes,733,None,ADHD
895,Target,Yes,964,None,ADHD
896,Non-Target,No,0,None,ADHD
897,Target,Yes,511,None,ADHD
898,Non-Target,No,0,None,ADHD
899,Non-Target,No,0,None,ADHD
900,Target,Yes,880,None,ADHD
901,Target,Yes,817,None,ADHD
902,Target,Yes,871,None,ADHD
903,Non-Target,No,0,None,ADHD
904,Non-Target,No,0,None,ADHD
905,Non-Target,No,0,None,ADHD
906,Non-Target,No,0,None,ADHD
907,Target,Yes,623,None,ADHD
908,Non-Target,No,0,None,ADHD
909,Non-Target,No,0,None,ADHD
910,Non-Target,No,0,None,ADHD
911,Non-Target,No,0,None,ADHD
912,Target,Yes,970,None,ADHD
913,Target,Yes,622,None,ADHD
914,Non-Target,No,0,None,ADHD
915,Non-Target,No,0,None,ADHD
916,Non-Target,No,0,None,ADHD
917,Non-Target,Yes,498,Commission,ADHD
918,Target,Yes,906,None,ADHD
919,Target,Yes,695,None,ADHD
920,Non-Target,No,0,None,ADHD
921,Non-Target,No,0,None,ADHD
922,Non-Target,No,0,None,ADHD
923,Target,Yes,747,None,ADHD
924,Target,Yes,1026,None,ADHD
925,Target,No,0,Omission,ADHD
926,Target,No,0,Omission,ADHD
927,Target,Yes,773,None,ADHD
928,Target,Yes,671,None,ADHD
929,Target,Yes,629,None,ADHD
930,Non-Target,No,0,None,ADHD
931,Non-Target,Yes,917,Commission,ADHD
932,Non-Target,No,0,None,ADHD
933,Non-Target,No,0,None,ADHD
934,Non-Target,No,0,None,ADHD
935,Non-Target,No,0,None,ADHD
936,Non-Target,No,0,None,ADHD
937,Non-Target,No,0,None,ADHD
938,Non-Target,No,0,None,ADHD
939,Non-Target,No,0,None,ADHD
940,Non-Target,No,0,None,ADHD
941,Non-Target,No,0,None,ADHD
942,Non-Target,No,0,None,ADHD
943,Non-Target,No,0,None,ADHD
944,Non-Target,No,0,None,ADHD
945,Target,No,0,Omission,ADHD
946,Target,Yes,686,None,ADHD
947,Target,Yes,638,None,ADHD
948,Target,Yes,794,None,ADHD
949,Non-Target,No,0,None,ADHD
950,Non-Target,No,0,None,ADHD
951,Non-Target,No,0,None,ADHD
952,Non-Target,No,0,None,ADHD
953,Non-Target,No,0,None,ADHD
954,Target,Yes,677,None,ADHD
955,Non-Target,No,0,None,ADHD
956,Target,No,0,Omission,ADHD
957,Target,Yes,784,None,ADHD
958,Target,Yes,656,None,ADHD
959,Target,Yes,864,None,ADHD
960,Non-Target,No,0,None,ADHD
961,Non-Target,Yes,758,Commission,ADHD
962,Target,Yes,664,None,ADHD
963,Target,Yes,785,None,ADHD
964,Non-Target,Yes,739,Commission,ADHD
965,Non-Target,No,0,None,ADHD
966,Non-Target,No,0,None,ADHD
967,Non-Target,No,0,None,ADHD
968,Non-Target,No,0,None,ADHD
969,Non-Target,No,0,None,ADHD
970,Non-Target,No,0,None,ADHD
971,Non-Target,No,0,None,ADHD
972,Non-Target,No,0,None,ADHD
973,Non-Target,No,0,None,ADHD
974,Non-Target,No,0,None,ADHD
975,Non-Target,No,0,None,ADHD
976,Target,Yes,752,None,ADHD
977,Non-Target,No,0,None,ADHD
978,Non-Target,No,0,None,ADHD
979,Non-Target,No,0,None,ADHD
980,Target,No,0,Omission,ADHD
981,Non-Target,No,0,None,ADHD
982,Target,Yes,706,None,ADHD
983,Non-Target,No,0,None,ADHD
984,Non-Target,Yes,548,Commission,ADHD
985,Non-Target,No,0,None,ADHD
986,Target,Yes,490,None,ADHD
987,Non-Target,No,0,None,ADHD
988,Target,Yes,666,None,ADHD
989,Target,No,0,Omission,ADHD
990,Target,Yes,772,None,ADHD
991,Target,No,0,Omission,ADHD
992,Non-Target,No,0,None,ADHD
993,Target,Yes,711,None,ADHD
994,Non-Target,No,0,None,ADHD
995,Non-Target,No,0,None,ADHD
996,Non-Target,No,0,None,ADHD
997,Non-Target,No,0,None,ADHD
998,Non-Target,No,0,None,ADHD
999,Non-Target,No,0,None,ADHD
1000,Non-Target,No,0,None,ADHD
1001,Non-Target,No,0,None,ADHD
1002,Non-Target,No,0,None,ADHD
1003,Non-Target,No,0,None,ADHD
1004,Non-Target,No,0,None,ADHD
1005,Non-Target,No,0,None,ADHD
1006,Target,No,0,Omission,ADHD
1007,Non-Target,No,0,None,ADHD
1008,Non-Target,Yes,977,Commission,ADHD
1009,Target,No,0,Omission,ADHD
1010,Non-Target,No,0,None,ADHD
1011,Non-Target,No,0,None,ADHD
1012,Non-Target,No,0,None,ADHD
1013,Target,Yes,805,None,ADHD
1014,Target,No,0,Omission,ADHD
1015,Non-Target,No,0,None,ADHD
1016,Non-Target,No,0,None,ADHD
1017,Non-Target,No,0,None,ADHD
1018,Non-Target,Yes,623,Commission,ADHD
1019,Non-Target,No,0,None,ADHD
1020,Non-Target,No,0,None,ADHD
1021,Non-Target,No,0,None,ADHD
1022,Non-Target,No,0,None,ADHD
1023,Non-Target,No,0,None,ADHD
1024,Non-Target,No,0,None,ADHD
1025,Non-Target,Yes,785,Commission,ADHD
1026,Non-Target,No,0,None,ADHD
1027,Non-Target,No,0,None,ADHD
1028,Non-Target,No,0,None,ADHD
1029,Non-Target,No,0,None,ADHD
1030,Target,Yes,712,None,ADHD
1031,Target,No,0,Omission,ADHD
1032,Target,Yes,889,None,ADHD
1033,Non-Target,No,0,None,ADHD
1034,Non-Target,No,0,None,ADHD
1035,Non-Target,No,0,None,ADHD
1036,Non-Target,No,0,None,ADHD
1037,Non-Target,No,0,None,ADHD
1038,Non-Target,No,0,None,ADHD
1039,Non-Target,No,0,None,ADHD
1040,Non-Target,No,0,None,ADHD
1041,Non-Target,No,0,None,ADHD
1042,Non-Target,No,0,None,ADHD
1043,Non-Target,No,0,None,ADHD
1044,Non-Target,No,0,None,ADHD
1045,Target,Yes,645,None,ADHD
1046,Non-Target,No,0,None,ADHD
1047,Non-Target,No,0,None,ADHD
1048,Non-Target,No,0,None,ADHD
1049,Non-Target,No,0,None,ADHD
1050,Non-Target,No,0,None,ADHD
1051,Non-Target,No,0,None,ADHD
1052,Non-Target,No,0,None,ADHD
1053,Non-Target,No,0,None,ADHD
1054,Non-Target,No,0,None,ADHD
1055,Non-Target,Yes,552,Commission,ADHD
1056,Non-Target,No,0,None,ADHD
1057,Non-Target,Yes,841,Commission,ADHD
1058,Non-Target,No,0,None,ADHD
1059,Non-Target,Yes,877,Commission,ADHD
1060,Target,Yes,874,None,ADHD
1061,Non-Target,No,0,None,ADHD
1062,Non-Target,No,0,None,ADHD
1063,Non-Target,No,0,None,ADHD
1064,Non-Target,No,0,None,ADHD
1065,Target,No,0,Omission,ADHD
1066,Target,Yes,704,None,ADHD
1067,Target,Yes,584,None,ADHD
1068,Non-Target,No,0,None,ADHD
1069,Non-Target,No,0,None,ADHD
1070,Non-Target,No,0,None,ADHD
1071,Non-Target,No,0,None,ADHD
1072,Non-Target,No,0,None,ADHD
1073,Target,Yes,779,None,ADHD
1074,Target,Yes,906,None,ADHD
1075,Non-Target,No,0,None,ADHD
1076,Non-Target,No,0,None,ADHD
1077,Target,No,0,Omission,ADHD
1078,Non-Target,No,0,None,ADHD
1079,Non-Target,No,0,None,ADHD
1080,Non-Target,No,0,None,ADHD
1081,Target,No,0,Omission,ADHD
1082,Non-Target,No,0,None,ADHD
1083,Non-Target,No,0,None,ADHD
1084,Non-Target,No,0,None,ADHD
1085,Target,Yes,637,None,ADHD
1086,Non-Target,No,0,None,ADHD
1087,Non-Target,No,0,None,ADHD
1088,Non-Target,No,0,None,ADHD
1089,Non-Target,No,0,None,ADHD
1090,Target,Yes,582,None,ADHD
1091,Non-Target,No,0,None,ADHD
1092,Non-Target,No,0,None,ADHD
1093,Non-Target,No,0,None,ADHD
1094,Non-Target,No,0,None,ADHD
1095,Non-Target,No,0,None,ADHD
1096,Non-Target,No,0,None,ADHD
1097,Non-Target,Yes,716,Commission,ADHD
1098,Non-Target,No,0,None,ADHD
1099,Non-Target,No,0,None,ADHD
1100,Target,Yes,804,None,ADHD
1101,Target,Yes,886,None,ADHD
1102,Non-Target,No,0,None,ADHD
1103,Target,Yes,795,None,ADHD
1104,Target,Yes,890,None,ADHD
1105,Non-Target,No,0,None,ADHD
1106,Target,Yes,1074,None,ADHD
1107,Target,Yes,760,None,ADHD
1108,Non-Target,No,0,None,ADHD
1109,Target,Yes,913,None,ADHD
1110,Target,Yes,753,None,ADHD
1111,Non-Target,No,0,None,ADHD
1112,Target,Yes,677,None,ADHD
1113,Non-Target,No,0,None,ADHD
1114,Non-Target,Yes,613,Commission,ADHD
1115,Non-Target,No,0,None,ADHD
1116,Target,Yes,531,None,ADHD
1117,Non-Target,No,0,None,ADHD
1118,Target,Yes,772,None,ADHD
1119,Non-Target,No,0,None,ADHD
1120,Target,Yes,956,None,ADHD
1121,Target,Yes,889,None,ADHD
1122,Non-Target,Yes,918,Commission,ADHD
1123,Target,Yes,951,None,ADHD
1124,Target,Yes,897,None,ADHD
1125,Target,No,0,Omission,ADHD
1126,Non-Target,No,0,None,ADHD
1127,Target,Yes,545,None,ADHD
1128,Target,No,0,Omission,ADHD
1129,Target,Yes,766,None,ADHD
1130,Non-Target,No,0,None,ADHD
1131,Target,Yes,785,None,ADHD
1132,Non-Target,No,0,None,ADHD
1133,Non-Target,No,0,None,ADHD
1134,Non-Target,No,0,None,ADHD
1135,Non-Target,No,0,None,ADHD
1136,Target,Yes,847,None,ADHD
1137,Non-Target,No,0,None,ADHD
1138,Non-Target,No,0,None,ADHD
1139,Target,Yes,795,None,ADHD
1140,Non-Target,No,0,None,ADHD
1141,Non-Target,No,0,None,ADHD
1142,Non-Target,No,0,None,ADHD
1143,Non-Target,No,0,None,ADHD
1144,Non-Target,No,0,None,ADHD
1145,Non-Target,No,0,None,ADHD
1146,Non-Target,No,0,None,ADHD
1147,Target,Yes,570,None,ADHD
1148,Target,No,0,Omission,ADHD
1149,Target,Yes,486,None,ADHD
1150,Non-Target,No,0,None,ADHD
1151,Non-Target,No,0,None,ADHD
1152,Target,Yes,792,None,ADHD
1153,Target,Yes,731,None,ADHD
1154,Non-Target,No,0,None,ADHD
1155,Non-Target,No,0,None,ADHD
1156,Non-Target,No,0,None,ADHD
1157,Non-Target,No,0,None,ADHD
1158,Non-Target,No,0,None,ADHD
1159,Non-Target,No,0,None,ADHD
1160,Target,Yes,840,None,ADHD
1161,Target,Yes,565,None,ADHD
1162,Non-Target,No,0,None,ADHD
1163,Non-Target,No,0,None,ADHD
1164,Target,No,0,Omission,ADHD
1165,Non-Target,No,0,None,ADHD
1166,Non-Target,No,0,None,ADHD
1167,Target,Yes,631,None,ADHD
1168,Non-Target,No,0,None,ADHD
1169,Non-Target,No,0,None,ADHD
1170,Non-Target,No,0,None,ADHD
1171,Non-Target,No,0,None,ADHD
1172,Non-Target,No,0,None,ADHD
1173,Non-Target,Yes,845,Commission,ADHD
1174,Non-Target,Yes,962,Commission,ADHD
1175,Non-Target,No,0,None,ADHD
1176,Non-Target,No,0,None,ADHD
1177,Non-Target,No,0,None,ADHD
1178,Target,No,0,Omission,ADHD
1179,Non-Target,Yes,645,Commission,ADHD
1180,Target,Yes,767,None,ADHD
1181,Non-Target,No,0,None,ADHD
1182,Target,Yes,744,None,ADHD
1183,Target,No,0,Omission,ADHD
1184,Target,Yes,885,None,ADHD
1185,Non-Target,No,0,None,ADHD
1186,Non-Target,No,0,None,ADHD
1187,Non-Target,Yes,925,Commission,ADHD
1188,Non-Target,Yes,1004,Commission,ADHD
1189,Target,Yes,791,None,ADHD
1190,Non-Target,No,0,None,ADHD
1191,Non-Target,No,0,None,ADHD
1192,Target,Yes,750,None,ADHD
1193,Non-Target,No,0,None,ADHD
1194,Non-Target,No,0,None,ADHD
1195,Non-Target,No,0,None,ADHD
1196,Non-Target,No,0,None,ADHD
1197,Non-Target,No,0,None,ADHD
1198,Target,Yes,693,None,ADHD
1199,Non-Target,No,0,None,ADHD
1200,Non-Target,No,0,None,ADHD
