Trial,StimulusType,Reaction,ReactionTime(ms),ErrorType,Label
1,Target,Yes,825,None,ADHD
2,Target,Yes,570,None,ADHD
3,Target,No,0,Omission,ADHD
4,Non-Target,No,0,None,ADHD
5,Target,No,0,Omission,ADHD
6,Non-Target,No,0,None,ADHD
7,Target,Yes,674,None,ADHD
8,Target,Yes,639,None,ADHD
9,Non-Target,No,0,None,ADHD
10,Target,Yes,647,None,ADHD
11,Non-Target,No,0,None,ADHD
12,Target,Yes,686,None,ADHD
13,Non-Target,No,0,None,ADHD
14,Non-Target,No,0,None,ADHD
15,Non-Target,No,0,None,ADHD
16,Non-Target,Yes,568,Commission,ADHD
17,Non-Target,No,0,None,ADHD
18,Non-Target,No,0,None,ADHD
19,Non-Target,No,0,None,ADHD
20,Non-Target,No,0,None,ADHD
21,Target,No,0,Omission,ADHD
22,Non-Target,Yes,577,Commission,ADHD
23,Non-Target,No,0,None,ADHD
24,Non-Target,No,0,None,ADHD
25,Non-Target,No,0,None,ADHD
26,Target,Yes,587,None,ADHD
27,Target,No,0,Omission,ADHD
28,Target,Yes,757,None,ADHD
29,Non-Target,No,0,None,ADHD
30,Non-Target,No,0,None,ADHD
31,Target,No,0,Omission,ADHD
32,Non-Target,Yes,481,Commission,ADHD
33,Non-Target,No,0,None,ADHD
34,Non-Target,Yes,648,Commission,ADHD
35,Non-Target,No,0,None,ADHD
36,Non-Target,No,0,None,ADHD
37,Non-Target,No,0,None,ADHD
38,Target,Yes,674,None,ADHD
39,Non-Target,No,0,None,ADHD
40,Target,Yes,863,None,ADHD
41,Non-Target,No,0,None,ADHD
42,Non-Target,No,0,None,ADHD
43,Target,No,0,Omission,ADHD
44,Non-Target,No,0,None,ADHD
45,Non-Target,No,0,None,ADHD
46,Target,Yes,633,None,ADHD
47,Target,No,0,Omission,ADHD
48,Non-Target,No,0,None,ADHD
49,Non-Target,No,0,None,ADHD
50,Non-Target,No,0,None,ADHD
51,Non-Target,No,0,None,ADHD
52,Non-Target,Yes,649,Commission,ADHD
53,Non-Target,No,0,None,ADHD
54,Non-Target,No,0,None,ADHD
55,Non-Target,No,0,None,ADHD
56,Non-Target,No,0,None,ADHD
57,Target,Yes,716,None,ADHD
58,Non-Target,No,0,None,ADHD
59,Target,Yes,494,None,ADHD
60,Target,No,0,Omission,ADHD
61,Non-Target,No,0,None,ADHD
62,Non-Target,No,0,None,ADHD
63,Non-Target,No,0,None,ADHD
64,Non-Target,No,0,None,ADHD
65,Non-Target,No,0,None,ADHD
66,Non-Target,No,0,None,ADHD
67,Non-Target,No,0,None,ADHD
68,Non-Target,No,0,None,ADHD
69,Non-Target,Yes,549,Commission,ADHD
70,Target,Yes,831,None,ADHD
71,Non-Target,No,0,None,ADHD
72,Non-Target,No,0,None,ADHD
73,Target,Yes,556,None,ADHD
74,Non-Target,No,0,None,ADHD
75,Non-Target,No,0,None,ADHD
76,Target,Yes,764,None,ADHD
77,Non-Target,No,0,None,ADHD
78,Target,Yes,355,None,ADHD
79,Non-Target,No,0,None,ADHD
80,Target,Yes,585,None,ADHD
81,Non-Target,Yes,462,Commission,ADHD
82,Non-Target,No,0,None,ADHD
83,Non-Target,No,0,None,ADHD
84,Non-Target,No,0,None,ADHD
85,Target,Yes,791,None,ADHD
86,Non-Target,No,0,None,ADHD
87,Non-Target,No,0,None,ADHD
88,Non-Target,No,0,None,ADHD
89,Non-Target,No,0,None,ADHD
90,Non-Target,No,0,None,ADHD
91,Non-Target,No,0,None,ADHD
92,Non-Target,No,0,None,ADHD
93,Target,No,0,Omission,ADHD
94,Target,Yes,718,None,ADHD
95,Non-Target,No,0,None,ADHD
96,Non-Target,No,0,None,ADHD
97,Target,Yes,767,None,ADHD
98,Non-Target,No,0,None,ADHD
99,Non-Target,Yes,578,Commission,ADHD
100,Non-Target,No,0,None,ADHD
101,Target,Yes,697,None,ADHD
102,Non-Target,No,0,None,ADHD
103,Target,Yes,730,None,ADHD
104,Non-Target,No,0,None,ADHD
105,Non-Target,No,0,None,ADHD
106,Target,Yes,730,None,ADHD
107,Target,No,0,Omission,ADHD
108,Non-Target,Yes,605,Commission,ADHD
109,Non-Target,No,0,None,ADHD
110,Non-Target,No,0,None,ADHD
111,Non-Target,No,0,None,ADHD
112,Non-Target,No,0,None,ADHD
113,Target,Yes,774,None,ADHD
114,Non-Target,No,0,None,ADHD
115,Non-Target,No,0,None,ADHD
116,Target,Yes,579,None,ADHD
117,Target,Yes,736,None,ADHD
118,Non-Target,No,0,None,ADHD
119,Non-Target,No,0,None,ADHD
120,Target,Yes,569,None,ADHD
121,Target,No,0,Omission,ADHD
122,Non-Target,Yes,507,Commission,ADHD
123,Target,Yes,482,None,ADHD
124,Non-Target,Yes,767,Commission,ADHD
125,Non-Target,No,0,None,ADHD
126,Non-Target,No,0,None,ADHD
127,Target,Yes,862,None,ADHD
128,Target,Yes,581,None,ADHD
129,Target,Yes,709,None,ADHD
130,Target,Yes,628,None,ADHD
131,Non-Target,No,0,None,ADHD
132,Target,Yes,728,None,ADHD
133,Target,Yes,734,None,ADHD
134,Non-Target,No,0,None,ADHD
135,Target,Yes,703,None,ADHD
136,Target,No,0,Omission,ADHD
137,Target,Yes,595,None,ADHD
138,Non-Target,No,0,None,ADHD
139,Non-Target,No,0,None,ADHD
140,Non-Target,No,0,None,ADHD
141,Non-Target,No,0,None,ADHD
142,Non-Target,No,0,None,ADHD
143,Non-Target,No,0,None,ADHD
144,Non-Target,No,0,None,ADHD
145,Non-Target,No,0,None,ADHD
146,Non-Target,No,0,None,ADHD
147,Target,Yes,526,None,ADHD
148,Non-Target,No,0,None,ADHD
149,Non-Target,No,0,None,ADHD
150,Non-Target,No,0,None,ADHD
151,Non-Target,No,0,None,ADHD
152,Non-Target,No,0,None,ADHD
153,Target,Yes,744,None,ADHD
154,Target,Yes,773,None,ADHD
155,Non-Target,No,0,None,ADHD
156,Non-Target,No,0,None,ADHD
157,Non-Target,No,0,None,ADHD
158,Target,Yes,623,None,ADHD
159,Non-Target,No,0,None,ADHD
160,Non-Target,No,0,None,ADHD
161,Target,Yes,684,None,ADHD
162,Non-Target,No,0,None,ADHD
163,Target,Yes,497,None,ADHD
164,Non-Target,No,0,None,ADHD
165,Non-Target,No,0,None,ADHD
166,Non-Target,No,0,None,ADHD
167,Non-Target,No,0,None,ADHD
168,Non-Target,No,0,None,ADHD
169,Non-Target,No,0,None,ADHD
170,Non-Target,No,0,None,ADHD
171,Non-Target,No,0,None,ADHD
172,Non-Target,No,0,None,ADHD
173,Target,Yes,701,None,ADHD
174,Target,Yes,774,None,ADHD
175,Target,Yes,495,None,ADHD
176,Non-Target,Yes,553,Commission,ADHD
177,Non-Target,No,0,None,ADHD
178,Non-Target,No,0,None,ADHD
179,Non-Target,No,0,None,ADHD
180,Target,Yes,551,None,ADHD
181,Non-Target,No,0,None,ADHD
182,Non-Target,Yes,613,Commission,ADHD
183,Non-Target,No,0,None,ADHD
184,Non-Target,No,0,None,ADHD
185,Non-Target,Yes,588,Commission,ADHD
186,Non-Target,No,0,None,ADHD
187,Non-Target,No,0,None,ADHD
188,Non-Target,Yes,618,Commission,ADHD
189,Target,Yes,586,None,ADHD
190,Non-Target,No,0,None,ADHD
191,Non-Target,Yes,483,Commission,ADHD
192,Non-Target,No,0,None,ADHD
193,Non-Target,No,0,None,ADHD
194,Non-Target,No,0,None,ADHD
195,Non-Target,Yes,682,Commission,ADHD
196,Non-Target,No,0,None,ADHD
197,Non-Target,No,0,None,ADHD
198,Target,Yes,662,None,ADHD
199,Non-Target,No,0,None,ADHD
200,Non-Target,No,0,None,ADHD
201,Non-Target,No,0,None,ADHD
202,Non-Target,Yes,559,Commission,ADHD
203,Non-Target,No,0,None,ADHD
204,Non-Target,No,0,None,ADHD
205,Non-Target,No,0,None,ADHD
206,Target,Yes,570,None,ADHD
207,Non-Target,No,0,None,ADHD
208,Non-Target,No,0,None,ADHD
209,Non-Target,Yes,705,Commission,ADHD
210,Non-Target,No,0,None,ADHD
211,Target,Yes,732,None,ADHD
212,Non-Target,No,0,None,ADHD
213,Non-Target,Yes,673,Commission,ADHD
214,Non-Target,No,0,None,ADHD
215,Non-Target,No,0,None,ADHD
216,Non-Target,No,0,None,ADHD
217,Non-Target,No,0,None,ADHD
218,Target,Yes,546,None,ADHD
219,Non-Target,No,0,None,ADHD
220,Target,Yes,623,None,ADHD
221,Non-Target,Yes,890,Commission,ADHD
222,Non-Target,No,0,None,ADHD
223,Target,No,0,Omission,ADHD
224,Target,Yes,581,None,ADHD
225,Non-Target,Yes,507,Commission,ADHD
226,Non-Target,No,0,None,ADHD
227,Non-Target,No,0,None,ADHD
228,Non-Target,No,0,None,ADHD
229,Non-Target,No,0,None,ADHD
230,Non-Target,No,0,None,ADHD
231,Non-Target,No,0,None,ADHD
232,Non-Target,Yes,535,Commission,ADHD
233,Non-Target,No,0,None,ADHD
234,Non-Target,No,0,None,ADHD
235,Non-Target,No,0,None,ADHD
236,Non-Target,Yes,643,Commission,ADHD
237,Target,No,0,Omission,ADHD
238,Target,Yes,467,None,ADHD
239,Non-Target,No,0,None,ADHD
240,Non-Target,No,0,None,ADHD
241,Non-Target,Yes,684,Commission,ADHD
242,Non-Target,No,0,None,ADHD
243,Non-Target,No,0,None,ADHD
244,Non-Target,No,0,None,ADHD
245,Non-Target,No,0,None,ADHD
246,Non-Target,No,0,None,ADHD
247,Non-Target,No,0,None,ADHD
248,Non-Target,No,0,None,ADHD
249,Non-Target,No,0,None,ADHD
250,Target,Yes,637,None,ADHD
251,Non-Target,No,0,None,ADHD
252,Non-Target,No,0,None,ADHD
253,Non-Target,No,0,None,ADHD
254,Non-Target,Yes,828,Commission,ADHD
255,Target,Yes,552,None,ADHD
256,Non-Target,No,0,None,ADHD
257,Non-Target,No,0,None,ADHD
258,Target,Yes,535,None,ADHD
259,Target,Yes,738,None,ADHD
260,Target,Yes,786,None,ADHD
261,Non-Target,No,0,None,ADHD
262,Non-Target,No,0,None,ADHD
263,Target,Yes,571,None,ADHD
264,Non-Target,No,0,None,ADHD
265,Non-Target,No,0,None,ADHD
266,Non-Target,No,0,None,ADHD
267,Non-Target,No,0,None,ADHD
268,Non-Target,No,0,None,ADHD
269,Non-Target,No,0,None,ADHD
270,Target,Yes,517,None,ADHD
271,Non-Target,No,0,None,ADHD
272,Target,Yes,787,None,ADHD
273,Non-Target,No,0,None,ADHD
274,Non-Target,No,0,None,ADHD
275,Non-Target,No,0,None,ADHD
276,Non-Target,No,0,None,ADHD
277,Target,Yes,623,None,ADHD
278,Non-Target,Yes,621,Commission,ADHD
279,Non-Target,No,0,None,ADHD
280,Non-Target,No,0,None,ADHD
281,Target,Yes,661,None,ADHD
282,Target,Yes,650,None,ADHD
283,Target,Yes,834,None,ADHD
284,Target,Yes,737,None,ADHD
285,Non-Target,No,0,None,ADHD
286,Non-Target,No,0,None,ADHD
287,Non-Target,No,0,None,ADHD
288,Non-Target,No,0,None,ADHD
289,Non-Target,No,0,None,ADHD
290,Non-Target,No,0,None,ADHD
291,Non-Target,No,0,None,ADHD
292,Non-Target,No,0,None,ADHD
293,Target,Yes,640,None,ADHD
294,Non-Target,No,0,None,ADHD
295,Non-Target,No,0,None,ADHD
296,Non-Target,No,0,None,ADHD
297,Target,Yes,817,None,ADHD
298,Non-Target,No,0,None,ADHD
299,Target,Yes,597,None,ADHD
300,Non-Target,No,0,None,ADHD
301,Non-Target,No,0,None,ADHD
302,Non-Target,No,0,None,ADHD
303,Non-Target,No,0,None,ADHD
304,Non-Target,Yes,797,Commission,ADHD
305,Non-Target,No,0,None,ADHD
306,Non-Target,Yes,536,Commission,ADHD
307,Non-Target,No,0,None,ADHD
308,Non-Target,No,0,None,ADHD
309,Target,No,0,Omission,ADHD
310,Non-Target,Yes,656,Commission,ADHD
311,Non-Target,No,0,None,ADHD
312,Non-Target,Yes,477,Commission,ADHD
313,Non-Target,No,0,None,ADHD
314,Non-Target,No,0,None,ADHD
315,Non-Target,No,0,None,ADHD
316,Target,Yes,515,None,ADHD
317,Non-Target,No,0,None,ADHD
318,Non-Target,No,0,None,ADHD
319,Non-Target,No,0,None,ADHD
320,Target,Yes,591,None,ADHD
321,Non-Target,No,0,None,ADHD
322,Target,Yes,485,None,ADHD
323,Non-Target,No,0,None,ADHD
324,Target,No,0,Omission,ADHD
325,Non-Target,No,0,None,ADHD
326,Non-Target,No,0,None,ADHD
327,Non-Target,Yes,568,Commission,ADHD
328,Non-Target,No,0,None,ADHD
329,Non-Target,No,0,None,ADHD
330,Non-Target,No,0,None,ADHD
331,Non-Target,No,0,None,ADHD
332,Non-Target,No,0,None,ADHD
333,Non-Target,No,0,None,ADHD
334,Non-Target,No,0,None,ADHD
335,Non-Target,No,0,None,ADHD
336,Non-Target,No,0,None,ADHD
337,Target,Yes,667,None,ADHD
338,Non-Target,No,0,None,ADHD
339,Non-Target,No,0,None,ADHD
340,Target,Yes,761,None,ADHD
341,Non-Target,No,0,None,ADHD
342,Target,Yes,591,None,ADHD
343,Target,Yes,490,None,ADHD
344,Non-Target,No,0,None,ADHD
345,Target,Yes,629,None,ADHD
346,Non-Target,No,0,None,ADHD
347,Target,Yes,515,None,ADHD
348,Non-Target,No,0,None,ADHD
349,Target,Yes,762,None,ADHD
350,Non-Target,No,0,None,ADHD
351,Target,No,0,Omission,ADHD
352,Non-Target,No,0,None,ADHD
353,Non-Target,No,0,None,ADHD
354,Non-Target,No,0,None,ADHD
355,Target,Yes,641,None,ADHD
356,Non-Target,No,0,None,ADHD
357,Target,Yes,648,None,ADHD
358,Target,Yes,624,None,ADHD
359,Non-Target,No,0,None,ADHD
360,Target,Yes,564,None,ADHD
361,Non-Target,No,0,None,ADHD
362,Target,No,0,Omission,ADHD
363,Non-Target,Yes,499,Commission,ADHD
364,Non-Target,No,0,None,ADHD
365,Non-Target,No,0,None,ADHD
366,Non-Target,No,0,None,ADHD
367,Non-Target,No,0,None,ADHD
368,Target,Yes,660,None,ADHD
369,Non-Target,No,0,None,ADHD
370,Non-Target,No,0,None,ADHD
371,Non-Target,No,0,None,ADHD
372,Non-Target,No,0,None,ADHD
373,Non-Target,No,0,None,ADHD
374,Target,Yes,702,None,ADHD
375,Non-Target,No,0,None,ADHD
376,Non-Target,No,0,None,ADHD
377,Non-Target,No,0,None,ADHD
378,Non-Target,No,0,None,ADHD
379,Non-Target,No,0,None,ADHD
380,Non-Target,No,0,None,ADHD
381,Non-Target,Yes,589,Commission,ADHD
382,Non-Target,No,0,None,ADHD
383,Non-Target,No,0,None,ADHD
384,Non-Target,No,0,None,ADHD
385,Non-Target,No,0,None,ADHD
386,Non-Target,Yes,714,Commission,ADHD
387,Non-Target,No,0,None,ADHD
388,Target,Yes,708,None,ADHD
389,Non-Target,No,0,None,ADHD
390,Target,Yes,651,None,ADHD
391,Non-Target,No,0,None,ADHD
392,Non-Target,No,0,None,ADHD
393,Non-Target,No,0,None,ADHD
394,Non-Target,No,0,None,ADHD
395,Non-Target,No,0,None,ADHD
396,Non-Target,Yes,758,Commission,ADHD
397,Non-Target,No,0,None,ADHD
398,Non-Target,No,0,None,ADHD
399,Non-Target,No,0,None,ADHD
400,Target,Yes,665,None,ADHD
401,Non-Target,No,0,None,ADHD
402,Target,Yes,566,None,ADHD
403,Non-Target,No,0,None,ADHD
404,Non-Target,No,0,None,ADHD
405,Non-Target,No,0,None,ADHD
406,Non-Target,No,0,None,ADHD
407,Target,Yes,619,None,ADHD
408,Target,No,0,Omission,ADHD
409,Non-Target,No,0,None,ADHD
410,Non-Target,No,0,None,ADHD
411,Non-Target,No,0,None,ADHD
412,Non-Target,No,0,None,ADHD
413,Target,No,0,Omission,ADHD
414,Non-Target,No,0,None,ADHD
415,Non-Target,No,0,None,ADHD
416,Non-Target,No,0,None,ADHD
417,Non-Target,No,0,None,ADHD
418,Target,No,0,Omission,ADHD
419,Target,Yes,667,None,ADHD
420,Non-Target,No,0,None,ADHD
421,Non-Target,No,0,None,ADHD
422,Non-Target,No,0,None,ADHD
423,Non-Target,No,0,None,ADHD
424,Non-Target,No,0,None,ADHD
425,Non-Target,Yes,470,Commission,ADHD
426,Target,Yes,601,None,ADHD
427,Target,Yes,591,None,ADHD
428,Non-Target,Yes,661,Commission,ADHD
429,Target,Yes,812,None,ADHD
430,Non-Target,No,0,None,ADHD
431,Non-Target,No,0,None,ADHD
432,Non-Target,No,0,None,ADHD
433,Non-Target,No,0,None,ADHD
434,Non-Target,No,0,None,ADHD
435,Non-Target,No,0,None,ADHD
436,Non-Target,No,0,None,ADHD
437,Target,Yes,511,None,ADHD
438,Non-Target,No,0,None,ADHD
439,Target,Yes,654,None,ADHD
440,Non-Target,No,0,None,ADHD
441,Non-Target,No,0,None,ADHD
442,Target,Yes,444,None,ADHD
443,Non-Target,No,0,None,ADHD
444,Target,Yes,511,None,ADHD
445,Target,Yes,603,None,ADHD
446,Target,No,0,Omission,ADHD
447,Non-Target,No,0,None,ADHD
448,Target,Yes,598,None,ADHD
449,Target,Yes,552,None,ADHD
450,Target,Yes,569,None,ADHD
451,Non-Target,No,0,None,ADHD
452,Non-Target,No,0,None,ADHD
453,Target,Yes,783,None,ADHD
454,Non-Target,No,0,None,ADHD
455,Non-Target,No,0,None,ADHD
456,Target,Yes,487,None,ADHD
457,Non-Target,No,0,None,ADHD
458,Non-Target,No,0,None,ADHD
459,Non-Target,No,0,None,ADHD
460,Non-Target,No,0,None,ADHD
461,Target,No,0,Omission,ADHD
462,Non-Target,No,0,None,ADHD
463,Non-Target,No,0,None,ADHD
464,Target,No,0,Omission,ADHD
465,Target,Yes,593,None,ADHD
466,Non-Target,No,0,None,ADHD
467,Non-Target,No,0,None,ADHD
468,Non-Target,No,0,None,ADHD
469,Non-Target,No,0,None,ADHD
470,Target,No,0,Omission,ADHD
471,Non-Target,No,0,None,ADHD
472,Non-Target,No,0,None,ADHD
473,Non-Target,No,0,None,ADHD
474,Non-Target,No,0,None,ADHD
475,Non-Target,No,0,None,ADHD
476,Non-Target,No,0,None,ADHD
477,Non-Target,No,0,None,ADHD
478,Target,No,0,Omission,ADHD
479,Non-Target,Yes,581,Commission,ADHD
480,Non-Target,No,0,None,ADHD
481,Non-Target,No,0,None,ADHD
482,Non-Target,No,0,None,ADHD
483,Target,No,0,Omission,ADHD
484,Non-Target,No,0,None,ADHD
485,Target,No,0,Omission,ADHD
486,Non-Target,No,0,None,ADHD
487,Target,Yes,656,None,ADHD
488,Target,No,0,Omission,ADHD
489,Target,Yes,370,None,ADHD
490,Non-Target,Yes,782,Commission,ADHD
491,Target,No,0,Omission,ADHD
492,Target,Yes,544,None,ADHD
493,Non-Target,No,0,None,ADHD
494,Target,Yes,747,None,ADHD
495,Non-Target,No,0,None,ADHD
496,Non-Target,No,0,None,ADHD
497,Target,Yes,717,None,ADHD
498,Target,Yes,541,None,ADHD
499,Target,Yes,607,None,ADHD
500,Non-Target,No,0,None,ADHD
501,Target,No,0,Omission,ADHD
502,Non-Target,No,0,None,ADHD
503,Non-Target,No,0,None,ADHD
504,Non-Target,No,0,None,ADHD
505,Non-Target,No,0,None,ADHD
506,Non-Target,No,0,None,ADHD
507,Target,Yes,408,None,ADHD
508,Target,No,0,Omission,ADHD
509,Non-Target,Yes,580,Commission,ADHD
510,Non-Target,No,0,None,ADHD
511,Target,Yes,507,None,ADHD
512,Target,Yes,465,None,ADHD
513,Target,Yes,632,None,ADHD
514,Non-Target,No,0,None,ADHD
515,Non-Target,No,0,None,ADHD
516,Target,Yes,803,None,ADHD
517,Target,Yes,630,None,ADHD
518,Non-Target,Yes,671,Commission,ADHD
519,Non-Target,No,0,None,ADHD
520,Non-Target,No,0,None,ADHD
521,Non-Target,No,0,None,ADHD
522,Non-Target,No,0,None,ADHD
523,Non-Target,No,0,None,ADHD
524,Non-Target,Yes,529,Commission,ADHD
525,Non-Target,No,0,None,ADHD
526,Non-Target,No,0,None,ADHD
527,Non-Target,No,0,None,ADHD
528,Non-Target,Yes,487,Commission,ADHD
529,Target,Yes,601,None,ADHD
530,Non-Target,No,0,None,ADHD
531,Non-Target,No,0,None,ADHD
532,Non-Target,Yes,597,Commission,ADHD
533,Target,Yes,494,None,ADHD
534,Non-Target,No,0,None,ADHD
535,Target,No,0,Omission,ADHD
536,Non-Target,No,0,None,ADHD
537,Target,Yes,443,None,ADHD
538,Target,Yes,699,None,ADHD
539,Non-Target,No,0,None,ADHD
540,Non-Target,No,0,None,ADHD
541,Non-Target,No,0,None,ADHD
542,Non-Target,No,0,None,ADHD
543,Target,Yes,670,None,ADHD
544,Non-Target,No,0,None,ADHD
545,Non-Target,No,0,None,ADHD
546,Non-Target,No,0,None,ADHD
547,Target,Yes,712,None,ADHD
548,Non-Target,No,0,None,ADHD
549,Target,No,0,Omission,ADHD
550,Non-Target,No,0,None,ADHD
551,Non-Target,No,0,None,ADHD
552,Target,Yes,597,None,ADHD
553,Non-Target,No,0,None,ADHD
554,Non-Target,No,0,None,ADHD
555,Non-Target,No,0,None,ADHD
556,Non-Target,No,0,None,ADHD
557,Non-Target,No,0,None,ADHD
558,Target,Yes,618,None,ADHD
559,Non-Target,No,0,None,ADHD
560,Target,Yes,591,None,ADHD
561,Target,Yes,777,None,ADHD
562,Non-Target,No,0,None,ADHD
563,Non-Target,No,0,None,ADHD
564,Target,Yes,709,None,ADHD
565,Non-Target,No,0,None,ADHD
566,Non-Target,No,0,None,ADHD
567,Non-Target,No,0,None,ADHD
568,Non-Target,No,0,None,ADHD
569,Non-Target,No,0,None,ADHD
570,Target,Yes,588,None,ADHD
571,Non-Target,No,0,None,ADHD
572,Non-Target,No,0,None,ADHD
573,Non-Target,No,0,None,ADHD
574,Non-Target,No,0,None,ADHD
575,Non-Target,No,0,None,ADHD
576,Non-Target,No,0,None,ADHD
577,Non-Target,No,0,None,ADHD
578,Non-Target,No,0,None,ADHD
579,Non-Target,No,0,None,ADHD
580,Non-Target,No,0,None,ADHD
581,Non-Target,No,0,None,ADHD
582,Target,Yes,682,None,ADHD
583,Target,No,0,Omission,ADHD
584,Non-Target,No,0,None,ADHD
585,Non-Target,No,0,None,ADHD
586,Non-Target,No,0,None,ADHD
587,Non-Target,No,0,None,ADHD
588,Non-Target,No,0,None,ADHD
589,Non-Target,No,0,None,ADHD
590,Non-Target,No,0,None,ADHD
591,Target,No,0,Omission,ADHD
592,Non-Target,No,0,None,ADHD
593,Target,Yes,773,None,ADHD
594,Non-Target,No,0,None,ADHD
595,Target,Yes,557,None,ADHD
596,Non-Target,Yes,774,Commission,ADHD
597,Non-Target,No,0,None,ADHD
598,Target,Yes,804,None,ADHD
599,Non-Target,No,0,None,ADHD
600,Target,Yes,443,None,ADHD
601,Target,Yes,582,None,ADHD
602,Non-Target,No,0,None,ADHD
603,Non-Target,No,0,None,ADHD
604,Non-Target,No,0,None,ADHD
605,Target,Yes,840,None,ADHD
606,Non-Target,No,0,None,ADHD
607,Non-Target,No,0,None,ADHD
608,Target,Yes,835,None,ADHD
609,Target,Yes,398,None,ADHD
610,Non-Target,No,0,None,ADHD
611,Target,Yes,370,None,ADHD
612,Target,Yes,609,None,ADHD
613,Non-Target,Yes,495,Commission,ADHD
614,Target,Yes,679,None,ADHD
615,Non-Target,No,0,None,ADHD
616,Non-Target,No,0,None,ADHD
617,Non-Target,No,0,None,ADHD
618,Non-Target,No,0,None,ADHD
619,Target,Yes,559,None,ADHD
620,Non-Target,No,0,None,ADHD
621,Target,No,0,Omission,ADHD
622,Target,No,0,Omission,ADHD
623,Target,No,0,Omission,ADHD
624,Non-Target,No,0,None,ADHD
625,Non-Target,No,0,None,ADHD
626,Non-Target,Yes,565,Commission,ADHD
627,Target,Yes,589,None,ADHD
628,Non-Target,No,0,None,ADHD
629,Non-Target,Yes,725,Commission,ADHD
630,Target,No,0,Omission,ADHD
631,Non-Target,Yes,732,Commission,ADHD
632,Non-Target,Yes,628,Commission,ADHD
633,Target,Yes,725,None,ADHD
634,Non-Target,No,0,None,ADHD
635,Non-Target,No,0,None,ADHD
636,Non-Target,No,0,None,ADHD
637,Non-Target,Yes,768,Commission,ADHD
638,Non-Target,No,0,None,ADHD
639,Non-Target,No,0,None,ADHD
640,Non-Target,No,0,None,ADHD
641,Target,Yes,767,None,ADHD
642,Non-Target,No,0,None,ADHD
643,Target,No,0,Omission,ADHD
644,Non-Target,No,0,None,ADHD
645,Non-Target,Yes,498,Commission,ADHD
646,Non-Target,No,0,None,ADHD
647,Target,Yes,705,None,ADHD
648,Non-Target,No,0,None,ADHD
649,Non-Target,No,0,None,ADHD
650,Non-Target,No,0,None,ADHD
651,Non-Target,No,0,None,ADHD
652,Non-Target,No,0,None,ADHD
653,Target,Yes,692,None,ADHD
654,Non-Target,No,0,None,ADHD
655,Non-Target,No,0,None,ADHD
656,Non-Target,No,0,None,ADHD
657,Target,Yes,679,None,ADHD
658,Target,Yes,545,None,ADHD
659,Non-Target,No,0,None,ADHD
660,Non-Target,No,0,None,ADHD
661,Non-Target,Yes,620,Commission,ADHD
662,Non-Target,No,0,None,ADHD
663,Non-Target,No,0,None,ADHD
664,Non-Target,No,0,None,ADHD
665,Non-Target,No,0,None,ADHD
666,Target,Yes,417,None,ADHD
667,Non-Target,No,0,None,ADHD
668,Non-Target,No,0,None,ADHD
669,Non-Target,No,0,None,ADHD
670,Target,Yes,643,None,ADHD
671,Target,Yes,537,None,ADHD
672,Target,Yes,643,None,ADHD
673,Target,Yes,477,None,ADHD
674,Non-Target,No,0,None,ADHD
675,Target,No,0,Omission,ADHD
676,Target,Yes,608,None,ADHD
677,Target,No,0,Omission,ADHD
678,Non-Target,No,0,None,ADHD
679,Non-Target,No,0,None,ADHD
680,Target,Yes,643,None,ADHD
681,Non-Target,No,0,None,ADHD
682,Non-Target,No,0,None,ADHD
683,Non-Target,Yes,666,Commission,ADHD
684,Non-Target,No,0,None,ADHD
685,Non-Target,No,0,None,ADHD
686,Target,No,0,Omission,ADHD
687,Non-Target,No,0,None,ADHD
688,Non-Target,Yes,469,Commission,ADHD
689,Non-Target,No,0,None,ADHD
690,Non-Target,No,0,None,ADHD
691,Non-Target,No,0,None,ADHD
692,Non-Target,No,0,None,ADHD
693,Non-Target,No,0,None,ADHD
694,Non-Target,No,0,None,ADHD
695,Non-Target,No,0,None,ADHD
696,Non-Target,No,0,None,ADHD
697,Target,Yes,688,None,ADHD
698,Target,Yes,693,None,ADHD
699,Non-Target,No,0,None,ADHD
700,Non-Target,Yes,647,Commission,ADHD
701,Non-Target,No,0,None,ADHD
702,Non-Target,No,0,None,ADHD
703,Target,Yes,789,None,ADHD
704,Non-Target,No,0,None,ADHD
705,Non-Target,No,0,None,ADHD
706,Target,Yes,541,None,ADHD
707,Target,Yes,581,None,ADHD
708,Non-Target,No,0,None,ADHD
709,Non-Target,No,0,None,ADHD
710,Non-Target,No,0,None,ADHD
711,Non-Target,No,0,None,ADHD
712,Non-Target,No,0,None,ADHD
713,Non-Target,No,0,None,ADHD
714,Non-Target,No,0,None,ADHD
715,Target,No,0,Omission,ADHD
716,Target,Yes,604,None,ADHD
717,Non-Target,No,0,None,ADHD
718,Target,Yes,625,None,ADHD
719,Non-Target,No,0,None,ADHD
720,Non-Target,No,0,None,ADHD
721,Non-Target,No,0,None,ADHD
722,Non-Target,No,0,None,ADHD
723,Non-Target,No,0,None,ADHD
724,Non-Target,No,0,None,ADHD
725,Non-Target,No,0,None,ADHD
726,Non-Target,No,0,None,ADHD
727,Target,No,0,Omission,ADHD
728,Non-Target,No,0,None,ADHD
729,Non-Target,No,0,None,ADHD
730,Non-Target,No,0,None,ADHD
731,Non-Target,Yes,656,Commission,ADHD
732,Non-Target,No,0,None,ADHD
733,Non-Target,No,0,None,ADHD
734,Non-Target,No,0,None,ADHD
735,Target,Yes,665,None,ADHD
736,Non-Target,No,0,None,ADHD
737,Non-Target,No,0,None,ADHD
738,Non-Target,No,0,None,ADHD
739,Target,No,0,Omission,ADHD
740,Target,Yes,603,None,ADHD
741,Non-Target,Yes,448,Commission,ADHD
742,Non-Target,No,0,None,ADHD
743,Non-Target,No,0,None,ADHD
744,Non-Target,No,0,None,ADHD
745,Non-Target,No,0,None,ADHD
746,Non-Target,No,0,None,ADHD
747,Target,Yes,794,None,ADHD
748,Non-Target,Yes,585,Commission,ADHD
749,Non-Target,Yes,404,Commission,ADHD
750,Target,Yes,815,None,ADHD
751,Non-Target,No,0,None,ADHD
752,Target,Yes,614,None,ADHD
753,Target,No,0,Omission,ADHD
754,Target,Yes,467,None,ADHD
755,Non-Target,No,0,None,ADHD
756,Target,No,0,Omission,ADHD
757,Target,No,0,Omission,ADHD
758,Target,Yes,601,None,ADHD
759,Target,Yes,678,None,ADHD
760,Non-Target,No,0,None,ADHD
761,Non-Target,No,0,None,ADHD
762,Non-Target,No,0,None,ADHD
763,Non-Target,No,0,None,ADHD
764,Non-Target,No,0,None,ADHD
765,Non-Target,No,0,None,ADHD
766,Non-Target,No,0,None,ADHD
767,Non-Target,Yes,738,Commission,ADHD
768,Non-Target,No,0,None,ADHD
769,Non-Target,No,0,None,ADHD
770,Non-Target,No,0,None,ADHD
771,Non-Target,No,0,None,ADHD
772,Non-Target,No,0,None,ADHD
773,Non-Target,No,0,None,ADHD
774,Non-Target,No,0,None,ADHD
775,Target,Yes,698,None,ADHD
776,Non-Target,No,0,None,ADHD
777,Target,Yes,671,None,ADHD
778,Non-Target,Yes,527,Commission,ADHD
779,Target,Yes,524,None,ADHD
780,Target,Yes,615,None,ADHD
781,Non-Target,No,0,None,ADHD
782,Non-Target,Yes,695,Commission,ADHD
783,Non-Target,No,0,None,ADHD
784,Non-Target,Yes,547,Commission,ADHD
785,Non-Target,No,0,None,ADHD
786,Non-Target,No,0,None,ADHD
787,Non-Target,No,0,None,ADHD
788,Target,Yes,563,None,ADHD
789,Target,Yes,828,None,ADHD
790,Non-Target,No,0,None,ADHD
791,Target,Yes,570,None,ADHD
792,Non-Target,No,0,None,ADHD
793,Non-Target,No,0,None,ADHD
794,Target,Yes,714,None,ADHD
795,Target,Yes,488,None,ADHD
796,Non-Target,No,0,None,ADHD
797,Non-Target,No,0,None,ADHD
798,Target,Yes,753,None,ADHD
799,Non-Target,No,0,None,ADHD
800,Target,No,0,Omission,ADHD
801,Non-Target,No,0,None,ADHD
802,Non-Target,No,0,None,ADHD
803,Non-Target,No,0,None,ADHD
804,Target,No,0,Omission,ADHD
805,Target,Yes,746,None,ADHD
806,Target,Yes,850,None,ADHD
807,Non-Target,No,0,None,ADHD
808,Non-Target,No,0,None,ADHD
809,Target,Yes,627,None,ADHD
810,Non-Target,No,0,None,ADHD
811,Target,Yes,630,None,ADHD
812,Non-Target,No,0,None,ADHD
813,Non-Target,No,0,None,ADHD
814,Non-Target,No,0,None,ADHD
815,Non-Target,No,0,None,ADHD
816,Non-Target,No,0,None,ADHD
817,Target,Yes,526,None,ADHD
818,Non-Target,No,0,None,ADHD
819,Non-Target,No,0,None,ADHD
820,Non-Target,No,0,None,ADHD
821,Non-Target,Yes,777,Commission,ADHD
822,Non-Target,No,0,None,ADHD
823,Non-Target,No,0,None,ADHD
824,Non-Target,No,0,None,ADHD
825,Non-Target,No,0,None,ADHD
826,Non-Target,No,0,None,ADHD
827,Target,Yes,580,None,ADHD
828,Non-Target,No,0,None,ADHD
829,Non-Target,No,0,None,ADHD
830,Target,Yes,763,None,ADHD
831,Non-Target,No,0,None,ADHD
832,Non-Target,No,0,None,ADHD
833,Target,Yes,531,None,ADHD
834,Non-Target,No,0,None,ADHD
835,Non-Target,No,0,None,ADHD
836,Target,Yes,325,None,ADHD
837,Non-Target,No,0,None,ADHD
838,Target,No,0,Omission,ADHD
839,Non-Target,No,0,None,ADHD
840,Non-Target,No,0,None,ADHD
841,Target,Yes,842,None,ADHD
842,Non-Target,No,0,None,ADHD
843,Non-Target,Yes,549,Commission,ADHD
844,Target,Yes,604,None,ADHD
845,Target,Yes,616,None,ADHD
846,Target,Yes,498,None,ADHD
847,Target,Yes,722,None,ADHD
848,Non-Target,No,0,None,ADHD
849,Non-Target,No,0,None,ADHD
850,Non-Target,Yes,716,Commission,ADHD
851,Non-Target,No,0,None,ADHD
852,Non-Target,No,0,None,ADHD
853,Non-Target,No,0,None,ADHD
854,Non-Target,No,0,None,ADHD
855,Target,Yes,541,None,ADHD
856,Non-Target,No,0,None,ADHD
857,Target,Yes,786,None,ADHD
858,Non-Target,No,0,None,ADHD
859,Non-Target,No,0,None,ADHD
860,Target,Yes,620,None,ADHD
861,Target,Yes,635,None,ADHD
862,Non-Target,No,0,None,ADHD
863,Non-Target,No,0,None,ADHD
864,Non-Target,No,0,None,ADHD
865,Non-Target,No,0,None,ADHD
866,Non-Target,No,0,None,ADHD
867,Non-Target,No,0,None,ADHD
868,Non-Target,No,0,None,ADHD
869,Non-Target,No,0,None,ADHD
870,Non-Target,No,0,None,ADHD
871,Target,Yes,671,None,ADHD
872,Non-Target,No,0,None,ADHD
873,Non-Target,Yes,536,Commission,ADHD
874,Target,Yes,870,None,ADHD
875,Non-Target,No,0,None,ADHD
876,Non-Target,No,0,None,ADHD
877,Non-Target,No,0,None,ADHD
878,Target,Yes,650,None,ADHD
879,Non-Target,No,0,None,ADHD
880,Target,Yes,546,None,ADHD
881,Non-Target,No,0,None,ADHD
882,Non-Target,No,0,None,ADHD
883,Non-Target,No,0,None,ADHD
884,Non-Target,No,0,None,ADHD
885,Non-Target,Yes,652,Commission,ADHD
886,Non-Target,No,0,None,ADHD
887,Non-Target,No,0,None,ADHD
888,Target,Yes,567,None,ADHD
889,Non-Target,No,0,None,ADHD
890,Target,Yes,629,None,ADHD
891,Non-Target,No,0,None,ADHD
892,Target,Yes,524,None,ADHD
893,Target,Yes,529,None,ADHD
894,Non-Target,No,0,None,ADHD
895,Target,No,0,Omission,ADHD
896,Non-Target,No,0,None,ADHD
897,Non-Target,No,0,None,ADHD
898,Non-Target,No,0,None,ADHD
899,Non-Target,No,0,None,ADHD
900,Target,Yes,532,None,ADHD
901,Non-Target,Yes,527,Commission,ADHD
902,Target,Yes,806,None,ADHD
903,Non-Target,No,0,None,ADHD
904,Non-Target,No,0,None,ADHD
905,Non-Target,No,0,None,ADHD
906,Target,Yes,538,None,ADHD
907,Non-Target,No,0,None,ADHD
908,Non-Target,No,0,None,ADHD
909,Non-Target,Yes,677,Commission,ADHD
910,Target,Yes,668,None,ADHD
911,Non-Target,No,0,None,ADHD
912,Non-Target,No,0,None,ADHD
913,Non-Target,No,0,None,ADHD
914,Non-Target,No,0,None,ADHD
915,Non-Target,Yes,791,Commission,ADHD
916,Non-Target,No,0,None,ADHD
917,Non-Target,No,0,None,ADHD
918,Non-Target,Yes,694,Commission,ADHD
919,Non-Target,Yes,464,Commission,ADHD
920,Target,Yes,687,None,ADHD
921,Non-Target,No,0,None,ADHD
922,Target,No,0,Omission,ADHD
923,Non-Target,No,0,None,ADHD
924,Target,Yes,841,None,ADHD
925,Non-Target,No,0,None,ADHD
926,Non-Target,No,0,None,ADHD
927,Target,Yes,861,None,ADHD
928,Target,Yes,658,None,ADHD
929,Target,Yes,656,None,ADHD
930,Non-Target,No,0,None,ADHD
931,Non-Target,No,0,None,ADHD
932,Non-Target,No,0,None,ADHD
933,Non-Target,No,0,None,ADHD
934,Non-Target,No,0,None,ADHD
935,Non-Target,No,0,None,ADHD
936,Non-Target,No,0,None,ADHD
937,Non-Target,No,0,None,ADHD
938,Non-Target,No,0,None,ADHD
939,Non-Target,No,0,None,ADHD
940,Non-Target,Yes,595,Commission,ADHD
941,Non-Target,Yes,765,Commission,ADHD
942,Target,Yes,749,None,ADHD
943,Non-Target,No,0,None,ADHD
944,Target,Yes,552,None,ADHD
945,Non-Target,No,0,None,ADHD
946,Non-Target,No,0,None,ADHD
947,Non-Target,No,0,None,ADHD
948,Target,Yes,704,None,ADHD
949,Non-Target,No,0,None,ADHD
950,Non-Target,No,0,None,ADHD
951,Non-Target,No,0,None,ADHD
952,Target,Yes,685,None,ADHD
953,Non-Target,No,0,None,ADHD
954,Non-Target,No,0,None,ADHD
955,Non-Target,No,0,None,ADHD
956,Target,Yes,771,None,ADHD
957,Non-Target,No,0,None,ADHD
958,Non-Target,No,0,None,ADHD
959,Non-Target,No,0,None,ADHD
960,Target,Yes,636,None,ADHD
961,Non-Target,Yes,455,Commission,ADHD
962,Target,Yes,531,None,ADHD
963,Target,No,0,Omission,ADHD
964,Non-Target,Yes,511,Commission,ADHD
965,Non-Target,Yes,575,Commission,ADHD
966,Non-Target,No,0,None,ADHD
967,Target,Yes,553,None,ADHD
968,Non-Target,No,0,None,ADHD
969,Non-Target,No,0,None,ADHD
970,Non-Target,Yes,757,Commission,ADHD
971,Non-Target,No,0,None,ADHD
972,Non-Target,No,0,None,ADHD
973,Non-Target,No,0,None,ADHD
974,Non-Target,No,0,None,ADHD
975,Non-Target,No,0,None,ADHD
976,Non-Target,Yes,686,Commission,ADHD
977,Non-Target,Yes,597,Commission,ADHD
978,Non-Target,No,0,None,ADHD
979,Non-Target,No,0,None,ADHD
980,Target,Yes,627,None,ADHD
981,Non-Target,No,0,None,ADHD
982,Non-Target,No,0,None,ADHD
983,Non-Target,No,0,None,ADHD
984,Non-Target,No,0,None,ADHD
985,Target,Yes,492,None,ADHD
986,Non-Target,No,0,None,ADHD
987,Target,Yes,616,None,ADHD
988,Target,Yes,530,None,ADHD
989,Target,Yes,827,None,ADHD
990,Non-Target,No,0,None,ADHD
991,Target,Yes,634,None,ADHD
992,Non-Target,No,0,None,ADHD
993,Non-Target,No,0,None,ADHD
994,Non-Target,No,0,None,ADHD
995,Non-Target,No,0,None,ADHD
996,Non-Target,No,0,None,ADHD
997,Target,No,0,Omission,ADHD
998,Non-Target,No,0,None,ADHD
999,Non-Target,No,0,None,ADHD
1000,Target,Yes,611,None,ADHD
1001,Non-Target,No,0,None,ADHD
1002,Non-Target,No,0,None,ADHD
1003,Non-Target,No,0,None,ADHD
1004,Non-Target,Yes,576,Commission,ADHD
1005,Non-Target,Yes,705,Commission,ADHD
1006,Target,Yes,534,None,ADHD
1007,Non-Target,No,0,None,ADHD
1008,Target,Yes,616,None,ADHD
1009,Target,Yes,549,None,ADHD
1010,Non-Target,No,0,None,ADHD
1011,Non-Target,No,0,None,ADHD
1012,Target,Yes,734,None,ADHD
1013,Non-Target,No,0,None,ADHD
1014,Non-Target,No,0,None,ADHD
1015,Non-Target,No,0,None,ADHD
1016,Non-Target,No,0,None,ADHD
1017,Non-Target,No,0,None,ADHD
1018,Non-Target,No,0,None,ADHD
1019,Non-Target,No,0,None,ADHD
1020,Non-Target,No,0,None,ADHD
1021,Non-Target,No,0,None,ADHD
1022,Target,Yes,531,None,ADHD
1023,Non-Target,Yes,721,Commission,ADHD
1024,Target,Yes,380,None,ADHD
1025,Non-Target,No,0,None,ADHD
1026,Non-Target,No,0,None,ADHD
1027,Target,Yes,686,None,ADHD
1028,Target,Yes,623,None,ADHD
1029,Non-Target,No,0,None,ADHD
1030,Target,Yes,718,None,ADHD
1031,Target,Yes,705,None,ADHD
1032,Non-Target,No,0,None,ADHD
1033,Non-Target,No,0,None,ADHD
1034,Target,Yes,951,None,ADHD
1035,Non-Target,No,0,None,ADHD
1036,Non-Target,No,0,None,ADHD
1037,Non-Target,No,0,None,ADHD
1038,Non-Target,No,0,None,ADHD
1039,Non-Target,No,0,None,ADHD
1040,Target,Yes,679,None,ADHD
1041,Target,Yes,617,None,ADHD
1042,Target,Yes,443,None,ADHD
1043,Target,Yes,427,None,ADHD
1044,Non-Target,No,0,None,ADHD
1045,Non-Target,No,0,None,ADHD
1046,Target,No,0,Omission,ADHD
1047,Non-Target,No,0,None,ADHD
1048,Non-Target,No,0,None,ADHD
1049,Target,Yes,564,None,ADHD
1050,Non-Target,Yes,500,Commission,ADHD
1051,Non-Target,No,0,None,ADHD
1052,Non-Target,No,0,None,ADHD
1053,Non-Target,No,0,None,ADHD
1054,Non-Target,No,0,None,ADHD
1055,Target,No,0,Omission,ADHD
1056,Non-Target,No,0,None,ADHD
1057,Target,Yes,573,None,ADHD
1058,Non-Target,Yes,612,Commission,ADHD
1059,Target,Yes,694,None,ADHD
1060,Non-Target,No,0,None,ADHD
1061,Non-Target,No,0,None,ADHD
1062,Non-Target,No,0,None,ADHD
1063,Non-Target,No,0,None,ADHD
1064,Target,Yes,487,None,ADHD
1065,Non-Target,No,0,None,ADHD
1066,Non-Target,No,0,None,ADHD
1067,Target,No,0,Omission,ADHD
1068,Target,Yes,548,None,ADHD
1069,Non-Target,No,0,None,ADHD
1070,Non-Target,No,0,None,ADHD
1071,Target,Yes,628,None,ADHD
1072,Non-Target,No,0,None,ADHD
1073,Non-Target,No,0,None,ADHD
1074,Non-Target,Yes,659,Commission,ADHD
1075,Non-Target,No,0,None,ADHD
1076,Non-Target,No,0,None,ADHD
1077,Target,No,0,Omission,ADHD
1078,Non-Target,No,0,None,ADHD
1079,Target,Yes,522,None,ADHD
1080,Non-Target,No,0,None,ADHD
1081,Non-Target,No,0,None,ADHD
1082,Non-Target,No,0,None,ADHD
1083,Non-Target,No,0,None,ADHD
1084,Non-Target,Yes,411,Commission,ADHD
1085,Non-Target,No,0,None,ADHD
1086,Non-Target,No,0,None,ADHD
1087,Non-Target,No,0,None,ADHD
1088,Non-Target,No,0,None,ADHD
1089,Target,Yes,696,None,ADHD
1090,Target,Yes,822,None,ADHD
1091,Non-Target,No,0,None,ADHD
1092,Non-Target,No,0,None,ADHD
1093,Target,Yes,541,None,ADHD
1094,Target,Yes,736,None,ADHD
1095,Non-Target,No,0,None,ADHD
1096,Target,Yes,752,None,ADHD
1097,Target,Yes,638,None,ADHD
1098,Non-Target,No,0,None,ADHD
1099,Non-Target,No,0,None,ADHD
1100,Non-Target,No,0,None,ADHD
1101,Non-Target,No,0,None,ADHD
1102,Non-Target,Yes,855,Commission,ADHD
1103,Non-Target,No,0,None,ADHD
1104,Non-Target,No,0,None,ADHD
1105,Non-Target,No,0,None,ADHD
1106,Target,Yes,458,None,ADHD
1107,Target,Yes,662,None,ADHD
1108,Target,Yes,814,None,ADHD
1109,Non-Target,No,0,None,ADHD
1110,Target,No,0,Omission,ADHD
1111,Non-Target,No,0,None,ADHD
1112,Target,No,0,Omission,ADHD
1113,Target,Yes,602,None,ADHD
1114,Non-Target,Yes,737,Commission,ADHD
1115,Non-Target,No,0,None,ADHD
1116,Non-Target,No,0,None,ADHD
1117,Non-Target,No,0,None,ADHD
1118,Non-Target,No,0,None,ADHD
1119,Non-Target,No,0,None,ADHD
1120,Non-Target,No,0,None,ADHD
1121,Target,Yes,771,None,ADHD
1122,Target,Yes,608,None,ADHD
1123,Non-Target,No,0,None,ADHD
1124,Non-Target,No,0,None,ADHD
1125,Target,Yes,422,None,ADHD
1126,Non-Target,No,0,None,ADHD
1127,Target,No,0,Omission,ADHD
1128,Non-Target,No,0,None,ADHD
1129,Non-Target,No,0,None,ADHD
1130,Non-Target,No,0,None,ADHD
1131,Non-Target,No,0,None,ADHD
1132,Target,Yes,773,None,ADHD
1133,Non-Target,No,0,None,ADHD
1134,Non-Target,No,0,None,ADHD
1135,Non-Target,No,0,None,ADHD
1136,Target,Yes,659,None,ADHD
1137,Non-Target,No,0,None,ADHD
1138,Non-Target,Yes,689,Commission,ADHD
1139,Target,Yes,675,None,ADHD
1140,Non-Target,No,0,None,ADHD
1141,Target,Yes,617,None,ADHD
1142,Non-Target,No,0,None,ADHD
1143,Non-Target,Yes,791,Commission,ADHD
1144,Target,Yes,703,None,ADHD
1145,Non-Target,No,0,None,ADHD
1146,Non-Target,No,0,None,ADHD
1147,Non-Target,No,0,None,ADHD
1148,Target,Yes,647,None,ADHD
1149,Non-Target,No,0,None,ADHD
1150,Non-Target,No,0,None,ADHD
1151,Non-Target,No,0,None,ADHD
1152,Non-Target,No,0,None,ADHD
1153,Non-Target,No,0,None,ADHD
1154,Target,Yes,549,None,ADHD
1155,Target,No,0,Omission,ADHD
1156,Target,Yes,976,None,ADHD
1157,Target,Yes,640,None,ADHD
1158,Target,Yes,581,None,ADHD
1159,Non-Target,No,0,None,ADHD
1160,Non-Target,No,0,None,ADHD
1161,Non-Target,No,0,None,ADHD
1162,Non-Target,No,0,None,ADHD
1163,Target,No,0,Omission,ADHD
1164,Non-Target,No,0,None,ADHD
1165,Non-Target,No,0,None,ADHD
1166,Non-Target,No,0,None,ADHD
1167,Non-Target,No,0,None,ADHD
1168,Non-Target,No,0,None,ADHD
1169,Target,Yes,700,None,ADHD
1170,Non-Target,No,0,None,ADHD
1171,Non-Target,No,0,None,ADHD
1172,Target,No,0,Omission,ADHD
1173,Non-Target,No,0,None,ADHD
1174,Target,Yes,641,None,ADHD
1175,Non-Target,No,0,None,ADHD
1176,Non-Target,No,0,None,ADHD
1177,Non-Target,No,0,None,ADHD
1178,Non-Target,No,0,None,ADHD
1179,Non-Target,No,0,None,ADHD
1180,Non-Target,No,0,None,ADHD
1181,Non-Target,Yes,418,Commission,ADHD
1182,Non-Target,No,0,None,ADHD
1183,Target,Yes,471,None,ADHD
1184,Non-Target,No,0,None,ADHD
1185,Non-Target,Yes,405,Commission,ADHD
1186,Target,Yes,677,None,ADHD
1187,Target,Yes,572,None,ADHD
1188,Non-Target,No,0,None,ADHD
1189,Non-Target,No,0,None,ADHD
1190,Non-Target,No,0,None,ADHD
1191,Target,Yes,692,None,ADHD
1192,Target,No,0,Omission,ADHD
1193,Target,Yes,619,None,ADHD
1194,Non-Target,No,0,None,ADHD
1195,Target,No,0,Omission,ADHD
1196,Non-Target,No,0,None,ADHD
1197,Non-Target,Yes,510,Commission,ADHD
1198,Non-Target,No,0,None,ADHD
1199,Non-Target,No,0,None,ADHD
1200,Non-Target,No,0,None,ADHD
