Trial,StimulusType,Reaction,ReactionTime(ms),ErrorType,Label
1,Non-Target,No,0,None,ADHD
2,Target,Yes,674,None,ADHD
3,Non-Target,Yes,513,Commission,ADHD
4,Non-Target,No,0,None,ADHD
5,Non-Target,No,0,None,ADHD
6,Non-Target,No,0,None,ADHD
7,Non-Target,No,0,None,ADHD
8,Non-Target,No,0,None,ADHD
9,Non-Target,No,0,None,ADHD
10,Target,No,0,Omission,ADHD
11,Non-Target,No,0,None,ADHD
12,Non-Target,No,0,None,ADHD
13,Non-Target,No,0,None,ADHD
14,Target,Yes,511,None,ADHD
15,Non-Target,No,0,None,ADHD
16,Non-Target,No,0,None,ADHD
17,Non-Target,No,0,None,ADHD
18,Non-Target,Yes,797,Commission,ADHD
19,Non-Target,Yes,618,Commission,ADHD
20,Target,Yes,526,None,ADHD
21,Target,Yes,567,None,ADHD
22,Non-Target,No,0,None,ADHD
23,Non-Target,No,0,None,ADHD
24,Target,Yes,788,None,ADHD
25,Non-Target,No,0,None,ADHD
26,Non-Target,No,0,None,ADHD
27,Non-Target,No,0,None,ADHD
28,Non-Target,No,0,None,ADHD
29,Target,Yes,406,None,ADHD
30,Non-Target,No,0,None,ADHD
31,Non-Target,No,0,None,ADHD
32,Non-Target,No,0,None,ADHD
33,Target,Yes,626,None,ADHD
34,Non-Target,No,0,None,ADHD
35,Non-Target,No,0,None,ADHD
36,Non-Target,Yes,546,Commission,ADHD
37,Non-Target,No,0,None,ADHD
38,Non-Target,Yes,598,Commission,ADHD
39,Target,Yes,894,None,ADHD
40,Target,Yes,913,None,ADHD
41,Non-Target,No,0,None,ADHD
42,Target,Yes,675,None,ADHD
43,Non-Target,No,0,None,ADHD
44,Non-Target,No,0,None,ADHD
45,Non-Target,No,0,None,ADHD
46,Non-Target,No,0,None,ADHD
47,Target,Yes,766,None,ADHD
48,Target,Yes,666,None,ADHD
49,Target,Yes,835,None,ADHD
50,Non-Target,No,0,None,ADHD
51,Non-Target,No,0,None,ADHD
52,Target,Yes,613,None,ADHD
53,Non-Target,No,0,None,ADHD
54,Non-Target,No,0,None,ADHD
55,Non-Target,No,0,None,ADHD
56,Non-Target,No,0,None,ADHD
57,Non-Target,Yes,619,Commission,ADHD
58,Non-Target,No,0,None,ADHD
59,Non-Target,No,0,None,ADHD
60,Non-Target,No,0,None,ADHD
61,Non-Target,No,0,None,ADHD
62,Non-Target,No,0,None,ADHD
63,Non-Target,Yes,608,Commission,ADHD
64,Non-Target,No,0,None,ADHD
65,Non-Target,No,0,None,ADHD
66,Non-Target,No,0,None,ADHD
67,Non-Target,No,0,None,ADHD
68,Non-Target,No,0,None,ADHD
69,Non-Target,No,0,None,ADHD
70,Non-Target,No,0,None,ADHD
71,Non-Target,No,0,None,ADHD
72,Non-Target,Yes,610,Commission,ADHD
73,Non-Target,No,0,None,ADHD
74,Non-Target,No,0,None,ADHD
75,Target,Yes,611,None,ADHD
76,Target,No,0,Omission,ADHD
77,Target,No,0,Omission,ADHD
78,Target,Yes,815,None,ADHD
79,Non-Target,Yes,622,Commission,ADHD
80,Non-Target,Yes,519,Commission,ADHD
81,Target,No,0,Omission,ADHD
82,Non-Target,No,0,None,ADHD
83,Non-Target,No,0,None,ADHD
84,Non-Target,No,0,None,ADHD
85,Non-Target,No,0,None,ADHD
86,Target,Yes,904,None,ADHD
87,Target,Yes,675,None,ADHD
88,Target,Yes,830,None,ADHD
89,Target,No,0,Omission,ADHD
90,Non-Target,No,0,None,ADHD
91,Target,Yes,735,None,ADHD
92,Non-Target,No,0,None,ADHD
93,Non-Target,No,0,None,ADHD
94,Non-Target,No,0,None,ADHD
95,Non-Target,No,0,None,ADHD
96,Target,Yes,584,None,ADHD
97,Non-Target,Yes,613,Commission,ADHD
98,Target,Yes,679,None,ADHD
99,Non-Target,No,0,None,ADHD
100,Non-Target,No,0,None,ADHD
101,Non-Target,No,0,None,ADHD
102,Target,No,0,Omission,ADHD
103,Target,Yes,502,None,ADHD
104,Non-Target,No,0,None,ADHD
105,Non-Target,No,0,None,ADHD
106,Non-Target,No,0,None,ADHD
107,Non-Target,No,0,None,ADHD
108,Non-Target,Yes,750,Commission,ADHD
109,Target,Yes,795,None,ADHD
110,Non-Target,Yes,677,Commission,ADHD
111,Non-Target,No,0,None,ADHD
112,Non-Target,No,0,None,ADHD
113,Target,No,0,Omission,ADHD
114,Target,Yes,661,None,ADHD
115,Target,Yes,670,None,ADHD
116,Non-Target,No,0,None,ADHD
117,Non-Target,No,0,None,ADHD
118,Non-Target,No,0,None,ADHD
119,Non-Target,No,0,None,ADHD
120,Non-Target,No,0,None,ADHD
121,Non-Target,No,0,None,ADHD
122,Non-Target,Yes,596,Commission,ADHD
123,Target,Yes,693,None,ADHD
124,Non-Target,No,0,None,ADHD
125,Target,No,0,Omission,ADHD
126,Non-Target,No,0,None,ADHD
127,Non-Target,No,0,None,ADHD
128,Target,Yes,709,None,ADHD
129,Target,No,0,Omission,ADHD
130,Non-Target,No,0,None,ADHD
131,Non-Target,No,0,None,ADHD
132,Target,Yes,461,None,ADHD
133,Non-Target,No,0,None,ADHD
134,Non-Target,No,0,None,ADHD
135,Non-Target,No,0,None,ADHD
136,Non-Target,Yes,781,Commission,ADHD
137,Non-Target,No,0,None,ADHD
138,Non-Target,Yes,806,Commission,ADHD
139,Non-Target,No,0,None,ADHD
140,Target,Yes,793,None,ADHD
141,Target,No,0,Omission,ADHD
142,Non-Target,No,0,None,ADHD
143,Non-Target,No,0,None,ADHD
144,Non-Target,No,0,None,ADHD
145,Target,Yes,665,None,ADHD
146,Target,No,0,Omission,ADHD
147,Target,Yes,623,None,ADHD
148,Non-Target,No,0,None,ADHD
149,Non-Target,No,0,None,ADHD
150,Target,Yes,582,None,ADHD
151,Non-Target,No,0,None,ADHD
152,Non-Target,Yes,890,Commission,ADHD
153,Target,No,0,Omission,ADHD
154,Target,Yes,595,None,ADHD
155,Non-Target,Yes,521,Commission,ADHD
156,Non-Target,No,0,None,ADHD
157,Non-Target,No,0,None,ADHD
158,Non-Target,No,0,None,ADHD
159,Non-Target,No,0,None,ADHD
160,Target,Yes,596,None,ADHD
161,Target,Yes,757,None,ADHD
162,Non-Target,No,0,None,ADHD
163,Non-Target,No,0,None,ADHD
164,Target,Yes,528,None,ADHD
165,Target,No,0,Omission,ADHD
166,Target,Yes,722,None,ADHD
167,Non-Target,No,0,None,ADHD
168,Non-Target,No,0,None,ADHD
169,Non-Target,No,0,None,ADHD
170,Non-Target,No,0,None,ADHD
171,Target,Yes,587,None,ADHD
172,Non-Target,No,0,None,ADHD
173,Non-Target,No,0,None,ADHD
174,Target,Yes,612,None,ADHD
175,Target,No,0,Omission,ADHD
176,Target,No,0,Omission,ADHD
177,Target,Yes,815,None,ADHD
178,Target,No,0,Omission,ADHD
179,Non-Target,No,0,None,ADHD
180,Target,Yes,617,None,ADHD
181,Non-Target,No,0,None,ADHD
182,Target,Yes,713,None,ADHD
183,Non-Target,Yes,777,Commission,ADHD
184,Non-Target,No,0,None,ADHD
185,Target,Yes,543,None,ADHD
186,Non-Target,No,0,None,ADHD
187,Non-Target,No,0,None,ADHD
188,Target,Yes,915,None,ADHD
189,Non-Target,No,0,None,ADHD
190,Non-Target,Yes,751,Commission,ADHD
191,Non-Target,No,0,None,ADHD
192,Non-Target,No,0,None,ADHD
193,Non-Target,No,0,None,ADHD
194,Target,Yes,541,None,ADHD
195,Non-Target,No,0,None,ADHD
196,Non-Target,No,0,None,ADHD
197,Non-Target,No,0,None,ADHD
198,Non-Target,No,0,None,ADHD
199,Target,Yes,551,None,ADHD
200,Non-Target,No,0,None,ADHD
201,Non-Target,Yes,684,Commission,ADHD
202,Non-Target,No,0,None,ADHD
203,Non-Target,No,0,None,ADHD
204,Non-Target,No,0,None,ADHD
205,Non-Target,No,0,None,ADHD
206,Non-Target,No,0,None,ADHD
207,Non-Target,No,0,None,ADHD
208,Non-Target,No,0,None,ADHD
209,Non-Target,No,0,None,ADHD
210,Non-Target,No,0,None,ADHD
211,Non-Target,No,0,None,ADHD
212,Target,Yes,606,None,ADHD
213,Non-Target,No,0,None,ADHD
214,Non-Target,No,0,None,ADHD
215,Non-Target,No,0,None,ADHD
216,Target,Yes,793,None,ADHD
217,Target,Yes,535,None,ADHD
218,Non-Target,Yes,693,Commission,ADHD
219,Non-Target,No,0,None,ADHD
220,Non-Target,No,0,None,ADHD
221,Non-Target,No,0,None,ADHD
222,Target,Yes,534,None,ADHD
223,Non-Target,No,0,None,ADHD
224,Target,Yes,881,None,ADHD
225,Target,Yes,618,None,ADHD
226,Non-Target,No,0,None,ADHD
227,Target,Yes,432,None,ADHD
228,Non-Target,No,0,None,ADHD
229,Non-Target,No,0,None,ADHD
230,Target,No,0,Omission,ADHD
231,Non-Target,No,0,None,ADHD
232,Target,Yes,532,None,ADHD
233,Non-Target,No,0,None,ADHD
234,Non-Target,No,0,None,ADHD
235,Target,Yes,778,None,ADHD
236,Non-Target,No,0,None,ADHD
237,Non-Target,No,0,None,ADHD
238,Target,Yes,941,None,ADHD
239,Non-Target,No,0,None,ADHD
240,Target,Yes,543,None,ADHD
241,Non-Target,No,0,None,ADHD
242,Target,Yes,510,None,ADHD
243,Non-Target,No,0,None,ADHD
244,Non-Target,No,0,None,ADHD
245,Target,No,0,Omission,ADHD
246,Non-Target,No,0,None,ADHD
247,Non-Target,No,0,None,ADHD
248,Non-Target,No,0,None,ADHD
249,Target,Yes,728,None,ADHD
250,Non-Target,No,0,None,ADHD
251,Target,Yes,530,None,ADHD
252,Non-Target,No,0,None,ADHD
253,Non-Target,No,0,None,ADHD
254,Target,No,0,Omission,ADHD
255,Non-Target,No,0,None,ADHD
256,Non-Target,No,0,None,ADHD
257,Non-Target,No,0,None,ADHD
258,Target,No,0,Omission,ADHD
259,Non-Target,No,0,None,ADHD
260,Non-Target,No,0,None,ADHD
261,Non-Target,No,0,None,ADHD
262,Non-Target,Yes,556,Commission,ADHD
263,Target,Yes,679,None,ADHD
264,Non-Target,No,0,None,ADHD
265,Target,No,0,Omission,ADHD
266,Target,Yes,707,None,ADHD
267,Non-Target,No,0,None,ADHD
268,Non-Target,No,0,None,ADHD
269,Non-Target,No,0,None,ADHD
270,Non-Target,No,0,None,ADHD
271,Non-Target,Yes,538,Commission,ADHD
272,Non-Target,No,0,None,ADHD
273,Non-Target,No,0,None,ADHD
274,Non-Target,No,0,None,ADHD
275,Non-Target,Yes,654,Commission,ADHD
276,Non-Target,No,0,None,ADHD
277,Non-Target,No,0,None,ADHD
278,Non-Target,No,0,None,ADHD
279,Target,No,0,Omission,ADHD
280,Non-Target,No,0,None,ADHD
281,Non-Target,No,0,None,ADHD
282,Non-Target,No,0,None,ADHD
283,Non-Target,No,0,None,ADHD
284,Non-Target,No,0,None,ADHD
285,Non-Target,No,0,None,ADHD
286,Non-Target,No,0,None,ADHD
287,Non-Target,Yes,768,Commission,ADHD
288,Non-Target,No,0,None,ADHD
289,Non-Target,No,0,None,ADHD
290,Target,Yes,598,None,ADHD
291,Non-Target,No,0,None,ADHD
292,Non-Target,No,0,None,ADHD
293,Non-Target,No,0,None,ADHD
294,Non-Target,No,0,None,ADHD
295,Non-Target,No,0,None,ADHD
296,Non-Target,No,0,None,ADHD
297,Non-Target,No,0,None,ADHD
298,Non-Target,No,0,None,ADHD
299,Target,Yes,657,None,ADHD
300,Non-Target,No,0,None,ADHD
301,Target,Yes,678,None,ADHD
302,Non-Target,No,0,None,ADHD
303,Non-Target,No,0,None,ADHD
304,Non-Target,No,0,None,ADHD
305,Target,Yes,570,None,ADHD
306,Non-Target,No,0,None,ADHD
307,Target,Yes,713,None,ADHD
308,Target,No,0,Omission,ADHD
309,Target,No,0,Omission,ADHD
310,Target,Yes,647,None,ADHD
311,Target,Yes,527,None,ADHD
312,Non-Target,No,0,None,ADHD
313,Non-Target,No,0,None,ADHD
314,Non-Target,No,0,None,ADHD
315,Non-Target,Yes,858,Commission,ADHD
316,Non-Target,No,0,None,ADHD
317,Non-Target,No,0,None,ADHD
318,Non-Target,No,0,None,ADHD
319,Non-Target,No,0,None,ADHD
320,Target,Yes,681,None,ADHD
321,Non-Target,No,0,None,ADHD
322,Non-Target,No,0,None,ADHD
323,Non-Target,No,0,None,ADHD
324,Non-Target,No,0,None,ADHD
325,Non-Target,No,0,None,ADHD
326,Target,Yes,678,None,ADHD
327,Non-Target,No,0,None,ADHD
328,Non-Target,No,0,None,ADHD
329,Target,Yes,621,None,ADHD
330,Non-Target,No,0,None,ADHD
331,Non-Target,No,0,None,ADHD
332,Non-Target,No,0,None,ADHD
333,Non-Target,No,0,None,ADHD
334,Target,No,0,Omission,ADHD
335,Non-Target,No,0,None,ADHD
336,Target,Yes,373,None,ADHD
337,Non-Target,Yes,945,Commission,ADHD
338,Non-Target,No,0,None,ADHD
339,Non-Target,No,0,None,ADHD
340,Target,Yes,588,None,ADHD
341,Target,Yes,475,None,ADHD
342,Non-Target,No,0,None,ADHD
343,Non-Target,No,0,None,ADHD
344,Non-Target,No,0,None,ADHD
345,Target,Yes,535,None,ADHD
346,Non-Target,No,0,None,ADHD
347,Non-Target,No,0,None,ADHD
348,Non-Target,No,0,None,ADHD
349,Non-Target,No,0,None,ADHD
350,Non-Target,Yes,732,Commission,ADHD
351,Target,Yes,492,None,ADHD
352,Non-Target,No,0,None,ADHD
353,Non-Target,No,0,None,ADHD
354,Target,Yes,669,None,ADHD
355,Non-Target,No,0,None,ADHD
356,Non-Target,No,0,None,ADHD
357,Non-Target,No,0,None,ADHD
358,Target,Yes,546,None,ADHD
359,Target,Yes,752,None,ADHD
360,Target,Yes,728,None,ADHD
361,Non-Target,Yes,600,Commission,ADHD
362,Non-Target,No,0,None,ADHD
363,Non-Target,No,0,None,ADHD
364,Non-Target,No,0,None,ADHD
365,Non-Target,Yes,723,Commission,ADHD
366,Non-Target,No,0,None,ADHD
367,Target,Yes,681,None,ADHD
368,Non-Target,Yes,576,Commission,ADHD
369,Non-Target,No,0,None,ADHD
370,Non-Target,No,0,None,ADHD
371,Non-Target,Yes,538,Commission,ADHD
372,Non-Target,No,0,None,ADHD
373,Non-Target,No,0,None,ADHD
374,Non-Target,No,0,None,ADHD
375,Non-Target,No,0,None,ADHD
376,Non-Target,No,0,None,ADHD
377,Non-Target,No,0,None,ADHD
378,Target,Yes,382,None,ADHD
379,Non-Target,No,0,None,ADHD
380,Target,Yes,745,None,ADHD
381,Non-Target,No,0,None,ADHD
382,Non-Target,No,0,None,ADHD
383,Non-Target,No,0,None,ADHD
384,Non-Target,No,0,None,ADHD
385,Non-Target,No,0,None,ADHD
386,Non-Target,No,0,None,ADHD
387,Non-Target,No,0,None,ADHD
388,Non-Target,No,0,None,ADHD
389,Non-Target,No,0,None,ADHD
390,Non-Target,Yes,615,Commission,ADHD
391,Target,Yes,750,None,ADHD
392,Target,Yes,868,None,ADHD
393,Target,Yes,585,None,ADHD
394,Non-Target,Yes,675,Commission,ADHD
395,Target,No,0,Omission,ADHD
396,Target,No,0,Omission,ADHD
397,Non-Target,No,0,None,ADHD
398,Non-Target,No,0,None,ADHD
399,Non-Target,No,0,None,ADHD
400,Non-Target,No,0,None,ADHD
401,Target,Yes,736,None,ADHD
402,Target,Yes,646,None,ADHD
403,Target,Yes,705,None,ADHD
404,Target,Yes,759,None,ADHD
405,Non-Target,No,0,None,ADHD
406,Non-Target,No,0,None,ADHD
407,Non-Target,No,0,None,ADHD
408,Non-Target,No,0,None,ADHD
409,Non-Target,No,0,None,ADHD
410,Non-Target,Yes,693,Commission,ADHD
411,Non-Target,No,0,None,ADHD
412,Target,Yes,676,None,ADHD
413,Non-Target,No,0,None,ADHD
414,Non-Target,No,0,None,ADHD
415,Non-Target,No,0,None,ADHD
416,Non-Target,No,0,None,ADHD
417,Non-Target,No,0,None,ADHD
418,Target,Yes,363,None,ADHD
419,Non-Target,No,0,None,ADHD
420,Non-Target,No,0,None,ADHD
421,Non-Target,No,0,None,ADHD
422,Non-Target,No,0,None,ADHD
423,Non-Target,No,0,None,ADHD
424,Non-Target,No,0,None,ADHD
425,Non-Target,No,0,None,ADHD
426,Target,No,0,Omission,ADHD
427,Non-Target,No,0,None,ADHD
428,Non-Target,No,0,None,ADHD
429,Non-Target,No,0,None,ADHD
430,Target,Yes,555,None,ADHD
431,Target,Yes,586,None,ADHD
432,Non-Target,No,0,None,ADHD
433,Non-Target,No,0,None,ADHD
434,Non-Target,Yes,545,Commission,ADHD
435,Target,Yes,793,None,ADHD
436,Non-Target,No,0,None,ADHD
437,Non-Target,No,0,None,ADHD
438,Non-Target,No,0,None,ADHD
439,Target,Yes,569,None,ADHD
440,Target,No,0,Omission,ADHD
441,Non-Target,No,0,None,ADHD
442,Target,Yes,590,None,ADHD
443,Non-Target,No,0,None,ADHD
444,Non-Target,No,0,None,ADHD
445,Non-Target,No,0,None,ADHD
446,Target,Yes,643,None,ADHD
447,Non-Target,Yes,551,Commission,ADHD
448,Non-Target,No,0,None,ADHD
449,Non-Target,No,0,None,ADHD
450,Non-Target,Yes,489,Commission,ADHD
451,Non-Target,No,0,None,ADHD
452,Target,Yes,552,None,ADHD
453,Non-Target,No,0,None,ADHD
454,Non-Target,Yes,544,Commission,ADHD
455,Non-Target,No,0,None,ADHD
456,Non-Target,No,0,None,ADHD
457,Target,Yes,633,None,ADHD
458,Non-Target,No,0,None,ADHD
459,Non-Target,No,0,None,ADHD
460,Non-Target,No,0,None,ADHD
461,Non-Target,Yes,710,Commission,ADHD
462,Target,Yes,760,None,ADHD
463,Target,Yes,824,None,ADHD
464,Target,Yes,551,None,ADHD
465,Target,No,0,Omission,ADHD
466,Target,Yes,677,None,ADHD
467,Target,Yes,601,None,ADHD
468,Non-Target,No,0,None,ADHD
469,Target,Yes,561,None,ADHD
470,Non-Target,No,0,None,ADHD
471,Non-Target,No,0,None,ADHD
472,Non-Target,Yes,598,Commission,ADHD
473,Non-Target,No,0,None,ADHD
474,Target,Yes,530,None,ADHD
475,Target,Yes,443,None,ADHD
476,Non-Target,No,0,None,ADHD
477,Non-Target,Yes,517,Commission,ADHD
478,Non-Target,No,0,None,ADHD
479,Non-Target,No,0,None,ADHD
480,Target,Yes,733,None,ADHD
481,Non-Target,No,0,None,ADHD
482,Target,Yes,638,None,ADHD
483,Non-Target,No,0,None,ADHD
484,Non-Target,No,0,None,ADHD
485,Target,Yes,643,None,ADHD
486,Target,Yes,624,None,ADHD
487,Non-Target,No,0,None,ADHD
488,Non-Target,No,0,None,ADHD
489,Target,Yes,652,None,ADHD
490,Non-Target,No,0,None,ADHD
491,Non-Target,No,0,None,ADHD
492,Non-Target,No,0,None,ADHD
493,Non-Target,No,0,None,ADHD
494,Non-Target,No,0,None,ADHD
495,Non-Target,No,0,None,ADHD
496,Non-Target,No,0,None,ADHD
497,Non-Target,No,0,None,ADHD
498,Non-Target,No,0,None,ADHD
499,Non-Target,No,0,None,ADHD
500,Target,Yes,798,None,ADHD
501,Non-Target,No,0,None,ADHD
502,Non-Target,No,0,None,ADHD
503,Non-Target,No,0,None,ADHD
504,Non-Target,No,0,None,ADHD
505,Non-Target,No,0,None,ADHD
506,Target,Yes,675,None,ADHD
507,Non-Target,No,0,None,ADHD
508,Non-Target,No,0,None,ADHD
509,Target,Yes,648,None,ADHD
510,Non-Target,Yes,375,Commission,ADHD
511,Non-Target,No,0,None,ADHD
512,Non-Target,No,0,None,ADHD
513,Target,No,0,Omission,ADHD
514,Non-Target,No,0,None,ADHD
515,Non-Target,No,0,None,ADHD
516,Non-Target,Yes,633,Commission,ADHD
517,Non-Target,No,0,None,ADHD
518,Target,Yes,508,None,ADHD
519,Non-Target,No,0,None,ADHD
520,Non-Target,No,0,None,ADHD
521,Target,No,0,Omission,ADHD
522,Non-Target,Yes,510,Commission,ADHD
523,Target,Yes,536,None,ADHD
524,Non-Target,Yes,559,Commission,ADHD
525,Non-Target,No,0,None,ADHD
526,Non-Target,No,0,None,ADHD
527,Target,No,0,Omission,ADHD
528,Target,Yes,752,None,ADHD
529,Non-Target,No,0,None,ADHD
530,Non-Target,No,0,None,ADHD
531,Non-Target,No,0,None,ADHD
532,Target,No,0,Omission,ADHD
533,Non-Target,No,0,None,ADHD
534,Target,Yes,773,None,ADHD
535,Non-Target,No,0,None,ADHD
536,Target,No,0,Omission,ADHD
537,Non-Target,No,0,None,ADHD
538,Non-Target,No,0,None,ADHD
539,Target,Yes,555,None,ADHD
540,Non-Target,No,0,None,ADHD
541,Non-Target,No,0,None,ADHD
542,Non-Target,No,0,None,ADHD
543,Target,No,0,Omission,ADHD
544,Non-Target,Yes,648,Commission,ADHD
545,Non-Target,No,0,None,ADHD
546,Non-Target,No,0,None,ADHD
547,Target,Yes,547,None,ADHD
548,Target,No,0,Omission,ADHD
549,Non-Target,No,0,None,ADHD
550,Target,No,0,Omission,ADHD
551,Non-Target,No,0,None,ADHD
552,Non-Target,No,0,None,ADHD
553,Non-Target,No,0,None,ADHD
554,Non-Target,No,0,None,ADHD
555,Non-Target,No,0,None,ADHD
556,Non-Target,No,0,None,ADHD
557,Target,No,0,Omission,ADHD
558,Non-Target,No,0,None,ADHD
559,Non-Target,No,0,None,ADHD
560,Target,Yes,712,None,ADHD
561,Non-Target,No,0,None,ADHD
562,Non-Target,No,0,None,ADHD
563,Non-Target,No,0,None,ADHD
564,Non-Target,No,0,None,ADHD
565,Non-Target,No,0,None,ADHD
566,Non-Target,No,0,None,ADHD
567,Non-Target,Yes,806,Commission,ADHD
568,Non-Target,No,0,None,ADHD
569,Non-Target,No,0,None,ADHD
570,Non-Target,No,0,None,ADHD
571,Target,Yes,596,None,ADHD
572,Target,Yes,531,None,ADHD
573,Non-Target,Yes,613,Commission,ADHD
574,Non-Target,No,0,None,ADHD
575,Non-Target,No,0,None,ADHD
576,Non-Target,No,0,None,ADHD
577,Target,Yes,706,None,ADHD
578,Non-Target,Yes,681,Commission,ADHD
579,Target,Yes,650,None,ADHD
580,Target,No,0,Omission,ADHD
581,Non-Target,Yes,689,Commission,ADHD
582,Non-Target,Yes,785,Commission,ADHD
583,Target,Yes,520,None,ADHD
584,Non-Target,No,0,None,ADHD
585,Non-Target,No,0,None,ADHD
586,Non-Target,No,0,None,ADHD
587,Target,Yes,816,None,ADHD
588,Target,Yes,559,None,ADHD
589,Non-Target,No,0,None,ADHD
590,Target,Yes,475,None,ADHD
591,Non-Target,No,0,None,ADHD
592,Non-Target,No,0,None,ADHD
593,Non-Target,No,0,None,ADHD
594,Non-Target,No,0,None,ADHD
595,Non-Target,No,0,None,ADHD
596,Non-Target,No,0,None,ADHD
597,Non-Target,No,0,None,ADHD
598,Target,No,0,Omission,ADHD
599,Non-Target,No,0,None,ADHD
600,Target,Yes,816,None,ADHD
601,Non-Target,Yes,706,Commission,ADHD
602,Non-Target,No,0,None,ADHD
603,Target,Yes,513,None,ADHD
604,Target,Yes,817,None,ADHD
605,Non-Target,No,0,None,ADHD
606,Non-Target,No,0,None,ADHD
607,Non-Target,No,0,None,ADHD
608,Non-Target,Yes,452,Commission,ADHD
609,Non-Target,No,0,None,ADHD
610,Non-Target,No,0,None,ADHD
611,Target,Yes,778,None,ADHD
612,Non-Target,No,0,None,ADHD
613,Non-Target,No,0,None,ADHD
614,Non-Target,No,0,None,ADHD
615,Non-Target,No,0,None,ADHD
616,Non-Target,No,0,None,ADHD
617,Non-Target,No,0,None,ADHD
618,Non-Target,No,0,None,ADHD
619,Non-Target,Yes,691,Commission,ADHD
620,Target,Yes,527,None,ADHD
621,Non-Target,No,0,None,ADHD
622,Target,No,0,Omission,ADHD
623,Target,Yes,447,None,ADHD
624,Target,No,0,Omission,ADHD
625,Non-Target,No,0,None,ADHD
626,Non-Target,No,0,None,ADHD
627,Non-Target,No,0,None,ADHD
628,Target,Yes,572,None,ADHD
629,Non-Target,No,0,None,ADHD
630,Target,Yes,519,None,ADHD
631,Non-Target,No,0,None,ADHD
632,Non-Target,No,0,None,ADHD
633,Target,Yes,534,None,ADHD
634,Target,Yes,642,None,ADHD
635,Target,No,0,Omission,ADHD
636,Non-Target,No,0,None,ADHD
637,Target,Yes,444,None,ADHD
638,Non-Target,No,0,None,ADHD
639,Non-Target,No,0,None,ADHD
640,Target,Yes,634,None,ADHD
641,Target,Yes,878,None,ADHD
642,Non-Target,No,0,None,ADHD
643,Non-Target,No,0,None,ADHD
644,Target,No,0,Omission,ADHD
645,Non-Target,No,0,None,ADHD
646,Non-Target,No,0,None,ADHD
647,Non-Target,No,0,None,ADHD
648,Non-Target,No,0,None,ADHD
649,Target,No,0,Omission,ADHD
650,Target,Yes,527,None,ADHD
651,Non-Target,No,0,None,ADHD
652,Non-Target,Yes,556,Commission,ADHD
653,Non-Target,No,0,None,ADHD
654,Non-Target,No,0,None,ADHD
655,Non-Target,Yes,689,Commission,ADHD
656,Non-Target,No,0,None,ADHD
657,Non-Target,No,0,None,ADHD
658,Non-Target,No,0,None,ADHD
659,Non-Target,No,0,None,ADHD
660,Non-Target,No,0,None,ADHD
661,Non-Target,No,0,None,ADHD
662,Non-Target,Yes,699,Commission,ADHD
663,Target,Yes,439,None,ADHD
664,Non-Target,No,0,None,ADHD
665,Non-Target,No,0,None,ADHD
666,Non-Target,No,0,None,ADHD
667,Target,Yes,751,None,ADHD
668,Non-Target,No,0,None,ADHD
669,Non-Target,No,0,None,ADHD
670,Target,Yes,564,None,ADHD
671,Target,No,0,Omission,ADHD
672,Non-Target,Yes,890,Commission,ADHD
673,Non-Target,No,0,None,ADHD
674,Non-Target,No,0,None,ADHD
675,Non-Target,No,0,None,ADHD
676,Non-Target,Yes,641,Commission,ADHD
677,Non-Target,No,0,None,ADHD
678,Target,Yes,452,None,ADHD
679,Non-Target,No,0,None,ADHD
680,Non-Target,No,0,None,ADHD
681,Target,No,0,Omission,ADHD
682,Non-Target,No,0,None,ADHD
683,Non-Target,No,0,None,ADHD
684,Non-Target,No,0,None,ADHD
685,Target,No,0,Omission,ADHD
686,Non-Target,No,0,None,ADHD
687,Non-Target,No,0,None,ADHD
688,Non-Target,No,0,None,ADHD
689,Non-Target,No,0,None,ADHD
690,Non-Target,No,0,None,ADHD
691,Target,Yes,699,None,ADHD
692,Non-Target,Yes,520,Commission,ADHD
693,Non-Target,No,0,None,ADHD
694,Non-Target,No,0,None,ADHD
695,Non-Target,No,0,None,ADHD
696,Non-Target,No,0,None,ADHD
697,Target,Yes,617,None,ADHD
698,Target,No,0,Omission,ADHD
699,Target,No,0,Omission,ADHD
700,Non-Target,No,0,None,ADHD
701,Non-Target,No,0,None,ADHD
702,Target,Yes,766,None,ADHD
703,Non-Target,Yes,717,Commission,ADHD
704,Target,Yes,661,None,ADHD
705,Non-Target,No,0,None,ADHD
706,Non-Target,No,0,None,ADHD
707,Non-Target,No,0,None,ADHD
708,Non-Target,No,0,None,ADHD
709,Target,Yes,732,None,ADHD
710,Target,Yes,723,None,ADHD
711,Non-Target,No,0,None,ADHD
712,Non-Target,No,0,None,ADHD
713,Non-Target,No,0,None,ADHD
714,Target,Yes,741,None,ADHD
715,Non-Target,No,0,None,ADHD
716,Target,Yes,586,None,ADHD
717,Non-Target,Yes,518,Commission,ADHD
718,Non-Target,No,0,None,ADHD
719,Non-Target,No,0,None,ADHD
720,Target,Yes,605,None,ADHD
721,Non-Target,No,0,None,ADHD
722,Non-Target,No,0,None,ADHD
723,Non-Target,No,0,None,ADHD
724,Target,No,0,Omission,ADHD
725,Non-Target,No,0,None,ADHD
726,Non-Target,No,0,None,ADHD
727,Non-Target,No,0,None,ADHD
728,Non-Target,No,0,None,ADHD
729,Target,No,0,Omission,ADHD
730,Non-Target,No,0,None,ADHD
731,Target,Yes,547,None,ADHD
732,Non-Target,No,0,None,ADHD
733,Target,Yes,646,None,ADHD
734,Target,Yes,552,None,ADHD
735,Target,Yes,807,None,ADHD
736,Non-Target,Yes,804,Commission,ADHD
737,Target,Yes,599,None,ADHD
738,Target,Yes,878,None,ADHD
739,Non-Target,No,0,None,ADHD
740,Non-Target,No,0,None,ADHD
741,Non-Target,No,0,None,ADHD
742,Target,No,0,Omission,ADHD
743,Non-Target,No,0,None,ADHD
744,Non-Target,No,0,None,ADHD
745,Non-Target,No,0,None,ADHD
746,Non-Target,No,0,None,ADHD
747,Non-Target,No,0,None,ADHD
748,Non-Target,No,0,None,ADHD
749,Non-Target,No,0,None,ADHD
750,Target,Yes,778,None,ADHD
751,Target,Yes,674,None,ADHD
752,Non-Target,No,0,None,ADHD
753,Target,Yes,739,None,ADHD
754,Non-Target,No,0,None,ADHD
755,Target,Yes,751,None,ADHD
756,Non-Target,No,0,None,ADHD
757,Non-Target,No,0,None,ADHD
758,Non-Target,No,0,None,ADHD
759,Target,Yes,560,None,ADHD
760,Non-Target,No,0,None,ADHD
761,Non-Target,No,0,None,ADHD
762,Non-Target,Yes,741,Commission,ADHD
763,Non-Target,No,0,None,ADHD
764,Non-Target,No,0,None,ADHD
765,Target,Yes,574,None,ADHD
766,Non-Target,No,0,None,ADHD
767,Non-Target,No,0,None,ADHD
768,Non-Target,No,0,None,ADHD
769,Target,No,0,Omission,ADHD
770,Target,Yes,772,None,ADHD
771,Non-Target,No,0,None,ADHD
772,Non-Target,No,0,None,ADHD
773,Non-Target,No,0,None,ADHD
774,Target,Yes,669,None,ADHD
775,Non-Target,No,0,None,ADHD
776,Non-Target,No,0,None,ADHD
777,Non-Target,No,0,None,ADHD
778,Non-Target,No,0,None,ADHD
779,Non-Target,No,0,None,ADHD
780,Non-Target,Yes,517,Commission,ADHD
781,Non-Target,No,0,None,ADHD
782,Non-Target,No,0,None,ADHD
783,Target,Yes,648,None,ADHD
784,Non-Target,Yes,707,Commission,ADHD
785,Non-Target,Yes,647,Commission,ADHD
786,Non-Target,No,0,None,ADHD
787,Non-Target,No,0,None,ADHD
788,Target,No,0,Omission,ADHD
789,Non-Target,No,0,None,ADHD
790,Non-Target,No,0,None,ADHD
791,Non-Target,Yes,879,Commission,ADHD
792,Non-Target,No,0,None,ADHD
793,Target,Yes,587,None,ADHD
794,Non-Target,No,0,None,ADHD
795,Target,Yes,767,None,ADHD
796,Non-Target,No,0,None,ADHD
797,Non-Target,Yes,843,Commission,ADHD
798,Non-Target,No,0,None,ADHD
799,Non-Target,No,0,None,ADHD
800,Non-Target,No,0,None,ADHD
801,Target,Yes,722,None,ADHD
802,Non-Target,Yes,631,Commission,ADHD
803,Target,Yes,550,None,ADHD
804,Target,No,0,Omission,ADHD
805,Non-Target,No,0,None,ADHD
806,Non-Target,No,0,None,ADHD
807,Target,Yes,665,None,ADHD
808,Non-Target,No,0,None,ADHD
809,Non-Target,No,0,None,ADHD
810,Target,Yes,651,None,ADHD
811,Non-Target,No,0,None,ADHD
812,Target,No,0,Omission,ADHD
813,Non-Target,No,0,None,ADHD
814,Target,Yes,739,None,ADHD
815,Non-Target,No,0,None,ADHD
816,Non-Target,No,0,None,ADHD
817,Non-Target,No,0,None,ADHD
818,Non-Target,No,0,None,ADHD
819,Non-Target,No,0,None,ADHD
820,Non-Target,No,0,None,ADHD
821,Non-Target,No,0,None,ADHD
822,Non-Target,No,0,None,ADHD
823,Non-Target,No,0,None,ADHD
824,Target,No,0,Omission,ADHD
825,Non-Target,No,0,None,ADHD
826,Non-Target,No,0,None,ADHD
827,Target,Yes,585,None,ADHD
828,Non-Target,Yes,611,Commission,ADHD
829,Non-Target,No,0,None,ADHD
830,Target,No,0,Omission,ADHD
831,Non-Target,No,0,None,ADHD
832,Non-Target,No,0,None,ADHD
833,Target,Yes,737,None,ADHD
834,Non-Target,No,0,None,ADHD
835,Target,Yes,502,None,ADHD
836,Target,Yes,542,None,ADHD
837,Target,Yes,580,None,ADHD
838,Non-Target,No,0,None,ADHD
839,Target,No,0,Omission,ADHD
840,Target,No,0,Omission,ADHD
841,Target,No,0,Omission,ADHD
842,Non-Target,No,0,None,ADHD
843,Non-Target,No,0,None,ADHD
844,Target,No,0,Omission,ADHD
845,Non-Target,No,0,None,ADHD
846,Non-Target,No,0,None,ADHD
847,Non-Target,Yes,553,Commission,ADHD
848,Non-Target,No,0,None,ADHD
849,Target,Yes,672,None,ADHD
850,Target,No,0,Omission,ADHD
851,Non-Target,No,0,None,ADHD
852,Non-Target,No,0,None,ADHD
853,Target,Yes,733,None,ADHD
854,Non-Target,No,0,None,ADHD
855,Non-Target,Yes,603,Commission,ADHD
856,Non-Target,No,0,None,ADHD
857,Target,Yes,703,None,ADHD
858,Non-Target,No,0,None,ADHD
859,Target,Yes,520,None,ADHD
860,Non-Target,No,0,None,ADHD
861,Non-Target,No,0,None,ADHD
862,Target,No,0,Omission,ADHD
863,Non-Target,No,0,None,ADHD
864,Non-Target,No,0,None,ADHD
865,Non-Target,Yes,445,Commission,ADHD
866,Non-Target,No,0,None,ADHD
867,Non-Target,No,0,None,ADHD
868,Target,Yes,710,None,ADHD
869,Non-Target,No,0,None,ADHD
870,Target,Yes,403,None,ADHD
871,Target,Yes,442,None,ADHD
872,Non-Target,Yes,688,Commission,ADHD
873,Target,Yes,579,None,ADHD
874,Non-Target,Yes,719,Commission,ADHD
875,Target,Yes,590,None,ADHD
876,Target,No,0,Omission,ADHD
877,Target,No,0,Omission,ADHD
878,Non-Target,No,0,None,ADHD
879,Target,Yes,511,None,ADHD
880,Non-Target,No,0,None,ADHD
881,Non-Target,No,0,None,ADHD
882,Target,No,0,Omission,ADHD
883,Target,Yes,792,None,ADHD
884,Non-Target,No,0,None,ADHD
885,Non-Target,No,0,None,ADHD
886,Non-Target,No,0,None,ADHD
887,Non-Target,No,0,None,ADHD
888,Target,Yes,580,None,ADHD
889,Non-Target,No,0,None,ADHD
890,Non-Target,No,0,None,ADHD
891,Non-Target,No,0,None,ADHD
892,Target,No,0,Omission,ADHD
893,Target,Yes,583,None,ADHD
894,Non-Target,No,0,None,ADHD
895,Non-Target,No,0,None,ADHD
896,Non-Target,No,0,None,ADHD
897,Non-Target,No,0,None,ADHD
898,Target,Yes,511,None,ADHD
899,Non-Target,No,0,None,ADHD
900,Non-Target,No,0,None,ADHD
901,Non-Target,No,0,None,ADHD
902,Non-Target,No,0,None,ADHD
903,Non-Target,No,0,None,ADHD
904,Target,Yes,771,None,ADHD
905,Target,Yes,578,None,ADHD
906,Non-Target,No,0,None,ADHD
907,Target,Yes,740,None,ADHD
908,Target,Yes,658,None,ADHD
909,Target,Yes,661,None,ADHD
910,Non-Target,No,0,None,ADHD
911,Non-Target,No,0,None,ADHD
912,Non-Target,No,0,None,ADHD
913,Non-Target,No,0,None,ADHD
914,Target,Yes,846,None,ADHD
915,Target,Yes,706,None,ADHD
916,Non-Target,Yes,504,Commission,ADHD
917,Target,Yes,714,None,ADHD
918,Target,Yes,786,None,ADHD
919,Non-Target,No,0,None,ADHD
920,Non-Target,No,0,None,ADHD
921,Non-Target,No,0,None,ADHD
922,Non-Target,No,0,None,ADHD
923,Non-Target,No,0,None,ADHD
924,Non-Target,No,0,None,ADHD
925,Non-Target,No,0,None,ADHD
926,Target,Yes,521,None,ADHD
927,Target,No,0,Omission,ADHD
928,Target,No,0,Omission,ADHD
929,Non-Target,No,0,None,ADHD
930,Non-Target,No,0,None,ADHD
931,Target,No,0,Omission,ADHD
932,Target,No,0,Omission,ADHD
933,Non-Target,Yes,686,Commission,ADHD
934,Non-Target,No,0,None,ADHD
935,Non-Target,Yes,608,Commission,ADHD
936,Non-Target,Yes,647,Commission,ADHD
937,Target,Yes,683,None,ADHD
938,Target,No,0,Omission,ADHD
939,Non-Target,Yes,528,Commission,ADHD
940,Non-Target,No,0,None,ADHD
941,Non-Target,No,0,None,ADHD
942,Target,Yes,755,None,ADHD
943,Non-Target,No,0,None,ADHD
944,Target,Yes,669,None,ADHD
945,Non-Target,No,0,None,ADHD
946,Target,Yes,766,None,ADHD
947,Non-Target,No,0,None,ADHD
948,Non-Target,No,0,None,ADHD
949,Target,Yes,612,None,ADHD
950,Non-Target,No,0,None,ADHD
951,Target,Yes,611,None,ADHD
952,Target,No,0,Omission,ADHD
953,Target,No,0,Omission,ADHD
954,Non-Target,Yes,891,Commission,ADHD
955,Target,Yes,605,None,ADHD
956,Non-Target,No,0,None,ADHD
957,Non-Target,Yes,793,Commission,ADHD
958,Non-Target,No,0,None,ADHD
959,Target,Yes,697,None,ADHD
960,Non-Target,No,0,None,ADHD
961,Non-Target,No,0,None,ADHD
962,Target,Yes,599,None,ADHD
963,Non-Target,No,0,None,ADHD
964,Non-Target,No,0,None,ADHD
965,Non-Target,No,0,None,ADHD
966,Non-Target,No,0,None,ADHD
967,Target,No,0,Omission,ADHD
968,Target,No,0,Omission,ADHD
969,Non-Target,No,0,None,ADHD
970,Non-Target,No,0,None,ADHD
971,Target,Yes,754,None,ADHD
972,Target,No,0,Omission,ADHD
973,Target,No,0,Omission,ADHD
974,Target,No,0,Omission,ADHD
975,Non-Target,No,0,None,ADHD
976,Target,Yes,633,None,ADHD
977,Target,Yes,627,None,ADHD
978,Non-Target,No,0,None,ADHD
979,Non-Target,No,0,None,ADHD
980,Target,No,0,Omission,ADHD
981,Non-Target,No,0,None,ADHD
982,Non-Target,No,0,None,ADHD
983,Target,Yes,627,None,ADHD
984,Non-Target,No,0,None,ADHD
985,Non-Target,No,0,None,ADHD
986,Non-Target,No,0,None,ADHD
987,Non-Target,No,0,None,ADHD
988,Target,Yes,626,None,ADHD
989,Non-Target,No,0,None,ADHD
990,Non-Target,No,0,None,ADHD
991,Non-Target,No,0,None,ADHD
992,Target,Yes,680,None,ADHD
993,Target,Yes,580,None,ADHD
994,Target,Yes,603,None,ADHD
995,Non-Target,No,0,None,ADHD
996,Non-Target,No,0,None,ADHD
997,Target,No,0,Omission,ADHD
998,Non-Target,Yes,664,Commission,ADHD
999,Non-Target,No,0,None,ADHD
1000,Target,Yes,582,None,ADHD
1001,Non-Target,No,0,None,ADHD
1002,Target,Yes,642,None,ADHD
1003,Non-Target,No,0,None,ADHD
1004,Non-Target,No,0,None,ADHD
1005,Non-Target,No,0,None,ADHD
1006,Non-Target,No,0,None,ADHD
1007,Non-Target,No,0,None,ADHD
1008,Non-Target,No,0,None,ADHD
1009,Non-Target,No,0,None,ADHD
1010,Target,Yes,736,None,ADHD
1011,Target,Yes,622,None,ADHD
1012,Non-Target,No,0,None,ADHD
1013,Non-Target,Yes,923,Commission,ADHD
1014,Non-Target,No,0,None,ADHD
1015,Non-Target,No,0,None,ADHD
1016,Non-Target,No,0,None,ADHD
1017,Non-Target,No,0,None,ADHD
1018,Non-Target,Yes,650,Commission,ADHD
1019,Non-Target,No,0,None,ADHD
1020,Non-Target,No,0,None,ADHD
1021,Non-Target,Yes,804,Commission,ADHD
1022,Target,Yes,840,None,ADHD
1023,Target,Yes,694,None,ADHD
1024,Target,Yes,604,None,ADHD
1025,Target,Yes,687,None,ADHD
1026,Non-Target,No,0,None,ADHD
1027,Target,Yes,660,None,ADHD
1028,Target,Yes,519,None,ADHD
1029,Non-Target,No,0,None,ADHD
1030,Target,No,0,Omission,ADHD
1031,Target,Yes,729,None,ADHD
1032,Non-Target,No,0,None,ADHD
1033,Non-Target,Yes,577,Commission,ADHD
1034,Non-Target,No,0,None,ADHD
1035,Non-Target,No,0,None,ADHD
1036,Non-Target,No,0,None,ADHD
1037,Target,No,0,Omission,ADHD
1038,Non-Target,No,0,None,ADHD
1039,Non-Target,No,0,None,ADHD
1040,Non-Target,No,0,None,ADHD
1041,Non-Target,No,0,None,ADHD
1042,Non-Target,No,0,None,ADHD
1043,Target,Yes,533,None,ADHD
1044,Non-Target,No,0,None,ADHD
1045,Non-Target,No,0,None,ADHD
1046,Non-Target,No,0,None,ADHD
1047,Non-Target,Yes,597,Commission,ADHD
1048,Target,Yes,705,None,ADHD
1049,Non-Target,No,0,None,ADHD
1050,Target,Yes,721,None,ADHD
1051,Non-Target,No,0,None,ADHD
1052,Target,No,0,Omission,ADHD
1053,Target,Yes,705,None,ADHD
1054,Target,Yes,731,None,ADHD
1055,Target,Yes,621,None,ADHD
1056,Target,No,0,Omission,ADHD
1057,Non-Target,No,0,None,ADHD
1058,Non-Target,Yes,712,Commission,ADHD
1059,Target,Yes,498,None,ADHD
1060,Non-Target,No,0,None,ADHD
1061,Target,Yes,383,None,ADHD
1062,Target,Yes,772,None,ADHD
1063,Non-Target,No,0,None,ADHD
1064,Non-Target,No,0,None,ADHD
1065,Target,Yes,494,None,ADHD
1066,Non-Target,No,0,None,ADHD
1067,Non-Target,No,0,None,ADHD
1068,Non-Target,No,0,None,ADHD
1069,Target,Yes,507,None,ADHD
1070,Target,No,0,Omission,ADHD
1071,Non-Target,No,0,None,ADHD
1072,Non-Target,Yes,599,Commission,ADHD
1073,Non-Target,No,0,None,ADHD
1074,Non-Target,No,0,None,ADHD
1075,Target,No,0,Omission,ADHD
1076,Target,Yes,572,None,ADHD
1077,Non-Target,No,0,None,ADHD
1078,Non-Target,No,0,None,ADHD
1079,Non-Target,No,0,None,ADHD
1080,Target,Yes,634,None,ADHD
1081,Target,No,0,Omission,ADHD
1082,Non-Target,No,0,None,ADHD
1083,Target,Yes,788,None,ADHD
1084,Non-Target,No,0,None,ADHD
1085,Non-Target,No,0,None,ADHD
1086,Target,No,0,Omission,ADHD
1087,Non-Target,No,0,None,ADHD
1088,Non-Target,No,0,None,ADHD
1089,Target,Yes,379,None,ADHD
1090,Target,Yes,619,None,ADHD
1091,Target,Yes,702,None,ADHD
1092,Non-Target,No,0,None,ADHD
1093,Non-Target,No,0,None,ADHD
1094,Non-Target,No,0,None,ADHD
1095,Target,Yes,466,None,ADHD
1096,Target,No,0,Omission,ADHD
1097,Non-Target,Yes,601,Commission,ADHD
1098,Non-Target,No,0,None,ADHD
1099,Non-Target,No,0,None,ADHD
1100,Target,No,0,Omission,ADHD
1101,Non-Target,Yes,488,Commission,ADHD
1102,Non-Target,No,0,None,ADHD
1103,Non-Target,No,0,None,ADHD
1104,Non-Target,No,0,None,ADHD
1105,Non-Target,No,0,None,ADHD
1106,Target,Yes,799,None,ADHD
1107,Non-Target,No,0,None,ADHD
1108,Target,Yes,755,None,ADHD
1109,Target,Yes,602,None,ADHD
1110,Target,No,0,Omission,ADHD
1111,Non-Target,Yes,590,Commission,ADHD
1112,Non-Target,No,0,None,ADHD
1113,Target,Yes,576,None,ADHD
1114,Non-Target,No,0,None,ADHD
1115,Non-Target,No,0,None,ADHD
1116,Non-Target,No,0,None,ADHD
1117,Non-Target,No,0,None,ADHD
1118,Non-Target,No,0,None,ADHD
1119,Target,No,0,Omission,ADHD
1120,Non-Target,No,0,None,ADHD
1121,Target,Yes,571,None,ADHD
1122,Non-Target,No,0,None,ADHD
1123,Target,Yes,675,None,ADHD
1124,Non-Target,No,0,None,ADHD
1125,Non-Target,No,0,None,ADHD
1126,Non-Target,No,0,None,ADHD
1127,Non-Target,No,0,None,ADHD
1128,Target,No,0,Omission,ADHD
1129,Target,Yes,722,None,ADHD
1130,Non-Target,No,0,None,ADHD
1131,Target,No,0,Omission,ADHD
1132,Non-Target,No,0,None,ADHD
1133,Non-Target,No,0,None,ADHD
1134,Target,No,0,Omission,ADHD
1135,Non-Target,No,0,None,ADHD
1136,Non-Target,No,0,None,ADHD
1137,Non-Target,No,0,None,ADHD
1138,Target,Yes,511,None,ADHD
1139,Target,Yes,656,None,ADHD
1140,Non-Target,Yes,588,Commission,ADHD
1141,Non-Target,No,0,None,ADHD
1142,Target,Yes,572,None,ADHD
1143,Non-Target,No,0,None,ADHD
1144,Non-Target,No,0,None,ADHD
1145,Non-Target,No,0,None,ADHD
1146,Non-Target,No,0,None,ADHD
1147,Non-Target,No,0,None,ADHD
1148,Non-Target,No,0,None,ADHD
1149,Non-Target,No,0,None,ADHD
1150,Non-Target,No,0,None,ADHD
1151,Target,No,0,Omission,ADHD
1152,Non-Target,No,0,None,ADHD
1153,Non-Target,No,0,None,ADHD
1154,Non-Target,No,0,None,ADHD
1155,Target,Yes,522,None,ADHD
1156,Target,Yes,894,None,ADHD
1157,Non-Target,No,0,None,ADHD
1158,Non-Target,No,0,None,ADHD
1159,Non-Target,No,0,None,ADHD
1160,Non-Target,No,0,None,ADHD
1161,Non-Target,No,0,None,ADHD
1162,Target,Yes,536,None,ADHD
1163,Target,Yes,516,None,ADHD
1164,Target,Yes,835,None,ADHD
1165,Target,No,0,Omission,ADHD
1166,Non-Target,No,0,None,ADHD
1167,Non-Target,No,0,None,ADHD
1168,Non-Target,No,0,None,ADHD
1169,Non-Target,Yes,598,Commission,ADHD
1170,Non-Target,No,0,None,ADHD
1171,Non-Target,No,0,None,ADHD
1172,Non-Target,No,0,None,ADHD
1173,Target,Yes,773,None,ADHD
1174,Non-Target,Yes,439,Commission,ADHD
1175,Target,Yes,685,None,ADHD
1176,Non-Target,No,0,None,ADHD
1177,Non-Target,No,0,None,ADHD
1178,Target,No,0,Omission,ADHD
1179,Non-Target,No,0,None,ADHD
1180,Target,Yes,503,None,ADHD
1181,Non-Target,No,0,None,ADHD
1182,Non-Target,No,0,None,ADHD
1183,Non-Target,No,0,None,ADHD
1184,Non-Target,No,0,None,ADHD
1185,Target,Yes,568,None,ADHD
1186,Target,No,0,Omission,ADHD
1187,Non-Target,No,0,None,ADHD
1188,Non-Target,No,0,None,ADHD
1189,Target,No,0,Omission,ADHD
1190,Non-Target,No,0,None,ADHD
1191,Non-Target,No,0,None,ADHD
1192,Non-Target,No,0,None,ADHD
1193,Non-Target,No,0,None,ADHD
1194,Non-Target,No,0,None,ADHD
1195,Target,Yes,584,None,ADHD
1196,Non-Target,No,0,None,ADHD
1197,Non-Target,No,0,None,ADHD
1198,Non-Target,No,0,None,ADHD
1199,Non-Target,No,0,None,ADHD
1200,Non-Target,No,0,None,ADHD
