Trial,StimulusType,Reaction,ReactionTime(ms),ErrorType,Label
1,Non-Target,No,0,None,ADHD
2,Non-Target,No,0,None,ADHD
3,Target,No,0,Omission,ADHD
4,Non-Target,No,0,None,ADHD
5,Target,Yes,763,None,ADHD
6,Non-Target,No,0,None,ADHD
7,Non-Target,No,0,None,ADHD
8,Non-Target,No,0,None,ADHD
9,Non-Target,No,0,None,ADHD
10,Non-Target,No,0,None,ADHD
11,Target,Yes,807,None,ADHD
12,Non-Target,Yes,734,Commission,ADHD
13,Non-Target,No,0,None,ADHD
14,Non-Target,No,0,None,ADHD
15,Target,Yes,705,None,ADHD
16,Target,Yes,749,None,ADHD
17,Non-Target,No,0,None,ADHD
18,Non-Target,No,0,None,ADHD
19,Non-Target,No,0,None,ADHD
20,Non-Target,No,0,None,ADHD
21,Non-Target,No,0,None,ADHD
22,Non-Target,Yes,651,Commission,ADHD
23,Non-Target,No,0,None,ADHD
24,Non-Target,No,0,None,ADHD
25,Target,Yes,755,None,ADHD
26,Non-Target,No,0,None,ADHD
27,Non-Target,No,0,None,ADHD
28,Target,Yes,570,None,ADHD
29,Non-Target,No,0,None,ADHD
30,Non-Target,No,0,None,ADHD
31,Non-Target,No,0,None,ADHD
32,Target,Yes,644,None,ADHD
33,Target,Yes,732,None,ADHD
34,Non-Target,No,0,None,ADHD
35,Non-Target,No,0,None,ADHD
36,Non-Target,No,0,None,ADHD
37,Non-Target,No,0,None,ADHD
38,Non-Target,No,0,None,ADHD
39,Non-Target,No,0,None,ADHD
40,Non-Target,No,0,None,ADHD
41,Non-Target,No,0,None,ADHD
42,Target,Yes,630,None,ADHD
43,Non-Target,No,0,None,ADHD
44,Non-Target,Yes,739,Commission,ADHD
45,Target,No,0,Omission,ADHD
46,Non-Target,Yes,641,Commission,ADHD
47,Non-Target,No,0,None,ADHD
48,Non-Target,No,0,None,ADHD
49,Non-Target,No,0,None,ADHD
50,Target,Yes,625,None,ADHD
51,Target,Yes,456,None,ADHD
52,Non-Target,No,0,None,ADHD
53,Non-Target,No,0,None,ADHD
54,Non-Target,No,0,None,ADHD
55,Non-Target,No,0,None,ADHD
56,Target,No,0,Omission,ADHD
57,Non-Target,No,0,None,ADHD
58,Target,Yes,664,None,ADHD
59,Target,No,0,Omission,ADHD
60,Non-Target,No,0,None,ADHD
61,Non-Target,Yes,482,Commission,ADHD
62,Non-Target,No,0,None,ADHD
63,Target,No,0,Omission,ADHD
64,Non-Target,No,0,None,ADHD
65,Non-Target,No,0,None,ADHD
66,Target,Yes,620,None,ADHD
67,Target,Yes,575,None,ADHD
68,Non-Target,No,0,None,ADHD
69,Non-Target,No,0,None,ADHD
70,Non-Target,No,0,None,ADHD
71,Non-Target,No,0,None,ADHD
72,Target,Yes,724,None,ADHD
73,Non-Target,No,0,None,ADHD
74,Non-Target,No,0,None,ADHD
75,Non-Target,No,0,None,ADHD
76,Non-Target,No,0,None,ADHD
77,Non-Target,No,0,None,ADHD
78,Target,Yes,658,None,ADHD
79,Non-Target,No,0,None,ADHD
80,Non-Target,No,0,None,ADHD
81,Non-Target,No,0,None,ADHD
82,Non-Target,No,0,None,ADHD
83,Target,No,0,Omission,ADHD
84,Non-Target,No,0,None,ADHD
85,Non-Target,No,0,None,ADHD
86,Target,Yes,538,None,ADHD
87,Target,No,0,Omission,ADHD
88,Target,Yes,632,None,ADHD
89,Non-Target,No,0,None,ADHD
90,Target,No,0,Omission,ADHD
91,Target,Yes,201,None,ADHD
92,Target,Yes,635,None,ADHD
93,Non-Target,No,0,None,ADHD
94,Non-Target,No,0,None,ADHD
95,Target,Yes,516,None,ADHD
96,Non-Target,No,0,None,ADHD
97,Non-Target,Yes,628,Commission,ADHD
98,Non-Target,No,0,None,ADHD
99,Non-Target,No,0,None,ADHD
100,Target,Yes,624,None,ADHD
101,Target,Yes,603,None,ADHD
102,Target,Yes,473,None,ADHD
103,Non-Target,Yes,687,Commission,ADHD
104,Non-Target,No,0,None,ADHD
105,Target,Yes,299,None,ADHD
106,Non-Target,Yes,523,Commission,ADHD
107,Non-Target,No,0,None,ADHD
108,Non-Target,No,0,None,ADHD
109,Non-Target,No,0,None,ADHD
110,Target,No,0,Omission,ADHD
111,Non-Target,No,0,None,ADHD
112,Non-Target,No,0,None,ADHD
113,Non-Target,No,0,None,ADHD
114,Non-Target,No,0,None,ADHD
115,Non-Target,No,0,None,ADHD
116,Non-Target,No,0,None,ADHD
117,Non-Target,No,0,None,ADHD
118,Non-Target,Yes,774,Commission,ADHD
119,Non-Target,No,0,None,ADHD
120,Non-Target,No,0,None,ADHD
121,Non-Target,No,0,None,ADHD
122,Non-Target,No,0,None,ADHD
123,Target,Yes,782,None,ADHD
124,Target,Yes,593,None,ADHD
125,Non-Target,No,0,None,ADHD
126,Target,No,0,Omission,ADHD
127,Non-Target,No,0,None,ADHD
128,Non-Target,No,0,None,ADHD
129,Non-Target,No,0,None,ADHD
130,Non-Target,No,0,None,ADHD
131,Non-Target,No,0,None,ADHD
132,Target,Yes,647,None,ADHD
133,Target,No,0,Omission,ADHD
134,Target,No,0,Omission,ADHD
135,Non-Target,No,0,None,ADHD
136,Non-Target,No,0,None,ADHD
137,Non-Target,No,0,None,ADHD
138,Non-Target,No,0,None,ADHD
139,Non-Target,No,0,None,ADHD
140,Non-Target,No,0,None,ADHD
141,Non-Target,No,0,None,ADHD
142,Target,Yes,499,None,ADHD
143,Non-Target,No,0,None,ADHD
144,Non-Target,No,0,None,ADHD
145,Non-Target,No,0,None,ADHD
146,Non-Target,No,0,None,ADHD
147,Non-Target,No,0,None,ADHD
148,Non-Target,No,0,None,ADHD
149,Non-Target,Yes,656,Commission,ADHD
150,Non-Target,Yes,603,Commission,ADHD
151,Non-Target,No,0,None,ADHD
152,Non-Target,No,0,None,ADHD
153,Non-Target,No,0,None,ADHD
154,Target,Yes,550,None,ADHD
155,Non-Target,No,0,None,ADHD
156,Non-Target,Yes,656,Commission,ADHD
157,Non-Target,No,0,None,ADHD
158,Non-Target,No,0,None,ADHD
159,Target,No,0,Omission,ADHD
160,Target,Yes,336,None,ADHD
161,Non-Target,Yes,617,Commission,ADHD
162,Non-Target,No,0,None,ADHD
163,Non-Target,No,0,None,ADHD
164,Non-Target,No,0,None,ADHD
165,Non-Target,No,0,None,ADHD
166,Non-Target,No,0,None,ADHD
167,Non-Target,No,0,None,ADHD
168,Non-Target,No,0,None,ADHD
169,Target,No,0,Omission,ADHD
170,Target,Yes,517,None,ADHD
171,Non-Target,No,0,None,ADHD
172,Target,Yes,489,None,ADHD
173,Non-Target,No,0,None,ADHD
174,Non-Target,No,0,None,ADHD
175,Non-Target,No,0,None,ADHD
176,Target,Yes,653,None,ADHD
177,Target,Yes,648,None,ADHD
178,Non-Target,No,0,None,ADHD
179,Non-Target,No,0,None,ADHD
180,Non-Target,No,0,None,ADHD
181,Non-Target,No,0,None,ADHD
182,Non-Target,No,0,None,ADHD
183,Non-Target,No,0,None,ADHD
184,Non-Target,No,0,None,ADHD
185,Non-Target,No,0,None,ADHD
186,Non-Target,No,0,None,ADHD
187,Non-Target,No,0,None,ADHD
188,Non-Target,Yes,475,Commission,ADHD
189,Non-Target,No,0,None,ADHD
190,Non-Target,No,0,None,ADHD
191,Target,Yes,617,None,ADHD
192,Target,Yes,498,None,ADHD
193,Non-Target,No,0,None,ADHD
194,Non-Target,Yes,637,Commission,ADHD
195,Target,Yes,526,None,ADHD
196,Target,Yes,431,None,ADHD
197,Non-Target,No,0,None,ADHD
198,Non-Target,No,0,None,ADHD
199,Target,Yes,665,None,ADHD
200,Non-Target,No,0,None,ADHD
201,Non-Target,No,0,None,ADHD
202,Non-Target,No,0,None,ADHD
203,Target,Yes,631,None,ADHD
204,Target,Yes,562,None,ADHD
205,Non-Target,No,0,None,ADHD
206,Non-Target,No,0,None,ADHD
207,Target,Yes,717,None,ADHD
208,Non-Target,No,0,None,ADHD
209,Non-Target,No,0,None,ADHD
210,Non-Target,Yes,642,Commission,ADHD
211,Non-Target,Yes,375,Commission,ADHD
212,Non-Target,Yes,799,Commission,ADHD
213,Non-Target,No,0,None,ADHD
214,Non-Target,No,0,None,ADHD
215,Non-Target,Yes,508,Commission,ADHD
216,Non-Target,No,0,None,ADHD
217,Non-Target,No,0,None,ADHD
218,Non-Target,No,0,None,ADHD
219,Non-Target,No,0,None,ADHD
220,Target,Yes,708,None,ADHD
221,Non-Target,No,0,None,ADHD
222,Non-Target,No,0,None,ADHD
223,Non-Target,No,0,None,ADHD
224,Non-Target,Yes,863,Commission,ADHD
225,Non-Target,Yes,615,Commission,ADHD
226,Target,Yes,581,None,ADHD
227,Non-Target,No,0,None,ADHD
228,Non-Target,No,0,None,ADHD
229,Non-Target,No,0,None,ADHD
230,Non-Target,No,0,None,ADHD
231,Non-Target,No,0,None,ADHD
232,Non-Target,No,0,None,ADHD
233,Non-Target,No,0,None,ADHD
234,Non-Target,No,0,None,ADHD
235,Non-Target,No,0,None,ADHD
236,Non-Target,No,0,None,ADHD
237,Non-Target,No,0,None,ADHD
238,Non-Target,No,0,None,ADHD
239,Non-Target,No,0,None,ADHD
240,Target,Yes,710,None,ADHD
241,Non-Target,No,0,None,ADHD
242,Non-Target,No,0,None,ADHD
243,Non-Target,No,0,None,ADHD
244,Target,Yes,600,None,ADHD
245,Non-Target,No,0,None,ADHD
246,Target,No,0,Omission,ADHD
247,Target,Yes,523,None,ADHD
248,Non-Target,Yes,597,Commission,ADHD
249,Target,Yes,721,None,ADHD
250,Non-Target,No,0,None,ADHD
251,Target,Yes,454,None,ADHD
252,Non-Target,No,0,None,ADHD
253,Non-Target,No,0,None,ADHD
254,Non-Target,No,0,None,ADHD
255,Target,Yes,485,None,ADHD
256,Target,Yes,495,None,ADHD
257,Non-Target,Yes,511,Commission,ADHD
258,Non-Target,No,0,None,ADHD
259,Non-Target,Yes,528,Commission,ADHD
260,Non-Target,No,0,None,ADHD
261,Target,No,0,Omission,ADHD
262,Non-Target,Yes,595,Commission,ADHD
263,Non-Target,Yes,483,Commission,ADHD
264,Non-Target,No,0,None,ADHD
265,Non-Target,No,0,None,ADHD
266,Target,No,0,Omission,ADHD
267,Target,Yes,548,None,ADHD
268,Non-Target,No,0,None,ADHD
269,Target,No,0,Omission,ADHD
270,Target,Yes,508,None,ADHD
271,Target,Yes,478,None,ADHD
272,Non-Target,No,0,None,ADHD
273,Target,Yes,512,None,ADHD
274,Non-Target,Yes,718,Commission,ADHD
275,Target,No,0,Omission,ADHD
276,Target,Yes,733,None,ADHD
277,Non-Target,No,0,None,ADHD
278,Non-Target,No,0,None,ADHD
279,Non-Target,No,0,None,ADHD
280,Non-Target,No,0,None,ADHD
281,Non-Target,No,0,None,ADHD
282,Target,Yes,680,None,ADHD
283,Non-Target,No,0,None,ADHD
284,Non-Target,No,0,None,ADHD
285,Target,No,0,Omission,ADHD
286,Non-Target,No,0,None,ADHD
287,Non-Target,No,0,None,ADHD
288,Non-Target,Yes,566,Commission,ADHD
289,Target,Yes,585,None,ADHD
290,Target,Yes,733,None,ADHD
291,Target,Yes,807,None,ADHD
292,Non-Target,Yes,670,Commission,ADHD
293,Target,Yes,592,None,ADHD
294,Non-Target,Yes,659,Commission,ADHD
295,Non-Target,No,0,None,ADHD
296,Non-Target,No,0,None,ADHD
297,Target,No,0,Omission,ADHD
298,Target,Yes,698,None,ADHD
299,Non-Target,No,0,None,ADHD
300,Non-Target,No,0,None,ADHD
301,Target,No,0,Omission,ADHD
302,Target,Yes,619,None,ADHD
303,Non-Target,No,0,None,ADHD
304,Target,Yes,642,None,ADHD
305,Non-Target,No,0,None,ADHD
306,Non-Target,No,0,None,ADHD
307,Non-Target,No,0,None,ADHD
308,Non-Target,Yes,663,Commission,ADHD
309,Target,Yes,516,None,ADHD
310,Target,Yes,732,None,ADHD
311,Non-Target,No,0,None,ADHD
312,Target,No,0,Omission,ADHD
313,Non-Target,No,0,None,ADHD
314,Non-Target,No,0,None,ADHD
315,Non-Target,No,0,None,ADHD
316,Non-Target,No,0,None,ADHD
317,Non-Target,No,0,None,ADHD
318,Target,Yes,539,None,ADHD
319,Non-Target,No,0,None,ADHD
320,Non-Target,No,0,None,ADHD
321,Non-Target,Yes,539,Commission,ADHD
322,Non-Target,No,0,None,ADHD
323,Non-Target,No,0,None,ADHD
324,Non-Target,No,0,None,ADHD
325,Non-Target,No,0,None,ADHD
326,Non-Target,Yes,700,Commission,ADHD
327,Target,Yes,492,None,ADHD
328,Non-Target,Yes,714,Commission,ADHD
329,Non-Target,No,0,None,ADHD
330,Non-Target,Yes,524,Commission,ADHD
331,Non-Target,Yes,765,Commission,ADHD
332,Non-Target,Yes,572,Commission,ADHD
333,Non-Target,No,0,None,ADHD
334,Non-Target,No,0,None,ADHD
335,Non-Target,No,0,None,ADHD
336,Non-Target,Yes,607,Commission,ADHD
337,Target,Yes,725,None,ADHD
338,Non-Target,No,0,None,ADHD
339,Non-Target,Yes,602,Commission,ADHD
340,Non-Target,Yes,516,Commission,ADHD
341,Target,Yes,509,None,ADHD
342,Non-Target,No,0,None,ADHD
343,Non-Target,No,0,None,ADHD
344,Non-Target,No,0,None,ADHD
345,Target,Yes,534,None,ADHD
346,Non-Target,No,0,None,ADHD
347,Non-Target,No,0,None,ADHD
348,Non-Target,No,0,None,ADHD
349,Target,No,0,Omission,ADHD
350,Non-Target,No,0,None,ADHD
351,Target,Yes,520,None,ADHD
352,Non-Target,Yes,788,Commission,ADHD
353,Non-Target,No,0,None,ADHD
354,Non-Target,No,0,None,ADHD
355,Non-Target,No,0,None,ADHD
356,Non-Target,No,0,None,ADHD
357,Non-Target,Yes,488,Commission,ADHD
358,Non-Target,No,0,None,ADHD
359,Non-Target,Yes,389,Commission,ADHD
360,Non-Target,No,0,None,ADHD
361,Non-Target,No,0,None,ADHD
362,Target,No,0,Omission,ADHD
363,Non-Target,No,0,None,ADHD
364,Target,Yes,725,None,ADHD
365,Non-Target,No,0,None,ADHD
366,Target,Yes,711,None,ADHD
367,Non-Target,No,0,None,ADHD
368,Target,Yes,424,None,ADHD
369,Target,Yes,564,None,ADHD
370,Non-Target,No,0,None,ADHD
371,Non-Target,No,0,None,ADHD
372,Non-Target,No,0,None,ADHD
373,Target,Yes,760,None,ADHD
374,Target,Yes,405,None,ADHD
375,Non-Target,No,0,None,ADHD
376,Non-Target,No,0,None,ADHD
377,Target,Yes,655,None,ADHD
378,Non-Target,No,0,None,ADHD
379,Target,Yes,808,None,ADHD
380,Non-Target,Yes,213,Commission,ADHD
381,Non-Target,No,0,None,ADHD
382,Non-Target,No,0,None,ADHD
383,Non-Target,No,0,None,ADHD
384,Target,Yes,706,None,ADHD
385,Non-Target,No,0,None,ADHD
386,Target,No,0,Omission,ADHD
387,Non-Target,No,0,None,ADHD
388,Non-Target,No,0,None,ADHD
389,Non-Target,No,0,None,ADHD
390,Non-Target,No,0,None,ADHD
391,Target,Yes,559,None,ADHD
392,Target,Yes,512,None,ADHD
393,Non-Target,Yes,635,Commission,ADHD
394,Non-Target,Yes,717,Commission,ADHD
395,Non-Target,No,0,None,ADHD
396,Non-Target,No,0,None,ADHD
397,Non-Target,No,0,None,ADHD
398,Non-Target,No,0,None,ADHD
399,Non-Target,No,0,None,ADHD
400,Target,Yes,539,None,ADHD
401,Non-Target,No,0,None,ADHD
402,Non-Target,No,0,None,ADHD
403,Non-Target,No,0,None,ADHD
404,Non-Target,No,0,None,ADHD
405,Non-Target,No,0,None,ADHD
406,Non-Target,No,0,None,ADHD
407,Non-Target,No,0,None,ADHD
408,Non-Target,No,0,None,ADHD
409,Non-Target,Yes,470,Commission,ADHD
410,Target,Yes,792,None,ADHD
411,Non-Target,No,0,None,ADHD
412,Target,Yes,489,None,ADHD
413,Non-Target,No,0,None,ADHD
414,Non-Target,No,0,None,ADHD
415,Non-Target,No,0,None,ADHD
416,Non-Target,No,0,None,ADHD
417,Non-Target,No,0,None,ADHD
418,Non-Target,No,0,None,ADHD
419,Non-Target,No,0,None,ADHD
420,Non-Target,No,0,None,ADHD
421,Target,Yes,563,None,ADHD
422,Target,Yes,436,None,ADHD
423,Non-Target,No,0,None,ADHD
424,Non-Target,No,0,None,ADHD
425,Non-Target,Yes,729,Commission,ADHD
426,Non-Target,No,0,None,ADHD
427,Non-Target,No,0,None,ADHD
428,Non-Target,No,0,None,ADHD
429,Non-Target,No,0,None,ADHD
430,Non-Target,Yes,808,Commission,ADHD
431,Non-Target,No,0,None,ADHD
432,Target,Yes,378,None,ADHD
433,Non-Target,Yes,711,Commission,ADHD
434,Non-Target,No,0,None,ADHD
435,Non-Target,No,0,None,ADHD
436,Non-Target,Yes,673,Commission,ADHD
437,Non-Target,No,0,None,ADHD
438,Non-Target,No,0,None,ADHD
439,Non-Target,No,0,None,ADHD
440,Non-Target,No,0,None,ADHD
441,Target,Yes,664,None,ADHD
442,Non-Target,No,0,None,ADHD
443,Non-Target,No,0,None,ADHD
444,Non-Target,No,0,None,ADHD
445,Non-Target,No,0,None,ADHD
446,Non-Target,No,0,None,ADHD
447,Target,Yes,795,None,ADHD
448,Non-Target,No,0,None,ADHD
449,Non-Target,No,0,None,ADHD
450,Non-Target,Yes,553,Commission,ADHD
451,Non-Target,Yes,797,Commission,ADHD
452,Non-Target,No,0,None,ADHD
453,Non-Target,Yes,607,Commission,ADHD
454,Non-Target,No,0,None,ADHD
455,Non-Target,Yes,346,Commission,ADHD
456,Non-Target,No,0,None,ADHD
457,Non-Target,No,0,None,ADHD
458,Target,No,0,Omission,ADHD
459,Non-Target,Yes,709,Commission,ADHD
460,Target,No,0,Omission,ADHD
461,Target,No,0,Omission,ADHD
462,Non-Target,No,0,None,ADHD
463,Target,Yes,385,None,ADHD
464,Target,Yes,534,None,ADHD
465,Target,Yes,410,None,ADHD
466,Non-Target,No,0,None,ADHD
467,Target,Yes,770,None,ADHD
468,Non-Target,No,0,None,ADHD
469,Non-Target,No,0,None,ADHD
470,Non-Target,No,0,None,ADHD
471,Target,Yes,512,None,ADHD
472,Target,No,0,Omission,ADHD
473,Non-Target,No,0,None,ADHD
474,Target,Yes,649,None,ADHD
475,Non-Target,No,0,None,ADHD
476,Non-Target,No,0,None,ADHD
477,Non-Target,No,0,None,ADHD
478,Non-Target,No,0,None,ADHD
479,Non-Target,No,0,None,ADHD
480,Non-Target,No,0,None,ADHD
481,Non-Target,No,0,None,ADHD
482,Non-Target,Yes,456,Commission,ADHD
483,Non-Target,No,0,None,ADHD
484,Non-Target,No,0,None,ADHD
485,Non-Target,Yes,540,Commission,ADHD
486,Target,Yes,709,None,ADHD
487,Non-Target,Yes,660,Commission,ADHD
488,Target,Yes,593,None,ADHD
489,Non-Target,No,0,None,ADHD
490,Target,Yes,848,None,ADHD
491,Non-Target,No,0,None,ADHD
492,Non-Target,No,0,None,ADHD
493,Non-Target,No,0,None,ADHD
494,Non-Target,No,0,None,ADHD
495,Non-Target,Yes,469,Commission,ADHD
496,Non-Target,No,0,None,ADHD
497,Non-Target,No,0,None,ADHD
498,Non-Target,No,0,None,ADHD
499,Non-Target,No,0,None,ADHD
500,Target,No,0,Omission,ADHD
501,Non-Target,No,0,None,ADHD
502,Non-Target,No,0,None,ADHD
503,Non-Target,No,0,None,ADHD
504,Non-Target,Yes,520,Commission,ADHD
505,Target,No,0,Omission,ADHD
506,Target,No,0,Omission,ADHD
507,Non-Target,No,0,None,ADHD
508,Target,Yes,762,None,ADHD
509,Non-Target,Yes,679,Commission,ADHD
510,Target,Yes,389,None,ADHD
511,Non-Target,Yes,811,Commission,ADHD
512,Non-Target,No,0,None,ADHD
513,Non-Target,No,0,None,ADHD
514,Target,Yes,649,None,ADHD
515,Non-Target,No,0,None,ADHD
516,Target,Yes,596,None,ADHD
517,Non-Target,No,0,None,ADHD
518,Target,Yes,900,None,ADHD
519,Non-Target,Yes,539,Commission,ADHD
520,Non-Target,No,0,None,ADHD
521,Non-Target,Yes,448,Commission,ADHD
522,Non-Target,No,0,None,ADHD
523,Non-Target,No,0,None,ADHD
524,Target,Yes,594,None,ADHD
525,Non-Target,No,0,None,ADHD
526,Non-Target,Yes,497,Commission,ADHD
527,Non-Target,No,0,None,ADHD
528,Target,Yes,637,None,ADHD
529,Non-Target,No,0,None,ADHD
530,Non-Target,No,0,None,ADHD
531,Target,Yes,634,None,ADHD
532,Non-Target,Yes,635,Commission,ADHD
533,Non-Target,No,0,None,ADHD
534,Non-Target,No,0,None,ADHD
535,Target,Yes,655,None,ADHD
536,Non-Target,Yes,584,Commission,ADHD
537,Non-Target,Yes,695,Commission,ADHD
538,Target,Yes,672,None,ADHD
539,Non-Target,No,0,None,ADHD
540,Target,Yes,673,None,ADHD
541,Target,Yes,566,None,ADHD
542,Non-Target,Yes,815,Commission,ADHD
543,Non-Target,Yes,780,Commission,ADHD
544,Non-Target,Yes,874,Commission,ADHD
545,Target,No,0,Omission,ADHD
546,Non-Target,No,0,None,ADHD
547,Non-Target,No,0,None,ADHD
548,Non-Target,No,0,None,ADHD
549,Non-Target,No,0,None,ADHD
550,Non-Target,No,0,None,ADHD
551,Target,Yes,607,None,ADHD
552,Non-Target,Yes,626,Commission,ADHD
553,Non-Target,No,0,None,ADHD
554,Target,No,0,Omission,ADHD
555,Non-Target,No,0,None,ADHD
556,Non-Target,No,0,None,ADHD
557,Non-Target,Yes,732,Commission,ADHD
558,Non-Target,No,0,None,ADHD
559,Non-Target,No,0,None,ADHD
560,Target,Yes,578,None,ADHD
561,Non-Target,No,0,None,ADHD
562,Non-Target,No,0,None,ADHD
563,Target,Yes,556,None,ADHD
564,Non-Target,No,0,None,ADHD
565,Non-Target,Yes,549,Commission,ADHD
566,Target,Yes,605,None,ADHD
567,Non-Target,No,0,None,ADHD
568,Non-Target,No,0,None,ADHD
569,Target,Yes,589,None,ADHD
570,Target,Yes,728,None,ADHD
571,Non-Target,No,0,None,ADHD
572,Non-Target,No,0,None,ADHD
573,Non-Target,No,0,None,ADHD
574,Non-Target,No,0,None,ADHD
575,Target,No,0,Omission,ADHD
576,Target,Yes,613,None,ADHD
577,Non-Target,Yes,608,Commission,ADHD
578,Non-Target,Yes,783,Commission,ADHD
579,Non-Target,No,0,None,ADHD
580,Non-Target,Yes,679,Commission,ADHD
581,Non-Target,Yes,669,Commission,ADHD
582,Non-Target,Yes,561,Commission,ADHD
583,Target,Yes,702,None,ADHD
584,Non-Target,No,0,None,ADHD
585,Target,Yes,603,None,ADHD
586,Non-Target,No,0,None,ADHD
587,Target,No,0,Omission,ADHD
588,Non-Target,No,0,None,ADHD
589,Target,No,0,Omission,ADHD
590,Non-Target,No,0,None,ADHD
591,Target,Yes,528,None,ADHD
592,Non-Target,No,0,None,ADHD
593,Target,Yes,675,None,ADHD
594,Target,Yes,471,None,ADHD
595,Non-Target,No,0,None,ADHD
596,Non-Target,No,0,None,ADHD
597,Non-Target,No,0,None,ADHD
598,Non-Target,Yes,706,Commission,ADHD
599,Non-Target,Yes,692,Commission,ADHD
600,Non-Target,No,0,None,ADHD
601,Non-Target,No,0,None,ADHD
602,Non-Target,No,0,None,ADHD
603,Non-Target,No,0,None,ADHD
604,Target,Yes,614,None,ADHD
605,Non-Target,No,0,None,ADHD
606,Non-Target,No,0,None,ADHD
607,Non-Target,No,0,None,ADHD
608,Non-Target,No,0,None,ADHD
609,Target,No,0,Omission,ADHD
610,Target,No,0,Omission,ADHD
611,Non-Target,No,0,None,ADHD
612,Non-Target,No,0,None,ADHD
613,Non-Target,No,0,None,ADHD
614,Target,Yes,586,None,ADHD
615,Non-Target,No,0,None,ADHD
616,Non-Target,No,0,None,ADHD
617,Non-Target,No,0,None,ADHD
618,Target,No,0,Omission,ADHD
619,Non-Target,No,0,None,ADHD
620,Non-Target,Yes,549,Commission,ADHD
621,Non-Target,No,0,None,ADHD
622,Non-Target,No,0,None,ADHD
623,Target,No,0,Omission,ADHD
624,Target,Yes,816,None,ADHD
625,Non-Target,No,0,None,ADHD
626,Non-Target,No,0,None,ADHD
627,Non-Target,No,0,None,ADHD
628,Non-Target,No,0,None,ADHD
629,Non-Target,No,0,None,ADHD
630,Non-Target,No,0,None,ADHD
631,Target,Yes,631,None,ADHD
632,Non-Target,No,0,None,ADHD
633,Non-Target,No,0,None,ADHD
634,Target,No,0,Omission,ADHD
635,Non-Target,No,0,None,ADHD
636,Non-Target,Yes,691,Commission,ADHD
637,Non-Target,Yes,707,Commission,ADHD
638,Non-Target,No,0,None,ADHD
639,Target,Yes,668,None,ADHD
640,Non-Target,No,0,None,ADHD
641,Non-Target,No,0,None,ADHD
642,Target,No,0,Omission,ADHD
643,Non-Target,No,0,None,ADHD
644,Non-Target,Yes,722,Commission,ADHD
645,Non-Target,No,0,None,ADHD
646,Non-Target,No,0,None,ADHD
647,Target,Yes,729,None,ADHD
648,Target,No,0,Omission,ADHD
649,Non-Target,No,0,None,ADHD
650,Non-Target,Yes,397,Commission,ADHD
651,Non-Target,No,0,None,ADHD
652,Non-Target,No,0,None,ADHD
653,Target,Yes,648,None,ADHD
654,Non-Target,No,0,None,ADHD
655,Non-Target,No,0,None,ADHD
656,Non-Target,No,0,None,ADHD
657,Non-Target,No,0,None,ADHD
658,Target,No,0,Omission,ADHD
659,Non-Target,No,0,None,ADHD
660,Non-Target,Yes,659,Commission,ADHD
661,Non-Target,Yes,743,Commission,ADHD
662,Target,Yes,696,None,ADHD
663,Non-Target,No,0,None,ADHD
664,Non-Target,No,0,None,ADHD
665,Non-Target,No,0,None,ADHD
666,Non-Target,No,0,None,ADHD
667,Non-Target,No,0,None,ADHD
668,Non-Target,No,0,None,ADHD
669,Target,Yes,483,None,ADHD
670,Non-Target,No,0,None,ADHD
671,Non-Target,No,0,None,ADHD
672,Non-Target,No,0,None,ADHD
673,Target,No,0,Omission,ADHD
674,Non-Target,No,0,None,ADHD
675,Target,Yes,490,None,ADHD
676,Non-Target,No,0,None,ADHD
677,Target,No,0,Omission,ADHD
678,Non-Target,Yes,531,Commission,ADHD
679,Non-Target,No,0,None,ADHD
680,Non-Target,No,0,None,ADHD
681,Non-Target,No,0,None,ADHD
682,Non-Target,Yes,714,Commission,ADHD
683,Non-Target,No,0,None,ADHD
684,Non-Target,No,0,None,ADHD
685,Target,Yes,702,None,ADHD
686,Target,Yes,638,None,ADHD
687,Non-Target,No,0,None,ADHD
688,Non-Target,No,0,None,ADHD
689,Non-Target,No,0,None,ADHD
690,Non-Target,No,0,None,ADHD
691,Target,Yes,637,None,ADHD
692,Target,Yes,606,None,ADHD
693,Non-Target,No,0,None,ADHD
694,Non-Target,Yes,708,Commission,ADHD
695,Non-Target,No,0,None,ADHD
696,Target,Yes,558,None,ADHD
697,Non-Target,No,0,None,ADHD
698,Non-Target,No,0,None,ADHD
699,Non-Target,No,0,None,ADHD
700,Non-Target,No,0,None,ADHD
701,Non-Target,Yes,702,Commission,ADHD
702,Non-Target,No,0,None,ADHD
703,Non-Target,No,0,None,ADHD
704,Non-Target,No,0,None,ADHD
705,Non-Target,No,0,None,ADHD
706,Non-Target,No,0,None,ADHD
707,Target,Yes,643,None,ADHD
708,Non-Target,No,0,None,ADHD
709,Non-Target,No,0,None,ADHD
710,Target,Yes,521,None,ADHD
711,Non-Target,Yes,841,Commission,ADHD
712,Non-Target,No,0,None,ADHD
713,Target,No,0,Omission,ADHD
714,Target,Yes,469,None,ADHD
715,Non-Target,No,0,None,ADHD
716,Non-Target,No,0,None,ADHD
717,Non-Target,No,0,None,ADHD
718,Non-Target,Yes,358,Commission,ADHD
719,Non-Target,No,0,None,ADHD
720,Non-Target,No,0,None,ADHD
721,Non-Target,No,0,None,ADHD
722,Target,Yes,556,None,ADHD
723,Non-Target,No,0,None,ADHD
724,Non-Target,No,0,None,ADHD
725,Non-Target,Yes,627,Commission,ADHD
726,Non-Target,No,0,None,ADHD
727,Target,Yes,512,None,ADHD
728,Target,Yes,499,None,ADHD
729,Non-Target,No,0,None,ADHD
730,Non-Target,No,0,None,ADHD
731,Non-Target,No,0,None,ADHD
732,Target,Yes,811,None,ADHD
733,Target,Yes,457,None,ADHD
734,Non-Target,No,0,None,ADHD
735,Non-Target,No,0,None,ADHD
736,Non-Target,Yes,561,Commission,ADHD
737,Target,No,0,Omission,ADHD
738,Non-Target,Yes,646,Commission,ADHD
739,Non-Target,No,0,None,ADHD
740,Non-Target,No,0,None,ADHD
741,Non-Target,No,0,None,ADHD
742,Non-Target,Yes,570,Commission,ADHD
743,Target,Yes,787,None,ADHD
744,Non-Target,No,0,None,ADHD
745,Non-Target,No,0,None,ADHD
746,Non-Target,No,0,None,ADHD
747,Target,Yes,502,None,ADHD
748,Non-Target,No,0,None,ADHD
749,Non-Target,No,0,None,ADHD
750,Target,Yes,682,None,ADHD
751,Target,Yes,557,None,ADHD
752,Non-Target,No,0,None,ADHD
753,Non-Target,No,0,None,ADHD
754,Non-Target,No,0,None,ADHD
755,Non-Target,No,0,None,ADHD
756,Non-Target,Yes,572,Commission,ADHD
757,Non-Target,No,0,None,ADHD
758,Non-Target,No,0,None,ADHD
759,Non-Target,No,0,None,ADHD
760,Non-Target,No,0,None,ADHD
761,Target,Yes,654,None,ADHD
762,Target,Yes,602,None,ADHD
763,Target,No,0,Omission,ADHD
764,Non-Target,No,0,None,ADHD
765,Target,No,0,Omission,ADHD
766,Non-Target,No,0,None,ADHD
767,Non-Target,No,0,None,ADHD
768,Target,Yes,832,None,ADHD
769,Non-Target,Yes,629,Commission,ADHD
770,Non-Target,No,0,None,ADHD
771,Non-Target,Yes,612,Commission,ADHD
772,Target,Yes,442,None,ADHD
773,Non-Target,Yes,490,Commission,ADHD
774,Non-Target,No,0,None,ADHD
775,Non-Target,No,0,None,ADHD
776,Target,Yes,650,None,ADHD
777,Non-Target,No,0,None,ADHD
778,Non-Target,No,0,None,ADHD
779,Non-Target,No,0,None,ADHD
780,Non-Target,No,0,None,ADHD
781,Non-Target,No,0,None,ADHD
782,Non-Target,Yes,803,Commission,ADHD
783,Target,Yes,641,None,ADHD
784,Non-Target,Yes,779,Commission,ADHD
785,Non-Target,No,0,None,ADHD
786,Non-Target,No,0,None,ADHD
787,Target,No,0,Omission,ADHD
788,Target,Yes,602,None,ADHD
789,Target,Yes,590,None,ADHD
790,Non-Target,No,0,None,ADHD
791,Non-Target,No,0,None,ADHD
792,Non-Target,No,0,None,ADHD
793,Target,Yes,701,None,ADHD
794,Non-Target,No,0,None,ADHD
795,Non-Target,No,0,None,ADHD
796,Target,No,0,Omission,ADHD
797,Target,No,0,Omission,ADHD
798,Non-Target,No,0,None,ADHD
799,Target,Yes,647,None,ADHD
800,Non-Target,No,0,None,ADHD
801,Target,No,0,Omission,ADHD
802,Target,Yes,786,None,ADHD
803,Target,Yes,346,None,ADHD
804,Target,No,0,Omission,ADHD
805,Target,Yes,787,None,ADHD
806,Target,Yes,559,None,ADHD
807,Target,No,0,Omission,ADHD
808,Target,Yes,462,None,ADHD
809,Target,Yes,661,None,ADHD
810,Non-Target,No,0,None,ADHD
811,Target,Yes,861,None,ADHD
812,Target,Yes,650,None,ADHD
813,Non-Target,No,0,None,ADHD
814,Non-Target,No,0,None,ADHD
815,Non-Target,No,0,None,ADHD
816,Non-Target,No,0,None,ADHD
817,Non-Target,No,0,None,ADHD
818,Target,Yes,402,None,ADHD
819,Non-Target,No,0,None,ADHD
820,Target,Yes,784,None,ADHD
821,Non-Target,Yes,444,Commission,ADHD
822,Target,Yes,707,None,ADHD
823,Non-Target,No,0,None,ADHD
824,Non-Target,No,0,None,ADHD
825,Non-Target,No,0,None,ADHD
826,Target,No,0,Omission,ADHD
827,Non-Target,No,0,None,ADHD
828,Non-Target,No,0,None,ADHD
829,Non-Target,No,0,None,ADHD
830,Target,Yes,561,None,ADHD
831,Target,No,0,Omission,ADHD
832,Target,No,0,Omission,ADHD
833,Target,No,0,Omission,ADHD
834,Non-Target,No,0,None,ADHD
835,Non-Target,Yes,733,Commission,ADHD
836,Non-Target,No,0,None,ADHD
837,Non-Target,Yes,338,Commission,ADHD
838,Non-Target,No,0,None,ADHD
839,Non-Target,No,0,None,ADHD
840,Non-Target,No,0,None,ADHD
841,Non-Target,Yes,672,Commission,ADHD
842,Non-Target,Yes,740,Commission,ADHD
843,Non-Target,No,0,None,ADHD
844,Non-Target,No,0,None,ADHD
845,Target,Yes,749,None,ADHD
846,Target,Yes,569,None,ADHD
847,Non-Target,No,0,None,ADHD
848,Non-Target,Yes,648,Commission,ADHD
849,Non-Target,No,0,None,ADHD
850,Non-Target,Yes,697,Commission,ADHD
851,Non-Target,No,0,None,ADHD
852,Non-Target,No,0,None,ADHD
853,Target,No,0,Omission,ADHD
854,Target,Yes,778,None,ADHD
855,Non-Target,No,0,None,ADHD
856,Non-Target,Yes,544,Commission,ADHD
857,Target,Yes,609,None,ADHD
858,Non-Target,Yes,686,Commission,ADHD
859,Non-Target,No,0,None,ADHD
860,Non-Target,No,0,None,ADHD
861,Non-Target,No,0,None,ADHD
862,Target,Yes,635,None,ADHD
863,Target,Yes,615,None,ADHD
864,Non-Target,No,0,None,ADHD
865,Non-Target,No,0,None,ADHD
866,Target,Yes,585,None,ADHD
867,Non-Target,Yes,659,Commission,ADHD
868,Target,Yes,599,None,ADHD
869,Target,Yes,607,None,ADHD
870,Non-Target,No,0,None,ADHD
871,Target,No,0,Omission,ADHD
872,Non-Target,No,0,None,ADHD
873,Target,No,0,Omission,ADHD
874,Non-Target,No,0,None,ADHD
875,Non-Target,No,0,None,ADHD
876,Non-Target,No,0,None,ADHD
877,Target,No,0,Omission,ADHD
878,Non-Target,No,0,None,ADHD
879,Non-Target,Yes,737,Commission,ADHD
880,Non-Target,Yes,436,Commission,ADHD
881,Non-Target,Yes,644,Commission,ADHD
882,Target,Yes,609,None,ADHD
883,Non-Target,No,0,None,ADHD
884,Non-Target,No,0,None,ADHD
885,Target,No,0,Omission,ADHD
886,Non-Target,No,0,None,ADHD
887,Non-Target,No,0,None,ADHD
888,Non-Target,No,0,None,ADHD
889,Non-Target,Yes,625,Commission,ADHD
890,Non-Target,No,0,None,ADHD
891,Non-Target,No,0,None,ADHD
892,Non-Target,No,0,None,ADHD
893,Target,Yes,475,None,ADHD
894,Target,Yes,565,None,ADHD
895,Non-Target,No,0,None,ADHD
896,Non-Target,No,0,None,ADHD
897,Target,Yes,604,None,ADHD
898,Non-Target,No,0,None,ADHD
899,Non-Target,No,0,None,ADHD
900,Non-Target,No,0,None,ADHD
901,Target,Yes,622,None,ADHD
902,Non-Target,No,0,None,ADHD
903,Non-Target,Yes,539,Commission,ADHD
904,Target,Yes,554,None,ADHD
905,Target,No,0,Omission,ADHD
906,Non-Target,Yes,750,Commission,ADHD
907,Non-Target,No,0,None,ADHD
908,Non-Target,No,0,None,ADHD
909,Target,No,0,Omission,ADHD
910,Non-Target,No,0,None,ADHD
911,Target,No,0,Omission,ADHD
912,Non-Target,No,0,None,ADHD
913,Non-Target,No,0,None,ADHD
914,Non-Target,No,0,None,ADHD
915,Non-Target,No,0,None,ADHD
916,Non-Target,No,0,None,ADHD
917,Target,No,0,Omission,ADHD
918,Non-Target,No,0,None,ADHD
919,Non-Target,No,0,None,ADHD
920,Non-Target,No,0,None,ADHD
921,Non-Target,No,0,None,ADHD
922,Target,Yes,667,None,ADHD
923,Non-Target,No,0,None,ADHD
924,Non-Target,Yes,633,Commission,ADHD
925,Non-Target,No,0,None,ADHD
926,Target,Yes,662,None,ADHD
927,Non-Target,No,0,None,ADHD
928,Target,Yes,726,None,ADHD
929,Non-Target,No,0,None,ADHD
930,Non-Target,No,0,None,ADHD
931,Target,Yes,686,None,ADHD
932,Non-Target,Yes,508,Commission,ADHD
933,Target,Yes,486,None,ADHD
934,Non-Target,No,0,None,ADHD
935,Non-Target,No,0,None,ADHD
936,Non-Target,Yes,700,Commission,ADHD
937,Non-Target,No,0,None,ADHD
938,Target,Yes,524,None,ADHD
939,Non-Target,No,0,None,ADHD
940,Non-Target,No,0,None,ADHD
941,Target,Yes,487,None,ADHD
942,Target,Yes,532,None,ADHD
943,Target,Yes,435,None,ADHD
944,Target,Yes,674,None,ADHD
945,Non-Target,No,0,None,ADHD
946,Target,Yes,715,None,ADHD
947,Non-Target,No,0,None,ADHD
948,Non-Target,No,0,None,ADHD
949,Non-Target,No,0,None,ADHD
950,Non-Target,No,0,None,ADHD
951,Target,No,0,Omission,ADHD
952,Target,No,0,Omission,ADHD
953,Target,No,0,Omission,ADHD
954,Non-Target,No,0,None,ADHD
955,Non-Target,No,0,None,ADHD
956,Non-Target,Yes,765,Commission,ADHD
957,Non-Target,Yes,495,Commission,ADHD
958,Target,Yes,589,None,ADHD
959,Target,No,0,Omission,ADHD
960,Target,Yes,665,None,ADHD
961,Target,No,0,Omission,ADHD
962,Non-Target,No,0,None,ADHD
963,Target,Yes,556,None,ADHD
964,Non-Target,No,0,None,ADHD
965,Target,Yes,652,None,ADHD
966,Non-Target,No,0,None,ADHD
967,Non-Target,No,0,None,ADHD
968,Non-Target,No,0,None,ADHD
969,Non-Target,No,0,None,ADHD
970,Non-Target,No,0,None,ADHD
971,Non-Target,No,0,None,ADHD
972,Non-Target,No,0,None,ADHD
973,Target,Yes,563,None,ADHD
974,Non-Target,No,0,None,ADHD
975,Target,Yes,674,None,ADHD
976,Non-Target,No,0,None,ADHD
977,Non-Target,No,0,None,ADHD
978,Non-Target,Yes,585,Commission,ADHD
979,Non-Target,No,0,None,ADHD
980,Non-Target,No,0,None,ADHD
981,Non-Target,No,0,None,ADHD
982,Target,Yes,472,None,ADHD
983,Non-Target,No,0,None,ADHD
984,Non-Target,Yes,623,Commission,ADHD
985,Target,No,0,Omission,ADHD
986,Non-Target,No,0,None,ADHD
987,Target,Yes,535,None,ADHD
988,Non-Target,No,0,None,ADHD
989,Non-Target,No,0,None,ADHD
990,Non-Target,Yes,541,Commission,ADHD
991,Non-Target,No,0,None,ADHD
992,Non-Target,Yes,582,Commission,ADHD
993,Non-Target,No,0,None,ADHD
994,Non-Target,Yes,574,Commission,ADHD
995,Target,Yes,550,None,ADHD
996,Non-Target,No,0,None,ADHD
997,Non-Target,No,0,None,ADHD
998,Non-Target,No,0,None,ADHD
999,Target,Yes,525,None,ADHD
1000,Non-Target,No,0,None,ADHD
1001,Non-Target,No,0,None,ADHD
1002,Non-Target,No,0,None,ADHD
1003,Target,Yes,678,None,ADHD
1004,Non-Target,No,0,None,ADHD
1005,Target,Yes,625,None,ADHD
1006,Non-Target,No,0,None,ADHD
1007,Non-Target,Yes,524,Commission,ADHD
1008,Non-Target,No,0,None,ADHD
1009,Target,Yes,555,None,ADHD
1010,Target,Yes,760,None,ADHD
1011,Non-Target,No,0,None,ADHD
1012,Target,No,0,Omission,ADHD
1013,Non-Target,Yes,586,Commission,ADHD
1014,Non-Target,Yes,597,Commission,ADHD
1015,Target,No,0,Omission,ADHD
1016,Non-Target,No,0,None,ADHD
1017,Non-Target,No,0,None,ADHD
1018,Non-Target,No,0,None,ADHD
1019,Target,Yes,694,None,ADHD
1020,Non-Target,No,0,None,ADHD
1021,Target,Yes,535,None,ADHD
1022,Target,Yes,502,None,ADHD
1023,Non-Target,Yes,473,Commission,ADHD
1024,Non-Target,No,0,None,ADHD
1025,Non-Target,No,0,None,ADHD
1026,Non-Target,No,0,None,ADHD
1027,Target,Yes,680,None,ADHD
1028,Non-Target,No,0,None,ADHD
1029,Non-Target,No,0,None,ADHD
1030,Non-Target,No,0,None,ADHD
1031,Non-Target,No,0,None,ADHD
1032,Non-Target,Yes,809,Commission,ADHD
1033,Non-Target,No,0,None,ADHD
1034,Non-Target,No,0,None,ADHD
1035,Non-Target,No,0,None,ADHD
1036,Non-Target,No,0,None,ADHD
1037,Target,No,0,Omission,ADHD
1038,Target,Yes,480,None,ADHD
1039,Non-Target,Yes,1050,Commission,ADHD
1040,Target,Yes,575,None,ADHD
1041,Target,No,0,Omission,ADHD
1042,Non-Target,No,0,None,ADHD
1043,Target,No,0,Omission,ADHD
1044,Non-Target,No,0,None,ADHD
1045,Non-Target,No,0,None,ADHD
1046,Non-Target,No,0,None,ADHD
1047,Non-Target,No,0,None,ADHD
1048,Non-Target,No,0,None,ADHD
1049,Non-Target,No,0,None,ADHD
1050,Target,Yes,495,None,ADHD
1051,Non-Target,No,0,None,ADHD
1052,Non-Target,No,0,None,ADHD
1053,Non-Target,No,0,None,ADHD
1054,Target,Yes,596,None,ADHD
1055,Target,No,0,Omission,ADHD
1056,Target,No,0,Omission,ADHD
1057,Target,No,0,Omission,ADHD
1058,Target,Yes,527,None,ADHD
1059,Non-Target,No,0,None,ADHD
1060,Target,No,0,Omission,ADHD
1061,Non-Target,No,0,None,ADHD
1062,Non-Target,No,0,None,ADHD
1063,Target,No,0,Omission,ADHD
1064,Non-Target,Yes,533,Commission,ADHD
1065,Non-Target,No,0,None,ADHD
1066,Non-Target,No,0,None,ADHD
1067,Non-Target,No,0,None,ADHD
1068,Non-Target,No,0,None,ADHD
1069,Target,Yes,875,None,ADHD
1070,Target,Yes,721,None,ADHD
1071,Non-Target,No,0,None,ADHD
1072,Non-Target,No,0,None,ADHD
1073,Non-Target,No,0,None,ADHD
1074,Non-Target,No,0,None,ADHD
1075,Non-Target,No,0,None,ADHD
1076,Non-Target,No,0,None,ADHD
1077,Non-Target,No,0,None,ADHD
1078,Non-Target,No,0,None,ADHD
1079,Non-Target,Yes,613,Commission,ADHD
1080,Non-Target,No,0,None,ADHD
1081,Non-Target,Yes,823,Commission,ADHD
1082,Non-Target,No,0,None,ADHD
1083,Non-Target,No,0,None,ADHD
1084,Non-Target,No,0,None,ADHD
1085,Non-Target,No,0,None,ADHD
1086,Non-Target,No,0,None,ADHD
1087,Target,Yes,503,None,ADHD
1088,Target,Yes,608,None,ADHD
1089,Non-Target,No,0,None,ADHD
1090,Non-Target,No,0,None,ADHD
1091,Non-Target,Yes,674,Commission,ADHD
1092,Target,No,0,Omission,ADHD
1093,Target,Yes,651,None,ADHD
1094,Non-Target,No,0,None,ADHD
1095,Non-Target,No,0,None,ADHD
1096,Target,No,0,Omission,ADHD
1097,Non-Target,No,0,None,ADHD
1098,Non-Target,No,0,None,ADHD
1099,Target,Yes,583,None,ADHD
1100,Non-Target,No,0,None,ADHD
1101,Non-Target,Yes,366,Commission,ADHD
1102,Non-Target,No,0,None,ADHD
1103,Non-Target,No,0,None,ADHD
1104,Target,Yes,562,None,ADHD
1105,Non-Target,No,0,None,ADHD
1106,Target,Yes,619,None,ADHD
1107,Non-Target,No,0,None,ADHD
1108,Non-Target,No,0,None,ADHD
1109,Target,Yes,478,None,ADHD
1110,Target,Yes,639,None,ADHD
1111,Target,No,0,Omission,ADHD
1112,Non-Target,No,0,None,ADHD
1113,Target,No,0,Omission,ADHD
1114,Non-Target,No,0,None,ADHD
1115,Non-Target,No,0,None,ADHD
1116,Non-Target,No,0,None,ADHD
1117,Target,Yes,695,None,ADHD
1118,Target,Yes,369,None,ADHD
1119,Target,No,0,Omission,ADHD
1120,Non-Target,Yes,529,Commission,ADHD
1121,Non-Target,No,0,None,ADHD
1122,Non-Target,No,0,None,ADHD
1123,Non-Target,No,0,None,ADHD
1124,Non-Target,No,0,None,ADHD
1125,Non-Target,Yes,693,Commission,ADHD
1126,Target,Yes,731,None,ADHD
1127,Target,No,0,Omission,ADHD
1128,Non-Target,No,0,None,ADHD
1129,Non-Target,No,0,None,ADHD
1130,Target,Yes,713,None,ADHD
1131,Non-Target,Yes,578,Commission,ADHD
1132,Target,No,0,Omission,ADHD
1133,Non-Target,No,0,None,ADHD
1134,Target,No,0,Omission,ADHD
1135,Non-Target,No,0,None,ADHD
1136,Target,Yes,811,None,ADHD
1137,Target,No,0,Omission,ADHD
1138,Non-Target,No,0,None,ADHD
1139,Non-Target,No,0,None,ADHD
1140,Target,No,0,Omission,ADHD
1141,Target,Yes,643,None,ADHD
1142,Non-Target,No,0,None,ADHD
1143,Non-Target,No,0,None,ADHD
1144,Non-Target,Yes,535,Commission,ADHD
1145,Non-Target,No,0,None,ADHD
1146,Non-Target,No,0,None,ADHD
1147,Non-Target,No,0,None,ADHD
1148,Non-Target,Yes,478,Commission,ADHD
1149,Non-Target,No,0,None,ADHD
1150,Non-Target,No,0,None,ADHD
1151,Non-Target,No,0,None,ADHD
1152,Non-Target,No,0,None,ADHD
1153,Target,Yes,473,None,ADHD
1154,Target,Yes,550,None,ADHD
1155,Target,Yes,702,None,ADHD
1156,Target,Yes,710,None,ADHD
1157,Non-Target,No,0,None,ADHD
1158,Non-Target,No,0,None,ADHD
1159,Target,Yes,630,None,ADHD
1160,Non-Target,No,0,None,ADHD
1161,Non-Target,No,0,None,ADHD
1162,Non-Target,No,0,None,ADHD
1163,Non-Target,No,0,None,ADHD
1164,Non-Target,No,0,None,ADHD
1165,Non-Target,No,0,None,ADHD
1166,Non-Target,No,0,None,ADHD
1167,Non-Target,No,0,None,ADHD
1168,Target,Yes,617,None,ADHD
1169,Target,Yes,480,None,ADHD
1170,Non-Target,No,0,None,ADHD
1171,Non-Target,Yes,647,Commission,ADHD
1172,Target,Yes,453,None,ADHD
1173,Target,Yes,442,None,ADHD
1174,Target,No,0,Omission,ADHD
1175,Target,No,0,Omission,ADHD
1176,Target,Yes,602,None,ADHD
1177,Non-Target,No,0,None,ADHD
1178,Non-Target,Yes,490,Commission,ADHD
1179,Target,Yes,683,None,ADHD
1180,Target,No,0,Omission,ADHD
1181,Non-Target,No,0,None,ADHD
1182,Non-Target,No,0,None,ADHD
1183,Non-Target,No,0,None,ADHD
1184,Non-Target,No,0,None,ADHD
1185,Non-Target,No,0,None,ADHD
1186,Non-Target,No,0,None,ADHD
1187,Non-Target,No,0,None,ADHD
1188,Target,Yes,634,None,ADHD
1189,Non-Target,No,0,None,ADHD
1190,Non-Target,No,0,None,ADHD
1191,Non-Target,No,0,None,ADHD
1192,Non-Target,No,0,None,ADHD
1193,Non-Target,No,0,None,ADHD
1194,Non-Target,Yes,475,Commission,ADHD
1195,Non-Target,Yes,593,Commission,ADHD
1196,Target,Yes,599,None,ADHD
1197,Non-Target,Yes,824,Commission,ADHD
1198,Non-Target,Yes,563,Commission,ADHD
1199,Non-Target,No,0,None,ADHD
1200,Target,Yes,659,None,ADHD
