Trial,StimulusType,Reaction,ReactionTime(ms),ErrorType,Label
1,Non-Target,Yes,402,Commission,ADHD
2,Target,Yes,698,None,ADHD
3,Non-Target,No,0,None,ADHD
4,Non-Target,No,0,None,ADHD
5,Non-Target,No,0,None,ADHD
6,Target,Yes,673,None,ADHD
7,Non-Target,No,0,None,ADHD
8,Non-Target,Yes,672,Commission,ADHD
9,Target,No,0,Omission,ADHD
10,Non-Target,Yes,485,Commission,ADHD
11,Target,No,0,Omission,ADHD
12,Non-Target,No,0,None,ADHD
13,Non-Target,No,0,None,ADHD
14,Non-Target,No,0,None,ADHD
15,Non-Target,No,0,None,ADHD
16,Non-Target,Yes,763,Commission,ADHD
17,Non-Target,No,0,None,ADHD
18,Non-Target,No,0,None,ADHD
19,Non-Target,No,0,None,ADHD
20,Non-Target,No,0,None,ADHD
21,Non-Target,No,0,None,ADHD
22,Target,Yes,686,None,ADHD
23,Non-Target,No,0,None,ADHD
24,Target,No,0,Omission,ADHD
25,Target,Yes,342,None,ADHD
26,Non-Target,No,0,None,ADHD
27,Target,No,0,Omission,ADHD
28,Target,No,0,Omission,ADHD
29,Non-Target,Yes,487,Commission,ADHD
30,Non-Target,No,0,None,ADHD
31,Non-Target,Yes,591,Commission,ADHD
32,Non-Target,No,0,None,ADHD
33,Non-Target,No,0,None,ADHD
34,Non-Target,No,0,None,ADHD
35,Non-Target,No,0,None,ADHD
36,Non-Target,No,0,None,ADHD
37,Target,Yes,578,None,ADHD
38,Target,Yes,780,None,ADHD
39,Target,No,0,Omission,ADHD
40,Non-Target,No,0,None,ADHD
41,Non-Target,No,0,None,ADHD
42,Non-Target,No,0,None,ADHD
43,Non-Target,No,0,None,ADHD
44,Non-Target,No,0,None,ADHD
45,Non-Target,Yes,597,Commission,ADHD
46,Non-Target,No,0,None,ADHD
47,Non-Target,No,0,None,ADHD
48,Non-Target,No,0,None,ADHD
49,Target,Yes,674,None,ADHD
50,Target,Yes,477,None,ADHD
51,Non-Target,No,0,None,ADHD
52,Non-Target,Yes,537,Commission,ADHD
53,Non-Target,Yes,836,Commission,ADHD
54,Non-Target,Yes,541,Commission,ADHD
55,Non-Target,No,0,None,ADHD
56,Non-Target,No,0,None,ADHD
57,Non-Target,No,0,None,ADHD
58,Target,Yes,566,None,ADHD
59,Target,Yes,593,None,ADHD
60,Target,Yes,712,None,ADHD
61,Target,Yes,732,None,ADHD
62,Target,Yes,418,None,ADHD
63,Non-Target,No,0,None,ADHD
64,Non-Target,No,0,None,ADHD
65,Target,Yes,583,None,ADHD
66,Non-Target,No,0,None,ADHD
67,Non-Target,No,0,None,ADHD
68,Target,Yes,711,None,ADHD
69,Non-Target,No,0,None,ADHD
70,Non-Target,No,0,None,ADHD
71,Non-Target,No,0,None,ADHD
72,Non-Target,No,0,None,ADHD
73,Target,Yes,740,None,ADHD
74,Target,Yes,805,None,ADHD
75,Non-Target,No,0,None,ADHD
76,Target,Yes,761,None,ADHD
77,Target,Yes,600,None,ADHD
78,Non-Target,No,0,None,ADHD
79,Non-Target,No,0,None,ADHD
80,Target,No,0,Omission,ADHD
81,Non-Target,No,0,None,ADHD
82,Non-Target,No,0,None,ADHD
83,Non-Target,No,0,None,ADHD
84,Non-Target,Yes,378,Commission,ADHD
85,Non-Target,No,0,None,ADHD
86,Target,Yes,497,None,ADHD
87,Non-Target,No,0,None,ADHD
88,Non-Target,No,0,None,ADHD
89,Non-Target,No,0,None,ADHD
90,Non-Target,No,0,None,ADHD
91,Non-Target,No,0,None,ADHD
92,Target,Yes,970,None,ADHD
93,Non-Target,No,0,None,ADHD
94,Target,Yes,714,None,ADHD
95,Non-Target,No,0,None,ADHD
96,Non-Target,No,0,None,ADHD
97,Non-Target,No,0,None,ADHD
98,Non-Target,No,0,None,ADHD
99,Non-Target,No,0,None,ADHD
100,Non-Target,No,0,None,ADHD
101,Non-Target,No,0,None,ADHD
102,Non-Target,No,0,None,ADHD
103,Non-Target,No,0,None,ADHD
104,Non-Target,Yes,618,Commission,ADHD
105,Target,Yes,548,None,ADHD
106,Non-Target,No,0,None,ADHD
107,Non-Target,Yes,659,Commission,ADHD
108,Target,Yes,630,None,ADHD
109,Target,Yes,646,None,ADHD
110,Non-Target,No,0,None,ADHD
111,Non-Target,No,0,None,ADHD
112,Non-Target,Yes,561,Commission,ADHD
113,Non-Target,No,0,None,ADHD
114,Non-Target,No,0,None,ADHD
115,Non-Target,No,0,None,ADHD
116,Target,No,0,Omission,ADHD
117,Target,Yes,493,None,ADHD
118,Non-Target,No,0,None,ADHD
119,Target,Yes,637,None,ADHD
120,Non-Target,No,0,None,ADHD
121,Non-Target,No,0,None,ADHD
122,Non-Target,No,0,None,ADHD
123,Non-Target,No,0,None,ADHD
124,Non-Target,No,0,None,ADHD
125,Target,No,0,Omission,ADHD
126,Non-Target,No,0,None,ADHD
127,Non-Target,No,0,None,ADHD
128,Non-Target,No,0,None,ADHD
129,Non-Target,No,0,None,ADHD
130,Non-Target,No,0,None,ADHD
131,Non-Target,No,0,None,ADHD
132,Target,No,0,Omission,ADHD
133,Non-Target,No,0,None,ADHD
134,Non-Target,No,0,None,ADHD
135,Non-Target,No,0,None,ADHD
136,Non-Target,No,0,None,ADHD
137,Non-Target,No,0,None,ADHD
138,Non-Target,No,0,None,ADHD
139,Non-Target,No,0,None,ADHD
140,Non-Target,No,0,None,ADHD
141,Non-Target,No,0,None,ADHD
142,Non-Target,No,0,None,ADHD
143,Non-Target,No,0,None,ADHD
144,Non-Target,Yes,836,Commission,ADHD
145,Target,Yes,482,None,ADHD
146,Target,No,0,Omission,ADHD
147,Non-Target,No,0,None,ADHD
148,Target,Yes,592,None,ADHD
149,Target,Yes,733,None,ADHD
150,Target,No,0,Omission,ADHD
151,Non-Target,No,0,None,ADHD
152,Non-Target,No,0,None,ADHD
153,Non-Target,No,0,None,ADHD
154,Non-Target,No,0,None,ADHD
155,Target,Yes,470,None,ADHD
156,Non-Target,No,0,None,ADHD
157,Target,Yes,707,None,ADHD
158,Non-Target,No,0,None,ADHD
159,Target,Yes,601,None,ADHD
160,Non-Target,No,0,None,ADHD
161,Non-Target,No,0,None,ADHD
162,Non-Target,No,0,None,ADHD
163,Non-Target,No,0,None,ADHD
164,Non-Target,Yes,626,Commission,ADHD
165,Target,No,0,Omission,ADHD
166,Non-Target,No,0,None,ADHD
167,Non-Target,No,0,None,ADHD
168,Target,Yes,883,None,ADHD
169,Non-Target,No,0,None,ADHD
170,Non-Target,No,0,None,ADHD
171,Target,No,0,Omission,ADHD
172,Non-Target,No,0,None,ADHD
173,Non-Target,No,0,None,ADHD
174,Non-Target,No,0,None,ADHD
175,Non-Target,No,0,None,ADHD
176,Target,Yes,806,None,ADHD
177,Non-Target,No,0,None,ADHD
178,Target,No,0,Omission,ADHD
179,Non-Target,No,0,None,ADHD
180,Target,No,0,Omission,ADHD
181,Non-Target,Yes,571,Commission,ADHD
182,Non-Target,No,0,None,ADHD
183,Non-Target,No,0,None,ADHD
184,Target,Yes,557,None,ADHD
185,Target,Yes,684,None,ADHD
186,Target,Yes,887,None,ADHD
187,Non-Target,No,0,None,ADHD
188,Target,Yes,661,None,ADHD
189,Target,No,0,Omission,ADHD
190,Non-Target,No,0,None,ADHD
191,Non-Target,No,0,None,ADHD
192,Non-Target,No,0,None,ADHD
193,Non-Target,No,0,None,ADHD
194,Target,No,0,Omission,ADHD
195,Non-Target,No,0,None,ADHD
196,Target,No,0,Omission,ADHD
197,Non-Target,No,0,None,ADHD
198,Target,Yes,818,None,ADHD
199,Non-Target,No,0,None,ADHD
200,Non-Target,No,0,None,ADHD
201,Non-Target,No,0,None,ADHD
202,Non-Target,No,0,None,ADHD
203,Non-Target,No,0,None,ADHD
204,Target,Yes,627,None,ADHD
205,Non-Target,No,0,None,ADHD
206,Non-Target,No,0,None,ADHD
207,Target,Yes,657,None,ADHD
208,Non-Target,No,0,None,ADHD
209,Target,Yes,587,None,ADHD
210,Non-Target,No,0,None,ADHD
211,Target,Yes,457,None,ADHD
212,Non-Target,No,0,None,ADHD
213,Target,Yes,723,None,ADHD
214,Target,Yes,670,None,ADHD
215,Target,Yes,686,None,ADHD
216,Target,Yes,635,None,ADHD
217,Non-Target,No,0,None,ADHD
218,Non-Target,No,0,None,ADHD
219,Non-Target,No,0,None,ADHD
220,Non-Target,No,0,None,ADHD
221,Target,Yes,715,None,ADHD
222,Non-Target,No,0,None,ADHD
223,Non-Target,No,0,None,ADHD
224,Non-Target,No,0,None,ADHD
225,Non-Target,No,0,None,ADHD
226,Target,No,0,Omission,ADHD
227,Non-Target,No,0,None,ADHD
228,Non-Target,No,0,None,ADHD
229,Target,No,0,Omission,ADHD
230,Non-Target,No,0,None,ADHD
231,Non-Target,No,0,None,ADHD
232,Target,Yes,782,None,ADHD
233,Target,Yes,566,None,ADHD
234,Non-Target,No,0,None,ADHD
235,Non-Target,No,0,None,ADHD
236,Non-Target,No,0,None,ADHD
237,Non-Target,No,0,None,ADHD
238,Non-Target,No,0,None,ADHD
239,Non-Target,No,0,None,ADHD
240,Target,Yes,796,None,ADHD
241,Target,No,0,Omission,ADHD
242,Non-Target,No,0,None,ADHD
243,Non-Target,No,0,None,ADHD
244,Non-Target,No,0,None,ADHD
245,Non-Target,No,0,None,ADHD
246,Non-Target,No,0,None,ADHD
247,Target,Yes,692,None,ADHD
248,Non-Target,No,0,None,ADHD
249,Non-Target,No,0,None,ADHD
250,Non-Target,No,0,None,ADHD
251,Non-Target,No,0,None,ADHD
252,Non-Target,No,0,None,ADHD
253,Target,Yes,721,None,ADHD
254,Non-Target,No,0,None,ADHD
255,Non-Target,No,0,None,ADHD
256,Non-Target,No,0,None,ADHD
257,Target,Yes,700,None,ADHD
258,Non-Target,No,0,None,ADHD
259,Target,Yes,677,None,ADHD
260,Non-Target,No,0,None,ADHD
261,Target,Yes,641,None,ADHD
262,Non-Target,No,0,None,ADHD
263,Target,Yes,490,None,ADHD
264,Non-Target,No,0,None,ADHD
265,Non-Target,No,0,None,ADHD
266,Non-Target,Yes,590,Commission,ADHD
267,Target,Yes,552,None,ADHD
268,Non-Target,No,0,None,ADHD
269,Non-Target,No,0,None,ADHD
270,Non-Target,No,0,None,ADHD
271,Non-Target,No,0,None,ADHD
272,Non-Target,Yes,661,Commission,ADHD
273,Non-Target,No,0,None,ADHD
274,Non-Target,No,0,None,ADHD
275,Non-Target,No,0,None,ADHD
276,Non-Target,No,0,None,ADHD
277,Target,Yes,597,None,ADHD
278,Non-Target,No,0,None,ADHD
279,Non-Target,No,0,None,ADHD
280,Non-Target,No,0,None,ADHD
281,Target,Yes,549,None,ADHD
282,Non-Target,No,0,None,ADHD
283,Target,No,0,Omission,ADHD
284,Non-Target,No,0,None,ADHD
285,Target,Yes,730,None,ADHD
286,Non-Target,No,0,None,ADHD
287,Non-Target,No,0,None,ADHD
288,Non-Target,No,0,None,ADHD
289,Target,Yes,569,None,ADHD
290,Non-Target,No,0,None,ADHD
291,Non-Target,No,0,None,ADHD
292,Target,Yes,704,None,ADHD
293,Non-Target,No,0,None,ADHD
294,Target,Yes,688,None,ADHD
295,Non-Target,No,0,None,ADHD
296,Non-Target,No,0,None,ADHD
297,Non-Target,No,0,None,ADHD
298,Target,Yes,654,None,ADHD
299,Target,No,0,Omission,ADHD
300,Non-Target,No,0,None,ADHD
301,Non-Target,No,0,None,ADHD
302,Non-Target,No,0,None,ADHD
303,Non-Target,No,0,None,ADHD
304,Non-Target,No,0,None,ADHD
305,Non-Target,No,0,None,ADHD
306,Non-Target,No,0,None,ADHD
307,Non-Target,No,0,None,ADHD
308,Target,No,0,Omission,ADHD
309,Non-Target,No,0,None,ADHD
310,Non-Target,Yes,517,Commission,ADHD
311,Target,Yes,635,None,ADHD
312,Target,No,0,Omission,ADHD
313,Target,Yes,830,None,ADHD
314,Target,Yes,610,None,ADHD
315,Target,Yes,670,None,ADHD
316,Non-Target,No,0,None,ADHD
317,Non-Target,Yes,446,Commission,ADHD
318,Non-Target,No,0,None,ADHD
319,Target,Yes,610,None,ADHD
320,Non-Target,No,0,None,ADHD
321,Target,Yes,490,None,ADHD
322,Target,Yes,720,None,ADHD
323,Non-Target,No,0,None,ADHD
324,Non-Target,No,0,None,ADHD
325,Non-Target,No,0,None,ADHD
326,Non-Target,No,0,None,ADHD
327,Target,Yes,797,None,ADHD
328,Non-Target,No,0,None,ADHD
329,Non-Target,No,0,None,ADHD
330,Non-Target,No,0,None,ADHD
331,Non-Target,No,0,None,ADHD
332,Non-Target,No,0,None,ADHD
333,Non-Target,No,0,None,ADHD
334,Target,Yes,631,None,ADHD
335,Target,Yes,551,None,ADHD
336,Target,No,0,Omission,ADHD
337,Non-Target,No,0,None,ADHD
338,Target,Yes,713,None,ADHD
339,Non-Target,No,0,None,ADHD
340,Non-Target,No,0,None,ADHD
341,Non-Target,No,0,None,ADHD
342,Non-Target,Yes,714,Commission,ADHD
343,Target,Yes,687,None,ADHD
344,Non-Target,No,0,None,ADHD
345,Non-Target,Yes,810,Commission,ADHD
346,Non-Target,No,0,None,ADHD
347,Non-Target,No,0,None,ADHD
348,Target,Yes,558,None,ADHD
349,Non-Target,No,0,None,ADHD
350,Non-Target,No,0,None,ADHD
351,Target,Yes,600,None,ADHD
352,Target,Yes,503,None,ADHD
353,Target,Yes,794,None,ADHD
354,Non-Target,No,0,None,ADHD
355,Non-Target,No,0,None,ADHD
356,Non-Target,Yes,595,Commission,ADHD
357,Non-Target,No,0,None,ADHD
358,Non-Target,No,0,None,ADHD
359,Non-Target,Yes,685,Commission,ADHD
360,Non-Target,No,0,None,ADHD
361,Target,No,0,Omission,ADHD
362,Target,No,0,Omission,ADHD
363,Non-Target,No,0,None,ADHD
364,Non-Target,No,0,None,ADHD
365,Non-Target,No,0,None,ADHD
366,Target,Yes,768,None,ADHD
367,Target,Yes,692,None,ADHD
368,Target,Yes,648,None,ADHD
369,Non-Target,No,0,None,ADHD
370,Non-Target,No,0,None,ADHD
371,Non-Target,No,0,None,ADHD
372,Target,No,0,Omission,ADHD
373,Target,Yes,616,None,ADHD
374,Non-Target,No,0,None,ADHD
375,Non-Target,No,0,None,ADHD
376,Non-Target,No,0,None,ADHD
377,Non-Target,No,0,None,ADHD
378,Non-Target,No,0,None,ADHD
379,Non-Target,No,0,None,ADHD
380,Target,Yes,573,None,ADHD
381,Target,Yes,564,None,ADHD
382,Non-Target,No,0,None,ADHD
383,Non-Target,No,0,None,ADHD
384,Non-Target,No,0,None,ADHD
385,Non-Target,No,0,None,ADHD
386,Non-Target,No,0,None,ADHD
387,Non-Target,No,0,None,ADHD
388,Target,No,0,Omission,ADHD
389,Target,No,0,Omission,ADHD
390,Non-Target,No,0,None,ADHD
391,Non-Target,No,0,None,ADHD
392,Non-Target,No,0,None,ADHD
393,Target,No,0,Omission,ADHD
394,Target,Yes,519,None,ADHD
395,Non-Target,No,0,None,ADHD
396,Target,Yes,622,None,ADHD
397,Non-Target,No,0,None,ADHD
398,Non-Target,No,0,None,ADHD
399,Non-Target,No,0,None,ADHD
400,Non-Target,No,0,None,ADHD
401,Non-Target,No,0,None,ADHD
402,Non-Target,No,0,None,ADHD
403,Non-Target,No,0,None,ADHD
404,Non-Target,No,0,None,ADHD
405,Non-Target,No,0,None,ADHD
406,Target,Yes,364,None,ADHD
407,Target,Yes,603,None,ADHD
408,Non-Target,No,0,None,ADHD
409,Target,Yes,693,None,ADHD
410,Non-Target,No,0,None,ADHD
411,Non-Target,No,0,None,ADHD
412,Target,Yes,846,None,ADHD
413,Non-Target,No,0,None,ADHD
414,Non-Target,No,0,None,ADHD
415,Non-Target,No,0,None,ADHD
416,Non-Target,No,0,None,ADHD
417,Non-Target,No,0,None,ADHD
418,Non-Target,No,0,None,ADHD
419,Non-Target,No,0,None,ADHD
420,Non-Target,No,0,None,ADHD
421,Non-Target,No,0,None,ADHD
422,Non-Target,No,0,None,ADHD
423,Non-Target,No,0,None,ADHD
424,Non-Target,No,0,None,ADHD
425,Target,No,0,Omission,ADHD
426,Non-Target,No,0,None,ADHD
427,Target,No,0,Omission,ADHD
428,Non-Target,No,0,None,ADHD
429,Non-Target,No,0,None,ADHD
430,Target,Yes,649,None,ADHD
431,Non-Target,No,0,None,ADHD
432,Target,Yes,504,None,ADHD
433,Non-Target,No,0,None,ADHD
434,Non-Target,No,0,None,ADHD
435,Non-Target,No,0,None,ADHD
436,Non-Target,No,0,None,ADHD
437,Non-Target,No,0,None,ADHD
438,Non-Target,No,0,None,ADHD
439,Non-Target,No,0,None,ADHD
440,Non-Target,Yes,658,Commission,ADHD
441,Non-Target,No,0,None,ADHD
442,Target,Yes,618,None,ADHD
443,Target,Yes,566,None,ADHD
444,Non-Target,No,0,None,ADHD
445,Non-Target,No,0,None,ADHD
446,Non-Target,No,0,None,ADHD
447,Non-Target,No,0,None,ADHD
448,Target,Yes,725,None,ADHD
449,Non-Target,No,0,None,ADHD
450,Non-Target,No,0,None,ADHD
451,Non-Target,No,0,None,ADHD
452,Target,Yes,665,None,ADHD
453,Target,Yes,447,None,ADHD
454,Target,Yes,552,None,ADHD
455,Non-Target,No,0,None,ADHD
456,Non-Target,No,0,None,ADHD
457,Non-Target,No,0,None,ADHD
458,Target,Yes,494,None,ADHD
459,Non-Target,No,0,None,ADHD
460,Target,Yes,632,None,ADHD
461,Non-Target,No,0,None,ADHD
462,Non-Target,No,0,None,ADHD
463,Target,Yes,505,None,ADHD
464,Target,No,0,Omission,ADHD
465,Non-Target,No,0,None,ADHD
466,Non-Target,No,0,None,ADHD
467,Target,Yes,700,None,ADHD
468,Non-Target,Yes,666,Commission,ADHD
469,Non-Target,No,0,None,ADHD
470,Non-Target,No,0,None,ADHD
471,Non-Target,No,0,None,ADHD
472,Non-Target,No,0,None,ADHD
473,Non-Target,No,0,None,ADHD
474,Non-Target,No,0,None,ADHD
475,Non-Target,No,0,None,ADHD
476,Non-Target,No,0,None,ADHD
477,Non-Target,No,0,None,ADHD
478,Non-Target,No,0,None,ADHD
479,Target,Yes,612,None,ADHD
480,Non-Target,No,0,None,ADHD
481,Non-Target,No,0,None,ADHD
482,Target,No,0,Omission,ADHD
483,Target,Yes,740,None,ADHD
484,Non-Target,No,0,None,ADHD
485,Non-Target,No,0,None,ADHD
486,Target,No,0,Omission,ADHD
487,Non-Target,No,0,None,ADHD
488,Target,Yes,512,None,ADHD
489,Non-Target,Yes,627,Commission,ADHD
490,Non-Target,No,0,None,ADHD
491,Non-Target,No,0,None,ADHD
492,Non-Target,No,0,None,ADHD
493,Non-Target,No,0,None,ADHD
494,Target,Yes,565,None,ADHD
495,Non-Target,No,0,None,ADHD
496,Non-Target,No,0,None,ADHD
497,Target,Yes,444,None,ADHD
498,Target,No,0,Omission,ADHD
499,Non-Target,No,0,None,ADHD
500,Non-Target,Yes,682,Commission,ADHD
501,Non-Target,No,0,None,ADHD
502,Non-Target,No,0,None,ADHD
503,Non-Target,No,0,None,ADHD
504,Non-Target,No,0,None,ADHD
505,Target,Yes,720,None,ADHD
506,Non-Target,No,0,None,ADHD
507,Non-Target,No,0,None,ADHD
508,Non-Target,No,0,None,ADHD
509,Non-Target,No,0,None,ADHD
510,Non-Target,No,0,None,ADHD
511,Non-Target,No,0,None,ADHD
512,Target,No,0,Omission,ADHD
513,Target,Yes,629,None,ADHD
514,Non-Target,No,0,None,ADHD
515,Non-Target,No,0,None,ADHD
516,Non-Target,No,0,None,ADHD
517,Non-Target,No,0,None,ADHD
518,Target,Yes,905,None,ADHD
519,Non-Target,No,0,None,ADHD
520,Non-Target,No,0,None,ADHD
521,Target,No,0,Omission,ADHD
522,Non-Target,Yes,680,Commission,ADHD
523,Non-Target,No,0,None,ADHD
524,Non-Target,No,0,None,ADHD
525,Target,No,0,Omission,ADHD
526,Non-Target,No,0,None,ADHD
527,Non-Target,No,0,None,ADHD
528,Non-Target,No,0,None,ADHD
529,Non-Target,Yes,513,Commission,ADHD
530,Non-Target,No,0,None,ADHD
531,Non-Target,No,0,None,ADHD
532,Non-Target,No,0,None,ADHD
533,Non-Target,No,0,None,ADHD
534,Target,Yes,662,None,ADHD
535,Non-Target,No,0,None,ADHD
536,Non-Target,No,0,None,ADHD
537,Non-Target,No,0,None,ADHD
538,Non-Target,Yes,624,Commission,ADHD
539,Non-Target,No,0,None,ADHD
540,Target,No,0,Omission,ADHD
541,Non-Target,No,0,None,ADHD
542,Non-Target,No,0,None,ADHD
543,Non-Target,No,0,None,ADHD
544,Non-Target,No,0,None,ADHD
545,Non-Target,No,0,None,ADHD
546,Target,Yes,458,None,ADHD
547,Target,Yes,306,None,ADHD
548,Non-Target,No,0,None,ADHD
549,Target,Yes,860,None,ADHD
550,Target,No,0,Omission,ADHD
551,Non-Target,No,0,None,ADHD
552,Non-Target,Yes,670,Commission,ADHD
553,Non-Target,No,0,None,ADHD
554,Non-Target,No,0,None,ADHD
555,Non-Target,No,0,None,ADHD
556,Non-Target,No,0,None,ADHD
557,Target,Yes,686,None,ADHD
558,Non-Target,No,0,None,ADHD
559,Non-Target,Yes,659,Commission,ADHD
560,Target,No,0,Omission,ADHD
561,Target,Yes,615,None,ADHD
562,Non-Target,No,0,None,ADHD
563,Non-Target,No,0,None,ADHD
564,Non-Target,No,0,None,ADHD
565,Target,No,0,Omission,ADHD
566,Non-Target,No,0,None,ADHD
567,Non-Target,No,0,None,ADHD
568,Non-Target,No,0,None,ADHD
569,Target,Yes,551,None,ADHD
570,Non-Target,No,0,None,ADHD
571,Non-Target,Yes,845,Commission,ADHD
572,Target,No,0,Omission,ADHD
573,Target,No,0,Omission,ADHD
574,Non-Target,No,0,None,ADHD
575,Non-Target,No,0,None,ADHD
576,Non-Target,No,0,None,ADHD
577,Non-Target,No,0,None,ADHD
578,Non-Target,No,0,None,ADHD
579,Non-Target,No,0,None,ADHD
580,Non-Target,No,0,None,ADHD
581,Target,Yes,422,None,ADHD
582,Non-Target,No,0,None,ADHD
583,Target,Yes,476,None,ADHD
584,Non-Target,No,0,None,ADHD
585,Non-Target,No,0,None,ADHD
586,Non-Target,No,0,None,ADHD
587,Target,Yes,605,None,ADHD
588,Target,Yes,689,None,ADHD
589,Non-Target,No,0,None,ADHD
590,Non-Target,No,0,None,ADHD
591,Non-Target,No,0,None,ADHD
592,Non-Target,No,0,None,ADHD
593,Non-Target,No,0,None,ADHD
594,Target,Yes,616,None,ADHD
595,Non-Target,No,0,None,ADHD
596,Non-Target,No,0,None,ADHD
597,Non-Target,No,0,None,ADHD
598,Non-Target,No,0,None,ADHD
599,Non-Target,Yes,713,Commission,ADHD
600,Non-Target,No,0,None,ADHD
601,Non-Target,No,0,None,ADHD
602,Target,No,0,Omission,ADHD
603,Non-Target,No,0,None,ADHD
604,Target,No,0,Omission,ADHD
605,Non-Target,Yes,718,Commission,ADHD
606,Non-Target,No,0,None,ADHD
607,Target,Yes,678,None,ADHD
608,Target,Yes,539,None,ADHD
609,Non-Target,No,0,None,ADHD
610,Target,Yes,476,None,ADHD
611,Non-Target,No,0,None,ADHD
612,Non-Target,Yes,623,Commission,ADHD
613,Target,Yes,617,None,ADHD
614,Target,Yes,608,None,ADHD
615,Non-Target,No,0,None,ADHD
616,Target,Yes,728,None,ADHD
617,Non-Target,No,0,None,ADHD
618,Non-Target,No,0,None,ADHD
619,Non-Target,Yes,698,Commission,ADHD
620,Non-Target,No,0,None,ADHD
621,Non-Target,No,0,None,ADHD
622,Target,No,0,Omission,ADHD
623,Non-Target,No,0,None,ADHD
624,Non-Target,Yes,357,Commission,ADHD
625,Target,Yes,594,None,ADHD
626,Non-Target,No,0,None,ADHD
627,Non-Target,No,0,None,ADHD
628,Target,Yes,483,None,ADHD
629,Non-Target,No,0,None,ADHD
630,Target,Yes,526,None,ADHD
631,Target,No,0,Omission,ADHD
632,Target,No,0,Omission,ADHD
633,Non-Target,Yes,457,Commission,ADHD
634,Non-Target,Yes,743,Commission,ADHD
635,Non-Target,No,0,None,ADHD
636,Target,Yes,555,None,ADHD
637,Non-Target,No,0,None,ADHD
638,Non-Target,Yes,844,Commission,ADHD
639,Non-Target,No,0,None,ADHD
640,Target,No,0,Omission,ADHD
641,Non-Target,No,0,None,ADHD
642,Target,No,0,Omission,ADHD
643,Non-Target,No,0,None,ADHD
644,Non-Target,Yes,639,Commission,ADHD
645,Target,Yes,445,None,ADHD
646,Non-Target,No,0,None,ADHD
647,Non-Target,No,0,None,ADHD
648,Target,No,0,Omission,ADHD
649,Non-Target,No,0,None,ADHD
650,Non-Target,No,0,None,ADHD
651,Non-Target,No,0,None,ADHD
652,Non-Target,No,0,None,ADHD
653,Non-Target,No,0,None,ADHD
654,Target,Yes,971,None,ADHD
655,Non-Target,No,0,None,ADHD
656,Target,No,0,Omission,ADHD
657,Non-Target,No,0,None,ADHD
658,Non-Target,No,0,None,ADHD
659,Non-Target,No,0,None,ADHD
660,Non-Target,No,0,None,ADHD
661,Non-Target,No,0,None,ADHD
662,Non-Target,No,0,None,ADHD
663,Target,No,0,Omission,ADHD
664,Non-Target,No,0,None,ADHD
665,Target,Yes,685,None,ADHD
666,Non-Target,No,0,None,ADHD
667,Target,No,0,Omission,ADHD
668,Non-Target,No,0,None,ADHD
669,Target,Yes,546,None,ADHD
670,Non-Target,No,0,None,ADHD
671,Non-Target,No,0,None,ADHD
672,Non-Target,No,0,None,ADHD
673,Non-Target,No,0,None,ADHD
674,Target,Yes,728,None,ADHD
675,Non-Target,No,0,None,ADHD
676,Non-Target,No,0,None,ADHD
677,Non-Target,No,0,None,ADHD
678,Non-Target,Yes,743,Commission,ADHD
679,Non-Target,No,0,None,ADHD
680,Non-Target,No,0,None,ADHD
681,Non-Target,No,0,None,ADHD
682,Non-Target,No,0,None,ADHD
683,Non-Target,No,0,None,ADHD
684,Target,Yes,568,None,ADHD
685,Non-Target,No,0,None,ADHD
686,Non-Target,No,0,None,ADHD
687,Non-Target,No,0,None,ADHD
688,Non-Target,No,0,None,ADHD
689,Non-Target,Yes,679,Commission,ADHD
690,Target,Yes,885,None,ADHD
691,Non-Target,No,0,None,ADHD
692,Target,Yes,730,None,ADHD
693,Non-Target,No,0,None,ADHD
694,Non-Target,No,0,None,ADHD
695,Target,Yes,820,None,ADHD
696,Non-Target,No,0,None,ADHD
697,Target,Yes,458,None,ADHD
698,Non-Target,No,0,None,ADHD
699,Non-Target,No,0,None,ADHD
700,Non-Target,No,0,None,ADHD
701,Non-Target,No,0,None,ADHD
702,Non-Target,No,0,None,ADHD
703,Non-Target,No,0,None,ADHD
704,Target,No,0,Omission,ADHD
705,Non-Target,No,0,None,ADHD
706,Non-Target,No,0,None,ADHD
707,Non-Target,No,0,None,ADHD
708,Non-Target,No,0,None,ADHD
709,Non-Target,No,0,None,ADHD
710,Non-Target,Yes,743,Commission,ADHD
711,Non-Target,No,0,None,ADHD
712,Non-Target,No,0,None,ADHD
713,Non-Target,Yes,548,Commission,ADHD
714,Non-Target,No,0,None,ADHD
715,Non-Target,No,0,None,ADHD
716,Target,Yes,749,None,ADHD
717,Target,Yes,568,None,ADHD
718,Non-Target,No,0,None,ADHD
719,Target,Yes,782,None,ADHD
720,Non-Target,No,0,None,ADHD
721,Non-Target,No,0,None,ADHD
722,Non-Target,No,0,None,ADHD
723,Non-Target,No,0,None,ADHD
724,Non-Target,No,0,None,ADHD
725,Target,Yes,631,None,ADHD
726,Non-Target,No,0,None,ADHD
727,Target,Yes,544,None,ADHD
728,Non-Target,Yes,779,Commission,ADHD
729,Non-Target,No,0,None,ADHD
730,Target,Yes,835,None,ADHD
731,Non-Target,Yes,539,Commission,ADHD
732,Non-Target,No,0,None,ADHD
733,Non-Target,No,0,None,ADHD
734,Target,Yes,862,None,ADHD
735,Non-Target,No,0,None,ADHD
736,Non-Target,Yes,514,Commission,ADHD
737,Target,Yes,810,None,ADHD
738,Target,Yes,463,None,ADHD
739,Target,No,0,Omission,ADHD
740,Non-Target,No,0,None,ADHD
741,Non-Target,No,0,None,ADHD
742,Non-Target,No,0,None,ADHD
743,Non-Target,Yes,559,Commission,ADHD
744,Non-Target,No,0,None,ADHD
745,Target,No,0,Omission,ADHD
746,Non-Target,No,0,None,ADHD
747,Target,Yes,733,None,ADHD
748,Non-Target,No,0,None,ADHD
749,Non-Target,No,0,None,ADHD
750,Non-Target,No,0,None,ADHD
751,Non-Target,Yes,547,Commission,ADHD
752,Non-Target,No,0,None,ADHD
753,Non-Target,No,0,None,ADHD
754,Non-Target,Yes,413,Commission,ADHD
755,Non-Target,No,0,None,ADHD
756,Non-Target,Yes,740,Commission,ADHD
757,Non-Target,No,0,None,ADHD
758,Non-Target,No,0,None,ADHD
759,Non-Target,No,0,None,ADHD
760,Target,Yes,884,None,ADHD
761,Non-Target,No,0,None,ADHD
762,Target,Yes,486,None,ADHD
763,Non-Target,No,0,None,ADHD
764,Target,Yes,515,None,ADHD
765,Target,No,0,Omission,ADHD
766,Non-Target,No,0,None,ADHD
767,Target,Yes,501,None,ADHD
768,Target,Yes,799,None,ADHD
769,Non-Target,No,0,None,ADHD
770,Non-Target,No,0,None,ADHD
771,Non-Target,No,0,None,ADHD
772,Non-Target,No,0,None,ADHD
773,Target,No,0,Omission,ADHD
774,Non-Target,No,0,None,ADHD
775,Non-Target,No,0,None,ADHD
776,Target,Yes,609,None,ADHD
777,Target,No,0,Omission,ADHD
778,Non-Target,No,0,None,ADHD
779,Non-Target,No,0,None,ADHD
780,Non-Target,No,0,None,ADHD
781,Non-Target,No,0,None,ADHD
782,Non-Target,No,0,None,ADHD
783,Non-Target,No,0,None,ADHD
784,Target,Yes,664,None,ADHD
785,Target,Yes,716,None,ADHD
786,Non-Target,No,0,None,ADHD
787,Non-Target,No,0,None,ADHD
788,Target,No,0,Omission,ADHD
789,Non-Target,No,0,None,ADHD
790,Target,No,0,Omission,ADHD
791,Target,No,0,Omission,ADHD
792,Target,No,0,Omission,ADHD
793,Non-Target,No,0,None,ADHD
794,Non-Target,No,0,None,ADHD
795,Non-Target,Yes,572,Commission,ADHD
796,Target,Yes,789,None,ADHD
797,Non-Target,No,0,None,ADHD
798,Target,Yes,647,None,ADHD
799,Non-Target,No,0,None,ADHD
800,Non-Target,No,0,None,ADHD
801,Non-Target,No,0,None,ADHD
802,Non-Target,Yes,651,Commission,ADHD
803,Non-Target,No,0,None,ADHD
804,Non-Target,No,0,None,ADHD
805,Non-Target,Yes,545,Commission,ADHD
806,Non-Target,No,0,None,ADHD
807,Target,No,0,Omission,ADHD
808,Non-Target,No,0,None,ADHD
809,Non-Target,No,0,None,ADHD
810,Non-Target,No,0,None,ADHD
811,Non-Target,No,0,None,ADHD
812,Non-Target,No,0,None,ADHD
813,Target,Yes,741,None,ADHD
814,Target,No,0,Omission,ADHD
815,Non-Target,No,0,None,ADHD
816,Non-Target,No,0,None,ADHD
817,Non-Target,No,0,None,ADHD
818,Target,Yes,758,None,ADHD
819,Non-Target,No,0,None,ADHD
820,Target,Yes,716,None,ADHD
821,Target,No,0,Omission,ADHD
822,Non-Target,No,0,None,ADHD
823,Non-Target,Yes,546,Commission,ADHD
824,Target,Yes,485,None,ADHD
825,Non-Target,No,0,None,ADHD
826,Target,Yes,735,None,ADHD
827,Target,No,0,Omission,ADHD
828,Non-Target,No,0,None,ADHD
829,Target,Yes,461,None,ADHD
830,Non-Target,No,0,None,ADHD
831,Target,Yes,635,None,ADHD
832,Non-Target,No,0,None,ADHD
833,Non-Target,No,0,None,ADHD
834,Target,Yes,772,None,ADHD
835,Target,No,0,Omission,ADHD
836,Non-Target,No,0,None,ADHD
837,Non-Target,No,0,None,ADHD
838,Non-Target,No,0,None,ADHD
839,Non-Target,Yes,740,Commission,ADHD
840,Target,Yes,728,None,ADHD
841,Non-Target,No,0,None,ADHD
842,Non-Target,No,0,None,ADHD
843,Target,Yes,518,None,ADHD
844,Target,Yes,676,None,ADHD
845,Non-Target,No,0,None,ADHD
846,Non-Target,No,0,None,ADHD
847,Non-Target,No,0,None,ADHD
848,Non-Target,No,0,None,ADHD
849,Target,No,0,Omission,ADHD
850,Target,Yes,780,None,ADHD
851,Non-Target,No,0,None,ADHD
852,Target,No,0,Omission,ADHD
853,Non-Target,Yes,678,Commission,ADHD
854,Target,Yes,572,None,ADHD
855,Target,Yes,691,None,ADHD
856,Non-Target,No,0,None,ADHD
857,Target,Yes,905,None,ADHD
858,Target,Yes,790,None,ADHD
859,Non-Target,No,0,None,ADHD
860,Target,No,0,Omission,ADHD
861,Target,No,0,Omission,ADHD
862,Non-Target,No,0,None,ADHD
863,Non-Target,No,0,None,ADHD
864,Target,Yes,739,None,ADHD
865,Non-Target,No,0,None,ADHD
866,Non-Target,No,0,None,ADHD
867,Non-Target,No,0,None,ADHD
868,Target,Yes,647,None,ADHD
869,Non-Target,No,0,None,ADHD
870,Non-Target,No,0,None,ADHD
871,Non-Target,Yes,748,Commission,ADHD
872,Target,Yes,686,None,ADHD
873,Target,Yes,733,None,ADHD
874,Non-Target,No,0,None,ADHD
875,Target,Yes,498,None,ADHD
876,Non-Target,No,0,None,ADHD
877,Target,No,0,Omission,ADHD
878,Non-Target,No,0,None,ADHD
879,Target,Yes,606,None,ADHD
880,Non-Target,No,0,None,ADHD
881,Non-Target,No,0,None,ADHD
882,Non-Target,No,0,None,ADHD
883,Non-Target,No,0,None,ADHD
884,Non-Target,No,0,None,ADHD
885,Non-Target,No,0,None,ADHD
886,Non-Target,No,0,None,ADHD
887,Non-Target,No,0,None,ADHD
888,Non-Target,No,0,None,ADHD
889,Target,Yes,870,None,ADHD
890,Non-Target,No,0,None,ADHD
891,Target,Yes,695,None,ADHD
892,Non-Target,No,0,None,ADHD
893,Non-Target,No,0,None,ADHD
894,Target,No,0,Omission,ADHD
895,Non-Target,No,0,None,ADHD
896,Target,Yes,652,None,ADHD
897,Non-Target,No,0,None,ADHD
898,Non-Target,No,0,None,ADHD
899,Non-Target,No,0,None,ADHD
900,Non-Target,No,0,None,ADHD
901,Non-Target,No,0,None,ADHD
902,Non-Target,No,0,None,ADHD
903,Non-Target,No,0,None,ADHD
904,Non-Target,Yes,446,Commission,ADHD
905,Target,Yes,551,None,ADHD
906,Non-Target,No,0,None,ADHD
907,Target,Yes,787,None,ADHD
908,Target,Yes,652,None,ADHD
909,Target,No,0,Omission,ADHD
910,Non-Target,No,0,None,ADHD
911,Non-Target,No,0,None,ADHD
912,Non-Target,No,0,None,ADHD
913,Non-Target,No,0,None,ADHD
914,Non-Target,No,0,None,ADHD
915,Non-Target,No,0,None,ADHD
916,Target,Yes,868,None,ADHD
917,Non-Target,No,0,None,ADHD
918,Non-Target,No,0,None,ADHD
919,Non-Target,Yes,740,Commission,ADHD
920,Non-Target,No,0,None,ADHD
921,Non-Target,No,0,None,ADHD
922,Non-Target,No,0,None,ADHD
923,Non-Target,No,0,None,ADHD
924,Target,Yes,667,None,ADHD
925,Non-Target,No,0,None,ADHD
926,Non-Target,No,0,None,ADHD
927,Target,Yes,590,None,ADHD
928,Non-Target,Yes,531,Commission,ADHD
929,Non-Target,No,0,None,ADHD
930,Non-Target,No,0,None,ADHD
931,Non-Target,No,0,None,ADHD
932,Non-Target,No,0,None,ADHD
933,Target,Yes,586,None,ADHD
934,Non-Target,No,0,None,ADHD
935,Non-Target,No,0,None,ADHD
936,Target,Yes,699,None,ADHD
937,Non-Target,No,0,None,ADHD
938,Non-Target,No,0,None,ADHD
939,Target,Yes,564,None,ADHD
940,Non-Target,No,0,None,ADHD
941,Target,Yes,589,None,ADHD
942,Non-Target,No,0,None,ADHD
943,Non-Target,Yes,670,Commission,ADHD
944,Non-Target,Yes,682,Commission,ADHD
945,Target,Yes,444,None,ADHD
946,Non-Target,No,0,None,ADHD
947,Target,Yes,549,None,ADHD
948,Target,Yes,475,None,ADHD
949,Target,No,0,Omission,ADHD
950,Non-Target,Yes,693,Commission,ADHD
951,Target,Yes,480,None,ADHD
952,Non-Target,Yes,700,Commission,ADHD
953,Non-Target,No,0,None,ADHD
954,Target,No,0,Omission,ADHD
955,Non-Target,No,0,None,ADHD
956,Non-Target,No,0,None,ADHD
957,Non-Target,No,0,None,ADHD
958,Non-Target,No,0,None,ADHD
959,Non-Target,No,0,None,ADHD
960,Non-Target,No,0,None,ADHD
961,Non-Target,Yes,659,Commission,ADHD
962,Non-Target,No,0,None,ADHD
963,Non-Target,No,0,None,ADHD
964,Non-Target,No,0,None,ADHD
965,Non-Target,No,0,None,ADHD
966,Non-Target,No,0,None,ADHD
967,Non-Target,No,0,None,ADHD
968,Target,No,0,Omission,ADHD
969,Non-Target,No,0,None,ADHD
970,Non-Target,No,0,None,ADHD
971,Non-Target,No,0,None,ADHD
972,Non-Target,No,0,None,ADHD
973,Target,Yes,737,None,ADHD
974,Non-Target,No,0,None,ADHD
975,Target,Yes,572,None,ADHD
976,Non-Target,No,0,None,ADHD
977,Non-Target,No,0,None,ADHD
978,Non-Target,No,0,None,ADHD
979,Non-Target,No,0,None,ADHD
980,Non-Target,No,0,None,ADHD
981,Target,No,0,Omission,ADHD
982,Non-Target,No,0,None,ADHD
983,Target,Yes,722,None,ADHD
984,Target,Yes,542,None,ADHD
985,Non-Target,Yes,520,Commission,ADHD
986,Non-Target,No,0,None,ADHD
987,Non-Target,No,0,None,ADHD
988,Non-Target,No,0,None,ADHD
989,Non-Target,No,0,None,ADHD
990,Target,Yes,608,None,ADHD
991,Non-Target,No,0,None,ADHD
992,Non-Target,No,0,None,ADHD
993,Non-Target,No,0,None,ADHD
994,Non-Target,No,0,None,ADHD
995,Non-Target,No,0,None,ADHD
996,Target,No,0,Omission,ADHD
997,Non-Target,No,0,None,ADHD
998,Target,Yes,586,None,ADHD
999,Non-Target,Yes,583,Commission,ADHD
1000,Target,Yes,601,None,ADHD
1001,Non-Target,No,0,None,ADHD
1002,Target,Yes,600,None,ADHD
1003,Non-Target,Yes,625,Commission,ADHD
1004,Non-Target,No,0,None,ADHD
1005,Non-Target,No,0,None,ADHD
1006,Target,Yes,943,None,ADHD
1007,Non-Target,No,0,None,ADHD
1008,Non-Target,No,0,None,ADHD
1009,Non-Target,No,0,None,ADHD
1010,Target,Yes,738,None,ADHD
1011,Non-Target,No,0,None,ADHD
1012,Non-Target,No,0,None,ADHD
1013,Target,Yes,776,None,ADHD
1014,Non-Target,No,0,None,ADHD
1015,Non-Target,No,0,None,ADHD
1016,Target,Yes,645,None,ADHD
1017,Non-Target,No,0,None,ADHD
1018,Non-Target,No,0,None,ADHD
1019,Non-Target,No,0,None,ADHD
1020,Non-Target,No,0,None,ADHD
1021,Target,No,0,Omission,ADHD
1022,Non-Target,No,0,None,ADHD
1023,Non-Target,No,0,None,ADHD
1024,Target,Yes,679,None,ADHD
1025,Target,Yes,446,None,ADHD
1026,Target,Yes,740,None,ADHD
1027,Non-Target,No,0,None,ADHD
1028,Non-Target,No,0,None,ADHD
1029,Non-Target,No,0,None,ADHD
1030,Non-Target,No,0,None,ADHD
1031,Non-Target,No,0,None,ADHD
1032,Non-Target,No,0,None,ADHD
1033,Non-Target,No,0,None,ADHD
1034,Non-Target,No,0,None,ADHD
1035,Non-Target,No,0,None,ADHD
1036,Target,Yes,583,None,ADHD
1037,Non-Target,No,0,None,ADHD
1038,Target,Yes,409,None,ADHD
1039,Non-Target,No,0,None,ADHD
1040,Target,No,0,Omission,ADHD
1041,Target,Yes,725,None,ADHD
1042,Non-Target,No,0,None,ADHD
1043,Non-Target,No,0,None,ADHD
1044,Non-Target,No,0,None,ADHD
1045,Non-Target,Yes,797,Commission,ADHD
1046,Non-Target,No,0,None,ADHD
1047,Target,Yes,742,None,ADHD
1048,Non-Target,No,0,None,ADHD
1049,Non-Target,No,0,None,ADHD
1050,Non-Target,No,0,None,ADHD
1051,Target,Yes,575,None,ADHD
1052,Target,Yes,668,None,ADHD
1053,Target,Yes,700,None,ADHD
1054,Target,No,0,Omission,ADHD
1055,Target,Yes,546,None,ADHD
1056,Non-Target,No,0,None,ADHD
1057,Non-Target,Yes,607,Commission,ADHD
1058,Non-Target,No,0,None,ADHD
1059,Non-Target,No,0,None,ADHD
1060,Non-Target,No,0,None,ADHD
1061,Non-Target,Yes,656,Commission,ADHD
1062,Target,No,0,Omission,ADHD
1063,Non-Target,No,0,None,ADHD
1064,Non-Target,No,0,None,ADHD
1065,Target,Yes,539,None,ADHD
1066,Non-Target,No,0,None,ADHD
1067,Target,Yes,770,None,ADHD
1068,Non-Target,Yes,788,Commission,ADHD
1069,Non-Target,No,0,None,ADHD
1070,Non-Target,No,0,None,ADHD
1071,Non-Target,Yes,692,Commission,ADHD
1072,Target,Yes,662,None,ADHD
1073,Non-Target,No,0,None,ADHD
1074,Target,Yes,868,None,ADHD
1075,Non-Target,No,0,None,ADHD
1076,Non-Target,No,0,None,ADHD
1077,Non-Target,No,0,None,ADHD
1078,Non-Target,No,0,None,ADHD
1079,Non-Target,No,0,None,ADHD
1080,Target,No,0,Omission,ADHD
1081,Non-Target,No,0,None,ADHD
1082,Non-Target,No,0,None,ADHD
1083,Non-Target,No,0,None,ADHD
1084,Non-Target,No,0,None,ADHD
1085,Non-Target,No,0,None,ADHD
1086,Non-Target,No,0,None,ADHD
1087,Non-Target,No,0,None,ADHD
1088,Non-Target,No,0,None,ADHD
1089,Non-Target,No,0,None,ADHD
1090,Target,Yes,537,None,ADHD
1091,Non-Target,No,0,None,ADHD
1092,Target,Yes,658,None,ADHD
1093,Non-Target,No,0,None,ADHD
1094,Non-Target,No,0,None,ADHD
1095,Non-Target,No,0,None,ADHD
1096,Target,Yes,558,None,ADHD
1097,Target,Yes,443,None,ADHD
1098,Non-Target,No,0,None,ADHD
1099,Non-Target,Yes,646,Commission,ADHD
1100,Non-Target,No,0,None,ADHD
1101,Target,Yes,702,None,ADHD
1102,Non-Target,Yes,589,Commission,ADHD
1103,Target,Yes,615,None,ADHD
1104,Non-Target,No,0,None,ADHD
1105,Non-Target,No,0,None,ADHD
1106,Target,Yes,717,None,ADHD
1107,Non-Target,No,0,None,ADHD
1108,Non-Target,No,0,None,ADHD
1109,Non-Target,No,0,None,ADHD
1110,Target,Yes,796,None,ADHD
1111,Non-Target,Yes,692,Commission,ADHD
1112,Non-Target,No,0,None,ADHD
1113,Non-Target,No,0,None,ADHD
1114,Non-Target,No,0,None,ADHD
1115,Non-Target,No,0,None,ADHD
1116,Non-Target,No,0,None,ADHD
1117,Non-Target,No,0,None,ADHD
1118,Target,Yes,703,None,ADHD
1119,Non-Target,No,0,None,ADHD
1120,Target,Yes,448,None,ADHD
1121,Target,Yes,559,None,ADHD
1122,Non-Target,Yes,634,Commission,ADHD
1123,Non-Target,No,0,None,ADHD
1124,Non-Target,No,0,None,ADHD
1125,Target,Yes,838,None,ADHD
1126,Non-Target,Yes,608,Commission,ADHD
1127,Non-Target,No,0,None,ADHD
1128,Target,Yes,741,None,ADHD
1129,Target,Yes,652,None,ADHD
1130,Non-Target,No,0,None,ADHD
1131,Non-Target,No,0,None,ADHD
1132,Target,Yes,578,None,ADHD
1133,Non-Target,Yes,639,Commission,ADHD
1134,Non-Target,No,0,None,ADHD
1135,Non-Target,No,0,None,ADHD
1136,Non-Target,No,0,None,ADHD
1137,Non-Target,No,0,None,ADHD
1138,Non-Target,Yes,683,Commission,ADHD
1139,Target,No,0,Omission,ADHD
1140,Non-Target,No,0,None,ADHD
1141,Non-Target,No,0,None,ADHD
1142,Non-Target,No,0,None,ADHD
1143,Target,No,0,Omission,ADHD
1144,Non-Target,No,0,None,ADHD
1145,Target,Yes,647,None,ADHD
1146,Target,Yes,536,None,ADHD
1147,Target,Yes,667,None,ADHD
1148,Non-Target,No,0,None,ADHD
1149,Target,Yes,807,None,ADHD
1150,Target,No,0,Omission,ADHD
1151,Non-Target,No,0,None,ADHD
1152,Non-Target,Yes,784,Commission,ADHD
1153,Non-Target,No,0,None,ADHD
1154,Non-Target,Yes,699,Commission,ADHD
1155,Non-Target,No,0,None,ADHD
1156,Non-Target,No,0,None,ADHD
1157,Target,Yes,672,None,ADHD
1158,Non-Target,No,0,None,ADHD
1159,Target,Yes,601,None,ADHD
1160,Non-Target,Yes,543,Commission,ADHD
1161,Non-Target,Yes,526,Commission,ADHD
1162,Non-Target,No,0,None,ADHD
1163,Non-Target,No,0,None,ADHD
1164,Target,No,0,Omission,ADHD
1165,Non-Target,No,0,None,ADHD
1166,Non-Target,No,0,None,ADHD
1167,Non-Target,No,0,None,ADHD
1168,Target,No,0,Omission,ADHD
1169,Non-Target,No,0,None,ADHD
1170,Non-Target,No,0,None,ADHD
1171,Non-Target,No,0,None,ADHD
1172,Target,Yes,720,None,ADHD
1173,Target,No,0,Omission,ADHD
1174,Target,No,0,Omission,ADHD
1175,Non-Target,No,0,None,ADHD
1176,Non-Target,Yes,691,Commission,ADHD
1177,Non-Target,No,0,None,ADHD
1178,Target,Yes,463,None,ADHD
1179,Target,Yes,480,None,ADHD
1180,Non-Target,No,0,None,ADHD
1181,Target,No,0,Omission,ADHD
1182,Non-Target,No,0,None,ADHD
1183,Non-Target,No,0,None,ADHD
1184,Non-Target,No,0,None,ADHD
1185,Non-Target,No,0,None,ADHD
1186,Non-Target,No,0,None,ADHD
1187,Non-Target,No,0,None,ADHD
1188,Non-Target,No,0,None,ADHD
1189,Non-Target,No,0,None,ADHD
1190,Non-Target,No,0,None,ADHD
1191,Non-Target,No,0,None,ADHD
1192,Non-Target,No,0,None,ADHD
1193,Non-Target,No,0,None,ADHD
1194,Non-Target,No,0,None,ADHD
1195,Non-Target,No,0,None,ADHD
1196,Non-Target,No,0,None,ADHD
1197,Non-Target,No,0,None,ADHD
1198,Non-Target,No,0,None,ADHD
1199,Non-Target,No,0,None,ADHD
1200,Non-Target,No,0,None,ADHD
