Trial,StimulusType,Reaction,ReactionTime(ms),ErrorType,Label
1,Non-Target,No,0,None,ADHD
2,Target,Yes,692,None,ADHD
3,Non-Target,No,0,None,ADHD
4,Non-Target,No,0,None,ADHD
5,Non-Target,No,0,None,ADHD
6,Non-Target,No,0,None,ADHD
7,Target,Yes,799,None,ADHD
8,Non-Target,No,0,None,ADHD
9,Non-Target,No,0,None,ADHD
10,Target,Yes,934,None,ADHD
11,Non-Target,Yes,606,Commission,ADHD
12,Target,Yes,632,None,ADHD
13,Non-Target,No,0,None,ADHD
14,Non-Target,No,0,None,ADHD
15,Non-Target,No,0,None,ADHD
16,Target,Yes,661,None,ADHD
17,Non-Target,No,0,None,ADHD
18,Non-Target,No,0,None,ADHD
19,Target,No,0,Omission,ADHD
20,Non-Target,Yes,658,Commission,ADHD
21,Non-Target,No,0,None,ADHD
22,Non-Target,No,0,None,ADHD
23,Non-Target,Yes,830,Commission,ADHD
24,Target,Yes,819,None,ADHD
25,Non-Target,No,0,None,ADHD
26,Non-Target,No,0,None,ADHD
27,Non-Target,No,0,None,ADHD
28,Target,Yes,989,None,ADHD
29,Non-Target,No,0,None,ADHD
30,Non-Target,No,0,None,ADHD
31,Target,Yes,720,None,ADHD
32,Non-Target,No,0,None,ADHD
33,Non-Target,No,0,None,ADHD
34,Non-Target,No,0,None,ADHD
35,Non-Target,No,0,None,ADHD
36,Target,No,0,Omission,ADHD
37,Non-Target,No,0,None,ADHD
38,Target,No,0,Omission,ADHD
39,Non-Target,Yes,893,Commission,ADHD
40,Non-Target,Yes,894,Commission,ADHD
41,Non-Target,No,0,None,ADHD
42,Non-Target,No,0,None,ADHD
43,Non-Target,No,0,None,ADHD
44,Non-Target,No,0,None,ADHD
45,Non-Target,Yes,991,Commission,ADHD
46,Target,No,0,Omission,ADHD
47,Target,Yes,774,None,ADHD
48,Target,Yes,435,None,ADHD
49,Non-Target,No,0,None,ADHD
50,Non-Target,No,0,None,ADHD
51,Non-Target,No,0,None,ADHD
52,Non-Target,No,0,None,ADHD
53,Target,Yes,506,None,ADHD
54,Non-Target,Yes,824,Commission,ADHD
55,Non-Target,Yes,721,Commission,ADHD
56,Target,Yes,691,None,ADHD
57,Non-Target,No,0,None,ADHD
58,Non-Target,No,0,None,ADHD
59,Target,Yes,746,None,ADHD
60,Non-Target,No,0,None,ADHD
61,Non-Target,Yes,642,Commission,ADHD
62,Target,No,0,Omission,ADHD
63,Non-Target,No,0,None,ADHD
64,Non-Target,No,0,None,ADHD
65,Target,Yes,788,None,ADHD
66,Target,No,0,Omission,ADHD
67,Non-Target,No,0,None,ADHD
68,Non-Target,No,0,None,ADHD
69,Non-Target,No,0,None,ADHD
70,Target,Yes,852,None,ADHD
71,Non-Target,No,0,None,ADHD
72,Non-Target,Yes,686,Commission,ADHD
73,Target,Yes,842,None,ADHD
74,Non-Target,No,0,None,ADHD
75,Non-Target,No,0,None,ADHD
76,Non-Target,No,0,None,ADHD
77,Non-Target,No,0,None,ADHD
78,Non-Target,No,0,None,ADHD
79,Target,Yes,739,None,ADHD
80,Non-Target,No,0,None,ADHD
81,Non-Target,No,0,None,ADHD
82,Non-Target,No,0,None,ADHD
83,Non-Target,No,0,None,ADHD
84,Target,No,0,Omission,ADHD
85,Non-Target,Yes,784,Commission,ADHD
86,Non-Target,No,0,None,ADHD
87,Target,No,0,Omission,ADHD
88,Non-Target,No,0,None,ADHD
89,Non-Target,No,0,None,ADHD
90,Non-Target,No,0,None,ADHD
91,Non-Target,No,0,None,ADHD
92,Target,Yes,793,None,ADHD
93,Non-Target,No,0,None,ADHD
94,Target,Yes,859,None,ADHD
95,Target,No,0,Omission,ADHD
96,Non-Target,No,0,None,ADHD
97,Non-Target,No,0,None,ADHD
98,Non-Target,No,0,None,ADHD
99,Non-Target,No,0,None,ADHD
100,Non-Target,No,0,None,ADHD
101,Non-Target,Yes,782,Commission,ADHD
102,Target,No,0,Omission,ADHD
103,Non-Target,Yes,870,Commission,ADHD
104,Non-Target,No,0,None,ADHD
105,Non-Target,No,0,None,ADHD
106,Non-Target,No,0,None,ADHD
107,Non-Target,Yes,668,Commission,ADHD
108,Target,Yes,711,None,ADHD
109,Non-Target,No,0,None,ADHD
110,Non-Target,No,0,None,ADHD
111,Target,Yes,938,None,ADHD
112,Non-Target,Yes,764,Commission,ADHD
113,Target,Yes,719,None,ADHD
114,Target,Yes,703,None,ADHD
115,Non-Target,No,0,None,ADHD
116,Target,Yes,897,None,ADHD
117,Target,Yes,664,None,ADHD
118,Target,Yes,679,None,ADHD
119,Target,No,0,Omission,ADHD
120,Non-Target,No,0,None,ADHD
121,Non-Target,No,0,None,ADHD
122,Non-Target,No,0,None,ADHD
123,Non-Target,No,0,None,ADHD
124,Non-Target,No,0,None,ADHD
125,Non-Target,No,0,None,ADHD
126,Non-Target,Yes,841,Commission,ADHD
127,Non-Target,No,0,None,ADHD
128,Non-Target,Yes,599,Commission,ADHD
129,Non-Target,Yes,939,Commission,ADHD
130,Target,Yes,757,None,ADHD
131,Non-Target,No,0,None,ADHD
132,Target,Yes,902,None,ADHD
133,Non-Target,No,0,None,ADHD
134,Non-Target,No,0,None,ADHD
135,Non-Target,No,0,None,ADHD
136,Non-Target,No,0,None,ADHD
137,Non-Target,No,0,None,ADHD
138,Target,Yes,758,None,ADHD
139,Non-Target,Yes,787,Commission,ADHD
140,Target,Yes,704,None,ADHD
141,Non-Target,No,0,None,ADHD
142,Non-Target,No,0,None,ADHD
143,Non-Target,No,0,None,ADHD
144,Target,Yes,908,None,ADHD
145,Non-Target,No,0,None,ADHD
146,Non-Target,Yes,881,Commission,ADHD
147,Target,Yes,756,None,ADHD
148,Non-Target,No,0,None,ADHD
149,Target,Yes,755,None,ADHD
150,Non-Target,No,0,None,ADHD
151,Non-Target,No,0,None,ADHD
152,Non-Target,Yes,838,Commission,ADHD
153,Non-Target,No,0,None,ADHD
154,Non-Target,No,0,None,ADHD
155,Target,Yes,800,None,ADHD
156,Target,Yes,488,None,ADHD
157,Non-Target,Yes,610,Commission,ADHD
158,Non-Target,No,0,None,ADHD
159,Target,No,0,Omission,ADHD
160,Non-Target,No,0,None,ADHD
161,Non-Target,Yes,669,Commission,ADHD
162,Non-Target,No,0,None,ADHD
163,Non-Target,No,0,None,ADHD
164,Non-Target,No,0,None,ADHD
165,Non-Target,Yes,835,Commission,ADHD
166,Target,Yes,842,None,ADHD
167,Target,Yes,881,None,ADHD
168,Target,No,0,Omission,ADHD
169,Target,Yes,704,None,ADHD
170,Non-Target,No,0,None,ADHD
171,Non-Target,No,0,None,ADHD
172,Non-Target,No,0,None,ADHD
173,Non-Target,No,0,None,ADHD
174,Non-Target,No,0,None,ADHD
175,Target,Yes,524,None,ADHD
176,Non-Target,No,0,None,ADHD
177,Target,Yes,671,None,ADHD
178,Non-Target,Yes,599,Commission,ADHD
179,Non-Target,No,0,None,ADHD
180,Non-Target,No,0,None,ADHD
181,Non-Target,No,0,None,ADHD
182,Non-Target,No,0,None,ADHD
183,Non-Target,No,0,None,ADHD
184,Non-Target,No,0,None,ADHD
185,Non-Target,No,0,None,ADHD
186,Non-Target,No,0,None,ADHD
187,Target,Yes,766,None,ADHD
188,Non-Target,No,0,None,ADHD
189,Non-Target,No,0,None,ADHD
190,Non-Target,No,0,None,ADHD
191,Non-Target,No,0,None,ADHD
192,Target,Yes,553,None,ADHD
193,Non-Target,Yes,606,Commission,ADHD
194,Non-Target,No,0,None,ADHD
195,Non-Target,No,0,None,ADHD
196,Non-Target,Yes,780,Commission,ADHD
197,Non-Target,No,0,None,ADHD
198,Non-Target,No,0,None,ADHD
199,Target,No,0,Omission,ADHD
200,Non-Target,No,0,None,ADHD
201,Target,Yes,851,None,ADHD
202,Target,Yes,813,None,ADHD
203,Non-Target,Yes,952,Commission,ADHD
204,Non-Target,No,0,None,ADHD
205,Non-Target,No,0,None,ADHD
206,Target,Yes,688,None,ADHD
207,Non-Target,No,0,None,ADHD
208,Target,Yes,738,None,ADHD
209,Non-Target,No,0,None,ADHD
210,Non-Target,No,0,None,ADHD
211,Target,Yes,507,None,ADHD
212,Non-Target,Yes,832,Commission,ADHD
213,Non-Target,No,0,None,ADHD
214,Non-Target,No,0,None,ADHD
215,Target,Yes,926,None,ADHD
216,Non-Target,No,0,None,ADHD
217,Non-Target,No,0,None,ADHD
218,Target,Yes,648,None,ADHD
219,Target,Yes,952,None,ADHD
220,Target,Yes,991,None,ADHD
221,Non-Target,No,0,None,ADHD
222,Non-Target,No,0,None,ADHD
223,Non-Target,No,0,None,ADHD
224,Non-Target,No,0,None,ADHD
225,Target,Yes,745,None,ADHD
226,Non-Target,No,0,None,ADHD
227,Non-Target,No,0,None,ADHD
228,Non-Target,No,0,None,ADHD
229,Non-Target,No,0,None,ADHD
230,Non-Target,No,0,None,ADHD
231,Non-Target,Yes,651,Commission,ADHD
232,Non-Target,No,0,None,ADHD
233,Non-Target,No,0,None,ADHD
234,Non-Target,Yes,1002,Commission,ADHD
235,Target,Yes,742,None,ADHD
236,Target,No,0,Omission,ADHD
237,Non-Target,Yes,751,Commission,ADHD
238,Target,Yes,634,None,ADHD
239,Non-Target,No,0,None,ADHD
240,Non-Target,No,0,None,ADHD
241,Target,No,0,Omission,ADHD
242,Non-Target,Yes,1008,Commission,ADHD
243,Non-Target,No,0,None,ADHD
244,Non-Target,No,0,None,ADHD
245,Non-Target,No,0,None,ADHD
246,Target,Yes,689,None,ADHD
247,Non-Target,No,0,None,ADHD
248,Non-Target,No,0,None,ADHD
249,Target,Yes,926,None,ADHD
250,Non-Target,No,0,None,ADHD
251,Non-Target,No,0,None,ADHD
252,Non-Target,No,0,None,ADHD
253,Non-Target,No,0,None,ADHD
254,Non-Target,No,0,None,ADHD
255,Non-Target,No,0,None,ADHD
256,Target,No,0,Omission,ADHD
257,Non-Target,No,0,None,ADHD
258,Non-Target,No,0,None,ADHD
259,Non-Target,No,0,None,ADHD
260,Non-Target,No,0,None,ADHD
261,Non-Target,No,0,None,ADHD
262,Non-Target,Yes,658,Commission,ADHD
263,Non-Target,No,0,None,ADHD
264,Non-Target,No,0,None,ADHD
265,Target,Yes,757,None,ADHD
266,Non-Target,No,0,None,ADHD
267,Non-Target,No,0,None,ADHD
268,Non-Target,No,0,None,ADHD
269,Non-Target,No,0,None,ADHD
270,Target,Yes,723,None,ADHD
271,Non-Target,Yes,875,Commission,ADHD
272,Target,No,0,Omission,ADHD
273,Non-Target,No,0,None,ADHD
274,Non-Target,No,0,None,ADHD
275,Non-Target,No,0,None,ADHD
276,Target,Yes,835,None,ADHD
277,Target,Yes,753,None,ADHD
278,Non-Target,No,0,None,ADHD
279,Non-Target,No,0,None,ADHD
280,Target,Yes,730,None,ADHD
281,Target,No,0,Omission,ADHD
282,Non-Target,No,0,None,ADHD
283,Non-Target,No,0,None,ADHD
284,Target,Yes,832,None,ADHD
285,Non-Target,Yes,614,Commission,ADHD
286,Non-Target,Yes,787,Commission,ADHD
287,Non-Target,No,0,None,ADHD
288,Target,Yes,888,None,ADHD
289,Non-Target,No,0,None,ADHD
290,Non-Target,No,0,None,ADHD
291,Non-Target,Yes,835,Commission,ADHD
292,Non-Target,Yes,740,Commission,ADHD
293,Non-Target,No,0,None,ADHD
294,Non-Target,No,0,None,ADHD
295,Non-Target,No,0,None,ADHD
296,Target,Yes,650,None,ADHD
297,Non-Target,No,0,None,ADHD
298,Non-Target,No,0,None,ADHD
299,Target,Yes,698,None,ADHD
300,Non-Target,No,0,None,ADHD
301,Non-Target,No,0,None,ADHD
302,Non-Target,No,0,None,ADHD
303,Non-Target,No,0,None,ADHD
304,Non-Target,No,0,None,ADHD
305,Non-Target,No,0,None,ADHD
306,Non-Target,No,0,None,ADHD
307,Non-Target,No,0,None,ADHD
308,Target,Yes,810,None,ADHD
309,Non-Target,Yes,914,Commission,ADHD
310,Non-Target,No,0,None,ADHD
311,Target,Yes,816,None,ADHD
312,Non-Target,Yes,747,Commission,ADHD
313,Non-Target,No,0,None,ADHD
314,Target,Yes,867,None,ADHD
315,Target,Yes,531,None,ADHD
316,Non-Target,Yes,427,Commission,ADHD
317,Non-Target,No,0,None,ADHD
318,Non-Target,No,0,None,ADHD
319,Non-Target,No,0,None,ADHD
320,Non-Target,No,0,None,ADHD
321,Non-Target,No,0,None,ADHD
322,Non-Target,No,0,None,ADHD
323,Non-Target,No,0,None,ADHD
324,Non-Target,Yes,788,Commission,ADHD
325,Non-Target,No,0,None,ADHD
326,Non-Target,No,0,None,ADHD
327,Non-Target,No,0,None,ADHD
328,Target,Yes,711,None,ADHD
329,Target,Yes,686,None,ADHD
330,Target,Yes,677,None,ADHD
331,Non-Target,No,0,None,ADHD
332,Target,Yes,676,None,ADHD
333,Non-Target,No,0,None,ADHD
334,Non-Target,No,0,None,ADHD
335,Non-Target,No,0,None,ADHD
336,Non-Target,No,0,None,ADHD
337,Target,Yes,942,None,ADHD
338,Non-Target,No,0,None,ADHD
339,Non-Target,No,0,None,ADHD
340,Non-Target,No,0,None,ADHD
341,Non-Target,No,0,None,ADHD
342,Non-Target,No,0,None,ADHD
343,Non-Target,No,0,None,ADHD
344,Non-Target,No,0,None,ADHD
345,Non-Target,No,0,None,ADHD
346,Target,Yes,816,None,ADHD
347,Non-Target,No,0,None,ADHD
348,Target,Yes,763,None,ADHD
349,Non-Target,No,0,None,ADHD
350,Non-Target,No,0,None,ADHD
351,Non-Target,No,0,None,ADHD
352,Non-Target,No,0,None,ADHD
353,Target,Yes,712,None,ADHD
354,Target,Yes,772,None,ADHD
355,Non-Target,No,0,None,ADHD
356,Non-Target,No,0,None,ADHD
357,Non-Target,No,0,None,ADHD
358,Non-Target,Yes,787,Commission,ADHD
359,Non-Target,No,0,None,ADHD
360,Target,Yes,587,None,ADHD
361,Non-Target,Yes,788,Commission,ADHD
362,Target,Yes,935,None,ADHD
363,Target,Yes,785,None,ADHD
364,Non-Target,No,0,None,ADHD
365,Target,Yes,829,None,ADHD
366,Non-Target,No,0,None,ADHD
367,Non-Target,No,0,None,ADHD
368,Non-Target,Yes,657,Commission,ADHD
369,Non-Target,No,0,None,ADHD
370,Target,No,0,Omission,ADHD
371,Target,Yes,863,None,ADHD
372,Non-Target,No,0,None,ADHD
373,Non-Target,No,0,None,ADHD
374,Target,Yes,604,None,ADHD
375,Target,Yes,870,None,ADHD
376,Non-Target,No,0,None,ADHD
377,Non-Target,No,0,None,ADHD
378,Target,Yes,809,None,ADHD
379,Non-Target,No,0,None,ADHD
380,Non-Target,No,0,None,ADHD
381,Non-Target,No,0,None,ADHD
382,Non-Target,No,0,None,ADHD
383,Target,Yes,753,None,ADHD
384,Non-Target,No,0,None,ADHD
385,Non-Target,No,0,None,ADHD
386,Target,Yes,614,None,ADHD
387,Non-Target,No,0,None,ADHD
388,Non-Target,No,0,None,ADHD
389,Non-Target,No,0,None,ADHD
390,Target,Yes,784,None,ADHD
391,Non-Target,No,0,None,ADHD
392,Non-Target,Yes,448,Commission,ADHD
393,Non-Target,No,0,None,ADHD
394,Non-Target,No,0,None,ADHD
395,Non-Target,No,0,None,ADHD
396,Non-Target,No,0,None,ADHD
397,Non-Target,No,0,None,ADHD
398,Non-Target,No,0,None,ADHD
399,Non-Target,No,0,None,ADHD
400,Non-Target,No,0,None,ADHD
401,Non-Target,No,0,None,ADHD
402,Non-Target,Yes,715,Commission,ADHD
403,Non-Target,No,0,None,ADHD
404,Non-Target,No,0,None,ADHD
405,Target,Yes,805,None,ADHD
406,Non-Target,No,0,None,ADHD
407,Non-Target,No,0,None,ADHD
408,Non-Target,No,0,None,ADHD
409,Non-Target,Yes,620,Commission,ADHD
410,Target,Yes,664,None,ADHD
411,Non-Target,No,0,None,ADHD
412,Non-Target,No,0,None,ADHD
413,Non-Target,No,0,None,ADHD
414,Non-Target,No,0,None,ADHD
415,Non-Target,No,0,None,ADHD
416,Target,Yes,811,None,ADHD
417,Non-Target,No,0,None,ADHD
418,Non-Target,No,0,None,ADHD
419,Non-Target,No,0,None,ADHD
420,Non-Target,Yes,585,Commission,ADHD
421,Target,Yes,562,None,ADHD
422,Target,Yes,515,None,ADHD
423,Non-Target,No,0,None,ADHD
424,Non-Target,No,0,None,ADHD
425,Non-Target,No,0,None,ADHD
426,Target,Yes,661,None,ADHD
427,Non-Target,No,0,None,ADHD
428,Non-Target,No,0,None,ADHD
429,Target,Yes,1065,None,ADHD
430,Target,No,0,Omission,ADHD
431,Non-Target,No,0,None,ADHD
432,Target,Yes,1008,None,ADHD
433,Non-Target,Yes,858,Commission,ADHD
434,Non-Target,No,0,None,ADHD
435,Non-Target,No,0,None,ADHD
436,Target,No,0,Omission,ADHD
437,Non-Target,No,0,None,ADHD
438,Non-Target,No,0,None,ADHD
439,Target,Yes,607,None,ADHD
440,Target,Yes,670,None,ADHD
441,Target,Yes,830,None,ADHD
442,Non-Target,No,0,None,ADHD
443,Non-Target,No,0,None,ADHD
444,Non-Target,No,0,None,ADHD
445,Non-Target,No,0,None,ADHD
446,Non-Target,No,0,None,ADHD
447,Non-Target,No,0,None,ADHD
448,Non-Target,No,0,None,ADHD
449,Non-Target,No,0,None,ADHD
450,Non-Target,No,0,None,ADHD
451,Non-Target,Yes,774,Commission,ADHD
452,Target,Yes,857,None,ADHD
453,Non-Target,No,0,None,ADHD
454,Non-Target,No,0,None,ADHD
455,Non-Target,No,0,None,ADHD
456,Non-Target,No,0,None,ADHD
457,Non-Target,No,0,None,ADHD
458,Non-Target,No,0,None,ADHD
459,Non-Target,No,0,None,ADHD
460,Non-Target,No,0,None,ADHD
461,Non-Target,Yes,936,Commission,ADHD
462,Target,Yes,977,None,ADHD
463,Target,Yes,605,None,ADHD
464,Non-Target,No,0,None,ADHD
465,Target,Yes,992,None,ADHD
466,Target,Yes,655,None,ADHD
467,Non-Target,No,0,None,ADHD
468,Target,Yes,715,None,ADHD
469,Non-Target,Yes,673,Commission,ADHD
470,Non-Target,No,0,None,ADHD
471,Non-Target,Yes,862,Commission,ADHD
472,Target,Yes,840,None,ADHD
473,Non-Target,No,0,None,ADHD
474,Non-Target,No,0,None,ADHD
475,Target,Yes,468,None,ADHD
476,Target,Yes,829,None,ADHD
477,Target,Yes,661,None,ADHD
478,Target,Yes,830,None,ADHD
479,Target,Yes,701,None,ADHD
480,Non-Target,No,0,None,ADHD
481,Non-Target,No,0,None,ADHD
482,Non-Target,No,0,None,ADHD
483,Non-Target,No,0,None,ADHD
484,Non-Target,No,0,None,ADHD
485,Non-Target,No,0,None,ADHD
486,Non-Target,No,0,None,ADHD
487,Non-Target,No,0,None,ADHD
488,Non-Target,No,0,None,ADHD
489,Target,No,0,Omission,ADHD
490,Non-Target,No,0,None,ADHD
491,Non-Target,Yes,906,Commission,ADHD
492,Non-Target,No,0,None,ADHD
493,Non-Target,No,0,None,ADHD
494,Target,Yes,681,None,ADHD
495,Target,Yes,785,None,ADHD
496,Non-Target,No,0,None,ADHD
497,Non-Target,Yes,694,Commission,ADHD
498,Non-Target,No,0,None,ADHD
499,Target,Yes,740,None,ADHD
500,Non-Target,No,0,None,ADHD
501,Non-Target,No,0,None,ADHD
502,Non-Target,No,0,None,ADHD
503,Non-Target,No,0,None,ADHD
504,Non-Target,Yes,657,Commission,ADHD
505,Non-Target,No,0,None,ADHD
506,Non-Target,Yes,955,Commission,ADHD
507,Non-Target,No,0,None,ADHD
508,Target,Yes,684,None,ADHD
509,Non-Target,No,0,None,ADHD
510,Non-Target,No,0,None,ADHD
511,Target,Yes,973,None,ADHD
512,Non-Target,No,0,None,ADHD
513,Non-Target,No,0,None,ADHD
514,Target,Yes,826,None,ADHD
515,Non-Target,No,0,None,ADHD
516,Non-Target,No,0,None,ADHD
517,Non-Target,No,0,None,ADHD
518,Non-Target,No,0,None,ADHD
519,Target,Yes,499,None,ADHD
520,Target,No,0,Omission,ADHD
521,Non-Target,No,0,None,ADHD
522,Non-Target,No,0,None,ADHD
523,Non-Target,No,0,None,ADHD
524,Non-Target,No,0,None,ADHD
525,Non-Target,No,0,None,ADHD
526,Non-Target,No,0,None,ADHD
527,Non-Target,No,0,None,ADHD
528,Non-Target,Yes,577,Commission,ADHD
529,Non-Target,No,0,None,ADHD
530,Non-Target,Yes,471,Commission,ADHD
531,Target,Yes,600,None,ADHD
532,Non-Target,Yes,746,Commission,ADHD
533,Non-Target,No,0,None,ADHD
534,Non-Target,No,0,None,ADHD
535,Non-Target,No,0,None,ADHD
536,Target,No,0,Omission,ADHD
537,Non-Target,No,0,None,ADHD
538,Non-Target,No,0,None,ADHD
539,Target,Yes,899,None,ADHD
540,Target,No,0,Omission,ADHD
541,Target,Yes,715,None,ADHD
542,Non-Target,No,0,None,ADHD
543,Non-Target,No,0,None,ADHD
544,Target,Yes,687,None,ADHD
545,Non-Target,No,0,None,ADHD
546,Non-Target,No,0,None,ADHD
547,Non-Target,No,0,None,ADHD
548,Non-Target,No,0,None,ADHD
549,Target,Yes,778,None,ADHD
550,Non-Target,No,0,None,ADHD
551,Non-Target,No,0,None,ADHD
552,Non-Target,No,0,None,ADHD
553,Non-Target,No,0,None,ADHD
554,Non-Target,No,0,None,ADHD
555,Target,Yes,726,None,ADHD
556,Non-Target,No,0,None,ADHD
557,Target,Yes,644,None,ADHD
558,Non-Target,No,0,None,ADHD
559,Target,No,0,Omission,ADHD
560,Non-Target,Yes,954,Commission,ADHD
561,Non-Target,No,0,None,ADHD
562,Non-Target,Yes,669,Commission,ADHD
563,Non-Target,No,0,None,ADHD
564,Target,No,0,Omission,ADHD
565,Non-Target,Yes,909,Commission,ADHD
566,Target,Yes,821,None,ADHD
567,Non-Target,Yes,571,Commission,ADHD
568,Target,Yes,811,None,ADHD
569,Non-Target,No,0,None,ADHD
570,Non-Target,No,0,None,ADHD
571,Target,No,0,Omission,ADHD
572,Non-Target,No,0,None,ADHD
573,Non-Target,No,0,None,ADHD
574,Non-Target,No,0,None,ADHD
575,Non-Target,No,0,None,ADHD
576,Target,Yes,679,None,ADHD
577,Target,No,0,Omission,ADHD
578,Target,Yes,800,None,ADHD
579,Target,Yes,938,None,ADHD
580,Non-Target,No,0,None,ADHD
581,Non-Target,No,0,None,ADHD
582,Non-Target,No,0,None,ADHD
583,Target,Yes,734,None,ADHD
584,Target,No,0,Omission,ADHD
585,Target,Yes,605,None,ADHD
586,Target,Yes,549,None,ADHD
587,Target,Yes,745,None,ADHD
588,Non-Target,No,0,None,ADHD
589,Non-Target,No,0,None,ADHD
590,Non-Target,No,0,None,ADHD
591,Target,Yes,686,None,ADHD
592,Target,Yes,655,None,ADHD
593,Non-Target,No,0,None,ADHD
594,Target,No,0,Omission,ADHD
595,Target,Yes,884,None,ADHD
596,Non-Target,No,0,None,ADHD
597,Non-Target,No,0,None,ADHD
598,Non-Target,No,0,None,ADHD
599,Non-Target,Yes,885,Commission,ADHD
600,Non-Target,No,0,None,ADHD
601,Target,Yes,562,None,ADHD
602,Target,Yes,1015,None,ADHD
603,Non-Target,No,0,None,ADHD
604,Non-Target,No,0,None,ADHD
605,Non-Target,No,0,None,ADHD
606,Non-Target,No,0,None,ADHD
607,Target,Yes,778,None,ADHD
608,Non-Target,No,0,None,ADHD
609,Non-Target,No,0,None,ADHD
610,Target,Yes,624,None,ADHD
611,Target,Yes,764,None,ADHD
612,Non-Target,No,0,None,ADHD
613,Target,Yes,724,None,ADHD
614,Non-Target,No,0,None,ADHD
615,Non-Target,No,0,None,ADHD
616,Target,Yes,482,None,ADHD
617,Target,Yes,765,None,ADHD
618,Non-Target,Yes,727,Commission,ADHD
619,Target,Yes,622,None,ADHD
620,Non-Target,Yes,684,Commission,ADHD
621,Non-Target,No,0,None,ADHD
622,Target,No,0,Omission,ADHD
623,Non-Target,No,0,None,ADHD
624,Non-Target,No,0,None,ADHD
625,Target,Yes,656,None,ADHD
626,Non-Target,No,0,None,ADHD
627,Non-Target,No,0,None,ADHD
628,Target,Yes,782,None,ADHD
629,Non-Target,No,0,None,ADHD
630,Non-Target,No,0,None,ADHD
631,Target,Yes,843,None,ADHD
632,Non-Target,No,0,None,ADHD
633,Non-Target,No,0,None,ADHD
634,Non-Target,Yes,468,Commission,ADHD
635,Target,Yes,752,None,ADHD
636,Target,Yes,485,None,ADHD
637,Non-Target,No,0,None,ADHD
638,Target,Yes,766,None,ADHD
639,Target,Yes,915,None,ADHD
640,Non-Target,No,0,None,ADHD
641,Non-Target,No,0,None,ADHD
642,Non-Target,Yes,853,Commission,ADHD
643,Non-Target,No,0,None,ADHD
644,Non-Target,No,0,None,ADHD
645,Target,Yes,667,None,ADHD
646,Non-Target,No,0,None,ADHD
647,Non-Target,No,0,None,ADHD
648,Non-Target,No,0,None,ADHD
649,Non-Target,No,0,None,ADHD
650,Target,Yes,891,None,ADHD
651,Target,No,0,Omission,ADHD
652,Non-Target,No,0,None,ADHD
653,Target,Yes,594,None,ADHD
654,Target,Yes,573,None,ADHD
655,Target,Yes,629,None,ADHD
656,Non-Target,Yes,730,Commission,ADHD
657,Non-Target,No,0,None,ADHD
658,Target,Yes,741,None,ADHD
659,Non-Target,No,0,None,ADHD
660,Target,No,0,Omission,ADHD
661,Non-Target,No,0,None,ADHD
662,Non-Target,No,0,None,ADHD
663,Non-Target,No,0,None,ADHD
664,Non-Target,No,0,None,ADHD
665,Non-Target,No,0,None,ADHD
666,Non-Target,No,0,None,ADHD
667,Non-Target,Yes,547,Commission,ADHD
668,Non-Target,Yes,936,Commission,ADHD
669,Target,Yes,561,None,ADHD
670,Non-Target,No,0,None,ADHD
671,Non-Target,No,0,None,ADHD
672,Non-Target,No,0,None,ADHD
673,Non-Target,No,0,None,ADHD
674,Non-Target,No,0,None,ADHD
675,Target,Yes,585,None,ADHD
676,Non-Target,No,0,None,ADHD
677,Non-Target,Yes,612,Commission,ADHD
678,Non-Target,No,0,None,ADHD
679,Non-Target,No,0,None,ADHD
680,Non-Target,No,0,None,ADHD
681,Non-Target,No,0,None,ADHD
682,Non-Target,No,0,None,ADHD
683,Target,Yes,710,None,ADHD
684,Non-Target,No,0,None,ADHD
685,Target,Yes,509,None,ADHD
686,Target,Yes,514,None,ADHD
687,Target,Yes,687,None,ADHD
688,Non-Target,Yes,745,Commission,ADHD
689,Non-Target,No,0,None,ADHD
690,Target,Yes,654,None,ADHD
691,Non-Target,No,0,None,ADHD
692,Non-Target,No,0,None,ADHD
693,Non-Target,No,0,None,ADHD
694,Non-Target,No,0,None,ADHD
695,Non-Target,No,0,None,ADHD
696,Non-Target,No,0,None,ADHD
697,Non-Target,No,0,None,ADHD
698,Target,Yes,753,None,ADHD
699,Non-Target,No,0,None,ADHD
700,Target,No,0,Omission,ADHD
701,Non-Target,No,0,None,ADHD
702,Non-Target,No,0,None,ADHD
703,Non-Target,No,0,None,ADHD
704,Non-Target,No,0,None,ADHD
705,Non-Target,No,0,None,ADHD
706,Non-Target,No,0,None,ADHD
707,Non-Target,No,0,None,ADHD
708,Non-Target,No,0,None,ADHD
709,Non-Target,Yes,689,Commission,ADHD
710,Non-Target,No,0,None,ADHD
711,Non-Target,Yes,616,Commission,ADHD
712,Target,Yes,841,None,ADHD
713,Target,Yes,892,None,ADHD
714,Target,Yes,835,None,ADHD
715,Non-Target,Yes,950,Commission,ADHD
716,Target,Yes,788,None,ADHD
717,Non-Target,Yes,960,Commission,ADHD
718,Non-Target,No,0,None,ADHD
719,Non-Target,No,0,None,ADHD
720,Non-Target,Yes,541,Commission,ADHD
721,Non-Target,No,0,None,ADHD
722,Non-Target,No,0,None,ADHD
723,Non-Target,No,0,None,ADHD
724,Non-Target,No,0,None,ADHD
725,Non-Target,No,0,None,ADHD
726,Non-Target,No,0,None,ADHD
727,Non-Target,No,0,None,ADHD
728,Non-Target,No,0,None,ADHD
729,Non-Target,No,0,None,ADHD
730,Non-Target,No,0,None,ADHD
731,Non-Target,No,0,None,ADHD
732,Non-Target,No,0,None,ADHD
733,Non-Target,No,0,None,ADHD
734,Target,Yes,729,None,ADHD
735,Non-Target,No,0,None,ADHD
736,Non-Target,No,0,None,ADHD
737,Non-Target,Yes,692,Commission,ADHD
738,Non-Target,No,0,None,ADHD
739,Target,Yes,708,None,ADHD
740,Non-Target,No,0,None,ADHD
741,Non-Target,No,0,None,ADHD
742,Non-Target,No,0,None,ADHD
743,Non-Target,No,0,None,ADHD
744,Non-Target,No,0,None,ADHD
745,Non-Target,No,0,None,ADHD
746,Non-Target,No,0,None,ADHD
747,Non-Target,No,0,None,ADHD
748,Target,No,0,Omission,ADHD
749,Non-Target,No,0,None,ADHD
750,Non-Target,No,0,None,ADHD
751,Non-Target,No,0,None,ADHD
752,Non-Target,No,0,None,ADHD
753,Target,No,0,Omission,ADHD
754,Non-Target,No,0,None,ADHD
755,Non-Target,No,0,None,ADHD
756,Target,Yes,770,None,ADHD
757,Target,Yes,626,None,ADHD
758,Non-Target,No,0,None,ADHD
759,Non-Target,No,0,None,ADHD
760,Target,Yes,756,None,ADHD
761,Non-Target,No,0,None,ADHD
762,Non-Target,No,0,None,ADHD
763,Target,Yes,811,None,ADHD
764,Non-Target,No,0,None,ADHD
765,Non-Target,No,0,None,ADHD
766,Non-Target,No,0,None,ADHD
767,Non-Target,No,0,None,ADHD
768,Non-Target,No,0,None,ADHD
769,Non-Target,No,0,None,ADHD
770,Target,Yes,708,None,ADHD
771,Non-Target,No,0,None,ADHD
772,Non-Target,No,0,None,ADHD
773,Non-Target,No,0,None,ADHD
774,Non-Target,No,0,None,ADHD
775,Non-Target,No,0,None,ADHD
776,Non-Target,No,0,None,ADHD
777,Non-Target,No,0,None,ADHD
778,Non-Target,Yes,849,Commission,ADHD
779,Non-Target,No,0,None,ADHD
780,Target,Yes,708,None,ADHD
781,Non-Target,Yes,836,Commission,ADHD
782,Target,Yes,566,None,ADHD
783,Target,No,0,Omission,ADHD
784,Non-Target,No,0,None,ADHD
785,Target,Yes,888,None,ADHD
786,Non-Target,No,0,None,ADHD
787,Non-Target,No,0,None,ADHD
788,Non-Target,No,0,None,ADHD
789,Target,Yes,830,None,ADHD
790,Non-Target,No,0,None,ADHD
791,Target,Yes,689,None,ADHD
792,Non-Target,No,0,None,ADHD
793,Target,Yes,710,None,ADHD
794,Target,Yes,810,None,ADHD
795,Target,Yes,938,None,ADHD
796,Target,No,0,Omission,ADHD
797,Non-Target,No,0,None,ADHD
798,Target,Yes,827,None,ADHD
799,Non-Target,No,0,None,ADHD
800,Target,Yes,694,None,ADHD
801,Non-Target,No,0,None,ADHD
802,Target,No,0,Omission,ADHD
803,Non-Target,No,0,None,ADHD
804,Non-Target,Yes,745,Commission,ADHD
805,Target,Yes,879,None,ADHD
806,Non-Target,Yes,722,Commission,ADHD
807,Target,Yes,621,None,ADHD
808,Non-Target,No,0,None,ADHD
809,Non-Target,Yes,582,Commission,ADHD
810,Non-Target,No,0,None,ADHD
811,Non-Target,No,0,None,ADHD
812,Non-Target,No,0,None,ADHD
813,Target,No,0,Omission,ADHD
814,Non-Target,No,0,None,ADHD
815,Target,Yes,508,None,ADHD
816,Target,No,0,Omission,ADHD
817,Non-Target,No,0,None,ADHD
818,Non-Target,No,0,None,ADHD
819,Target,Yes,823,None,ADHD
820,Target,Yes,705,None,ADHD
821,Non-Target,No,0,None,ADHD
822,Non-Target,Yes,787,Commission,ADHD
823,Non-Target,No,0,None,ADHD
824,Non-Target,No,0,None,ADHD
825,Non-Target,No,0,None,ADHD
826,Non-Target,No,0,None,ADHD
827,Non-Target,No,0,None,ADHD
828,Target,No,0,Omission,ADHD
829,Non-Target,No,0,None,ADHD
830,Non-Target,No,0,None,ADHD
831,Non-Target,No,0,None,ADHD
832,Non-Target,No,0,None,ADHD
833,Non-Target,No,0,None,ADHD
834,Non-Target,No,0,None,ADHD
835,Target,Yes,636,None,ADHD
836,Non-Target,No,0,None,ADHD
837,Non-Target,No,0,None,ADHD
838,Target,Yes,618,None,ADHD
839,Non-Target,Yes,862,Commission,ADHD
840,Target,No,0,Omission,ADHD
841,Non-Target,No,0,None,ADHD
842,Target,Yes,849,None,ADHD
843,Non-Target,No,0,None,ADHD
844,Non-Target,No,0,None,ADHD
845,Target,No,0,Omission,ADHD
846,Target,Yes,894,None,ADHD
847,Non-Target,Yes,689,Commission,ADHD
848,Target,Yes,900,None,ADHD
849,Non-Target,No,0,None,ADHD
850,Target,Yes,493,None,ADHD
851,Non-Target,No,0,None,ADHD
852,Non-Target,No,0,None,ADHD
853,Non-Target,Yes,751,Commission,ADHD
854,Non-Target,No,0,None,ADHD
855,Non-Target,Yes,872,Commission,ADHD
856,Non-Target,No,0,None,ADHD
857,Non-Target,No,0,None,ADHD
858,Target,Yes,749,None,ADHD
859,Non-Target,No,0,None,ADHD
860,Non-Target,No,0,None,ADHD
861,Non-Target,Yes,626,Commission,ADHD
862,Non-Target,No,0,None,ADHD
863,Non-Target,No,0,None,ADHD
864,Target,Yes,720,None,ADHD
865,Non-Target,Yes,817,Commission,ADHD
866,Non-Target,No,0,None,ADHD
867,Target,Yes,695,None,ADHD
868,Non-Target,No,0,None,ADHD
869,Target,Yes,785,None,ADHD
870,Non-Target,No,0,None,ADHD
871,Target,Yes,824,None,ADHD
872,Non-Target,Yes,644,Commission,ADHD
873,Non-Target,No,0,None,ADHD
874,Non-Target,No,0,None,ADHD
875,Non-Target,No,0,None,ADHD
876,Non-Target,No,0,None,ADHD
877,Target,Yes,749,None,ADHD
878,Non-Target,No,0,None,ADHD
879,Non-Target,No,0,None,ADHD
880,Non-Target,Yes,585,Commission,ADHD
881,Non-Target,No,0,None,ADHD
882,Target,Yes,704,None,ADHD
883,Non-Target,No,0,None,ADHD
884,Non-Target,Yes,587,Commission,ADHD
885,Target,Yes,794,None,ADHD
886,Non-Target,No,0,None,ADHD
887,Non-Target,No,0,None,ADHD
888,Non-Target,Yes,814,Commission,ADHD
889,Non-Target,No,0,None,ADHD
890,Target,Yes,771,None,ADHD
891,Target,Yes,620,None,ADHD
892,Target,Yes,652,None,ADHD
893,Target,Yes,672,None,ADHD
894,Target,Yes,616,None,ADHD
895,Non-Target,No,0,None,ADHD
896,Non-Target,No,0,None,ADHD
897,Non-Target,Yes,850,Commission,ADHD
898,Target,Yes,971,None,ADHD
899,Target,Yes,726,None,ADHD
900,Non-Target,No,0,None,ADHD
901,Non-Target,No,0,None,ADHD
902,Non-Target,No,0,None,ADHD
903,Non-Target,No,0,None,ADHD
904,Non-Target,No,0,None,ADHD
905,Non-Target,No,0,None,ADHD
906,Non-Target,Yes,528,Commission,ADHD
907,Target,Yes,690,None,ADHD
908,Target,Yes,1079,None,ADHD
909,Non-Target,No,0,None,ADHD
910,Target,Yes,732,None,ADHD
911,Target,Yes,546,None,ADHD
912,Non-Target,No,0,None,ADHD
913,Non-Target,No,0,None,ADHD
914,Target,Yes,543,None,ADHD
915,Non-Target,No,0,None,ADHD
916,Target,Yes,673,None,ADHD
917,Target,Yes,721,None,ADHD
918,Target,Yes,905,None,ADHD
919,Target,Yes,892,None,ADHD
920,Target,Yes,758,None,ADHD
921,Target,Yes,676,None,ADHD
922,Non-Target,No,0,None,ADHD
923,Non-Target,No,0,None,ADHD
924,Non-Target,No,0,None,ADHD
925,Non-Target,No,0,None,ADHD
926,Target,No,0,Omission,ADHD
927,Non-Target,No,0,None,ADHD
928,Non-Target,No,0,None,ADHD
929,Non-Target,Yes,911,Commission,ADHD
930,Target,No,0,Omission,ADHD
931,Non-Target,No,0,None,ADHD
932,Non-Target,No,0,None,ADHD
933,Target,Yes,585,None,ADHD
934,Non-Target,No,0,None,ADHD
935,Non-Target,No,0,None,ADHD
936,Non-Target,Yes,731,Commission,ADHD
937,Non-Target,No,0,None,ADHD
938,Non-Target,Yes,629,Commission,ADHD
939,Non-Target,No,0,None,ADHD
940,Non-Target,Yes,784,Commission,ADHD
941,Target,Yes,605,None,ADHD
942,Non-Target,No,0,None,ADHD
943,Non-Target,Yes,825,Commission,ADHD
944,Non-Target,No,0,None,ADHD
945,Non-Target,No,0,None,ADHD
946,Target,Yes,899,None,ADHD
947,Non-Target,No,0,None,ADHD
948,Non-Target,No,0,None,ADHD
949,Target,Yes,770,None,ADHD
950,Target,No,0,Omission,ADHD
951,Non-Target,No,0,None,ADHD
952,Non-Target,No,0,None,ADHD
953,Target,No,0,Omission,ADHD
954,Non-Target,No,0,None,ADHD
955,Non-Target,No,0,None,ADHD
956,Target,No,0,Omission,ADHD
957,Target,No,0,Omission,ADHD
958,Non-Target,No,0,None,ADHD
959,Non-Target,No,0,None,ADHD
960,Non-Target,No,0,None,ADHD
961,Target,No,0,Omission,ADHD
962,Target,No,0,Omission,ADHD
963,Non-Target,No,0,None,ADHD
964,Target,Yes,642,None,ADHD
965,Non-Target,No,0,None,ADHD
966,Non-Target,No,0,None,ADHD
967,Non-Target,No,0,None,ADHD
968,Non-Target,No,0,None,ADHD
969,Non-Target,No,0,None,ADHD
970,Non-Target,No,0,None,ADHD
971,Non-Target,No,0,None,ADHD
972,Non-Target,No,0,None,ADHD
973,Target,Yes,566,None,ADHD
974,Non-Target,No,0,None,ADHD
975,Non-Target,No,0,None,ADHD
976,Non-Target,No,0,None,ADHD
977,Non-Target,No,0,None,ADHD
978,Non-Target,No,0,None,ADHD
979,Non-Target,No,0,None,ADHD
980,Non-Target,No,0,None,ADHD
981,Non-Target,No,0,None,ADHD
982,Non-Target,No,0,None,ADHD
983,Non-Target,No,0,None,ADHD
984,Non-Target,No,0,None,ADHD
985,Target,Yes,751,None,ADHD
986,Non-Target,No,0,None,ADHD
987,Non-Target,No,0,None,ADHD
988,Non-Target,No,0,None,ADHD
989,Target,Yes,590,None,ADHD
990,Target,Yes,804,None,ADHD
991,Non-Target,No,0,None,ADHD
992,Non-Target,No,0,None,ADHD
993,Non-Target,No,0,None,ADHD
994,Target,Yes,611,None,ADHD
995,Non-Target,No,0,None,ADHD
996,Non-Target,Yes,1100,Commission,ADHD
997,Target,No,0,Omission,ADHD
998,Non-Target,Yes,892,Commission,ADHD
999,Non-Target,No,0,None,ADHD
1000,Non-Target,No,0,None,ADHD
1001,Non-Target,No,0,None,ADHD
1002,Non-Target,No,0,None,ADHD
1003,Non-Target,No,0,None,ADHD
1004,Non-Target,No,0,None,ADHD
1005,Non-Target,No,0,None,ADHD
1006,Non-Target,Yes,745,Commission,ADHD
1007,Target,No,0,Omission,ADHD
1008,Target,Yes,901,None,ADHD
1009,Target,Yes,732,None,ADHD
1010,Target,Yes,858,None,ADHD
1011,Non-Target,No,0,None,ADHD
1012,Non-Target,No,0,None,ADHD
1013,Non-Target,Yes,821,Commission,ADHD
1014,Target,Yes,634,None,ADHD
1015,Non-Target,No,0,None,ADHD
1016,Target,No,0,Omission,ADHD
1017,Non-Target,No,0,None,ADHD
1018,Non-Target,No,0,None,ADHD
1019,Non-Target,No,0,None,ADHD
1020,Non-Target,Yes,535,Commission,ADHD
1021,Target,Yes,742,None,ADHD
1022,Non-Target,No,0,None,ADHD
1023,Target,Yes,677,None,ADHD
1024,Target,No,0,Omission,ADHD
1025,Non-Target,No,0,None,ADHD
1026,Non-Target,Yes,644,Commission,ADHD
1027,Target,Yes,801,None,ADHD
1028,Non-Target,No,0,None,ADHD
1029,Non-Target,No,0,None,ADHD
1030,Target,Yes,719,None,ADHD
1031,Target,Yes,742,None,ADHD
1032,Non-Target,Yes,793,Commission,ADHD
1033,Target,Yes,774,None,ADHD
1034,Non-Target,No,0,None,ADHD
1035,Target,Yes,811,None,ADHD
1036,Target,No,0,Omission,ADHD
1037,Non-Target,No,0,None,ADHD
1038,Non-Target,No,0,None,ADHD
1039,Non-Target,No,0,None,ADHD
1040,Non-Target,No,0,None,ADHD
1041,Target,Yes,819,None,ADHD
1042,Non-Target,Yes,646,Commission,ADHD
1043,Non-Target,No,0,None,ADHD
1044,Target,Yes,826,None,ADHD
1045,Target,Yes,885,None,ADHD
1046,Non-Target,No,0,None,ADHD
1047,Target,Yes,807,None,ADHD
1048,Target,Yes,663,None,ADHD
1049,Non-Target,No,0,None,ADHD
1050,Non-Target,No,0,None,ADHD
1051,Non-Target,No,0,None,ADHD
1052,Target,Yes,844,None,ADHD
1053,Non-Target,No,0,None,ADHD
1054,Non-Target,No,0,None,ADHD
1055,Non-Target,No,0,None,ADHD
1056,Non-Target,Yes,770,Commission,ADHD
1057,Non-Target,No,0,None,ADHD
1058,Non-Target,No,0,None,ADHD
1059,Non-Target,No,0,None,ADHD
1060,Non-Target,No,0,None,ADHD
1061,Non-Target,No,0,None,ADHD
1062,Target,Yes,862,None,ADHD
1063,Target,Yes,550,None,ADHD
1064,Target,Yes,821,None,ADHD
1065,Target,Yes,437,None,ADHD
1066,Non-Target,No,0,None,ADHD
1067,Non-Target,No,0,None,ADHD
1068,Target,Yes,755,None,ADHD
1069,Non-Target,Yes,927,Commission,ADHD
1070,Target,Yes,802,None,ADHD
1071,Non-Target,No,0,None,ADHD
1072,Target,Yes,696,None,ADHD
1073,Non-Target,No,0,None,ADHD
1074,Target,Yes,716,None,ADHD
1075,Non-Target,No,0,None,ADHD
1076,Non-Target,No,0,None,ADHD
1077,Non-Target,No,0,None,ADHD
1078,Non-Target,No,0,None,ADHD
1079,Non-Target,No,0,None,ADHD
1080,Target,Yes,807,None,ADHD
1081,Non-Target,No,0,None,ADHD
1082,Non-Target,No,0,None,ADHD
1083,Non-Target,No,0,None,ADHD
1084,Non-Target,No,0,None,ADHD
1085,Non-Target,No,0,None,ADHD
1086,Non-Target,No,0,None,ADHD
1087,Non-Target,Yes,835,Commission,ADHD
1088,Non-Target,Yes,527,Commission,ADHD
1089,Non-Target,Yes,974,Commission,ADHD
1090,Non-Target,Yes,733,Commission,ADHD
1091,Non-Target,No,0,None,ADHD
1092,Non-Target,No,0,None,ADHD
1093,Non-Target,Yes,731,Commission,ADHD
1094,Non-Target,No,0,None,ADHD
1095,Target,Yes,808,None,ADHD
1096,Non-Target,No,0,None,ADHD
1097,Target,Yes,831,None,ADHD
1098,Target,No,0,Omission,ADHD
1099,Non-Target,No,0,None,ADHD
1100,Target,No,0,Omission,ADHD
1101,Non-Target,Yes,638,Commission,ADHD
1102,Non-Target,No,0,None,ADHD
1103,Non-Target,No,0,None,ADHD
1104,Non-Target,No,0,None,ADHD
1105,Non-Target,Yes,856,Commission,ADHD
1106,Non-Target,No,0,None,ADHD
1107,Non-Target,No,0,None,ADHD
1108,Target,Yes,732,None,ADHD
1109,Non-Target,No,0,None,ADHD
1110,Non-Target,No,0,None,ADHD
1111,Non-Target,No,0,None,ADHD
1112,Non-Target,No,0,None,ADHD
1113,Non-Target,No,0,None,ADHD
1114,Non-Target,Yes,565,Commission,ADHD
1115,Non-Target,No,0,None,ADHD
1116,Non-Target,No,0,None,ADHD
1117,Non-Target,No,0,None,ADHD
1118,Non-Target,No,0,None,ADHD
1119,Target,Yes,908,None,ADHD
1120,Non-Target,No,0,None,ADHD
1121,Target,Yes,582,None,ADHD
1122,Non-Target,No,0,None,ADHD
1123,Non-Target,Yes,656,Commission,ADHD
1124,Non-Target,No,0,None,ADHD
1125,Non-Target,No,0,None,ADHD
1126,Non-Target,No,0,None,ADHD
1127,Non-Target,Yes,649,Commission,ADHD
1128,Non-Target,No,0,None,ADHD
1129,Non-Target,No,0,None,ADHD
1130,Target,No,0,Omission,ADHD
1131,Target,No,0,Omission,ADHD
1132,Target,Yes,658,None,ADHD
1133,Non-Target,No,0,None,ADHD
1134,Non-Target,No,0,None,ADHD
1135,Non-Target,No,0,None,ADHD
1136,Non-Target,No,0,None,ADHD
1137,Target,No,0,Omission,ADHD
1138,Non-Target,No,0,None,ADHD
1139,Non-Target,No,0,None,ADHD
1140,Non-Target,No,0,None,ADHD
1141,Non-Target,Yes,730,Commission,ADHD
1142,Non-Target,No,0,None,ADHD
1143,Non-Target,No,0,None,ADHD
1144,Non-Target,No,0,None,ADHD
1145,Non-Target,No,0,None,ADHD
1146,Non-Target,No,0,None,ADHD
1147,Non-Target,No,0,None,ADHD
1148,Non-Target,Yes,650,Commission,ADHD
1149,Target,Yes,719,None,ADHD
1150,Non-Target,No,0,None,ADHD
1151,Non-Target,No,0,None,ADHD
1152,Non-Target,No,0,None,ADHD
1153,Non-Target,No,0,None,ADHD
1154,Non-Target,Yes,755,Commission,ADHD
1155,Non-Target,No,0,None,ADHD
1156,Non-Target,No,0,None,ADHD
1157,Target,Yes,908,None,ADHD
1158,Non-Target,Yes,720,Commission,ADHD
1159,Target,Yes,710,None,ADHD
1160,Non-Target,No,0,None,ADHD
1161,Target,Yes,829,None,ADHD
1162,Non-Target,Yes,794,Commission,ADHD
1163,Non-Target,No,0,None,ADHD
1164,Non-Target,No,0,None,ADHD
1165,Target,Yes,851,None,ADHD
1166,Non-Target,No,0,None,ADHD
1167,Non-Target,No,0,None,ADHD
1168,Non-Target,No,0,None,ADHD
1169,Target,Yes,839,None,ADHD
1170,Non-Target,No,0,None,ADHD
1171,Non-Target,Yes,753,Commission,ADHD
1172,Non-Target,No,0,None,ADHD
1173,Non-Target,No,0,None,ADHD
1174,Non-Target,No,0,None,ADHD
1175,Non-Target,No,0,None,ADHD
1176,Non-Target,No,0,None,ADHD
1177,Non-Target,No,0,None,ADHD
1178,Target,Yes,485,None,ADHD
1179,Target,Yes,700,None,ADHD
1180,Non-Target,No,0,None,ADHD
1181,Non-Target,No,0,None,ADHD
1182,Non-Target,No,0,None,ADHD
1183,Target,Yes,614,None,ADHD
1184,Non-Target,Yes,603,Commission,ADHD
1185,Target,Yes,1065,None,ADHD
1186,Target,Yes,632,None,ADHD
1187,Non-Target,No,0,None,ADHD
1188,Target,Yes,738,None,ADHD
1189,Non-Target,No,0,None,ADHD
1190,Non-Target,Yes,721,Commission,ADHD
1191,Non-Target,Yes,685,Commission,ADHD
1192,Non-Target,Yes,890,Commission,ADHD
1193,Non-Target,No,0,None,ADHD
1194,Non-Target,No,0,None,ADHD
1195,Non-Target,No,0,None,ADHD
1196,Non-Target,Yes,639,Commission,ADHD
1197,Non-Target,Yes,615,Commission,ADHD
1198,Non-Target,No,0,None,ADHD
1199,Non-Target,No,0,None,ADHD
1200,Target,Yes,1005,None,ADHD
