Trial,StimulusType,Reaction,ReactionTime(ms),ErrorType,Label
1,Target,Yes,715,None,ADHD
2,Non-Target,No,0,None,ADHD
3,Non-Target,No,0,None,ADHD
4,Non-Target,No,0,None,ADHD
5,Non-Target,No,0,None,ADHD
6,Target,Yes,661,None,ADHD
7,Target,Yes,627,None,ADHD
8,Non-Target,Yes,446,Commission,ADHD
9,Non-Target,No,0,None,ADHD
10,Non-Target,Yes,701,Commission,ADHD
11,Non-Target,No,0,None,ADHD
12,Non-Target,No,0,None,ADHD
13,Non-Target,No,0,None,ADHD
14,Non-Target,No,0,None,ADHD
15,Target,No,0,Omission,ADHD
16,Non-Target,No,0,None,ADHD
17,Non-Target,No,0,None,ADHD
18,Target,Yes,705,None,ADHD
19,Non-Target,No,0,None,ADHD
20,Non-Target,No,0,None,ADHD
21,Target,Yes,868,None,ADHD
22,Non-Target,No,0,None,ADHD
23,Non-Target,Yes,665,Commission,ADHD
24,Non-Target,No,0,None,ADHD
25,Non-Target,Yes,449,Commission,ADHD
26,Non-Target,Yes,509,Commission,ADHD
27,Non-Target,No,0,None,ADHD
28,Non-Target,No,0,None,ADHD
29,Non-Target,No,0,None,ADHD
30,Non-Target,No,0,None,ADHD
31,Target,No,0,Omission,ADHD
32,Non-Target,No,0,None,ADHD
33,Non-Target,No,0,None,ADHD
34,Non-Target,No,0,None,ADHD
35,Non-Target,No,0,None,ADHD
36,Target,Yes,541,None,ADHD
37,Non-Target,No,0,None,ADHD
38,Non-Target,Yes,412,Commission,ADHD
39,Non-Target,No,0,None,ADHD
40,Target,Yes,875,None,ADHD
41,Non-Target,No,0,None,ADHD
42,Non-Target,Yes,670,Commission,ADHD
43,Target,Yes,392,None,ADHD
44,Non-Target,No,0,None,ADHD
45,Target,Yes,678,None,ADHD
46,Non-Target,No,0,None,ADHD
47,Non-Target,Yes,672,Commission,ADHD
48,Non-Target,No,0,None,ADHD
49,Target,Yes,735,None,ADHD
50,Target,Yes,702,None,ADHD
51,Non-Target,No,0,None,ADHD
52,Target,Yes,655,None,ADHD
53,Non-Target,No,0,None,ADHD
54,Target,Yes,547,None,ADHD
55,Target,Yes,613,None,ADHD
56,Non-Target,No,0,None,ADHD
57,Non-Target,No,0,None,ADHD
58,Non-Target,No,0,None,ADHD
59,Non-Target,No,0,None,ADHD
60,Target,Yes,618,None,ADHD
61,Non-Target,No,0,None,ADHD
62,Non-Target,No,0,None,ADHD
63,Non-Target,No,0,None,ADHD
64,Non-Target,No,0,None,ADHD
65,Target,No,0,Omission,ADHD
66,Non-Target,No,0,None,ADHD
67,Non-Target,No,0,None,ADHD
68,Non-Target,No,0,None,ADHD
69,Non-Target,No,0,None,ADHD
70,Non-Target,No,0,None,ADHD
71,Target,Yes,755,None,ADHD
72,Non-Target,No,0,None,ADHD
73,Non-Target,No,0,None,ADHD
74,Non-Target,No,0,None,ADHD
75,Target,Yes,786,None,ADHD
76,Non-Target,No,0,None,ADHD
77,Non-Target,No,0,None,ADHD
78,Target,Yes,1069,None,ADHD
79,Non-Target,Yes,623,Commission,ADHD
80,Non-Target,No,0,None,ADHD
81,Non-Target,No,0,None,ADHD
82,Non-Target,No,0,None,ADHD
83,Non-Target,No,0,None,ADHD
84,Non-Target,No,0,None,ADHD
85,Non-Target,No,0,None,ADHD
86,Non-Target,No,0,None,ADHD
87,Non-Target,No,0,None,ADHD
88,Non-Target,No,0,None,ADHD
89,Non-Target,No,0,None,ADHD
90,Non-Target,No,0,None,ADHD
91,Non-Target,No,0,None,ADHD
92,Target,Yes,638,None,ADHD
93,Non-Target,No,0,None,ADHD
94,Target,Yes,1051,None,ADHD
95,Non-Target,No,0,None,ADHD
96,Non-Target,No,0,None,ADHD
97,Non-Target,Yes,547,Commission,ADHD
98,Non-Target,No,0,None,ADHD
99,Non-Target,No,0,None,ADHD
100,Non-Target,No,0,None,ADHD
101,Target,Yes,573,None,ADHD
102,Non-Target,No,0,None,ADHD
103,Target,Yes,726,None,ADHD
104,Target,Yes,431,None,ADHD
105,Non-Target,No,0,None,ADHD
106,Non-Target,Yes,866,Commission,ADHD
107,Target,No,0,Omission,ADHD
108,Non-Target,No,0,None,ADHD
109,Non-Target,No,0,None,ADHD
110,Non-Target,No,0,None,ADHD
111,Non-Target,No,0,None,ADHD
112,Non-Target,No,0,None,ADHD
113,Non-Target,Yes,754,Commission,ADHD
114,Non-Target,No,0,None,ADHD
115,Non-Target,No,0,None,ADHD
116,Non-Target,Yes,803,Commission,ADHD
117,Non-Target,No,0,None,ADHD
118,Non-Target,No,0,None,ADHD
119,Target,Yes,662,None,ADHD
120,Non-Target,No,0,None,ADHD
121,Non-Target,No,0,None,ADHD
122,Non-Target,No,0,None,ADHD
123,Non-Target,No,0,None,ADHD
124,Non-Target,No,0,None,ADHD
125,Target,Yes,657,None,ADHD
126,Non-Target,No,0,None,ADHD
127,Non-Target,No,0,None,ADHD
128,Target,Yes,580,None,ADHD
129,Non-Target,Yes,577,Commission,ADHD
130,Target,No,0,Omission,ADHD
131,Non-Target,Yes,700,Commission,ADHD
132,Target,Yes,823,None,ADHD
133,Non-Target,No,0,None,ADHD
134,Target,Yes,484,None,ADHD
135,Non-Target,No,0,None,ADHD
136,Target,Yes,591,None,ADHD
137,Non-Target,No,0,None,ADHD
138,Non-Target,No,0,None,ADHD
139,Target,Yes,759,None,ADHD
140,Non-Target,No,0,None,ADHD
141,Non-Target,No,0,None,ADHD
142,Non-Target,No,0,None,ADHD
143,Target,Yes,967,None,ADHD
144,Non-Target,No,0,None,ADHD
145,Non-Target,No,0,None,ADHD
146,Non-Target,No,0,None,ADHD
147,Non-Target,No,0,None,ADHD
148,Target,Yes,786,None,ADHD
149,Non-Target,No,0,None,ADHD
150,Target,Yes,823,None,ADHD
151,Non-Target,No,0,None,ADHD
152,Non-Target,No,0,None,ADHD
153,Non-Target,No,0,None,ADHD
154,Non-Target,No,0,None,ADHD
155,Non-Target,No,0,None,ADHD
156,Non-Target,No,0,None,ADHD
157,Target,Yes,773,None,ADHD
158,Non-Target,No,0,None,ADHD
159,Target,Yes,663,None,ADHD
160,Non-Target,Yes,631,Commission,ADHD
161,Non-Target,No,0,None,ADHD
162,Non-Target,No,0,None,ADHD
163,Non-Target,No,0,None,ADHD
164,Non-Target,No,0,None,ADHD
165,Non-Target,No,0,None,ADHD
166,Non-Target,No,0,None,ADHD
167,Non-Target,No,0,None,ADHD
168,Non-Target,No,0,None,ADHD
169,Non-Target,No,0,None,ADHD
170,Target,Yes,689,None,ADHD
171,Non-Target,No,0,None,ADHD
172,Target,Yes,726,None,ADHD
173,Target,Yes,815,None,ADHD
174,Target,Yes,822,None,ADHD
175,Non-Target,No,0,None,ADHD
176,Non-Target,No,0,None,ADHD
177,Target,No,0,Omission,ADHD
178,Non-Target,No,0,None,ADHD
179,Non-Target,No,0,None,ADHD
180,Non-Target,No,0,None,ADHD
181,Non-Target,Yes,652,Commission,ADHD
182,Non-Target,No,0,None,ADHD
183,Non-Target,Yes,772,Commission,ADHD
184,Non-Target,No,0,None,ADHD
185,Target,Yes,964,None,ADHD
186,Target,Yes,778,None,ADHD
187,Non-Target,No,0,None,ADHD
188,Target,Yes,779,None,ADHD
189,Target,Yes,538,None,ADHD
190,Target,Yes,879,None,ADHD
191,Target,Yes,823,None,ADHD
192,Target,Yes,608,None,ADHD
193,Non-Target,No,0,None,ADHD
194,Target,Yes,515,None,ADHD
195,Target,Yes,729,None,ADHD
196,Non-Target,Yes,643,Commission,ADHD
197,Non-Target,No,0,None,ADHD
198,Target,Yes,473,None,ADHD
199,Non-Target,No,0,None,ADHD
200,Non-Target,No,0,None,ADHD
201,Non-Target,No,0,None,ADHD
202,Non-Target,Yes,572,Commission,ADHD
203,Non-Target,No,0,None,ADHD
204,Non-Target,No,0,None,ADHD
205,Target,No,0,Omission,ADHD
206,Non-Target,No,0,None,ADHD
207,Non-Target,No,0,None,ADHD
208,Non-Target,No,0,None,ADHD
209,Non-Target,No,0,None,ADHD
210,Non-Target,No,0,None,ADHD
211,Non-Target,Yes,496,Commission,ADHD
212,Non-Target,No,0,None,ADHD
213,Non-Target,No,0,None,ADHD
214,Target,Yes,793,None,ADHD
215,Non-Target,No,0,None,ADHD
216,Non-Target,No,0,None,ADHD
217,Non-Target,No,0,None,ADHD
218,Target,Yes,736,None,ADHD
219,Target,Yes,686,None,ADHD
220,Non-Target,No,0,None,ADHD
221,Non-Target,No,0,None,ADHD
222,Non-Target,No,0,None,ADHD
223,Non-Target,Yes,965,Commission,ADHD
224,Non-Target,Yes,837,Commission,ADHD
225,Target,Yes,665,None,ADHD
226,Non-Target,No,0,None,ADHD
227,Non-Target,No,0,None,ADHD
228,Non-Target,No,0,None,ADHD
229,Target,Yes,538,None,ADHD
230,Non-Target,Yes,766,Commission,ADHD
231,Target,Yes,905,None,ADHD
232,Non-Target,No,0,None,ADHD
233,Non-Target,No,0,None,ADHD
234,Target,Yes,647,None,ADHD
235,Non-Target,No,0,None,ADHD
236,Target,Yes,744,None,ADHD
237,Non-Target,No,0,None,ADHD
238,Non-Target,No,0,None,ADHD
239,Non-Target,No,0,None,ADHD
240,Non-Target,No,0,None,ADHD
241,Target,Yes,643,None,ADHD
242,Non-Target,No,0,None,ADHD
243,Target,Yes,761,None,ADHD
244,Non-Target,No,0,None,ADHD
245,Non-Target,Yes,339,Commission,ADHD
246,Non-Target,No,0,None,ADHD
247,Target,Yes,724,None,ADHD
248,Target,Yes,770,None,ADHD
249,Target,Yes,454,None,ADHD
250,Target,Yes,703,None,ADHD
251,Target,Yes,770,None,ADHD
252,Non-Target,No,0,None,ADHD
253,Target,Yes,541,None,ADHD
254,Target,Yes,567,None,ADHD
255,Non-Target,No,0,None,ADHD
256,Non-Target,No,0,None,ADHD
257,Non-Target,No,0,None,ADHD
258,Target,No,0,Omission,ADHD
259,Target,Yes,734,None,ADHD
260,Non-Target,No,0,None,ADHD
261,Target,Yes,417,None,ADHD
262,Non-Target,No,0,None,ADHD
263,Target,Yes,734,None,ADHD
264,Non-Target,Yes,561,Commission,ADHD
265,Target,Yes,391,None,ADHD
266,Non-Target,Yes,723,Commission,ADHD
267,Non-Target,Yes,713,Commission,ADHD
268,Non-Target,No,0,None,ADHD
269,Non-Target,No,0,None,ADHD
270,Non-Target,No,0,None,ADHD
271,Target,No,0,Omission,ADHD
272,Non-Target,No,0,None,ADHD
273,Target,Yes,898,None,ADHD
274,Non-Target,No,0,None,ADHD
275,Target,Yes,845,None,ADHD
276,Non-Target,No,0,None,ADHD
277,Target,Yes,123,None,ADHD
278,Target,Yes,692,None,ADHD
279,Non-Target,No,0,None,ADHD
280,Non-Target,No,0,None,ADHD
281,Non-Target,Yes,404,Commission,ADHD
282,Target,Yes,1079,None,ADHD
283,Non-Target,No,0,None,ADHD
284,Non-Target,No,0,None,ADHD
285,Non-Target,No,0,None,ADHD
286,Non-Target,No,0,None,ADHD
287,Target,Yes,704,None,ADHD
288,Target,No,0,Omission,ADHD
289,Non-Target,Yes,539,Commission,ADHD
290,Non-Target,No,0,None,ADHD
291,Non-Target,No,0,None,ADHD
292,Non-Target,No,0,None,ADHD
293,Target,Yes,451,None,ADHD
294,Target,Yes,527,None,ADHD
295,Non-Target,No,0,None,ADHD
296,Non-Target,No,0,None,ADHD
297,Non-Target,Yes,630,Commission,ADHD
298,Non-Target,No,0,None,ADHD
299,Target,Yes,483,None,ADHD
300,Non-Target,No,0,None,ADHD
301,Target,No,0,Omission,ADHD
302,Non-Target,No,0,None,ADHD
303,Non-Target,No,0,None,ADHD
304,Target,Yes,640,None,ADHD
305,Target,Yes,459,None,ADHD
306,Non-Target,No,0,None,ADHD
307,Non-Target,No,0,None,ADHD
308,Non-Target,No,0,None,ADHD
309,Target,Yes,702,None,ADHD
310,Non-Target,No,0,None,ADHD
311,Non-Target,Yes,612,Commission,ADHD
312,Non-Target,No,0,None,ADHD
313,Target,Yes,534,None,ADHD
314,Non-Target,No,0,None,ADHD
315,Non-Target,Yes,566,Commission,ADHD
316,Non-Target,No,0,None,ADHD
317,Non-Target,No,0,None,ADHD
318,Non-Target,No,0,None,ADHD
319,Target,Yes,735,None,ADHD
320,Non-Target,No,0,None,ADHD
321,Non-Target,No,0,None,ADHD
322,Target,Yes,820,None,ADHD
323,Target,Yes,649,None,ADHD
324,Target,Yes,924,None,ADHD
325,Target,No,0,Omission,ADHD
326,Non-Target,Yes,572,Commission,ADHD
327,Non-Target,No,0,None,ADHD
328,Non-Target,No,0,None,ADHD
329,Non-Target,No,0,None,ADHD
330,Non-Target,No,0,None,ADHD
331,Non-Target,Yes,420,Commission,ADHD
332,Non-Target,Yes,582,Commission,ADHD
333,Non-Target,No,0,None,ADHD
334,Non-Target,No,0,None,ADHD
335,Non-Target,No,0,None,ADHD
336,Non-Target,Yes,625,Commission,ADHD
337,Non-Target,No,0,None,ADHD
338,Non-Target,No,0,None,ADHD
339,Target,Yes,815,None,ADHD
340,Non-Target,No,0,None,ADHD
341,Target,Yes,663,None,ADHD
342,Non-Target,No,0,None,ADHD
343,Non-Target,No,0,None,ADHD
344,Target,No,0,Omission,ADHD
345,Target,Yes,721,None,ADHD
346,Non-Target,No,0,None,ADHD
347,Non-Target,No,0,None,ADHD
348,Target,Yes,700,None,ADHD
349,Target,No,0,Omission,ADHD
350,Target,Yes,684,None,ADHD
351,Target,Yes,714,None,ADHD
352,Non-Target,No,0,None,ADHD
353,Non-Target,No,0,None,ADHD
354,Non-Target,No,0,None,ADHD
355,Non-Target,No,0,None,ADHD
356,Non-Target,No,0,None,ADHD
357,Target,Yes,463,None,ADHD
358,Target,Yes,603,None,ADHD
359,Non-Target,No,0,None,ADHD
360,Non-Target,No,0,None,ADHD
361,Non-Target,Yes,770,Commission,ADHD
362,Target,Yes,738,None,ADHD
363,Target,Yes,967,None,ADHD
364,Non-Target,No,0,None,ADHD
365,Non-Target,No,0,None,ADHD
366,Non-Target,No,0,None,ADHD
367,Non-Target,No,0,None,ADHD
368,Target,Yes,747,None,ADHD
369,Non-Target,No,0,None,ADHD
370,Non-Target,No,0,None,ADHD
371,Non-Target,No,0,None,ADHD
372,Non-Target,No,0,None,ADHD
373,Non-Target,No,0,None,ADHD
374,Non-Target,No,0,None,ADHD
375,Non-Target,No,0,None,ADHD
376,Non-Target,No,0,None,ADHD
377,Non-Target,No,0,None,ADHD
378,Non-Target,No,0,None,ADHD
379,Non-Target,No,0,None,ADHD
380,Non-Target,No,0,None,ADHD
381,Non-Target,Yes,808,Commission,ADHD
382,Target,Yes,866,None,ADHD
383,Target,Yes,764,None,ADHD
384,Non-Target,No,0,None,ADHD
385,Non-Target,No,0,None,ADHD
386,Target,Yes,929,None,ADHD
387,Target,Yes,660,None,ADHD
388,Non-Target,No,0,None,ADHD
389,Target,No,0,Omission,ADHD
390,Non-Target,No,0,None,ADHD
391,Non-Target,No,0,None,ADHD
392,Non-Target,No,0,None,ADHD
393,Target,Yes,619,None,ADHD
394,Non-Target,No,0,None,ADHD
395,Non-Target,No,0,None,ADHD
396,Non-Target,Yes,897,Commission,ADHD
397,Non-Target,No,0,None,ADHD
398,Non-Target,Yes,637,Commission,ADHD
399,Target,No,0,Omission,ADHD
400,Non-Target,No,0,None,ADHD
401,Non-Target,No,0,None,ADHD
402,Non-Target,No,0,None,ADHD
403,Non-Target,No,0,None,ADHD
404,Non-Target,No,0,None,ADHD
405,Non-Target,No,0,None,ADHD
406,Target,Yes,652,None,ADHD
407,Target,Yes,575,None,ADHD
408,Non-Target,No,0,None,ADHD
409,Target,Yes,679,None,ADHD
410,Target,Yes,645,None,ADHD
411,Target,Yes,696,None,ADHD
412,Non-Target,No,0,None,ADHD
413,Non-Target,No,0,None,ADHD
414,Non-Target,No,0,None,ADHD
415,Non-Target,No,0,None,ADHD
416,Non-Target,No,0,None,ADHD
417,Target,Yes,920,None,ADHD
418,Non-Target,No,0,None,ADHD
419,Target,Yes,440,None,ADHD
420,Non-Target,No,0,None,ADHD
421,Target,Yes,862,None,ADHD
422,Target,Yes,667,None,ADHD
423,Non-Target,No,0,None,ADHD
424,Non-Target,No,0,None,ADHD
425,Target,No,0,Omission,ADHD
426,Target,No,0,Omission,ADHD
427,Non-Target,No,0,None,ADHD
428,Target,No,0,Omission,ADHD
429,Non-Target,No,0,None,ADHD
430,Target,No,0,Omission,ADHD
431,Non-Target,No,0,None,ADHD
432,Non-Target,No,0,None,ADHD
433,Target,Yes,951,None,ADHD
434,Non-Target,No,0,None,ADHD
435,Non-Target,No,0,None,ADHD
436,Non-Target,No,0,None,ADHD
437,Non-Target,No,0,None,ADHD
438,Non-Target,No,0,None,ADHD
439,Non-Target,No,0,None,ADHD
440,Target,Yes,627,None,ADHD
441,Non-Target,No,0,None,ADHD
442,Target,Yes,565,None,ADHD
443,Target,Yes,829,None,ADHD
444,Non-Target,Yes,550,Commission,ADHD
445,Non-Target,No,0,None,ADHD
446,Non-Target,No,0,None,ADHD
447,Non-Target,No,0,None,ADHD
448,Non-Target,No,0,None,ADHD
449,Non-Target,No,0,None,ADHD
450,Non-Target,No,0,None,ADHD
451,Non-Target,No,0,None,ADHD
452,Non-Target,Yes,822,Commission,ADHD
453,Non-Target,No,0,None,ADHD
454,Target,Yes,792,None,ADHD
455,Target,Yes,689,None,ADHD
456,Non-Target,No,0,None,ADHD
457,Non-Target,Yes,566,Commission,ADHD
458,Non-Target,No,0,None,ADHD
459,Non-Target,No,0,None,ADHD
460,Non-Target,No,0,None,ADHD
461,Target,Yes,759,None,ADHD
462,Non-Target,No,0,None,ADHD
463,Target,Yes,737,None,ADHD
464,Non-Target,No,0,None,ADHD
465,Non-Target,No,0,None,ADHD
466,Non-Target,No,0,None,ADHD
467,Non-Target,No,0,None,ADHD
468,Non-Target,No,0,None,ADHD
469,Non-Target,No,0,None,ADHD
470,Non-Target,No,0,None,ADHD
471,Non-Target,Yes,479,Commission,ADHD
472,Non-Target,No,0,None,ADHD
473,Target,Yes,962,None,ADHD
474,Non-Target,No,0,None,ADHD
475,Non-Target,No,0,None,ADHD
476,Target,Yes,720,None,ADHD
477,Target,No,0,Omission,ADHD
478,Target,Yes,828,None,ADHD
479,Non-Target,Yes,751,Commission,ADHD
480,Non-Target,No,0,None,ADHD
481,Non-Target,No,0,None,ADHD
482,Target,No,0,Omission,ADHD
483,Non-Target,No,0,None,ADHD
484,Non-Target,No,0,None,ADHD
485,Target,No,0,Omission,ADHD
486,Target,Yes,506,None,ADHD
487,Target,Yes,647,None,ADHD
488,Non-Target,No,0,None,ADHD
489,Target,Yes,438,None,ADHD
490,Non-Target,Yes,567,Commission,ADHD
491,Non-Target,No,0,None,ADHD
492,Non-Target,Yes,563,Commission,ADHD
493,Non-Target,No,0,None,ADHD
494,Non-Target,No,0,None,ADHD
495,Target,No,0,Omission,ADHD
496,Non-Target,No,0,None,ADHD
497,Target,Yes,667,None,ADHD
498,Non-Target,No,0,None,ADHD
499,Non-Target,No,0,None,ADHD
500,Non-Target,No,0,None,ADHD
501,Target,Yes,615,None,ADHD
502,Non-Target,No,0,None,ADHD
503,Non-Target,No,0,None,ADHD
504,Target,Yes,729,None,ADHD
505,Non-Target,No,0,None,ADHD
506,Non-Target,No,0,None,ADHD
507,Non-Target,No,0,None,ADHD
508,Non-Target,No,0,None,ADHD
509,Non-Target,No,0,None,ADHD
510,Non-Target,No,0,None,ADHD
511,Target,Yes,623,None,ADHD
512,Non-Target,No,0,None,ADHD
513,Non-Target,No,0,None,ADHD
514,Non-Target,No,0,None,ADHD
515,Non-Target,No,0,None,ADHD
516,Non-Target,No,0,None,ADHD
517,Non-Target,No,0,None,ADHD
518,Non-Target,No,0,None,ADHD
519,Non-Target,No,0,None,ADHD
520,Non-Target,Yes,584,Commission,ADHD
521,Target,Yes,657,None,ADHD
522,Non-Target,No,0,None,ADHD
523,Non-Target,No,0,None,ADHD
524,Non-Target,No,0,None,ADHD
525,Non-Target,No,0,None,ADHD
526,Non-Target,No,0,None,ADHD
527,Non-Target,Yes,909,Commission,ADHD
528,Non-Target,No,0,None,ADHD
529,Target,No,0,Omission,ADHD
530,Target,Yes,741,None,ADHD
531,Non-Target,No,0,None,ADHD
532,Non-Target,No,0,None,ADHD
533,Target,No,0,Omission,ADHD
534,Target,Yes,754,None,ADHD
535,Non-Target,No,0,None,ADHD
536,Non-Target,No,0,None,ADHD
537,Non-Target,No,0,None,ADHD
538,Target,Yes,694,None,ADHD
539,Non-Target,No,0,None,ADHD
540,Target,Yes,546,None,ADHD
541,Non-Target,No,0,None,ADHD
542,Non-Target,No,0,None,ADHD
543,Non-Target,No,0,None,ADHD
544,Non-Target,Yes,736,Commission,ADHD
545,Non-Target,No,0,None,ADHD
546,Target,Yes,669,None,ADHD
547,Non-Target,No,0,None,ADHD
548,Non-Target,No,0,None,ADHD
549,Non-Target,No,0,None,ADHD
550,Non-Target,No,0,None,ADHD
551,Non-Target,No,0,None,ADHD
552,Non-Target,No,0,None,ADHD
553,Non-Target,No,0,None,ADHD
554,Target,Yes,563,None,ADHD
555,Non-Target,No,0,None,ADHD
556,Non-Target,Yes,636,Commission,ADHD
557,Non-Target,Yes,663,Commission,ADHD
558,Non-Target,No,0,None,ADHD
559,Non-Target,No,0,None,ADHD
560,Target,No,0,Omission,ADHD
561,Non-Target,No,0,None,ADHD
562,Non-Target,No,0,None,ADHD
563,Non-Target,No,0,None,ADHD
564,Non-Target,No,0,None,ADHD
565,Non-Target,No,0,None,ADHD
566,Target,Yes,670,None,ADHD
567,Non-Target,Yes,709,Commission,ADHD
568,Non-Target,No,0,None,ADHD
569,Non-Target,No,0,None,ADHD
570,Target,Yes,617,None,ADHD
571,Non-Target,No,0,None,ADHD
572,Non-Target,No,0,None,ADHD
573,Non-Target,No,0,None,ADHD
574,Non-Target,No,0,None,ADHD
575,Non-Target,No,0,None,ADHD
576,Non-Target,No,0,None,ADHD
577,Target,Yes,665,None,ADHD
578,Target,Yes,649,None,ADHD
579,Non-Target,No,0,None,ADHD
580,Non-Target,No,0,None,ADHD
581,Non-Target,No,0,None,ADHD
582,Non-Target,No,0,None,ADHD
583,Non-Target,No,0,None,ADHD
584,Non-Target,No,0,None,ADHD
585,Non-Target,No,0,None,ADHD
586,Target,Yes,579,None,ADHD
587,Target,No,0,Omission,ADHD
588,Non-Target,No,0,None,ADHD
589,Non-Target,No,0,None,ADHD
590,Non-Target,No,0,None,ADHD
591,Non-Target,Yes,654,Commission,ADHD
592,Non-Target,No,0,None,ADHD
593,Non-Target,No,0,None,ADHD
594,Non-Target,No,0,None,ADHD
595,Non-Target,No,0,None,ADHD
596,Target,Yes,840,None,ADHD
597,Non-Target,No,0,None,ADHD
598,Target,No,0,Omission,ADHD
599,Non-Target,Yes,624,Commission,ADHD
600,Non-Target,No,0,None,ADHD
601,Non-Target,No,0,None,ADHD
602,Target,Yes,739,None,ADHD
603,Non-Target,No,0,None,ADHD
604,Non-Target,Yes,801,Commission,ADHD
605,Target,No,0,Omission,ADHD
606,Target,Yes,811,None,ADHD
607,Target,Yes,834,None,ADHD
608,Target,Yes,947,None,ADHD
609,Non-Target,No,0,None,ADHD
610,Non-Target,No,0,None,ADHD
611,Target,Yes,724,None,ADHD
612,Target,Yes,380,None,ADHD
613,Target,Yes,507,None,ADHD
614,Non-Target,No,0,None,ADHD
615,Target,Yes,719,None,ADHD
616,Target,Yes,829,None,ADHD
617,Non-Target,No,0,None,ADHD
618,Non-Target,No,0,None,ADHD
619,Non-Target,No,0,None,ADHD
620,Target,Yes,545,None,ADHD
621,Target,Yes,758,None,ADHD
622,Target,Yes,809,None,ADHD
623,Target,No,0,Omission,ADHD
624,Non-Target,No,0,None,ADHD
625,Target,Yes,648,None,ADHD
626,Target,No,0,Omission,ADHD
627,Target,Yes,827,None,ADHD
628,Target,Yes,658,None,ADHD
629,Non-Target,No,0,None,ADHD
630,Target,Yes,746,None,ADHD
631,Target,Yes,737,None,ADHD
632,Non-Target,No,0,None,ADHD
633,Target,No,0,Omission,ADHD
634,Non-Target,No,0,None,ADHD
635,Target,No,0,Omission,ADHD
636,Non-Target,No,0,None,ADHD
637,Target,Yes,652,None,ADHD
638,Target,Yes,728,None,ADHD
639,Target,Yes,686,None,ADHD
640,Non-Target,No,0,None,ADHD
641,Target,Yes,458,None,ADHD
642,Non-Target,No,0,None,ADHD
643,Non-Target,No,0,None,ADHD
644,Non-Target,No,0,None,ADHD
645,Non-Target,No,0,None,ADHD
646,Target,Yes,472,None,ADHD
647,Non-Target,Yes,674,Commission,ADHD
648,Non-Target,No,0,None,ADHD
649,Target,Yes,875,None,ADHD
650,Non-Target,No,0,None,ADHD
651,Non-Target,No,0,None,ADHD
652,Target,Yes,597,None,ADHD
653,Target,Yes,621,None,ADHD
654,Non-Target,No,0,None,ADHD
655,Target,No,0,Omission,ADHD
656,Target,Yes,684,None,ADHD
657,Target,Yes,605,None,ADHD
658,Target,Yes,1001,None,ADHD
659,Non-Target,No,0,None,ADHD
660,Non-Target,No,0,None,ADHD
661,Non-Target,No,0,None,ADHD
662,Non-Target,No,0,None,ADHD
663,Target,No,0,Omission,ADHD
664,Non-Target,No,0,None,ADHD
665,Target,Yes,652,None,ADHD
666,Non-Target,No,0,None,ADHD
667,Non-Target,No,0,None,ADHD
668,Non-Target,No,0,None,ADHD
669,Non-Target,Yes,523,Commission,ADHD
670,Non-Target,No,0,None,ADHD
671,Non-Target,No,0,None,ADHD
672,Non-Target,No,0,None,ADHD
673,Non-Target,No,0,None,ADHD
674,Non-Target,No,0,None,ADHD
675,Non-Target,No,0,None,ADHD
676,Non-Target,No,0,None,ADHD
677,Target,Yes,790,None,ADHD
678,Non-Target,No,0,None,ADHD
679,Non-Target,No,0,None,ADHD
680,Non-Target,No,0,None,ADHD
681,Non-Target,Yes,643,Commission,ADHD
682,Target,Yes,486,None,ADHD
683,Target,Yes,737,None,ADHD
684,Target,No,0,Omission,ADHD
685,Non-Target,No,0,None,ADHD
686,Non-Target,No,0,None,ADHD
687,Non-Target,No,0,None,ADHD
688,Target,No,0,Omission,ADHD
689,Non-Target,No,0,None,ADHD
690,Non-Target,No,0,None,ADHD
691,Non-Target,No,0,None,ADHD
692,Non-Target,No,0,None,ADHD
693,Non-Target,No,0,None,ADHD
694,Target,Yes,702,None,ADHD
695,Target,Yes,586,None,ADHD
696,Non-Target,No,0,None,ADHD
697,Non-Target,Yes,576,Commission,ADHD
698,Non-Target,No,0,None,ADHD
699,Non-Target,No,0,None,ADHD
700,Target,Yes,829,None,ADHD
701,Target,Yes,740,None,ADHD
702,Non-Target,No,0,None,ADHD
703,Target,Yes,752,None,ADHD
704,Non-Target,No,0,None,ADHD
705,Non-Target,No,0,None,ADHD
706,Non-Target,No,0,None,ADHD
707,Non-Target,No,0,None,ADHD
708,Non-Target,No,0,None,ADHD
709,Non-Target,No,0,None,ADHD
710,Non-Target,No,0,None,ADHD
711,Target,Yes,890,None,ADHD
712,Non-Target,No,0,None,ADHD
713,Non-Target,No,0,None,ADHD
714,Non-Target,No,0,None,ADHD
715,Target,Yes,877,None,ADHD
716,Non-Target,No,0,None,ADHD
717,Non-Target,No,0,None,ADHD
718,Non-Target,No,0,None,ADHD
719,Non-Target,No,0,None,ADHD
720,Non-Target,No,0,None,ADHD
721,Target,Yes,803,None,ADHD
722,Non-Target,No,0,None,ADHD
723,Non-Target,Yes,681,Commission,ADHD
724,Target,Yes,799,None,ADHD
725,Target,Yes,569,None,ADHD
726,Target,No,0,Omission,ADHD
727,Non-Target,No,0,None,ADHD
728,Non-Target,No,0,None,ADHD
729,Non-Target,No,0,None,ADHD
730,Target,Yes,780,None,ADHD
731,Non-Target,No,0,None,ADHD
732,Non-Target,No,0,None,ADHD
733,Non-Target,No,0,None,ADHD
734,Target,Yes,625,None,ADHD
735,Target,Yes,463,None,ADHD
736,Non-Target,No,0,None,ADHD
737,Non-Target,No,0,None,ADHD
738,Non-Target,No,0,None,ADHD
739,Target,Yes,914,None,ADHD
740,Non-Target,No,0,None,ADHD
741,Non-Target,No,0,None,ADHD
742,Target,No,0,Omission,ADHD
743,Non-Target,No,0,None,ADHD
744,Target,Yes,935,None,ADHD
745,Non-Target,No,0,None,ADHD
746,Target,Yes,529,None,ADHD
747,Non-Target,No,0,None,ADHD
748,Non-Target,No,0,None,ADHD
749,Target,Yes,695,None,ADHD
750,Target,Yes,435,None,ADHD
751,Non-Target,No,0,None,ADHD
752,Target,Yes,630,None,ADHD
753,Target,Yes,522,None,ADHD
754,Non-Target,No,0,None,ADHD
755,Non-Target,No,0,None,ADHD
756,Non-Target,Yes,745,Commission,ADHD
757,Non-Target,No,0,None,ADHD
758,Non-Target,Yes,683,Commission,ADHD
759,Target,Yes,595,None,ADHD
760,Non-Target,No,0,None,ADHD
761,Non-Target,No,0,None,ADHD
762,Non-Target,No,0,None,ADHD
763,Non-Target,No,0,None,ADHD
764,Non-Target,No,0,None,ADHD
765,Target,Yes,675,None,ADHD
766,Non-Target,No,0,None,ADHD
767,Target,Yes,637,None,ADHD
768,Non-Target,No,0,None,ADHD
769,Non-Target,No,0,None,ADHD
770,Non-Target,No,0,None,ADHD
771,Non-Target,No,0,None,ADHD
772,Non-Target,No,0,None,ADHD
773,Non-Target,No,0,None,ADHD
774,Non-Target,No,0,None,ADHD
775,Non-Target,No,0,None,ADHD
776,Target,Yes,713,None,ADHD
777,Non-Target,No,0,None,ADHD
778,Non-Target,No,0,None,ADHD
779,Target,Yes,548,None,ADHD
780,Non-Target,No,0,None,ADHD
781,Non-Target,No,0,None,ADHD
782,Non-Target,Yes,730,Commission,ADHD
783,Non-Target,No,0,None,ADHD
784,Non-Target,No,0,None,ADHD
785,Non-Target,No,0,None,ADHD
786,Non-Target,No,0,None,ADHD
787,Non-Target,No,0,None,ADHD
788,Non-Target,No,0,None,ADHD
789,Non-Target,No,0,None,ADHD
790,Non-Target,No,0,None,ADHD
791,Non-Target,No,0,None,ADHD
792,Non-Target,No,0,None,ADHD
793,Non-Target,No,0,None,ADHD
794,Non-Target,No,0,None,ADHD
795,Target,No,0,Omission,ADHD
796,Non-Target,No,0,None,ADHD
797,Target,Yes,812,None,ADHD
798,Non-Target,No,0,None,ADHD
799,Non-Target,No,0,None,ADHD
800,Non-Target,Yes,602,Commission,ADHD
801,Non-Target,No,0,None,ADHD
802,Non-Target,No,0,None,ADHD
803,Non-Target,No,0,None,ADHD
804,Non-Target,No,0,None,ADHD
805,Non-Target,No,0,None,ADHD
806,Non-Target,No,0,None,ADHD
807,Target,Yes,500,None,ADHD
808,Target,No,0,Omission,ADHD
809,Non-Target,No,0,None,ADHD
810,Target,No,0,Omission,ADHD
811,Non-Target,No,0,None,ADHD
812,Non-Target,No,0,None,ADHD
813,Non-Target,No,0,None,ADHD
814,Non-Target,No,0,None,ADHD
815,Non-Target,No,0,None,ADHD
816,Non-Target,No,0,None,ADHD
817,Target,Yes,571,None,ADHD
818,Non-Target,No,0,None,ADHD
819,Target,Yes,634,None,ADHD
820,Non-Target,No,0,None,ADHD
821,Non-Target,No,0,None,ADHD
822,Target,Yes,801,None,ADHD
823,Target,No,0,Omission,ADHD
824,Non-Target,No,0,None,ADHD
825,Non-Target,No,0,None,ADHD
826,Target,No,0,Omission,ADHD
827,Non-Target,No,0,None,ADHD
828,Target,No,0,Omission,ADHD
829,Target,No,0,Omission,ADHD
830,Non-Target,No,0,None,ADHD
831,Non-Target,Yes,563,Commission,ADHD
832,Target,Yes,805,None,ADHD
833,Non-Target,No,0,None,ADHD
834,Non-Target,No,0,None,ADHD
835,Non-Target,No,0,None,ADHD
836,Target,Yes,649,None,ADHD
837,Non-Target,No,0,None,ADHD
838,Non-Target,No,0,None,ADHD
839,Non-Target,No,0,None,ADHD
840,Target,Yes,435,None,ADHD
841,Non-Target,No,0,None,ADHD
842,Target,Yes,658,None,ADHD
843,Non-Target,No,0,None,ADHD
844,Non-Target,Yes,384,Commission,ADHD
845,Target,Yes,426,None,ADHD
846,Non-Target,No,0,None,ADHD
847,Non-Target,No,0,None,ADHD
848,Non-Target,No,0,None,ADHD
849,Non-Target,No,0,None,ADHD
850,Non-Target,No,0,None,ADHD
851,Non-Target,No,0,None,ADHD
852,Non-Target,No,0,None,ADHD
853,Non-Target,No,0,None,ADHD
854,Non-Target,Yes,481,Commission,ADHD
855,Non-Target,No,0,None,ADHD
856,Target,Yes,768,None,ADHD
857,Non-Target,No,0,None,ADHD
858,Non-Target,Yes,661,Commission,ADHD
859,Non-Target,Yes,795,Commission,ADHD
860,Non-Target,No,0,None,ADHD
861,Non-Target,No,0,None,ADHD
862,Non-Target,No,0,None,ADHD
863,Target,Yes,717,None,ADHD
864,Target,Yes,531,None,ADHD
865,Non-Target,No,0,None,ADHD
866,Non-Target,No,0,None,ADHD
867,Non-Target,No,0,None,ADHD
868,Target,No,0,Omission,ADHD
869,Non-Target,No,0,None,ADHD
870,Non-Target,Yes,575,Commission,ADHD
871,Non-Target,No,0,None,ADHD
872,Target,Yes,590,None,ADHD
873,Target,Yes,576,None,ADHD
874,Non-Target,Yes,507,Commission,ADHD
875,Target,Yes,542,None,ADHD
876,Non-Target,No,0,None,ADHD
877,Target,Yes,686,None,ADHD
878,Non-Target,No,0,None,ADHD
879,Non-Target,No,0,None,ADHD
880,Non-Target,No,0,None,ADHD
881,Target,Yes,629,None,ADHD
882,Target,Yes,795,None,ADHD
883,Non-Target,No,0,None,ADHD
884,Non-Target,No,0,None,ADHD
885,Target,Yes,740,None,ADHD
886,Non-Target,No,0,None,ADHD
887,Non-Target,No,0,None,ADHD
888,Non-Target,No,0,None,ADHD
889,Non-Target,No,0,None,ADHD
890,Target,Yes,652,None,ADHD
891,Non-Target,No,0,None,ADHD
892,Non-Target,No,0,None,ADHD
893,Non-Target,No,0,None,ADHD
894,Non-Target,No,0,None,ADHD
895,Non-Target,No,0,None,ADHD
896,Target,Yes,772,None,ADHD
897,Non-Target,No,0,None,ADHD
898,Non-Target,No,0,None,ADHD
899,Non-Target,No,0,None,ADHD
900,Non-Target,No,0,None,ADHD
901,Non-Target,No,0,None,ADHD
902,Non-Target,No,0,None,ADHD
903,Non-Target,No,0,None,ADHD
904,Non-Target,No,0,None,ADHD
905,Non-Target,No,0,None,ADHD
906,Non-Target,No,0,None,ADHD
907,Non-Target,No,0,None,ADHD
908,Non-Target,No,0,None,ADHD
909,Target,Yes,556,None,ADHD
910,Target,Yes,690,None,ADHD
911,Non-Target,No,0,None,ADHD
912,Non-Target,No,0,None,ADHD
913,Non-Target,No,0,None,ADHD
914,Non-Target,No,0,None,ADHD
915,Target,Yes,652,None,ADHD
916,Non-Target,No,0,None,ADHD
917,Target,Yes,511,None,ADHD
918,Non-Target,No,0,None,ADHD
919,Target,Yes,389,None,ADHD
920,Non-Target,No,0,None,ADHD
921,Non-Target,Yes,585,Commission,ADHD
922,Non-Target,No,0,None,ADHD
923,Non-Target,No,0,None,ADHD
924,Target,Yes,873,None,ADHD
925,Non-Target,No,0,None,ADHD
926,Non-Target,No,0,None,ADHD
927,Target,Yes,641,None,ADHD
928,Non-Target,No,0,None,ADHD
929,Non-Target,No,0,None,ADHD
930,Non-Target,No,0,None,ADHD
931,Non-Target,Yes,563,Commission,ADHD
932,Non-Target,No,0,None,ADHD
933,Target,Yes,648,None,ADHD
934,Non-Target,Yes,524,Commission,ADHD
935,Non-Target,No,0,None,ADHD
936,Non-Target,No,0,None,ADHD
937,Target,Yes,893,None,ADHD
938,Non-Target,No,0,None,ADHD
939,Non-Target,Yes,682,Commission,ADHD
940,Target,Yes,986,None,ADHD
941,Target,No,0,Omission,ADHD
942,Non-Target,No,0,None,ADHD
943,Non-Target,No,0,None,ADHD
944,Non-Target,No,0,None,ADHD
945,Non-Target,No,0,None,ADHD
946,Non-Target,No,0,None,ADHD
947,Non-Target,Yes,652,Commission,ADHD
948,Non-Target,No,0,None,ADHD
949,Target,No,0,Omission,ADHD
950,Non-Target,No,0,None,ADHD
951,Target,No,0,Omission,ADHD
952,Non-Target,Yes,633,Commission,ADHD
953,Non-Target,No,0,None,ADHD
954,Target,Yes,822,None,ADHD
955,Non-Target,No,0,None,ADHD
956,Non-Target,No,0,None,ADHD
957,Target,Yes,826,None,ADHD
958,Non-Target,No,0,None,ADHD
959,Non-Target,No,0,None,ADHD
960,Non-Target,Yes,882,Commission,ADHD
961,Non-Target,No,0,None,ADHD
962,Target,Yes,823,None,ADHD
963,Non-Target,No,0,None,ADHD
964,Target,No,0,Omission,ADHD
965,Non-Target,No,0,None,ADHD
966,Target,Yes,823,None,ADHD
967,Non-Target,No,0,None,ADHD
968,Non-Target,Yes,461,Commission,ADHD
969,Target,Yes,961,None,ADHD
970,Target,Yes,467,None,ADHD
971,Non-Target,No,0,None,ADHD
972,Non-Target,No,0,None,ADHD
973,Target,Yes,841,None,ADHD
974,Non-Target,No,0,None,ADHD
975,Non-Target,No,0,None,ADHD
976,Non-Target,No,0,None,ADHD
977,Target,Yes,508,None,ADHD
978,Non-Target,No,0,None,ADHD
979,Non-Target,Yes,678,Commission,ADHD
980,Non-Target,No,0,None,ADHD
981,Target,Yes,798,None,ADHD
982,Non-Target,No,0,None,ADHD
983,Non-Target,No,0,None,ADHD
984,Target,Yes,650,None,ADHD
985,Non-Target,No,0,None,ADHD
986,Non-Target,No,0,None,ADHD
987,Non-Target,No,0,None,ADHD
988,Non-Target,No,0,None,ADHD
989,Target,Yes,736,None,ADHD
990,Target,Yes,606,None,ADHD
991,Target,Yes,891,None,ADHD
992,Non-Target,No,0,None,ADHD
993,Non-Target,No,0,None,ADHD
994,Non-Target,Yes,601,Commission,ADHD
995,Target,Yes,505,None,ADHD
996,Non-Target,No,0,None,ADHD
997,Non-Target,No,0,None,ADHD
998,Non-Target,No,0,None,ADHD
999,Target,Yes,747,None,ADHD
1000,Non-Target,No,0,None,ADHD
1001,Non-Target,No,0,None,ADHD
1002,Non-Target,No,0,None,ADHD
1003,Non-Target,No,0,None,ADHD
1004,Non-Target,No,0,None,ADHD
1005,Non-Target,No,0,None,ADHD
1006,Non-Target,No,0,None,ADHD
1007,Non-Target,Yes,575,Commission,ADHD
1008,Non-Target,No,0,None,ADHD
1009,Non-Target,No,0,None,ADHD
1010,Non-Target,No,0,None,ADHD
1011,Target,Yes,912,None,ADHD
1012,Non-Target,No,0,None,ADHD
1013,Target,Yes,581,None,ADHD
1014,Non-Target,Yes,773,Commission,ADHD
1015,Non-Target,No,0,None,ADHD
1016,Target,Yes,760,None,ADHD
1017,Non-Target,No,0,None,ADHD
1018,Non-Target,Yes,749,Commission,ADHD
1019,Non-Target,No,0,None,ADHD
1020,Target,Yes,533,None,ADHD
1021,Non-Target,No,0,None,ADHD
1022,Non-Target,No,0,None,ADHD
1023,Target,Yes,450,None,ADHD
1024,Non-Target,No,0,None,ADHD
1025,Non-Target,No,0,None,ADHD
1026,Target,Yes,552,None,ADHD
1027,Non-Target,No,0,None,ADHD
1028,Non-Target,No,0,None,ADHD
1029,Non-Target,No,0,None,ADHD
1030,Non-Target,Yes,706,Commission,ADHD
1031,Target,No,0,Omission,ADHD
1032,Non-Target,No,0,None,ADHD
1033,Non-Target,No,0,None,ADHD
1034,Non-Target,No,0,None,ADHD
1035,Non-Target,No,0,None,ADHD
1036,Non-Target,No,0,None,ADHD
1037,Target,Yes,740,None,ADHD
1038,Non-Target,Yes,782,Commission,ADHD
1039,Target,Yes,827,None,ADHD
1040,Non-Target,No,0,None,ADHD
1041,Non-Target,No,0,None,ADHD
1042,Non-Target,Yes,357,Commission,ADHD
1043,Target,No,0,Omission,ADHD
1044,Non-Target,No,0,None,ADHD
1045,Target,Yes,763,None,ADHD
1046,Non-Target,No,0,None,ADHD
1047,Non-Target,No,0,None,ADHD
1048,Non-Target,No,0,None,ADHD
1049,Non-Target,Yes,777,Commission,ADHD
1050,Non-Target,No,0,None,ADHD
1051,Target,No,0,Omission,ADHD
1052,Non-Target,No,0,None,ADHD
1053,Non-Target,No,0,None,ADHD
1054,Target,No,0,Omission,ADHD
1055,Non-Target,No,0,None,ADHD
1056,Non-Target,No,0,None,ADHD
1057,Non-Target,No,0,None,ADHD
1058,Non-Target,No,0,None,ADHD
1059,Non-Target,No,0,None,ADHD
1060,Target,Yes,912,None,ADHD
1061,Non-Target,Yes,857,Commission,ADHD
1062,Target,Yes,520,None,ADHD
1063,Non-Target,No,0,None,ADHD
1064,Non-Target,No,0,None,ADHD
1065,Non-Target,No,0,None,ADHD
1066,Target,Yes,744,None,ADHD
1067,Non-Target,No,0,None,ADHD
1068,Non-Target,No,0,None,ADHD
1069,Non-Target,No,0,None,ADHD
1070,Non-Target,Yes,565,Commission,ADHD
1071,Non-Target,No,0,None,ADHD
1072,Target,No,0,Omission,ADHD
1073,Target,Yes,733,None,ADHD
1074,Non-Target,No,0,None,ADHD
1075,Target,No,0,Omission,ADHD
1076,Non-Target,Yes,549,Commission,ADHD
1077,Non-Target,Yes,616,Commission,ADHD
1078,Target,Yes,652,None,ADHD
1079,Target,Yes,569,None,ADHD
1080,Non-Target,No,0,None,ADHD
1081,Non-Target,No,0,None,ADHD
1082,Target,Yes,583,None,ADHD
1083,Non-Target,No,0,None,ADHD
1084,Target,Yes,535,None,ADHD
1085,Non-Target,No,0,None,ADHD
1086,Target,Yes,603,None,ADHD
1087,Non-Target,No,0,None,ADHD
1088,Target,Yes,765,None,ADHD
1089,Target,Yes,751,None,ADHD
1090,Non-Target,No,0,None,ADHD
1091,Target,Yes,773,None,ADHD
1092,Non-Target,No,0,None,ADHD
1093,Target,Yes,820,None,ADHD
1094,Non-Target,No,0,None,ADHD
1095,Target,Yes,649,None,ADHD
1096,Non-Target,No,0,None,ADHD
1097,Non-Target,Yes,677,Commission,ADHD
1098,Target,Yes,837,None,ADHD
1099,Non-Target,No,0,None,ADHD
1100,Non-Target,No,0,None,ADHD
1101,Non-Target,No,0,None,ADHD
1102,Non-Target,No,0,None,ADHD
1103,Target,Yes,528,None,ADHD
1104,Non-Target,No,0,None,ADHD
1105,Non-Target,No,0,None,ADHD
1106,Non-Target,No,0,None,ADHD
1107,Non-Target,No,0,None,ADHD
1108,Non-Target,No,0,None,ADHD
1109,Non-Target,No,0,None,ADHD
1110,Target,Yes,518,None,ADHD
1111,Non-Target,Yes,779,Commission,ADHD
1112,Non-Target,No,0,None,ADHD
1113,Target,No,0,Omission,ADHD
1114,Non-Target,No,0,None,ADHD
1115,Target,Yes,549,None,ADHD
1116,Non-Target,No,0,None,ADHD
1117,Target,No,0,Omission,ADHD
1118,Target,Yes,458,None,ADHD
1119,Target,Yes,639,None,ADHD
1120,Non-Target,No,0,None,ADHD
1121,Target,Yes,830,None,ADHD
1122,Non-Target,No,0,None,ADHD
1123,Non-Target,No,0,None,ADHD
1124,Target,Yes,741,None,ADHD
1125,Target,Yes,583,None,ADHD
1126,Non-Target,No,0,None,ADHD
1127,Target,Yes,799,None,ADHD
1128,Target,Yes,885,None,ADHD
1129,Target,Yes,629,None,ADHD
1130,Non-Target,No,0,None,ADHD
1131,Non-Target,No,0,None,ADHD
1132,Non-Target,No,0,None,ADHD
1133,Non-Target,No,0,None,ADHD
1134,Non-Target,No,0,None,ADHD
1135,Non-Target,Yes,830,Commission,ADHD
1136,Non-Target,No,0,None,ADHD
1137,Non-Target,Yes,470,Commission,ADHD
1138,Non-Target,No,0,None,ADHD
1139,Target,Yes,655,None,ADHD
1140,Target,Yes,490,None,ADHD
1141,Target,Yes,586,None,ADHD
1142,Non-Target,Yes,843,Commission,ADHD
1143,Target,Yes,977,None,ADHD
1144,Target,Yes,536,None,ADHD
1145,Non-Target,No,0,None,ADHD
1146,Target,Yes,730,None,ADHD
1147,Target,Yes,753,None,ADHD
1148,Non-Target,No,0,None,ADHD
1149,Target,No,0,Omission,ADHD
1150,Non-Target,No,0,None,ADHD
1151,Non-Target,No,0,None,ADHD
1152,Target,Yes,627,None,ADHD
1153,Target,Yes,684,None,ADHD
1154,Non-Target,No,0,None,ADHD
1155,Non-Target,No,0,None,ADHD
1156,Target,Yes,635,None,ADHD
1157,Non-Target,No,0,None,ADHD
1158,Target,Yes,628,None,ADHD
1159,Non-Target,No,0,None,ADHD
1160,Non-Target,No,0,None,ADHD
1161,Non-Target,No,0,None,ADHD
1162,Target,Yes,523,None,ADHD
1163,Non-Target,No,0,None,ADHD
1164,Non-Target,No,0,None,ADHD
1165,Non-Target,No,0,None,ADHD
1166,Non-Target,No,0,None,ADHD
1167,Non-Target,No,0,None,ADHD
1168,Target,Yes,801,None,ADHD
1169,Non-Target,No,0,None,ADHD
1170,Non-Target,No,0,None,ADHD
1171,Non-Target,No,0,None,ADHD
1172,Non-Target,No,0,None,ADHD
1173,Non-Target,No,0,None,ADHD
1174,Target,Yes,692,None,ADHD
1175,Target,Yes,752,None,ADHD
1176,Non-Target,No,0,None,ADHD
1177,Non-Target,No,0,None,ADHD
1178,Target,Yes,718,None,ADHD
1179,Non-Target,No,0,None,ADHD
1180,Non-Target,No,0,None,ADHD
1181,Target,Yes,583,None,ADHD
1182,Non-Target,No,0,None,ADHD
1183,Non-Target,No,0,None,ADHD
1184,Non-Target,No,0,None,ADHD
1185,Non-Target,No,0,None,ADHD
1186,Non-Target,No,0,None,ADHD
1187,Non-Target,No,0,None,ADHD
1188,Non-Target,No,0,None,ADHD
1189,Target,Yes,769,None,ADHD
1190,Non-Target,No,0,None,ADHD
1191,Non-Target,Yes,415,Commission,ADHD
1192,Non-Target,No,0,None,ADHD
1193,Non-Target,No,0,None,ADHD
1194,Target,Yes,638,None,ADHD
1195,Non-Target,No,0,None,ADHD
1196,Non-Target,No,0,None,ADHD
1197,Non-Target,No,0,None,ADHD
1198,Target,Yes,835,None,ADHD
1199,Non-Target,No,0,None,ADHD
1200,Non-Target,No,0,None,ADHD
