Trial,StimulusType,Reaction,ReactionTime(ms),ErrorType,Label
1,Non-Target,No,0,None,ADHD
2,Target,No,0,Omission,ADHD
3,Non-Target,No,0,None,ADHD
4,Non-Target,Yes,625,Commission,ADHD
5,Non-Target,No,0,None,ADHD
6,Non-Target,No,0,None,ADHD
7,Target,Yes,482,None,ADHD
8,Target,Yes,679,None,ADHD
9,Non-Target,No,0,None,ADHD
10,Non-Target,No,0,None,ADHD
11,Non-Target,Yes,678,Commission,ADHD
12,Non-Target,Yes,648,Commission,ADHD
13,Target,Yes,652,None,ADHD
14,Non-Target,No,0,None,ADHD
15,Non-Target,No,0,None,ADHD
16,Non-Target,Yes,712,Commission,ADHD
17,Target,Yes,760,None,ADHD
18,Non-Target,No,0,None,ADHD
19,Non-Target,No,0,None,ADHD
20,Non-Target,No,0,None,ADHD
21,Non-Target,Yes,498,Commission,ADHD
22,Non-Target,No,0,None,ADHD
23,Target,Yes,650,None,ADHD
24,Non-Target,Yes,845,Commission,ADHD
25,Target,Yes,413,None,ADHD
26,Non-Target,No,0,None,ADHD
27,Non-Target,No,0,None,ADHD
28,Target,Yes,639,None,ADHD
29,Target,Yes,933,None,ADHD
30,Non-Target,No,0,None,ADHD
31,Non-Target,No,0,None,ADHD
32,Target,Yes,658,None,ADHD
33,Target,Yes,629,None,ADHD
34,Target,Yes,590,None,ADHD
35,Non-Target,No,0,None,ADHD
36,Non-Target,No,0,None,ADHD
37,Target,Yes,732,None,ADHD
38,Non-Target,Yes,603,Commission,ADHD
39,Non-Target,No,0,None,ADHD
40,Non-Target,No,0,None,ADHD
41,Non-Target,No,0,None,ADHD
42,Target,Yes,373,None,ADHD
43,Target,Yes,509,None,ADHD
44,Non-Target,No,0,None,ADHD
45,Non-Target,No,0,None,ADHD
46,Target,Yes,542,None,ADHD
47,Target,Yes,655,None,ADHD
48,Non-Target,No,0,None,ADHD
49,Non-Target,No,0,None,ADHD
50,Non-Target,No,0,None,ADHD
51,Non-Target,No,0,None,ADHD
52,Non-Target,No,0,None,ADHD
53,Non-Target,No,0,None,ADHD
54,Target,Yes,687,None,ADHD
55,Non-Target,No,0,None,ADHD
56,Target,Yes,640,None,ADHD
57,Non-Target,No,0,None,ADHD
58,Non-Target,No,0,None,ADHD
59,Non-Target,No,0,None,ADHD
60,Non-Target,No,0,None,ADHD
61,Non-Target,No,0,None,ADHD
62,Target,Yes,882,None,ADHD
63,Non-Target,No,0,None,ADHD
64,Target,Yes,605,None,ADHD
65,Target,Yes,646,None,ADHD
66,Non-Target,No,0,None,ADHD
67,Non-Target,No,0,None,ADHD
68,Non-Target,No,0,None,ADHD
69,Target,Yes,651,None,ADHD
70,Non-Target,No,0,None,ADHD
71,Target,Yes,808,None,ADHD
72,Target,No,0,Omission,ADHD
73,Non-Target,No,0,None,ADHD
74,Non-Target,No,0,None,ADHD
75,Non-Target,No,0,None,ADHD
76,Non-Target,Yes,656,Commission,ADHD
77,Non-Target,No,0,None,ADHD
78,Non-Target,No,0,None,ADHD
79,Non-Target,No,0,None,ADHD
80,Target,Yes,553,None,ADHD
81,Non-Target,Yes,770,Commission,ADHD
82,Non-Target,No,0,None,ADHD
83,Non-Target,No,0,None,ADHD
84,Target,Yes,704,None,ADHD
85,Non-Target,No,0,None,ADHD
86,Non-Target,No,0,None,ADHD
87,Non-Target,No,0,None,ADHD
88,Non-Target,Yes,648,Commission,ADHD
89,Non-Target,Yes,641,Commission,ADHD
90,Non-Target,No,0,None,ADHD
91,Non-Target,No,0,None,ADHD
92,Target,Yes,643,None,ADHD
93,Target,Yes,680,None,ADHD
94,Non-Target,No,0,None,ADHD
95,Non-Target,No,0,None,ADHD
96,Target,Yes,662,None,ADHD
97,Non-Target,No,0,None,ADHD
98,Non-Target,No,0,None,ADHD
99,Non-Target,No,0,None,ADHD
100,Non-Target,Yes,720,Commission,ADHD
101,Non-Target,No,0,None,ADHD
102,Non-Target,Yes,593,Commission,ADHD
103,Non-Target,No,0,None,ADHD
104,Non-Target,No,0,None,ADHD
105,Non-Target,No,0,None,ADHD
106,Non-Target,No,0,None,ADHD
107,Target,No,0,Omission,ADHD
108,Non-Target,Yes,527,Commission,ADHD
109,Non-Target,No,0,None,ADHD
110,Target,Yes,532,None,ADHD
111,Non-Target,No,0,None,ADHD
112,Target,Yes,657,None,ADHD
113,Non-Target,No,0,None,ADHD
114,Non-Target,No,0,None,ADHD
115,Non-Target,No,0,None,ADHD
116,Non-Target,No,0,None,ADHD
117,Non-Target,No,0,None,ADHD
118,Non-Target,No,0,None,ADHD
119,Non-Target,No,0,None,ADHD
120,Non-Target,No,0,None,ADHD
121,Non-Target,No,0,None,ADHD
122,Target,Yes,706,None,ADHD
123,Non-Target,No,0,None,ADHD
124,Non-Target,No,0,None,ADHD
125,Target,Yes,690,None,ADHD
126,Non-Target,No,0,None,ADHD
127,Non-Target,No,0,None,ADHD
128,Non-Target,No,0,None,ADHD
129,Target,Yes,631,None,ADHD
130,Non-Target,No,0,None,ADHD
131,Non-Target,No,0,None,ADHD
132,Non-Target,No,0,None,ADHD
133,Target,Yes,643,None,ADHD
134,Non-Target,No,0,None,ADHD
135,Non-Target,No,0,None,ADHD
136,Target,Yes,777,None,ADHD
137,Target,Yes,667,None,ADHD
138,Non-Target,No,0,None,ADHD
139,Target,Yes,694,None,ADHD
140,Non-Target,No,0,None,ADHD
141,Target,Yes,569,None,ADHD
142,Non-Target,No,0,None,ADHD
143,Target,Yes,734,None,ADHD
144,Target,Yes,484,None,ADHD
145,Non-Target,No,0,None,ADHD
146,Target,Yes,693,None,ADHD
147,Target,Yes,476,None,ADHD
148,Target,Yes,393,None,ADHD
149,Non-Target,No,0,None,ADHD
150,Target,No,0,Omission,ADHD
151,Non-Target,No,0,None,ADHD
152,Non-Target,Yes,851,Commission,ADHD
153,Target,Yes,746,None,ADHD
154,Non-Target,Yes,640,Commission,ADHD
155,Target,Yes,723,None,ADHD
156,Non-Target,No,0,None,ADHD
157,Non-Target,No,0,None,ADHD
158,Non-Target,No,0,None,ADHD
159,Non-Target,No,0,None,ADHD
160,Non-Target,No,0,None,ADHD
161,Target,Yes,750,None,ADHD
162,Non-Target,No,0,None,ADHD
163,Target,No,0,Omission,ADHD
164,Non-Target,No,0,None,ADHD
165,Target,No,0,Omission,ADHD
166,Non-Target,No,0,None,ADHD
167,Target,No,0,Omission,ADHD
168,Target,Yes,489,None,ADHD
169,Non-Target,Yes,987,Commission,ADHD
170,Non-Target,No,0,None,ADHD
171,Target,Yes,469,None,ADHD
172,Non-Target,No,0,None,ADHD
173,Non-Target,Yes,571,Commission,ADHD
174,Target,Yes,755,None,ADHD
175,Target,Yes,550,None,ADHD
176,Non-Target,No,0,None,ADHD
177,Non-Target,No,0,None,ADHD
178,Non-Target,No,0,None,ADHD
179,Non-Target,No,0,None,ADHD
180,Non-Target,Yes,501,Commission,ADHD
181,Non-Target,No,0,None,ADHD
182,Non-Target,No,0,None,ADHD
183,Non-Target,No,0,None,ADHD
184,Non-Target,No,0,None,ADHD
185,Non-Target,No,0,None,ADHD
186,Non-Target,Yes,652,Commission,ADHD
187,Target,Yes,927,None,ADHD
188,Non-Target,No,0,None,ADHD
189,Non-Target,No,0,None,ADHD
190,Non-Target,No,0,None,ADHD
191,Non-Target,No,0,None,ADHD
192,Non-Target,No,0,None,ADHD
193,Target,Yes,760,None,ADHD
194,Target,Yes,563,None,ADHD
195,Non-Target,No,0,None,ADHD
196,Non-Target,No,0,None,ADHD
197,Non-Target,No,0,None,ADHD
198,Non-Target,No,0,None,ADHD
199,Non-Target,No,0,None,ADHD
200,Target,Yes,569,None,ADHD
201,Target,Yes,787,None,ADHD
202,Non-Target,No,0,None,ADHD
203,Non-Target,No,0,None,ADHD
204,Non-Target,Yes,502,Commission,ADHD
205,Non-Target,No,0,None,ADHD
206,Target,Yes,968,None,ADHD
207,Non-Target,No,0,None,ADHD
208,Non-Target,No,0,None,ADHD
209,Non-Target,No,0,None,ADHD
210,Non-Target,No,0,None,ADHD
211,Non-Target,No,0,None,ADHD
212,Non-Target,No,0,None,ADHD
213,Target,Yes,807,None,ADHD
214,Non-Target,Yes,711,Commission,ADHD
215,Target,Yes,882,None,ADHD
216,Non-Target,No,0,None,ADHD
217,Non-Target,No,0,None,ADHD
218,Target,Yes,791,None,ADHD
219,Non-Target,No,0,None,ADHD
220,Non-Target,No,0,None,ADHD
221,Non-Target,Yes,841,Commission,ADHD
222,Non-Target,No,0,None,ADHD
223,Target,No,0,Omission,ADHD
224,Non-Target,No,0,None,ADHD
225,Non-Target,No,0,None,ADHD
226,Non-Target,Yes,387,Commission,ADHD
227,Non-Target,No,0,None,ADHD
228,Non-Target,No,0,None,ADHD
229,Target,Yes,794,None,ADHD
230,Target,Yes,698,None,ADHD
231,Non-Target,No,0,None,ADHD
232,Target,Yes,701,None,ADHD
233,Target,Yes,549,None,ADHD
234,Non-Target,Yes,563,Commission,ADHD
235,Non-Target,Yes,597,Commission,ADHD
236,Non-Target,No,0,None,ADHD
237,Non-Target,Yes,655,Commission,ADHD
238,Non-Target,No,0,None,ADHD
239,Non-Target,No,0,None,ADHD
240,Non-Target,No,0,None,ADHD
241,Non-Target,No,0,None,ADHD
242,Non-Target,No,0,None,ADHD
243,Non-Target,No,0,None,ADHD
244,Non-Target,No,0,None,ADHD
245,Non-Target,No,0,None,ADHD
246,Non-Target,No,0,None,ADHD
247,Non-Target,No,0,None,ADHD
248,Non-Target,No,0,None,ADHD
249,Non-Target,No,0,None,ADHD
250,Non-Target,No,0,None,ADHD
251,Non-Target,No,0,None,ADHD
252,Target,Yes,556,None,ADHD
253,Non-Target,No,0,None,ADHD
254,Non-Target,No,0,None,ADHD
255,Target,Yes,653,None,ADHD
256,Non-Target,Yes,495,Commission,ADHD
257,Non-Target,No,0,None,ADHD
258,Non-Target,No,0,None,ADHD
259,Non-Target,No,0,None,ADHD
260,Non-Target,No,0,None,ADHD
261,Target,Yes,384,None,ADHD
262,Non-Target,No,0,None,ADHD
263,Non-Target,No,0,None,ADHD
264,Non-Target,Yes,689,Commission,ADHD
265,Non-Target,No,0,None,ADHD
266,Non-Target,No,0,None,ADHD
267,Non-Target,No,0,None,ADHD
268,Target,No,0,Omission,ADHD
269,Non-Target,No,0,None,ADHD
270,Non-Target,No,0,None,ADHD
271,Non-Target,No,0,None,ADHD
272,Non-Target,No,0,None,ADHD
273,Non-Target,No,0,None,ADHD
274,Non-Target,No,0,None,ADHD
275,Non-Target,No,0,None,ADHD
276,Target,Yes,690,None,ADHD
277,Non-Target,No,0,None,ADHD
278,Target,Yes,506,None,ADHD
279,Non-Target,No,0,None,ADHD
280,Non-Target,No,0,None,ADHD
281,Non-Target,Yes,728,Commission,ADHD
282,Non-Target,No,0,None,ADHD
283,Non-Target,No,0,None,ADHD
284,Non-Target,No,0,None,ADHD
285,Non-Target,No,0,None,ADHD
286,Non-Target,No,0,None,ADHD
287,Target,Yes,643,None,ADHD
288,Non-Target,No,0,None,ADHD
289,Non-Target,No,0,None,ADHD
290,Non-Target,No,0,None,ADHD
291,Non-Target,No,0,None,ADHD
292,Non-Target,No,0,None,ADHD
293,Target,Yes,708,None,ADHD
294,Non-Target,No,0,None,ADHD
295,Target,Yes,639,None,ADHD
296,Target,Yes,552,None,ADHD
297,Non-Target,No,0,None,ADHD
298,Non-Target,No,0,None,ADHD
299,Non-Target,No,0,None,ADHD
300,Target,Yes,514,None,ADHD
301,Non-Target,No,0,None,ADHD
302,Non-Target,No,0,None,ADHD
303,Non-Target,No,0,None,ADHD
304,Non-Target,Yes,654,Commission,ADHD
305,Non-Target,No,0,None,ADHD
306,Non-Target,No,0,None,ADHD
307,Target,No,0,Omission,ADHD
308,Target,Yes,481,None,ADHD
309,Non-Target,No,0,None,ADHD
310,Non-Target,No,0,None,ADHD
311,Non-Target,No,0,None,ADHD
312,Non-Target,No,0,None,ADHD
313,Target,Yes,650,None,ADHD
314,Target,Yes,412,None,ADHD
315,Target,No,0,Omission,ADHD
316,Non-Target,No,0,None,ADHD
317,Non-Target,No,0,None,ADHD
318,Target,Yes,659,None,ADHD
319,Non-Target,No,0,None,ADHD
320,Non-Target,No,0,None,ADHD
321,Non-Target,No,0,None,ADHD
322,Non-Target,Yes,520,Commission,ADHD
323,Target,Yes,696,None,ADHD
324,Target,Yes,791,None,ADHD
325,Target,Yes,702,None,ADHD
326,Non-Target,No,0,None,ADHD
327,Non-Target,No,0,None,ADHD
328,Non-Target,No,0,None,ADHD
329,Target,Yes,773,None,ADHD
330,Target,Yes,550,None,ADHD
331,Non-Target,No,0,None,ADHD
332,Non-Target,No,0,None,ADHD
333,Target,No,0,Omission,ADHD
334,Non-Target,Yes,375,Commission,ADHD
335,Non-Target,No,0,None,ADHD
336,Non-Target,No,0,None,ADHD
337,Target,Yes,498,None,ADHD
338,Target,No,0,Omission,ADHD
339,Non-Target,No,0,None,ADHD
340,Non-Target,No,0,None,ADHD
341,Non-Target,No,0,None,ADHD
342,Non-Target,Yes,577,Commission,ADHD
343,Target,Yes,704,None,ADHD
344,Non-Target,No,0,None,ADHD
345,Non-Target,No,0,None,ADHD
346,Non-Target,No,0,None,ADHD
347,Non-Target,No,0,None,ADHD
348,Non-Target,No,0,None,ADHD
349,Non-Target,No,0,None,ADHD
350,Non-Target,No,0,None,ADHD
351,Non-Target,No,0,None,ADHD
352,Non-Target,No,0,None,ADHD
353,Non-Target,No,0,None,ADHD
354,Non-Target,No,0,None,ADHD
355,Non-Target,Yes,896,Commission,ADHD
356,Target,Yes,643,None,ADHD
357,Non-Target,No,0,None,ADHD
358,Non-Target,No,0,None,ADHD
359,Non-Target,No,0,None,ADHD
360,Non-Target,No,0,None,ADHD
361,Non-Target,No,0,None,ADHD
362,Non-Target,Yes,648,Commission,ADHD
363,Non-Target,No,0,None,ADHD
364,Non-Target,No,0,None,ADHD
365,Non-Target,No,0,None,ADHD
366,Non-Target,No,0,None,ADHD
367,Target,No,0,Omission,ADHD
368,Non-Target,No,0,None,ADHD
369,Non-Target,No,0,None,ADHD
370,Non-Target,Yes,769,Commission,ADHD
371,Non-Target,No,0,None,ADHD
372,Target,Yes,501,None,ADHD
373,Target,Yes,543,None,ADHD
374,Target,Yes,730,None,ADHD
375,Non-Target,No,0,None,ADHD
376,Non-Target,No,0,None,ADHD
377,Target,Yes,629,None,ADHD
378,Non-Target,No,0,None,ADHD
379,Target,Yes,767,None,ADHD
380,Target,No,0,Omission,ADHD
381,Non-Target,Yes,617,Commission,ADHD
382,Non-Target,No,0,None,ADHD
383,Non-Target,No,0,None,ADHD
384,Non-Target,No,0,None,ADHD
385,Non-Target,No,0,None,ADHD
386,Non-Target,No,0,None,ADHD
387,Non-Target,No,0,None,ADHD
388,Target,Yes,535,None,ADHD
389,Target,Yes,606,None,ADHD
390,Non-Target,No,0,None,ADHD
391,Target,Yes,939,None,ADHD
392,Non-Target,No,0,None,ADHD
393,Target,Yes,877,None,ADHD
394,Non-Target,Yes,454,Commission,ADHD
395,Non-Target,Yes,792,Commission,ADHD
396,Target,Yes,696,None,ADHD
397,Non-Target,No,0,None,ADHD
398,Non-Target,No,0,None,ADHD
399,Non-Target,Yes,468,Commission,ADHD
400,Non-Target,No,0,None,ADHD
401,Non-Target,No,0,None,ADHD
402,Non-Target,No,0,None,ADHD
403,Non-Target,No,0,None,ADHD
404,Non-Target,No,0,None,ADHD
405,Target,Yes,711,None,ADHD
406,Target,Yes,534,None,ADHD
407,Non-Target,No,0,None,ADHD
408,Non-Target,No,0,None,ADHD
409,Target,Yes,407,None,ADHD
410,Non-Target,No,0,None,ADHD
411,Non-Target,No,0,None,ADHD
412,Target,No,0,Omission,ADHD
413,Non-Target,No,0,None,ADHD
414,Target,Yes,738,None,ADHD
415,Non-Target,No,0,None,ADHD
416,Target,Yes,648,None,ADHD
417,Target,Yes,687,None,ADHD
418,Non-Target,Yes,734,Commission,ADHD
419,Non-Target,No,0,None,ADHD
420,Target,Yes,720,None,ADHD
421,Non-Target,No,0,None,ADHD
422,Non-Target,Yes,630,Commission,ADHD
423,Non-Target,Yes,636,Commission,ADHD
424,Non-Target,No,0,None,ADHD
425,Target,Yes,585,None,ADHD
426,Non-Target,No,0,None,ADHD
427,Non-Target,No,0,None,ADHD
428,Non-Target,Yes,402,Commission,ADHD
429,Non-Target,No,0,None,ADHD
430,Non-Target,No,0,None,ADHD
431,Target,No,0,Omission,ADHD
432,Target,Yes,535,None,ADHD
433,Non-Target,No,0,None,ADHD
434,Non-Target,No,0,None,ADHD
435,Target,Yes,716,None,ADHD
436,Non-Target,No,0,None,ADHD
437,Non-Target,Yes,504,Commission,ADHD
438,Target,No,0,Omission,ADHD
439,Non-Target,No,0,None,ADHD
440,Non-Target,Yes,581,Commission,ADHD
441,Non-Target,Yes,618,Commission,ADHD
442,Target,No,0,Omission,ADHD
443,Non-Target,No,0,None,ADHD
444,Non-Target,No,0,None,ADHD
445,Non-Target,No,0,None,ADHD
446,Target,Yes,765,None,ADHD
447,Non-Target,No,0,None,ADHD
448,Non-Target,No,0,None,ADHD
449,Non-Target,No,0,None,ADHD
450,Non-Target,Yes,564,Commission,ADHD
451,Non-Target,No,0,None,ADHD
452,Non-Target,No,0,None,ADHD
453,Non-Target,No,0,None,ADHD
454,Target,Yes,691,None,ADHD
455,Non-Target,No,0,None,ADHD
456,Non-Target,No,0,None,ADHD
457,Non-Target,Yes,815,Commission,ADHD
458,Non-Target,No,0,None,ADHD
459,Target,Yes,544,None,ADHD
460,Non-Target,No,0,None,ADHD
461,Non-Target,No,0,None,ADHD
462,Non-Target,No,0,None,ADHD
463,Non-Target,No,0,None,ADHD
464,Non-Target,Yes,720,Commission,ADHD
465,Target,Yes,762,None,ADHD
466,Non-Target,No,0,None,ADHD
467,Non-Target,No,0,None,ADHD
468,Non-Target,No,0,None,ADHD
469,Non-Target,No,0,None,ADHD
470,Non-Target,No,0,None,ADHD
471,Non-Target,No,0,None,ADHD
472,Non-Target,No,0,None,ADHD
473,Target,Yes,606,None,ADHD
474,Non-Target,No,0,None,ADHD
475,Target,Yes,749,None,ADHD
476,Non-Target,No,0,None,ADHD
477,Non-Target,No,0,None,ADHD
478,Non-Target,No,0,None,ADHD
479,Non-Target,No,0,None,ADHD
480,Non-Target,Yes,778,Commission,ADHD
481,Non-Target,No,0,None,ADHD
482,Target,Yes,684,None,ADHD
483,Target,Yes,637,None,ADHD
484,Non-Target,No,0,None,ADHD
485,Non-Target,Yes,559,Commission,ADHD
486,Non-Target,No,0,None,ADHD
487,Non-Target,No,0,None,ADHD
488,Non-Target,No,0,None,ADHD
489,Non-Target,No,0,None,ADHD
490,Target,Yes,478,None,ADHD
491,Non-Target,No,0,None,ADHD
492,Non-Target,No,0,None,ADHD
493,Non-Target,No,0,None,ADHD
494,Non-Target,No,0,None,ADHD
495,Non-Target,Yes,600,Commission,ADHD
496,Non-Target,No,0,None,ADHD
497,Non-Target,No,0,None,ADHD
498,Non-Target,No,0,None,ADHD
499,Non-Target,No,0,None,ADHD
500,Non-Target,No,0,None,ADHD
501,Non-Target,Yes,710,Commission,ADHD
502,Non-Target,No,0,None,ADHD
503,Non-Target,No,0,None,ADHD
504,Non-Target,No,0,None,ADHD
505,Target,Yes,628,None,ADHD
506,Non-Target,No,0,None,ADHD
507,Target,Yes,536,None,ADHD
508,Non-Target,No,0,None,ADHD
509,Non-Target,No,0,None,ADHD
510,Non-Target,Yes,683,Commission,ADHD
511,Target,Yes,521,None,ADHD
512,Non-Target,No,0,None,ADHD
513,Non-Target,No,0,None,ADHD
514,Non-Target,No,0,None,ADHD
515,Non-Target,Yes,658,Commission,ADHD
516,Target,Yes,588,None,ADHD
517,Non-Target,No,0,None,ADHD
518,Non-Target,Yes,416,Commission,ADHD
519,Target,Yes,654,None,ADHD
520,Non-Target,No,0,None,ADHD
521,Target,Yes,403,None,ADHD
522,Non-Target,No,0,None,ADHD
523,Non-Target,No,0,None,ADHD
524,Non-Target,Yes,769,Commission,ADHD
525,Non-Target,Yes,519,Commission,ADHD
526,Non-Target,No,0,None,ADHD
527,Non-Target,No,0,None,ADHD
528,Non-Target,No,0,None,ADHD
529,Non-Target,No,0,None,ADHD
530,Non-Target,No,0,None,ADHD
531,Non-Target,No,0,None,ADHD
532,Non-Target,Yes,644,Commission,ADHD
533,Non-Target,No,0,None,ADHD
534,Non-Target,No,0,None,ADHD
535,Non-Target,No,0,None,ADHD
536,Target,Yes,615,None,ADHD
537,Target,Yes,672,None,ADHD
538,Target,Yes,785,None,ADHD
539,Target,Yes,591,None,ADHD
540,Non-Target,No,0,None,ADHD
541,Target,No,0,Omission,ADHD
542,Non-Target,No,0,None,ADHD
543,Non-Target,No,0,None,ADHD
544,Non-Target,No,0,None,ADHD
545,Target,No,0,Omission,ADHD
546,Non-Target,No,0,None,ADHD
547,Non-Target,No,0,None,ADHD
548,Non-Target,Yes,794,Commission,ADHD
549,Target,Yes,418,None,ADHD
550,Non-Target,No,0,None,ADHD
551,Target,Yes,681,None,ADHD
552,Non-Target,No,0,None,ADHD
553,Non-Target,No,0,None,ADHD
554,Target,No,0,Omission,ADHD
555,Non-Target,No,0,None,ADHD
556,Target,Yes,544,None,ADHD
557,Non-Target,Yes,613,Commission,ADHD
558,Non-Target,No,0,None,ADHD
559,Non-Target,No,0,None,ADHD
560,Non-Target,No,0,None,ADHD
561,Non-Target,Yes,655,Commission,ADHD
562,Non-Target,No,0,None,ADHD
563,Non-Target,No,0,None,ADHD
564,Non-Target,No,0,None,ADHD
565,Target,Yes,725,None,ADHD
566,Target,Yes,595,None,ADHD
567,Non-Target,No,0,None,ADHD
568,Non-Target,Yes,818,Commission,ADHD
569,Non-Target,Yes,591,Commission,ADHD
570,Non-Target,No,0,None,ADHD
571,Target,No,0,Omission,ADHD
572,Non-Target,No,0,None,ADHD
573,Target,Yes,632,None,ADHD
574,Non-Target,No,0,None,ADHD
575,Non-Target,No,0,None,ADHD
576,Target,Yes,572,None,ADHD
577,Target,Yes,460,None,ADHD
578,Non-Target,No,0,None,ADHD
579,Non-Target,No,0,None,ADHD
580,Target,Yes,594,None,ADHD
581,Non-Target,No,0,None,ADHD
582,Non-Target,No,0,None,ADHD
583,Target,No,0,Omission,ADHD
584,Target,Yes,526,None,ADHD
585,Target,Yes,741,None,ADHD
586,Target,Yes,941,None,ADHD
587,Non-Target,No,0,None,ADHD
588,Non-Target,No,0,None,ADHD
589,Target,Yes,592,None,ADHD
590,Target,No,0,Omission,ADHD
591,Non-Target,No,0,None,ADHD
592,Target,Yes,841,None,ADHD
593,Target,Yes,615,None,ADHD
594,Non-Target,No,0,None,ADHD
595,Non-Target,No,0,None,ADHD
596,Target,Yes,626,None,ADHD
597,Target,Yes,804,None,ADHD
598,Non-Target,No,0,None,ADHD
599,Target,No,0,Omission,ADHD
600,Target,Yes,744,None,ADHD
601,Target,Yes,653,None,ADHD
602,Non-Target,No,0,None,ADHD
603,Non-Target,No,0,None,ADHD
604,Non-Target,No,0,None,ADHD
605,Non-Target,No,0,None,ADHD
606,Non-Target,No,0,None,ADHD
607,Non-Target,No,0,None,ADHD
608,Target,Yes,725,None,ADHD
609,Non-Target,No,0,None,ADHD
610,Target,Yes,697,None,ADHD
611,Non-Target,No,0,None,ADHD
612,Target,No,0,Omission,ADHD
613,Non-Target,Yes,730,Commission,ADHD
614,Non-Target,No,0,None,ADHD
615,Target,No,0,Omission,ADHD
616,Non-Target,No,0,None,ADHD
617,Non-Target,No,0,None,ADHD
618,Non-Target,No,0,None,ADHD
619,Non-Target,No,0,None,ADHD
620,Non-Target,Yes,737,Commission,ADHD
621,Non-Target,No,0,None,ADHD
622,Non-Target,No,0,None,ADHD
623,Non-Target,No,0,None,ADHD
624,Non-Target,No,0,None,ADHD
625,Non-Target,No,0,None,ADHD
626,Non-Target,No,0,None,ADHD
627,Non-Target,No,0,None,ADHD
628,Non-Target,No,0,None,ADHD
629,Target,No,0,Omission,ADHD
630,Target,No,0,Omission,ADHD
631,Non-Target,Yes,490,Commission,ADHD
632,Non-Target,No,0,None,ADHD
633,Target,Yes,412,None,ADHD
634,Target,Yes,476,None,ADHD
635,Non-Target,No,0,None,ADHD
636,Target,No,0,Omission,ADHD
637,Non-Target,No,0,None,ADHD
638,Non-Target,No,0,None,ADHD
639,Non-Target,No,0,None,ADHD
640,Target,Yes,647,None,ADHD
641,Non-Target,No,0,None,ADHD
642,Non-Target,No,0,None,ADHD
643,Non-Target,No,0,None,ADHD
644,Non-Target,No,0,None,ADHD
645,Non-Target,No,0,None,ADHD
646,Non-Target,Yes,780,Commission,ADHD
647,Non-Target,No,0,None,ADHD
648,Non-Target,No,0,None,ADHD
649,Target,Yes,659,None,ADHD
650,Non-Target,No,0,None,ADHD
651,Non-Target,Yes,625,Commission,ADHD
652,Non-Target,No,0,None,ADHD
653,Non-Target,No,0,None,ADHD
654,Non-Target,No,0,None,ADHD
655,Non-Target,No,0,None,ADHD
656,Non-Target,No,0,None,ADHD
657,Non-Target,No,0,None,ADHD
658,Non-Target,No,0,None,ADHD
659,Non-Target,No,0,None,ADHD
660,Non-Target,No,0,None,ADHD
661,Target,Yes,563,None,ADHD
662,Non-Target,No,0,None,ADHD
663,Non-Target,No,0,None,ADHD
664,Target,No,0,Omission,ADHD
665,Non-Target,No,0,None,ADHD
666,Target,Yes,664,None,ADHD
667,Non-Target,No,0,None,ADHD
668,Non-Target,No,0,None,ADHD
669,Non-Target,No,0,None,ADHD
670,Non-Target,No,0,None,ADHD
671,Target,Yes,791,None,ADHD
672,Non-Target,No,0,None,ADHD
673,Non-Target,No,0,None,ADHD
674,Non-Target,No,0,None,ADHD
675,Target,Yes,679,None,ADHD
676,Non-Target,No,0,None,ADHD
677,Non-Target,No,0,None,ADHD
678,Non-Target,No,0,None,ADHD
679,Target,No,0,Omission,ADHD
680,Non-Target,No,0,None,ADHD
681,Non-Target,No,0,None,ADHD
682,Non-Target,No,0,None,ADHD
683,Non-Target,No,0,None,ADHD
684,Non-Target,No,0,None,ADHD
685,Non-Target,No,0,None,ADHD
686,Non-Target,No,0,None,ADHD
687,Non-Target,Yes,583,Commission,ADHD
688,Non-Target,No,0,None,ADHD
689,Target,Yes,464,None,ADHD
690,Target,Yes,952,None,ADHD
691,Target,Yes,484,None,ADHD
692,Non-Target,No,0,None,ADHD
693,Non-Target,No,0,None,ADHD
694,Non-Target,No,0,None,ADHD
695,Target,Yes,787,None,ADHD
696,Non-Target,No,0,None,ADHD
697,Non-Target,No,0,None,ADHD
698,Non-Target,No,0,None,ADHD
699,Non-Target,No,0,None,ADHD
700,Target,Yes,597,None,ADHD
701,Non-Target,No,0,None,ADHD
702,Target,Yes,597,None,ADHD
703,Non-Target,No,0,None,ADHD
704,Non-Target,Yes,608,Commission,ADHD
705,Non-Target,No,0,None,ADHD
706,Non-Target,Yes,680,Commission,ADHD
707,Non-Target,No,0,None,ADHD
708,Non-Target,No,0,None,ADHD
709,Non-Target,No,0,None,ADHD
710,Non-Target,No,0,None,ADHD
711,Target,No,0,Omission,ADHD
712,Non-Target,No,0,None,ADHD
713,Non-Target,No,0,None,ADHD
714,Non-Target,No,0,None,ADHD
715,Target,Yes,636,None,ADHD
716,Non-Target,No,0,None,ADHD
717,Non-Target,No,0,None,ADHD
718,Non-Target,No,0,None,ADHD
719,Non-Target,Yes,319,Commission,ADHD
720,Non-Target,No,0,None,ADHD
721,Target,Yes,636,None,ADHD
722,Non-Target,No,0,None,ADHD
723,Target,Yes,605,None,ADHD
724,Non-Target,No,0,None,ADHD
725,Target,No,0,Omission,ADHD
726,Non-Target,No,0,None,ADHD
727,Non-Target,No,0,None,ADHD
728,Non-Target,No,0,None,ADHD
729,Target,Yes,637,None,ADHD
730,Non-Target,Yes,699,Commission,ADHD
731,Target,Yes,806,None,ADHD
732,Target,Yes,666,None,ADHD
733,Target,Yes,547,None,ADHD
734,Non-Target,No,0,None,ADHD
735,Non-Target,No,0,None,ADHD
736,Non-Target,Yes,725,Commission,ADHD
737,Non-Target,No,0,None,ADHD
738,Non-Target,No,0,None,ADHD
739,Non-Target,No,0,None,ADHD
740,Non-Target,Yes,648,Commission,ADHD
741,Target,No,0,Omission,ADHD
742,Target,Yes,452,None,ADHD
743,Target,Yes,680,None,ADHD
744,Target,Yes,657,None,ADHD
745,Non-Target,No,0,None,ADHD
746,Non-Target,No,0,None,ADHD
747,Non-Target,No,0,None,ADHD
748,Target,Yes,658,None,ADHD
749,Target,Yes,686,None,ADHD
750,Non-Target,No,0,None,ADHD
751,Target,Yes,637,None,ADHD
752,Non-Target,No,0,None,ADHD
753,Non-Target,No,0,None,ADHD
754,Non-Target,No,0,None,ADHD
755,Target,Yes,678,None,ADHD
756,Non-Target,No,0,None,ADHD
757,Target,No,0,Omission,ADHD
758,Non-Target,Yes,737,Commission,ADHD
759,Non-Target,No,0,None,ADHD
760,Non-Target,No,0,None,ADHD
761,Target,Yes,649,None,ADHD
762,Non-Target,No,0,None,ADHD
763,Non-Target,Yes,654,Commission,ADHD
764,Target,Yes,632,None,ADHD
765,Target,No,0,Omission,ADHD
766,Non-Target,No,0,None,ADHD
767,Non-Target,No,0,None,ADHD
768,Non-Target,No,0,None,ADHD
769,Non-Target,No,0,None,ADHD
770,Target,No,0,Omission,ADHD
771,Non-Target,No,0,None,ADHD
772,Non-Target,No,0,None,ADHD
773,Target,Yes,804,None,ADHD
774,Target,Yes,520,None,ADHD
775,Target,No,0,Omission,ADHD
776,Non-Target,No,0,None,ADHD
777,Non-Target,No,0,None,ADHD
778,Target,Yes,649,None,ADHD
779,Target,Yes,596,None,ADHD
780,Target,Yes,591,None,ADHD
781,Target,Yes,680,None,ADHD
782,Target,Yes,468,None,ADHD
783,Non-Target,No,0,None,ADHD
784,Non-Target,No,0,None,ADHD
785,Target,Yes,780,None,ADHD
786,Non-Target,No,0,None,ADHD
787,Non-Target,No,0,None,ADHD
788,Non-Target,No,0,None,ADHD
789,Non-Target,No,0,None,ADHD
790,Target,Yes,596,None,ADHD
791,Non-Target,No,0,None,ADHD
792,Non-Target,Yes,947,Commission,ADHD
793,Non-Target,No,0,None,ADHD
794,Target,Yes,555,None,ADHD
795,Non-Target,No,0,None,ADHD
796,Non-Target,No,0,None,ADHD
797,Non-Target,No,0,None,ADHD
798,Non-Target,No,0,None,ADHD
799,Non-Target,No,0,None,ADHD
800,Non-Target,No,0,None,ADHD
801,Non-Target,No,0,None,ADHD
802,Non-Target,No,0,None,ADHD
803,Non-Target,No,0,None,ADHD
804,Target,Yes,657,None,ADHD
805,Non-Target,No,0,None,ADHD
806,Target,Yes,521,None,ADHD
807,Target,Yes,591,None,ADHD
808,Non-Target,No,0,None,ADHD
809,Non-Target,No,0,None,ADHD
810,Non-Target,No,0,None,ADHD
811,Non-Target,Yes,496,Commission,ADHD
812,Target,No,0,Omission,ADHD
813,Target,Yes,738,None,ADHD
814,Non-Target,No,0,None,ADHD
815,Non-Target,Yes,724,Commission,ADHD
816,Non-Target,No,0,None,ADHD
817,Non-Target,No,0,None,ADHD
818,Target,Yes,495,None,ADHD
819,Target,Yes,593,None,ADHD
820,Non-Target,No,0,None,ADHD
821,Non-Target,No,0,None,ADHD
822,Non-Target,No,0,None,ADHD
823,Non-Target,No,0,None,ADHD
824,Target,Yes,607,None,ADHD
825,Non-Target,No,0,None,ADHD
826,Target,No,0,Omission,ADHD
827,Target,Yes,417,None,ADHD
828,Non-Target,No,0,None,ADHD
829,Target,Yes,713,None,ADHD
830,Non-Target,No,0,None,ADHD
831,Non-Target,No,0,None,ADHD
832,Non-Target,No,0,None,ADHD
833,Non-Target,No,0,None,ADHD
834,Non-Target,No,0,None,ADHD
835,Target,No,0,Omission,ADHD
836,Target,Yes,534,None,ADHD
837,Non-Target,No,0,None,ADHD
838,Non-Target,No,0,None,ADHD
839,Non-Target,No,0,None,ADHD
840,Non-Target,No,0,None,ADHD
841,Target,No,0,Omission,ADHD
842,Non-Target,No,0,None,ADHD
843,Non-Target,No,0,None,ADHD
844,Non-Target,No,0,None,ADHD
845,Target,Yes,513,None,ADHD
846,Non-Target,No,0,None,ADHD
847,Non-Target,No,0,None,ADHD
848,Target,Yes,583,None,ADHD
849,Non-Target,No,0,None,ADHD
850,Target,Yes,578,None,ADHD
851,Target,Yes,513,None,ADHD
852,Non-Target,No,0,None,ADHD
853,Non-Target,No,0,None,ADHD
854,Target,Yes,497,None,ADHD
855,Target,Yes,438,None,ADHD
856,Non-Target,No,0,None,ADHD
857,Non-Target,No,0,None,ADHD
858,Non-Target,No,0,None,ADHD
859,Non-Target,No,0,None,ADHD
860,Target,Yes,462,None,ADHD
861,Target,Yes,861,None,ADHD
862,Non-Target,Yes,775,Commission,ADHD
863,Non-Target,No,0,None,ADHD
864,Non-Target,No,0,None,ADHD
865,Non-Target,No,0,None,ADHD
866,Non-Target,No,0,None,ADHD
867,Non-Target,No,0,None,ADHD
868,Non-Target,Yes,949,Commission,ADHD
869,Non-Target,No,0,None,ADHD
870,Target,Yes,567,None,ADHD
871,Non-Target,No,0,None,ADHD
872,Non-Target,No,0,None,ADHD
873,Target,Yes,670,None,ADHD
874,Non-Target,No,0,None,ADHD
875,Non-Target,Yes,503,Commission,ADHD
876,Non-Target,No,0,None,ADHD
877,Target,Yes,742,None,ADHD
878,Target,No,0,Omission,ADHD
879,Non-Target,No,0,None,ADHD
880,Non-Target,No,0,None,ADHD
881,Non-Target,No,0,None,ADHD
882,Non-Target,Yes,726,Commission,ADHD
883,Target,Yes,520,None,ADHD
884,Target,Yes,643,None,ADHD
885,Target,Yes,690,None,ADHD
886,Non-Target,No,0,None,ADHD
887,Target,Yes,416,None,ADHD
888,Non-Target,No,0,None,ADHD
889,Non-Target,No,0,None,ADHD
890,Non-Target,No,0,None,ADHD
891,Target,Yes,799,None,ADHD
892,Non-Target,No,0,None,ADHD
893,Non-Target,No,0,None,ADHD
894,Non-Target,No,0,None,ADHD
895,Target,Yes,528,None,ADHD
896,Target,No,0,Omission,ADHD
897,Non-Target,No,0,None,ADHD
898,Non-Target,No,0,None,ADHD
899,Target,Yes,699,None,ADHD
900,Non-Target,No,0,None,ADHD
901,Non-Target,No,0,None,ADHD
902,Target,Yes,827,None,ADHD
903,Non-Target,No,0,None,ADHD
904,Non-Target,Yes,476,Commission,ADHD
905,Non-Target,No,0,None,ADHD
906,Non-Target,No,0,None,ADHD
907,Non-Target,No,0,None,ADHD
908,Non-Target,No,0,None,ADHD
909,Target,Yes,700,None,ADHD
910,Non-Target,No,0,None,ADHD
911,Non-Target,No,0,None,ADHD
912,Target,Yes,934,None,ADHD
913,Non-Target,No,0,None,ADHD
914,Non-Target,No,0,None,ADHD
915,Non-Target,No,0,None,ADHD
916,Target,Yes,532,None,ADHD
917,Non-Target,No,0,None,ADHD
918,Non-Target,No,0,None,ADHD
919,Non-Target,No,0,None,ADHD
920,Non-Target,No,0,None,ADHD
921,Target,Yes,577,None,ADHD
922,Non-Target,No,0,None,ADHD
923,Non-Target,No,0,None,ADHD
924,Non-Target,No,0,None,ADHD
925,Non-Target,No,0,None,ADHD
926,Non-Target,No,0,None,ADHD
927,Non-Target,No,0,None,ADHD
928,Non-Target,No,0,None,ADHD
929,Non-Target,No,0,None,ADHD
930,Non-Target,No,0,None,ADHD
931,Target,No,0,Omission,ADHD
932,Non-Target,No,0,None,ADHD
933,Non-Target,No,0,None,ADHD
934,Non-Target,No,0,None,ADHD
935,Non-Target,No,0,None,ADHD
936,Non-Target,Yes,593,Commission,ADHD
937,Non-Target,Yes,811,Commission,ADHD
938,Target,Yes,771,None,ADHD
939,Non-Target,Yes,484,Commission,ADHD
940,Target,No,0,Omission,ADHD
941,Non-Target,No,0,None,ADHD
942,Non-Target,No,0,None,ADHD
943,Non-Target,No,0,None,ADHD
944,Non-Target,No,0,None,ADHD
945,Non-Target,Yes,554,Commission,ADHD
946,Non-Target,No,0,None,ADHD
947,Target,No,0,Omission,ADHD
948,Target,Yes,413,None,ADHD
949,Non-Target,No,0,None,ADHD
950,Non-Target,No,0,None,ADHD
951,Target,Yes,606,None,ADHD
952,Target,Yes,480,None,ADHD
953,Non-Target,No,0,None,ADHD
954,Non-Target,No,0,None,ADHD
955,Non-Target,No,0,None,ADHD
956,Non-Target,No,0,None,ADHD
957,Non-Target,No,0,None,ADHD
958,Non-Target,No,0,None,ADHD
959,Non-Target,No,0,None,ADHD
960,Non-Target,No,0,None,ADHD
961,Non-Target,No,0,None,ADHD
962,Non-Target,No,0,None,ADHD
963,Non-Target,No,0,None,ADHD
964,Target,Yes,676,None,ADHD
965,Non-Target,No,0,None,ADHD
966,Target,Yes,522,None,ADHD
967,Non-Target,No,0,None,ADHD
968,Target,No,0,Omission,ADHD
969,Target,No,0,Omission,ADHD
970,Non-Target,No,0,None,ADHD
971,Non-Target,No,0,None,ADHD
972,Target,No,0,Omission,ADHD
973,Target,Yes,595,None,ADHD
974,Non-Target,No,0,None,ADHD
975,Target,No,0,Omission,ADHD
976,Non-Target,No,0,None,ADHD
977,Non-Target,No,0,None,ADHD
978,Non-Target,No,0,None,ADHD
979,Target,Yes,634,None,ADHD
980,Non-Target,No,0,None,ADHD
981,Non-Target,Yes,459,Commission,ADHD
982,Non-Target,No,0,None,ADHD
983,Target,No,0,Omission,ADHD
984,Non-Target,No,0,None,ADHD
985,Non-Target,No,0,None,ADHD
986,Non-Target,No,0,None,ADHD
987,Non-Target,No,0,None,ADHD
988,Non-Target,No,0,None,ADHD
989,Target,Yes,587,None,ADHD
990,Non-Target,No,0,None,ADHD
991,Non-Target,Yes,444,Commission,ADHD
992,Target,Yes,587,None,ADHD
993,Non-Target,No,0,None,ADHD
994,Non-Target,No,0,None,ADHD
995,Non-Target,No,0,None,ADHD
996,Non-Target,No,0,None,ADHD
997,Target,Yes,476,None,ADHD
998,Non-Target,No,0,None,ADHD
999,Non-Target,Yes,566,Commission,ADHD
1000,Target,Yes,739,None,ADHD
1001,Non-Target,No,0,None,ADHD
1002,Target,Yes,581,None,ADHD
1003,Non-Target,No,0,None,ADHD
1004,Non-Target,No,0,None,ADHD
1005,Non-Target,No,0,None,ADHD
1006,Non-Target,No,0,None,ADHD
1007,Non-Target,No,0,None,ADHD
1008,Non-Target,No,0,None,ADHD
1009,Non-Target,No,0,None,ADHD
1010,Non-Target,No,0,None,ADHD
1011,Non-Target,No,0,None,ADHD
1012,Target,Yes,617,None,ADHD
1013,Target,Yes,625,None,ADHD
1014,Non-Target,No,0,None,ADHD
1015,Non-Target,No,0,None,ADHD
1016,Non-Target,No,0,None,ADHD
1017,Target,Yes,513,None,ADHD
1018,Non-Target,No,0,None,ADHD
1019,Non-Target,No,0,None,ADHD
1020,Target,Yes,684,None,ADHD
1021,Non-Target,No,0,None,ADHD
1022,Target,Yes,467,None,ADHD
1023,Target,No,0,Omission,ADHD
1024,Non-Target,No,0,None,ADHD
1025,Target,Yes,722,None,ADHD
1026,Non-Target,No,0,None,ADHD
1027,Non-Target,Yes,591,Commission,ADHD
1028,Target,Yes,660,None,ADHD
1029,Non-Target,No,0,None,ADHD
1030,Non-Target,No,0,None,ADHD
1031,Target,Yes,539,None,ADHD
1032,Non-Target,No,0,None,ADHD
1033,Target,Yes,572,None,ADHD
1034,Non-Target,No,0,None,ADHD
1035,Non-Target,No,0,None,ADHD
1036,Non-Target,No,0,None,ADHD
1037,Non-Target,No,0,None,ADHD
1038,Non-Target,No,0,None,ADHD
1039,Target,No,0,Omission,ADHD
1040,Non-Target,No,0,None,ADHD
1041,Non-Target,No,0,None,ADHD
1042,Target,Yes,709,None,ADHD
1043,Non-Target,Yes,689,Commission,ADHD
1044,Non-Target,No,0,None,ADHD
1045,Non-Target,No,0,None,ADHD
1046,Non-Target,No,0,None,ADHD
1047,Target,Yes,555,None,ADHD
1048,Non-Target,No,0,None,ADHD
1049,Target,Yes,661,None,ADHD
1050,Non-Target,No,0,None,ADHD
1051,Non-Target,No,0,None,ADHD
1052,Non-Target,No,0,None,ADHD
1053,Non-Target,No,0,None,ADHD
1054,Non-Target,No,0,None,ADHD
1055,Target,Yes,745,None,ADHD
1056,Target,Yes,775,None,ADHD
1057,Non-Target,No,0,None,ADHD
1058,Target,Yes,615,None,ADHD
1059,Non-Target,No,0,None,ADHD
1060,Non-Target,No,0,None,ADHD
1061,Non-Target,No,0,None,ADHD
1062,Non-Target,No,0,None,ADHD
1063,Target,Yes,354,None,ADHD
1064,Non-Target,No,0,None,ADHD
1065,Non-Target,No,0,None,ADHD
1066,Non-Target,No,0,None,ADHD
1067,Non-Target,No,0,None,ADHD
1068,Non-Target,Yes,765,Commission,ADHD
1069,Non-Target,No,0,None,ADHD
1070,Non-Target,No,0,None,ADHD
1071,Non-Target,No,0,None,ADHD
1072,Non-Target,No,0,None,ADHD
1073,Non-Target,No,0,None,ADHD
1074,Non-Target,No,0,None,ADHD
1075,Non-Target,No,0,None,ADHD
1076,Non-Target,No,0,None,ADHD
1077,Non-Target,No,0,None,ADHD
1078,Non-Target,No,0,None,ADHD
1079,Non-Target,No,0,None,ADHD
1080,Non-Target,No,0,None,ADHD
1081,Non-Target,Yes,475,Commission,ADHD
1082,Non-Target,No,0,None,ADHD
1083,Non-Target,No,0,None,ADHD
1084,Target,Yes,649,None,ADHD
1085,Non-Target,No,0,None,ADHD
1086,Target,Yes,628,None,ADHD
1087,Non-Target,No,0,None,ADHD
1088,Non-Target,No,0,None,ADHD
1089,Target,Yes,953,None,ADHD
1090,Non-Target,No,0,None,ADHD
1091,Non-Target,No,0,None,ADHD
1092,Non-Target,No,0,None,ADHD
1093,Non-Target,No,0,None,ADHD
1094,Non-Target,No,0,None,ADHD
1095,Non-Target,No,0,None,ADHD
1096,Non-Target,No,0,None,ADHD
1097,Non-Target,No,0,None,ADHD
1098,Non-Target,No,0,None,ADHD
1099,Target,Yes,609,None,ADHD
1100,Non-Target,No,0,None,ADHD
1101,Non-Target,No,0,None,ADHD
1102,Target,Yes,618,None,ADHD
1103,Non-Target,No,0,None,ADHD
1104,Non-Target,No,0,None,ADHD
1105,Non-Target,No,0,None,ADHD
1106,Non-Target,No,0,None,ADHD
1107,Target,Yes,770,None,ADHD
1108,Non-Target,No,0,None,ADHD
1109,Non-Target,No,0,None,ADHD
1110,Non-Target,No,0,None,ADHD
1111,Non-Target,No,0,None,ADHD
1112,Non-Target,No,0,None,ADHD
1113,Non-Target,No,0,None,ADHD
1114,Non-Target,No,0,None,ADHD
1115,Target,Yes,578,None,ADHD
1116,Non-Target,No,0,None,ADHD
1117,Target,Yes,345,None,ADHD
1118,Target,No,0,Omission,ADHD
1119,Non-Target,No,0,None,ADHD
1120,Target,Yes,810,None,ADHD
1121,Non-Target,No,0,None,ADHD
1122,Non-Target,No,0,None,ADHD
1123,Non-Target,Yes,743,Commission,ADHD
1124,Target,Yes,583,None,ADHD
1125,Non-Target,No,0,None,ADHD
1126,Non-Target,No,0,None,ADHD
1127,Target,No,0,Omission,ADHD
1128,Non-Target,No,0,None,ADHD
1129,Target,Yes,493,None,ADHD
1130,Non-Target,No,0,None,ADHD
1131,Non-Target,Yes,567,Commission,ADHD
1132,Non-Target,No,0,None,ADHD
1133,Target,No,0,Omission,ADHD
1134,Non-Target,No,0,None,ADHD
1135,Non-Target,No,0,None,ADHD
1136,Target,Yes,382,None,ADHD
1137,Target,Yes,659,None,ADHD
1138,Non-Target,No,0,None,ADHD
1139,Non-Target,No,0,None,ADHD
1140,Non-Target,No,0,None,ADHD
1141,Non-Target,No,0,None,ADHD
1142,Target,Yes,875,None,ADHD
1143,Non-Target,No,0,None,ADHD
1144,Target,Yes,862,None,ADHD
1145,Non-Target,No,0,None,ADHD
1146,Non-Target,No,0,None,ADHD
1147,Non-Target,No,0,None,ADHD
1148,Target,Yes,799,None,ADHD
1149,Non-Target,No,0,None,ADHD
1150,Non-Target,No,0,None,ADHD
1151,Non-Target,No,0,None,ADHD
1152,Non-Target,No,0,None,ADHD
1153,Non-Target,Yes,658,Commission,ADHD
1154,Non-Target,No,0,None,ADHD
1155,Non-Target,No,0,None,ADHD
1156,Target,Yes,685,None,ADHD
1157,Target,No,0,Omission,ADHD
1158,Target,Yes,561,None,ADHD
1159,Target,Yes,787,None,ADHD
1160,Non-Target,No,0,None,ADHD
1161,Target,Yes,768,None,ADHD
1162,Non-Target,No,0,None,ADHD
1163,Non-Target,No,0,None,ADHD
1164,Non-Target,No,0,None,ADHD
1165,Non-Target,No,0,None,ADHD
1166,Non-Target,No,0,None,ADHD
1167,Target,No,0,Omission,ADHD
1168,Non-Target,No,0,None,ADHD
1169,Target,Yes,687,None,ADHD
1170,Non-Target,No,0,None,ADHD
1171,Non-Target,Yes,490,Commission,ADHD
1172,Non-Target,No,0,None,ADHD
1173,Non-Target,No,0,None,ADHD
1174,Non-Target,No,0,None,ADHD
1175,Non-Target,No,0,None,ADHD
1176,Target,Yes,846,None,ADHD
1177,Target,Yes,495,None,ADHD
1178,Non-Target,No,0,None,ADHD
1179,Non-Target,No,0,None,ADHD
1180,Non-Target,No,0,None,ADHD
1181,Non-Target,No,0,None,ADHD
1182,Non-Target,No,0,None,ADHD
1183,Non-Target,No,0,None,ADHD
1184,Non-Target,No,0,None,ADHD
1185,Non-Target,No,0,None,ADHD
1186,Non-Target,No,0,None,ADHD
1187,Non-Target,Yes,687,Commission,ADHD
1188,Non-Target,No,0,None,ADHD
1189,Non-Target,No,0,None,ADHD
1190,Non-Target,No,0,None,ADHD
1191,Non-Target,Yes,581,Commission,ADHD
1192,Target,Yes,627,None,ADHD
1193,Non-Target,No,0,None,ADHD
1194,Non-Target,No,0,None,ADHD
1195,Target,Yes,532,None,ADHD
1196,Target,Yes,583,None,ADHD
1197,Non-Target,No,0,None,ADHD
1198,Non-Target,No,0,None,ADHD
1199,Non-Target,No,0,None,ADHD
1200,Non-Target,Yes,792,Commission,ADHD
