Trial,StimulusType,Reaction,ReactionTime(ms),ErrorType,Label
1,Target,Yes,714,None,ADHD
2,Non-Target,No,0,None,ADHD
3,Target,Yes,720,None,ADHD
4,Target,Yes,707,None,ADHD
5,Non-Target,No,0,None,ADHD
6,Non-Target,No,0,None,ADHD
7,Non-Target,No,0,None,ADHD
8,Non-Target,No,0,None,ADHD
9,Non-Target,Yes,612,Commission,ADHD
10,Target,Yes,721,None,ADHD
11,Target,Yes,936,None,ADHD
12,Target,Yes,900,None,ADHD
13,Non-Target,Yes,674,Commission,ADHD
14,Non-Target,No,0,None,ADHD
15,Target,Yes,915,None,ADHD
16,Non-Target,No,0,None,ADHD
17,Target,No,0,Omission,ADHD
18,Non-Target,No,0,None,ADHD
19,Non-Target,No,0,None,ADHD
20,Non-Target,No,0,None,ADHD
21,Target,No,0,Omission,ADHD
22,Non-Target,No,0,None,ADHD
23,Non-Target,No,0,None,ADHD
24,Target,Yes,793,None,ADHD
25,Non-Target,Yes,723,Commission,ADHD
26,Non-Target,No,0,None,ADHD
27,Target,Yes,866,None,ADHD
28,Target,No,0,Omission,ADHD
29,Non-Target,No,0,None,ADHD
30,Non-Target,No,0,None,ADHD
31,Non-Target,No,0,None,ADHD
32,Non-Target,Yes,591,Commission,ADHD
33,Non-Target,No,0,None,ADHD
34,Target,Yes,484,None,ADHD
35,Non-Target,No,0,None,ADHD
36,Non-Target,No,0,None,ADHD
37,Non-Target,Yes,864,Commission,ADHD
38,Target,Yes,752,None,ADHD
39,Non-Target,No,0,None,ADHD
40,Target,Yes,491,None,ADHD
41,Non-Target,No,0,None,ADHD
42,Non-Target,No,0,None,ADHD
43,Non-Target,No,0,None,ADHD
44,Target,Yes,790,None,ADHD
45,Non-Target,No,0,None,ADHD
46,Target,Yes,537,None,ADHD
47,Target,Yes,693,None,ADHD
48,Non-Target,Yes,720,Commission,ADHD
49,Non-Target,No,0,None,ADHD
50,Target,Yes,759,None,ADHD
51,Non-Target,No,0,None,ADHD
52,Non-Target,No,0,None,ADHD
53,Target,No,0,Omission,ADHD
54,Non-Target,No,0,None,ADHD
55,Non-Target,No,0,None,ADHD
56,Non-Target,No,0,None,ADHD
57,Non-Target,No,0,None,ADHD
58,Target,No,0,Omission,ADHD
59,Non-Target,No,0,None,ADHD
60,Non-Target,No,0,None,ADHD
61,Target,Yes,824,None,ADHD
62,Non-Target,Yes,587,Commission,ADHD
63,Non-Target,Yes,650,Commission,ADHD
64,Non-Target,No,0,None,ADHD
65,Non-Target,No,0,None,ADHD
66,Non-Target,No,0,None,ADHD
67,Non-Target,Yes,725,Commission,ADHD
68,Non-Target,No,0,None,ADHD
69,Non-Target,No,0,None,ADHD
70,Target,Yes,794,None,ADHD
71,Target,Yes,666,None,ADHD
72,Non-Target,No,0,None,ADHD
73,Non-Target,Yes,769,Commission,ADHD
74,Non-Target,Yes,737,Commission,ADHD
75,Target,Yes,721,None,ADHD
76,Non-Target,No,0,None,ADHD
77,Non-Target,No,0,None,ADHD
78,Target,No,0,Omission,ADHD
79,Non-Target,No,0,None,ADHD
80,Target,No,0,Omission,ADHD
81,Non-Target,No,0,None,ADHD
82,Non-Target,No,0,None,ADHD
83,Target,Yes,641,None,ADHD
84,Non-Target,Yes,944,Commission,ADHD
85,Non-Target,No,0,None,ADHD
86,Non-Target,No,0,None,ADHD
87,Non-Target,No,0,None,ADHD
88,Non-Target,No,0,None,ADHD
89,Non-Target,No,0,None,ADHD
90,Non-Target,No,0,None,ADHD
91,Non-Target,Yes,729,Commission,ADHD
92,Non-Target,No,0,None,ADHD
93,Non-Target,Yes,585,Commission,ADHD
94,Non-Target,Yes,664,Commission,ADHD
95,Target,Yes,708,None,ADHD
96,Non-Target,No,0,None,ADHD
97,Target,Yes,510,None,ADHD
98,Non-Target,Yes,780,Commission,ADHD
99,Target,No,0,Omission,ADHD
100,Target,Yes,736,None,ADHD
101,Target,Yes,654,None,ADHD
102,Target,No,0,Omission,ADHD
103,Non-Target,Yes,823,Commission,ADHD
104,Target,Yes,631,None,ADHD
105,Non-Target,No,0,None,ADHD
106,Target,Yes,911,None,ADHD
107,Non-Target,No,0,None,ADHD
108,Target,Yes,708,None,ADHD
109,Non-Target,No,0,None,ADHD
110,Non-Target,No,0,None,ADHD
111,Non-Target,No,0,None,ADHD
112,Non-Target,No,0,None,ADHD
113,Non-Target,No,0,None,ADHD
114,Target,Yes,664,None,ADHD
115,Non-Target,No,0,None,ADHD
116,Non-Target,Yes,721,Commission,ADHD
117,Non-Target,Yes,783,Commission,ADHD
118,Target,Yes,836,None,ADHD
119,Non-Target,No,0,None,ADHD
120,Target,Yes,866,None,ADHD
121,Non-Target,No,0,None,ADHD
122,Non-Target,Yes,877,Commission,ADHD
123,Non-Target,No,0,None,ADHD
124,Non-Target,No,0,None,ADHD
125,Target,No,0,Omission,ADHD
126,Target,Yes,792,None,ADHD
127,Non-Target,No,0,None,ADHD
128,Non-Target,No,0,None,ADHD
129,Target,Yes,735,None,ADHD
130,Target,Yes,817,None,ADHD
131,Target,Yes,676,None,ADHD
132,Non-Target,No,0,None,ADHD
133,Non-Target,Yes,793,Commission,ADHD
134,Target,Yes,703,None,ADHD
135,Non-Target,No,0,None,ADHD
136,Target,Yes,812,None,ADHD
137,Non-Target,No,0,None,ADHD
138,Non-Target,Yes,558,Commission,ADHD
139,Non-Target,No,0,None,ADHD
140,Non-Target,No,0,None,ADHD
141,Non-Target,No,0,None,ADHD
142,Non-Target,No,0,None,ADHD
143,Non-Target,No,0,None,ADHD
144,Non-Target,Yes,835,Commission,ADHD
145,Non-Target,No,0,None,ADHD
146,Non-Target,No,0,None,ADHD
147,Target,Yes,617,None,ADHD
148,Target,Yes,759,None,ADHD
149,Non-Target,Yes,1006,Commission,ADHD
150,Target,Yes,755,None,ADHD
151,Target,No,0,Omission,ADHD
152,Target,Yes,882,None,ADHD
153,Non-Target,Yes,558,Commission,ADHD
154,Non-Target,No,0,None,ADHD
155,Non-Target,No,0,None,ADHD
156,Non-Target,No,0,None,ADHD
157,Target,Yes,501,None,ADHD
158,Non-Target,No,0,None,ADHD
159,Target,Yes,1039,None,ADHD
160,Target,Yes,773,None,ADHD
161,Non-Target,No,0,None,ADHD
162,Target,Yes,854,None,ADHD
163,Non-Target,Yes,645,Commission,ADHD
164,Non-Target,No,0,None,ADHD
165,Non-Target,No,0,None,ADHD
166,Non-Target,No,0,None,ADHD
167,Non-Target,No,0,None,ADHD
168,Non-Target,No,0,None,ADHD
169,Non-Target,No,0,None,ADHD
170,Target,No,0,Omission,ADHD
171,Non-Target,No,0,None,ADHD
172,Non-Target,No,0,None,ADHD
173,Non-Target,No,0,None,ADHD
174,Target,No,0,Omission,ADHD
175,Non-Target,No,0,None,ADHD
176,Target,Yes,642,None,ADHD
177,Non-Target,No,0,None,ADHD
178,Non-Target,No,0,None,ADHD
179,Non-Target,Yes,840,Commission,ADHD
180,Non-Target,No,0,None,ADHD
181,Target,Yes,844,None,ADHD
182,Non-Target,Yes,604,Commission,ADHD
183,Non-Target,No,0,None,ADHD
184,Non-Target,No,0,None,ADHD
185,Target,Yes,753,None,ADHD
186,Non-Target,No,0,None,ADHD
187,Non-Target,No,0,None,ADHD
188,Target,Yes,873,None,ADHD
189,Target,No,0,Omission,ADHD
190,Non-Target,No,0,None,ADHD
191,Target,Yes,760,None,ADHD
192,Non-Target,No,0,None,ADHD
193,Target,Yes,928,None,ADHD
194,Non-Target,No,0,None,ADHD
195,Target,Yes,759,None,ADHD
196,Non-Target,No,0,None,ADHD
197,Target,No,0,Omission,ADHD
198,Target,Yes,761,None,ADHD
199,Non-Target,No,0,None,ADHD
200,Non-Target,No,0,None,ADHD
201,Non-Target,No,0,None,ADHD
202,Non-Target,No,0,None,ADHD
203,Target,Yes,864,None,ADHD
204,Non-Target,Yes,582,Commission,ADHD
205,Non-Target,No,0,None,ADHD
206,Target,Yes,686,None,ADHD
207,Non-Target,No,0,None,ADHD
208,Non-Target,No,0,None,ADHD
209,Target,Yes,754,None,ADHD
210,Non-Target,No,0,None,ADHD
211,Target,No,0,Omission,ADHD
212,Target,Yes,555,None,ADHD
213,Non-Target,No,0,None,ADHD
214,Non-Target,No,0,None,ADHD
215,Non-Target,No,0,None,ADHD
216,Non-Target,No,0,None,ADHD
217,Non-Target,No,0,None,ADHD
218,Target,Yes,778,None,ADHD
219,Target,No,0,Omission,ADHD
220,Non-Target,No,0,None,ADHD
221,Non-Target,No,0,None,ADHD
222,Non-Target,No,0,None,ADHD
223,Non-Target,No,0,None,ADHD
224,Target,No,0,Omission,ADHD
225,Non-Target,No,0,None,ADHD
226,Non-Target,No,0,None,ADHD
227,Target,Yes,766,None,ADHD
228,Target,Yes,824,None,ADHD
229,Non-Target,No,0,None,ADHD
230,Target,Yes,676,None,ADHD
231,Non-Target,No,0,None,ADHD
232,Non-Target,No,0,None,ADHD
233,Non-Target,No,0,None,ADHD
234,Target,Yes,592,None,ADHD
235,Non-Target,No,0,None,ADHD
236,Non-Target,No,0,None,ADHD
237,Non-Target,No,0,None,ADHD
238,Target,No,0,Omission,ADHD
239,Target,Yes,664,None,ADHD
240,Non-Target,No,0,None,ADHD
241,Target,No,0,Omission,ADHD
242,Target,No,0,Omission,ADHD
243,Target,Yes,799,None,ADHD
244,Non-Target,No,0,None,ADHD
245,Non-Target,No,0,None,ADHD
246,Non-Target,No,0,None,ADHD
247,Target,Yes,947,None,ADHD
248,Target,Yes,607,None,ADHD
249,Target,Yes,788,None,ADHD
250,Non-Target,No,0,None,ADHD
251,Target,Yes,864,None,ADHD
252,Non-Target,No,0,None,ADHD
253,Target,No,0,Omission,ADHD
254,Non-Target,No,0,None,ADHD
255,Target,No,0,Omission,ADHD
256,Non-Target,No,0,None,ADHD
257,Non-Target,Yes,622,Commission,ADHD
258,Non-Target,Yes,945,Commission,ADHD
259,Target,Yes,722,None,ADHD
260,Non-Target,No,0,None,ADHD
261,Non-Target,No,0,None,ADHD
262,Non-Target,No,0,None,ADHD
263,Target,Yes,774,None,ADHD
264,Non-Target,No,0,None,ADHD
265,Non-Target,No,0,None,ADHD
266,Non-Target,Yes,810,Commission,ADHD
267,Non-Target,No,0,None,ADHD
268,Non-Target,Yes,764,Commission,ADHD
269,Non-Target,No,0,None,ADHD
270,Target,Yes,848,None,ADHD
271,Target,No,0,Omission,ADHD
272,Target,Yes,779,None,ADHD
273,Non-Target,No,0,None,ADHD
274,Target,No,0,Omission,ADHD
275,Non-Target,No,0,None,ADHD
276,Non-Target,No,0,None,ADHD
277,Target,Yes,504,None,ADHD
278,Non-Target,No,0,None,ADHD
279,Non-Target,Yes,701,Commission,ADHD
280,Non-Target,No,0,None,ADHD
281,Target,Yes,840,None,ADHD
282,Target,No,0,Omission,ADHD
283,Non-Target,Yes,1058,Commission,ADHD
284,Non-Target,No,0,None,ADHD
285,Non-Target,No,0,None,ADHD
286,Non-Target,No,0,None,ADHD
287,Target,Yes,702,None,ADHD
288,Non-Target,No,0,None,ADHD
289,Target,Yes,619,None,ADHD
290,Target,No,0,Omission,ADHD
291,Non-Target,Yes,721,Commission,ADHD
292,Target,Yes,744,None,ADHD
293,Target,Yes,745,None,ADHD
294,Target,Yes,773,None,ADHD
295,Target,Yes,722,None,ADHD
296,Non-Target,No,0,None,ADHD
297,Non-Target,No,0,None,ADHD
298,Non-Target,No,0,None,ADHD
299,Non-Target,No,0,None,ADHD
300,Target,No,0,Omission,ADHD
301,Non-Target,No,0,None,ADHD
302,Target,Yes,925,None,ADHD
303,Non-Target,No,0,None,ADHD
304,Non-Target,No,0,None,ADHD
305,Target,No,0,Omission,ADHD
306,Non-Target,No,0,None,ADHD
307,Target,No,0,Omission,ADHD
308,Non-Target,No,0,None,ADHD
309,Target,Yes,977,None,ADHD
310,Non-Target,No,0,None,ADHD
311,Non-Target,No,0,None,ADHD
312,Target,Yes,668,None,ADHD
313,Non-Target,No,0,None,ADHD
314,Target,Yes,861,None,ADHD
315,Non-Target,No,0,None,ADHD
316,Non-Target,No,0,None,ADHD
317,Target,Yes,508,None,ADHD
318,Target,Yes,752,None,ADHD
319,Target,Yes,541,None,ADHD
320,Non-Target,No,0,None,ADHD
321,Non-Target,No,0,None,ADHD
322,Non-Target,No,0,None,ADHD
323,Non-Target,No,0,None,ADHD
324,Target,Yes,640,None,ADHD
325,Non-Target,Yes,625,Commission,ADHD
326,Target,No,0,Omission,ADHD
327,Non-Target,Yes,831,Commission,ADHD
328,Target,Yes,930,None,ADHD
329,Non-Target,No,0,None,ADHD
330,Non-Target,No,0,None,ADHD
331,Target,Yes,527,None,ADHD
332,Target,Yes,870,None,ADHD
333,Non-Target,No,0,None,ADHD
334,Non-Target,No,0,None,ADHD
335,Non-Target,Yes,767,Commission,ADHD
336,Target,Yes,796,None,ADHD
337,Non-Target,No,0,None,ADHD
338,Non-Target,No,0,None,ADHD
339,Target,Yes,743,None,ADHD
340,Target,Yes,849,None,ADHD
341,Target,Yes,551,None,ADHD
342,Non-Target,No,0,None,ADHD
343,Non-Target,Yes,795,Commission,ADHD
344,Non-Target,No,0,None,ADHD
345,Non-Target,No,0,None,ADHD
346,Non-Target,No,0,None,ADHD
347,Non-Target,Yes,665,Commission,ADHD
348,Non-Target,No,0,None,ADHD
349,Non-Target,No,0,None,ADHD
350,Non-Target,No,0,None,ADHD
351,Target,Yes,723,None,ADHD
352,Non-Target,No,0,None,ADHD
353,Target,Yes,705,None,ADHD
354,Non-Target,No,0,None,ADHD
355,Non-Target,No,0,None,ADHD
356,Non-Target,No,0,None,ADHD
357,Non-Target,No,0,None,ADHD
358,Non-Target,No,0,None,ADHD
359,Non-Target,No,0,None,ADHD
360,Target,Yes,810,None,ADHD
361,Non-Target,Yes,687,Commission,ADHD
362,Target,Yes,793,None,ADHD
363,Non-Target,No,0,None,ADHD
364,Non-Target,No,0,None,ADHD
365,Target,Yes,914,None,ADHD
366,Non-Target,No,0,None,ADHD
367,Non-Target,Yes,650,Commission,ADHD
368,Non-Target,Yes,682,Commission,ADHD
369,Non-Target,Yes,728,Commission,ADHD
370,Non-Target,No,0,None,ADHD
371,Non-Target,No,0,None,ADHD
372,Target,Yes,630,None,ADHD
373,Target,Yes,675,None,ADHD
374,Target,Yes,713,None,ADHD
375,Target,Yes,628,None,ADHD
376,Non-Target,No,0,None,ADHD
377,Non-Target,No,0,None,ADHD
378,Non-Target,No,0,None,ADHD
379,Non-Target,No,0,None,ADHD
380,Non-Target,No,0,None,ADHD
381,Non-Target,Yes,718,Commission,ADHD
382,Non-Target,No,0,None,ADHD
383,Target,No,0,Omission,ADHD
384,Non-Target,No,0,None,ADHD
385,Non-Target,Yes,677,Commission,ADHD
386,Non-Target,No,0,None,ADHD
387,Target,Yes,745,None,ADHD
388,Non-Target,No,0,None,ADHD
389,Target,Yes,716,None,ADHD
390,Non-Target,No,0,None,ADHD
391,Non-Target,No,0,None,ADHD
392,Non-Target,No,0,None,ADHD
393,Non-Target,No,0,None,ADHD
394,Non-Target,Yes,722,Commission,ADHD
395,Non-Target,No,0,None,ADHD
396,Non-Target,No,0,None,ADHD
397,Non-Target,No,0,None,ADHD
398,Target,No,0,Omission,ADHD
399,Non-Target,No,0,None,ADHD
400,Non-Target,No,0,None,ADHD
401,Non-Target,No,0,None,ADHD
402,Non-Target,No,0,None,ADHD
403,Non-Target,No,0,None,ADHD
404,Non-Target,Yes,669,Commission,ADHD
405,Target,Yes,838,None,ADHD
406,Non-Target,No,0,None,ADHD
407,Non-Target,No,0,None,ADHD
408,Non-Target,No,0,None,ADHD
409,Target,Yes,913,None,ADHD
410,Non-Target,No,0,None,ADHD
411,Non-Target,No,0,None,ADHD
412,Target,Yes,807,None,ADHD
413,Target,No,0,Omission,ADHD
414,Non-Target,No,0,None,ADHD
415,Target,Yes,1076,None,ADHD
416,Non-Target,Yes,533,Commission,ADHD
417,Non-Target,Yes,652,Commission,ADHD
418,Non-Target,No,0,None,ADHD
419,Non-Target,Yes,722,Commission,ADHD
420,Non-Target,No,0,None,ADHD
421,Non-Target,Yes,552,Commission,ADHD
422,Target,Yes,925,None,ADHD
423,Target,Yes,805,None,ADHD
424,Non-Target,No,0,None,ADHD
425,Non-Target,Yes,743,Commission,ADHD
426,Target,Yes,824,None,ADHD
427,Non-Target,Yes,896,Commission,ADHD
428,Target,No,0,Omission,ADHD
429,Non-Target,No,0,None,ADHD
430,Target,No,0,Omission,ADHD
431,Non-Target,No,0,None,ADHD
432,Non-Target,No,0,None,ADHD
433,Non-Target,No,0,None,ADHD
434,Non-Target,Yes,965,Commission,ADHD
435,Non-Target,No,0,None,ADHD
436,Target,Yes,586,None,ADHD
437,Non-Target,No,0,None,ADHD
438,Target,Yes,940,None,ADHD
439,Non-Target,No,0,None,ADHD
440,Target,Yes,835,None,ADHD
441,Non-Target,No,0,None,ADHD
442,Target,Yes,858,None,ADHD
443,Non-Target,No,0,None,ADHD
444,Target,Yes,1003,None,ADHD
445,Non-Target,No,0,None,ADHD
446,Non-Target,Yes,700,Commission,ADHD
447,Non-Target,Yes,765,Commission,ADHD
448,Target,Yes,961,None,ADHD
449,Non-Target,No,0,None,ADHD
450,Non-Target,No,0,None,ADHD
451,Non-Target,No,0,None,ADHD
452,Non-Target,No,0,None,ADHD
453,Target,Yes,675,None,ADHD
454,Non-Target,No,0,None,ADHD
455,Target,No,0,Omission,ADHD
456,Target,Yes,661,None,ADHD
457,Target,No,0,Omission,ADHD
458,Non-Target,No,0,None,ADHD
459,Non-Target,No,0,None,ADHD
460,Target,Yes,813,None,ADHD
461,Non-Target,No,0,None,ADHD
462,Non-Target,No,0,None,ADHD
463,Non-Target,No,0,None,ADHD
464,Target,No,0,Omission,ADHD
465,Non-Target,No,0,None,ADHD
466,Non-Target,No,0,None,ADHD
467,Non-Target,No,0,None,ADHD
468,Non-Target,No,0,None,ADHD
469,Non-Target,No,0,None,ADHD
470,Non-Target,Yes,848,Commission,ADHD
471,Target,Yes,784,None,ADHD
472,Non-Target,No,0,None,ADHD
473,Non-Target,No,0,None,ADHD
474,Target,Yes,803,None,ADHD
475,Non-Target,Yes,549,Commission,ADHD
476,Non-Target,No,0,None,ADHD
477,Non-Target,No,0,None,ADHD
478,Non-Target,No,0,None,ADHD
479,Non-Target,No,0,None,ADHD
480,Non-Target,No,0,None,ADHD
481,Target,No,0,Omission,ADHD
482,Non-Target,No,0,None,ADHD
483,Non-Target,No,0,None,ADHD
484,Non-Target,No,0,None,ADHD
485,Non-Target,No,0,None,ADHD
486,Target,Yes,816,None,ADHD
487,Non-Target,Yes,520,Commission,ADHD
488,Target,Yes,693,None,ADHD
489,Non-Target,No,0,None,ADHD
490,Target,Yes,855,None,ADHD
491,Non-Target,No,0,None,ADHD
492,Target,No,0,Omission,ADHD
493,Non-Target,Yes,736,Commission,ADHD
494,Non-Target,No,0,None,ADHD
495,Non-Target,No,0,None,ADHD
496,Non-Target,No,0,None,ADHD
497,Non-Target,Yes,943,Commission,ADHD
498,Non-Target,No,0,None,ADHD
499,Target,Yes,827,None,ADHD
500,Non-Target,No,0,None,ADHD
501,Non-Target,No,0,None,ADHD
502,Non-Target,No,0,None,ADHD
503,Target,Yes,515,None,ADHD
504,Target,Yes,802,None,ADHD
505,Non-Target,No,0,None,ADHD
506,Target,No,0,Omission,ADHD
507,Non-Target,No,0,None,ADHD
508,Non-Target,No,0,None,ADHD
509,Non-Target,Yes,702,Commission,ADHD
510,Non-Target,Yes,861,Commission,ADHD
511,Target,Yes,748,None,ADHD
512,Non-Target,No,0,None,ADHD
513,Target,Yes,529,None,ADHD
514,Target,Yes,741,None,ADHD
515,Target,Yes,568,None,ADHD
516,Non-Target,Yes,913,Commission,ADHD
517,Non-Target,No,0,None,ADHD
518,Target,Yes,841,None,ADHD
519,Target,Yes,869,None,ADHD
520,Non-Target,No,0,None,ADHD
521,Target,Yes,743,None,ADHD
522,Non-Target,No,0,None,ADHD
523,Non-Target,No,0,None,ADHD
524,Non-Target,No,0,None,ADHD
525,Non-Target,No,0,None,ADHD
526,Non-Target,No,0,None,ADHD
527,Non-Target,No,0,None,ADHD
528,Non-Target,No,0,None,ADHD
529,Non-Target,No,0,None,ADHD
530,Target,Yes,426,None,ADHD
531,Non-Target,No,0,None,ADHD
532,Non-Target,No,0,None,ADHD
533,Non-Target,No,0,None,ADHD
534,Non-Target,No,0,None,ADHD
535,Target,No,0,Omission,ADHD
536,Non-Target,No,0,None,ADHD
537,Target,Yes,815,None,ADHD
538,Non-Target,Yes,828,Commission,ADHD
539,Non-Target,No,0,None,ADHD
540,Non-Target,Yes,740,Commission,ADHD
541,Non-Target,No,0,None,ADHD
542,Non-Target,No,0,None,ADHD
543,Non-Target,No,0,None,ADHD
544,Non-Target,No,0,None,ADHD
545,Target,No,0,Omission,ADHD
546,Non-Target,No,0,None,ADHD
547,Non-Target,No,0,None,ADHD
548,Non-Target,No,0,None,ADHD
549,Non-Target,No,0,None,ADHD
550,Target,No,0,Omission,ADHD
551,Non-Target,Yes,543,Commission,ADHD
552,Target,Yes,728,None,ADHD
553,Non-Target,No,0,None,ADHD
554,Non-Target,Yes,714,Commission,ADHD
555,Non-Target,No,0,None,ADHD
556,Non-Target,No,0,None,ADHD
557,Non-Target,No,0,None,ADHD
558,Non-Target,Yes,799,Commission,ADHD
559,Non-Target,No,0,None,ADHD
560,Target,Yes,902,None,ADHD
561,Non-Target,No,0,None,ADHD
562,Non-Target,Yes,796,Commission,ADHD
563,Non-Target,No,0,None,ADHD
564,Non-Target,Yes,841,Commission,ADHD
565,Target,No,0,Omission,ADHD
566,Non-Target,No,0,None,ADHD
567,Non-Target,No,0,None,ADHD
568,Non-Target,No,0,None,ADHD
569,Non-Target,No,0,None,ADHD
570,Target,Yes,781,None,ADHD
571,Non-Target,No,0,None,ADHD
572,Non-Target,No,0,None,ADHD
573,Non-Target,No,0,None,ADHD
574,Non-Target,No,0,None,ADHD
575,Target,Yes,790,None,ADHD
576,Non-Target,No,0,None,ADHD
577,Non-Target,No,0,None,ADHD
578,Target,Yes,696,None,ADHD
579,Target,No,0,Omission,ADHD
580,Non-Target,No,0,None,ADHD
581,Target,Yes,533,None,ADHD
582,Non-Target,No,0,None,ADHD
583,Target,No,0,Omission,ADHD
584,Non-Target,Yes,649,Commission,ADHD
585,Non-Target,No,0,None,ADHD
586,Target,No,0,Omission,ADHD
587,Target,Yes,756,None,ADHD
588,Non-Target,Yes,740,Commission,ADHD
589,Non-Target,No,0,None,ADHD
590,Non-Target,No,0,None,ADHD
591,Non-Target,No,0,None,ADHD
592,Non-Target,No,0,None,ADHD
593,Target,Yes,735,None,ADHD
594,Non-Target,Yes,785,Commission,ADHD
595,Non-Target,Yes,653,Commission,ADHD
596,Non-Target,Yes,749,Commission,ADHD
597,Non-Target,No,0,None,ADHD
598,Non-Target,No,0,None,ADHD
599,Non-Target,No,0,None,ADHD
600,Non-Target,No,0,None,ADHD
601,Non-Target,No,0,None,ADHD
602,Non-Target,No,0,None,ADHD
603,Non-Target,No,0,None,ADHD
604,Non-Target,No,0,None,ADHD
605,Non-Target,No,0,None,ADHD
606,Target,Yes,683,None,ADHD
607,Target,Yes,728,None,ADHD
608,Non-Target,No,0,None,ADHD
609,Non-Target,No,0,None,ADHD
610,Non-Target,No,0,None,ADHD
611,Target,Yes,763,None,ADHD
612,Non-Target,No,0,None,ADHD
613,Target,Yes,881,None,ADHD
614,Target,Yes,813,None,ADHD
615,Target,Yes,594,None,ADHD
616,Non-Target,No,0,None,ADHD
617,Non-Target,No,0,None,ADHD
618,Non-Target,No,0,None,ADHD
619,Target,No,0,Omission,ADHD
620,Non-Target,No,0,None,ADHD
621,Non-Target,No,0,None,ADHD
622,Non-Target,No,0,None,ADHD
623,Target,Yes,590,None,ADHD
624,Non-Target,Yes,807,Commission,ADHD
625,Non-Target,Yes,805,Commission,ADHD
626,Non-Target,Yes,903,Commission,ADHD
627,Non-Target,No,0,None,ADHD
628,Non-Target,Yes,969,Commission,ADHD
629,Non-Target,No,0,None,ADHD
630,Target,No,0,Omission,ADHD
631,Non-Target,No,0,None,ADHD
632,Non-Target,No,0,None,ADHD
633,Non-Target,No,0,None,ADHD
634,Non-Target,Yes,774,Commission,ADHD
635,Non-Target,No,0,None,ADHD
636,Non-Target,No,0,None,ADHD
637,Non-Target,No,0,None,ADHD
638,Non-Target,No,0,None,ADHD
639,Non-Target,No,0,None,ADHD
640,Target,Yes,539,None,ADHD
641,Target,No,0,Omission,ADHD
642,Non-Target,No,0,None,ADHD
643,Non-Target,No,0,None,ADHD
644,Target,No,0,Omission,ADHD
645,Non-Target,No,0,None,ADHD
646,Non-Target,No,0,None,ADHD
647,Non-Target,Yes,932,Commission,ADHD
648,Non-Target,No,0,None,ADHD
649,Non-Target,No,0,None,ADHD
650,Target,Yes,805,None,ADHD
651,Target,Yes,595,None,ADHD
652,Target,No,0,Omission,ADHD
653,Non-Target,No,0,None,ADHD
654,Non-Target,No,0,None,ADHD
655,Non-Target,No,0,None,ADHD
656,Non-Target,No,0,None,ADHD
657,Non-Target,No,0,None,ADHD
658,Target,Yes,873,None,ADHD
659,Non-Target,No,0,None,ADHD
660,Non-Target,Yes,1103,Commission,ADHD
661,Non-Target,No,0,None,ADHD
662,Non-Target,No,0,None,ADHD
663,Non-Target,Yes,660,Commission,ADHD
664,Target,Yes,957,None,ADHD
665,Target,No,0,Omission,ADHD
666,Non-Target,No,0,None,ADHD
667,Non-Target,No,0,None,ADHD
668,Non-Target,No,0,None,ADHD
669,Target,Yes,683,None,ADHD
670,Non-Target,No,0,None,ADHD
671,Non-Target,No,0,None,ADHD
672,Non-Target,No,0,None,ADHD
673,Target,Yes,768,None,ADHD
674,Target,Yes,687,None,ADHD
675,Non-Target,No,0,None,ADHD
676,Non-Target,No,0,None,ADHD
677,Non-Target,No,0,None,ADHD
678,Non-Target,No,0,None,ADHD
679,Target,No,0,Omission,ADHD
680,Non-Target,No,0,None,ADHD
681,Non-Target,No,0,None,ADHD
682,Target,Yes,648,None,ADHD
683,Target,Yes,822,None,ADHD
684,Target,Yes,849,None,ADHD
685,Non-Target,No,0,None,ADHD
686,Target,No,0,Omission,ADHD
687,Non-Target,No,0,None,ADHD
688,Non-Target,No,0,None,ADHD
689,Target,Yes,923,None,ADHD
690,Target,Yes,813,None,ADHD
691,Non-Target,No,0,None,ADHD
692,Target,Yes,419,None,ADHD
693,Non-Target,No,0,None,ADHD
694,Target,Yes,767,None,ADHD
695,Non-Target,No,0,None,ADHD
696,Non-Target,No,0,None,ADHD
697,Target,No,0,Omission,ADHD
698,Non-Target,No,0,None,ADHD
699,Non-Target,No,0,None,ADHD
700,Non-Target,No,0,None,ADHD
701,Target,No,0,Omission,ADHD
702,Non-Target,No,0,None,ADHD
703,Non-Target,Yes,839,Commission,ADHD
704,Non-Target,Yes,591,Commission,ADHD
705,Non-Target,No,0,None,ADHD
706,Non-Target,No,0,None,ADHD
707,Target,Yes,894,None,ADHD
708,Non-Target,No,0,None,ADHD
709,Target,Yes,669,None,ADHD
710,Non-Target,Yes,435,Commission,ADHD
711,Non-Target,Yes,651,Commission,ADHD
712,Target,Yes,580,None,ADHD
713,Target,No,0,Omission,ADHD
714,Non-Target,No,0,None,ADHD
715,Target,No,0,Omission,ADHD
716,Non-Target,Yes,628,Commission,ADHD
717,Target,No,0,Omission,ADHD
718,Target,Yes,745,None,ADHD
719,Target,Yes,625,None,ADHD
720,Target,Yes,637,None,ADHD
721,Non-Target,No,0,None,ADHD
722,Target,Yes,951,None,ADHD
723,Non-Target,No,0,None,ADHD
724,Target,Yes,986,None,ADHD
725,Target,No,0,Omission,ADHD
726,Target,Yes,783,None,ADHD
727,Non-Target,No,0,None,ADHD
728,Non-Target,No,0,None,ADHD
729,Target,Yes,654,None,ADHD
730,Non-Target,No,0,None,ADHD
731,Target,Yes,623,None,ADHD
732,Non-Target,No,0,None,ADHD
733,Non-Target,No,0,None,ADHD
734,Non-Target,No,0,None,ADHD
735,Non-Target,No,0,None,ADHD
736,Target,No,0,Omission,ADHD
737,Target,Yes,793,None,ADHD
738,Non-Target,No,0,None,ADHD
739,Non-Target,No,0,None,ADHD
740,Non-Target,No,0,None,ADHD
741,Non-Target,No,0,None,ADHD
742,Non-Target,No,0,None,ADHD
743,Non-Target,Yes,831,Commission,ADHD
744,Non-Target,No,0,None,ADHD
745,Non-Target,Yes,593,Commission,ADHD
746,Non-Target,No,0,None,ADHD
747,Target,Yes,579,None,ADHD
748,Non-Target,No,0,None,ADHD
749,Target,No,0,Omission,ADHD
750,Non-Target,No,0,None,ADHD
751,Non-Target,No,0,None,ADHD
752,Non-Target,No,0,None,ADHD
753,Non-Target,Yes,706,Commission,ADHD
754,Non-Target,No,0,None,ADHD
755,Non-Target,Yes,847,Commission,ADHD
756,Non-Target,Yes,691,Commission,ADHD
757,Target,Yes,788,None,ADHD
758,Non-Target,No,0,None,ADHD
759,Non-Target,Yes,589,Commission,ADHD
760,Target,Yes,520,None,ADHD
761,Non-Target,No,0,None,ADHD
762,Non-Target,No,0,None,ADHD
763,Non-Target,No,0,None,ADHD
764,Target,Yes,658,None,ADHD
765,Non-Target,No,0,None,ADHD
766,Non-Target,No,0,None,ADHD
767,Target,Yes,507,None,ADHD
768,Non-Target,Yes,739,Commission,ADHD
769,Non-Target,No,0,None,ADHD
770,Target,No,0,Omission,ADHD
771,Non-Target,No,0,None,ADHD
772,Target,Yes,597,None,ADHD
773,Non-Target,No,0,None,ADHD
774,Target,Yes,896,None,ADHD
775,Target,No,0,Omission,ADHD
776,Target,Yes,818,None,ADHD
777,Non-Target,No,0,None,ADHD
778,Target,Yes,794,None,ADHD
779,Non-Target,No,0,None,ADHD
780,Non-Target,No,0,None,ADHD
781,Non-Target,No,0,None,ADHD
782,Target,No,0,Omission,ADHD
783,Target,Yes,877,None,ADHD
784,Non-Target,No,0,None,ADHD
785,Target,Yes,736,None,ADHD
786,Non-Target,Yes,700,Commission,ADHD
787,Non-Target,No,0,None,ADHD
788,Target,No,0,Omission,ADHD
789,Target,No,0,Omission,ADHD
790,Non-Target,No,0,None,ADHD
791,Non-Target,Yes,764,Commission,ADHD
792,Non-Target,No,0,None,ADHD
793,Non-Target,No,0,None,ADHD
794,Non-Target,Yes,766,Commission,ADHD
795,Non-Target,No,0,None,ADHD
796,Non-Target,Yes,875,Commission,ADHD
797,Non-Target,No,0,None,ADHD
798,Non-Target,No,0,None,ADHD
799,Non-Target,Yes,591,Commission,ADHD
800,Target,Yes,744,None,ADHD
801,Non-Target,No,0,None,ADHD
802,Non-Target,No,0,None,ADHD
803,Non-Target,No,0,None,ADHD
804,Target,Yes,681,None,ADHD
805,Non-Target,No,0,None,ADHD
806,Target,No,0,Omission,ADHD
807,Target,No,0,Omission,ADHD
808,Non-Target,Yes,458,Commission,ADHD
809,Non-Target,No,0,None,ADHD
810,Target,Yes,778,None,ADHD
811,Target,Yes,769,None,ADHD
812,Non-Target,No,0,None,ADHD
813,Target,No,0,Omission,ADHD
814,Non-Target,No,0,None,ADHD
815,Non-Target,No,0,None,ADHD
816,Non-Target,No,0,None,ADHD
817,Target,Yes,421,None,ADHD
818,Target,Yes,842,None,ADHD
819,Non-Target,Yes,596,Commission,ADHD
820,Non-Target,No,0,None,ADHD
821,Non-Target,No,0,None,ADHD
822,Non-Target,Yes,838,Commission,ADHD
823,Non-Target,Yes,875,Commission,ADHD
824,Target,Yes,759,None,ADHD
825,Non-Target,No,0,None,ADHD
826,Non-Target,No,0,None,ADHD
827,Non-Target,No,0,None,ADHD
828,Non-Target,Yes,806,Commission,ADHD
829,Non-Target,No,0,None,ADHD
830,Target,No,0,Omission,ADHD
831,Non-Target,Yes,969,Commission,ADHD
832,Non-Target,No,0,None,ADHD
833,Target,Yes,492,None,ADHD
834,Non-Target,Yes,663,Commission,ADHD
835,Target,Yes,1119,None,ADHD
836,Non-Target,Yes,917,Commission,ADHD
837,Non-Target,No,0,None,ADHD
838,Non-Target,No,0,None,ADHD
839,Non-Target,No,0,None,ADHD
840,Non-Target,Yes,781,Commission,ADHD
841,Target,Yes,906,None,ADHD
842,Target,Yes,689,None,ADHD
843,Non-Target,Yes,801,Commission,ADHD
844,Non-Target,No,0,None,ADHD
845,Non-Target,No,0,None,ADHD
846,Target,No,0,Omission,ADHD
847,Non-Target,No,0,None,ADHD
848,Non-Target,Yes,655,Commission,ADHD
849,Non-Target,No,0,None,ADHD
850,Target,No,0,Omission,ADHD
851,Non-Target,Yes,653,Commission,ADHD
852,Non-Target,No,0,None,ADHD
853,Target,Yes,640,None,ADHD
854,Target,No,0,Omission,ADHD
855,Target,Yes,884,None,ADHD
856,Non-Target,No,0,None,ADHD
857,Non-Target,No,0,None,ADHD
858,Target,Yes,684,None,ADHD
859,Target,No,0,Omission,ADHD
860,Target,Yes,629,None,ADHD
861,Non-Target,No,0,None,ADHD
862,Non-Target,No,0,None,ADHD
863,Non-Target,No,0,None,ADHD
864,Target,No,0,Omission,ADHD
865,Target,Yes,1059,None,ADHD
866,Target,Yes,509,None,ADHD
867,Target,Yes,863,None,ADHD
868,Non-Target,No,0,None,ADHD
869,Non-Target,No,0,None,ADHD
870,Non-Target,No,0,None,ADHD
871,Non-Target,No,0,None,ADHD
872,Non-Target,No,0,None,ADHD
873,Target,No,0,Omission,ADHD
874,Target,Yes,831,None,ADHD
875,Non-Target,No,0,None,ADHD
876,Non-Target,No,0,None,ADHD
877,Target,No,0,Omission,ADHD
878,Non-Target,No,0,None,ADHD
879,Non-Target,No,0,None,ADHD
880,Non-Target,No,0,None,ADHD
881,Non-Target,No,0,None,ADHD
882,Target,No,0,Omission,ADHD
883,Non-Target,No,0,None,ADHD
884,Target,No,0,Omission,ADHD
885,Non-Target,No,0,None,ADHD
886,Target,No,0,Omission,ADHD
887,Non-Target,Yes,655,Commission,ADHD
888,Non-Target,Yes,677,Commission,ADHD
889,Target,Yes,710,None,ADHD
890,Target,Yes,796,None,ADHD
891,Target,Yes,588,None,ADHD
892,Target,Yes,988,None,ADHD
893,Target,Yes,907,None,ADHD
894,Target,Yes,842,None,ADHD
895,Target,Yes,681,None,ADHD
896,Target,Yes,781,None,ADHD
897,Target,Yes,774,None,ADHD
898,Target,Yes,638,None,ADHD
899,Target,Yes,721,None,ADHD
900,Target,Yes,868,None,ADHD
901,Non-Target,Yes,895,Commission,ADHD
902,Target,No,0,Omission,ADHD
903,Non-Target,No,0,None,ADHD
904,Non-Target,No,0,None,ADHD
905,Target,Yes,961,None,ADHD
906,Non-Target,No,0,None,ADHD
907,Non-Target,No,0,None,ADHD
908,Non-Target,Yes,769,Commission,ADHD
909,Non-Target,No,0,None,ADHD
910,Non-Target,No,0,None,ADHD
911,Non-Target,No,0,None,ADHD
912,Non-Target,No,0,None,ADHD
913,Non-Target,No,0,None,ADHD
914,Target,Yes,541,None,ADHD
915,Target,Yes,832,None,ADHD
916,Target,Yes,715,None,ADHD
917,Non-Target,No,0,None,ADHD
918,Non-Target,Yes,707,Commission,ADHD
919,Non-Target,Yes,621,Commission,ADHD
920,Non-Target,No,0,None,ADHD
921,Non-Target,No,0,None,ADHD
922,Target,No,0,Omission,ADHD
923,Target,Yes,830,None,ADHD
924,Non-Target,No,0,None,ADHD
925,Non-Target,No,0,None,ADHD
926,Non-Target,No,0,None,ADHD
927,Target,Yes,704,None,ADHD
928,Non-Target,No,0,None,ADHD
929,Target,Yes,861,None,ADHD
930,Non-Target,Yes,687,Commission,ADHD
931,Non-Target,No,0,None,ADHD
932,Non-Target,No,0,None,ADHD
933,Non-Target,No,0,None,ADHD
934,Target,Yes,784,None,ADHD
935,Target,Yes,1002,None,ADHD
936,Target,Yes,828,None,ADHD
937,Non-Target,No,0,None,ADHD
938,Non-Target,No,0,None,ADHD
939,Non-Target,No,0,None,ADHD
940,Non-Target,No,0,None,ADHD
941,Non-Target,No,0,None,ADHD
942,Non-Target,No,0,None,ADHD
943,Non-Target,No,0,None,ADHD
944,Non-Target,No,0,None,ADHD
945,Non-Target,No,0,None,ADHD
946,Non-Target,No,0,None,ADHD
947,Non-Target,Yes,876,Commission,ADHD
948,Target,Yes,665,None,ADHD
949,Target,No,0,Omission,ADHD
950,Non-Target,No,0,None,ADHD
951,Non-Target,No,0,None,ADHD
952,Non-Target,Yes,479,Commission,ADHD
953,Non-Target,No,0,None,ADHD
954,Target,Yes,758,None,ADHD
955,Non-Target,Yes,805,Commission,ADHD
956,Non-Target,No,0,None,ADHD
957,Non-Target,No,0,None,ADHD
958,Non-Target,No,0,None,ADHD
959,Non-Target,Yes,637,Commission,ADHD
960,Target,Yes,656,None,ADHD
961,Non-Target,Yes,732,Commission,ADHD
962,Non-Target,Yes,728,Commission,ADHD
963,Target,Yes,939,None,ADHD
964,Non-Target,No,0,None,ADHD
965,Non-Target,No,0,None,ADHD
966,Non-Target,No,0,None,ADHD
967,Target,No,0,Omission,ADHD
968,Non-Target,No,0,None,ADHD
969,Non-Target,No,0,None,ADHD
970,Non-Target,No,0,None,ADHD
971,Non-Target,No,0,None,ADHD
972,Non-Target,No,0,None,ADHD
973,Non-Target,No,0,None,ADHD
974,Non-Target,Yes,770,Commission,ADHD
975,Target,No,0,Omission,ADHD
976,Non-Target,Yes,668,Commission,ADHD
977,Non-Target,No,0,None,ADHD
978,Non-Target,No,0,None,ADHD
979,Non-Target,No,0,None,ADHD
980,Non-Target,No,0,None,ADHD
981,Non-Target,No,0,None,ADHD
982,Non-Target,No,0,None,ADHD
983,Target,Yes,694,None,ADHD
984,Non-Target,No,0,None,ADHD
985,Non-Target,No,0,None,ADHD
986,Non-Target,Yes,719,Commission,ADHD
987,Target,No,0,Omission,ADHD
988,Non-Target,No,0,None,ADHD
989,Target,Yes,769,None,ADHD
990,Target,No,0,Omission,ADHD
991,Target,Yes,834,None,ADHD
992,Non-Target,No,0,None,ADHD
993,Non-Target,No,0,None,ADHD
994,Target,Yes,830,None,ADHD
995,Target,Yes,947,None,ADHD
996,Non-Target,Yes,800,Commission,ADHD
997,Target,Yes,783,None,ADHD
998,Target,Yes,622,None,ADHD
999,Non-Target,No,0,None,ADHD
1000,Target,Yes,729,None,ADHD
1001,Non-Target,No,0,None,ADHD
1002,Non-Target,No,0,None,ADHD
1003,Non-Target,No,0,None,ADHD
1004,Non-Target,No,0,None,ADHD
1005,Non-Target,No,0,None,ADHD
1006,Non-Target,No,0,None,ADHD
1007,Target,Yes,946,None,ADHD
1008,Target,Yes,537,None,ADHD
1009,Non-Target,No,0,None,ADHD
1010,Non-Target,No,0,None,ADHD
1011,Target,Yes,567,None,ADHD
1012,Target,No,0,Omission,ADHD
1013,Non-Target,Yes,600,Commission,ADHD
1014,Non-Target,No,0,None,ADHD
1015,Non-Target,No,0,None,ADHD
1016,Non-Target,No,0,None,ADHD
1017,Target,No,0,Omission,ADHD
1018,Non-Target,No,0,None,ADHD
1019,Target,Yes,759,None,ADHD
1020,Non-Target,No,0,None,ADHD
1021,Non-Target,Yes,690,Commission,ADHD
1022,Non-Target,No,0,None,ADHD
1023,Non-Target,No,0,None,ADHD
1024,Non-Target,No,0,None,ADHD
1025,Target,Yes,682,None,ADHD
1026,Non-Target,No,0,None,ADHD
1027,Target,Yes,722,None,ADHD
1028,Non-Target,Yes,702,Commission,ADHD
1029,Non-Target,No,0,None,ADHD
1030,Non-Target,No,0,None,ADHD
1031,Non-Target,No,0,None,ADHD
1032,Target,Yes,713,None,ADHD
1033,Target,No,0,Omission,ADHD
1034,Non-Target,No,0,None,ADHD
1035,Non-Target,No,0,None,ADHD
1036,Non-Target,No,0,None,ADHD
1037,Non-Target,No,0,None,ADHD
1038,Non-Target,No,0,None,ADHD
1039,Target,Yes,500,None,ADHD
1040,Non-Target,Yes,731,Commission,ADHD
1041,Target,No,0,Omission,ADHD
1042,Target,Yes,740,None,ADHD
1043,Non-Target,No,0,None,ADHD
1044,Non-Target,No,0,None,ADHD
1045,Target,No,0,Omission,ADHD
1046,Non-Target,Yes,746,Commission,ADHD
1047,Non-Target,No,0,None,ADHD
1048,Non-Target,No,0,None,ADHD
1049,Non-Target,No,0,None,ADHD
1050,Target,Yes,1036,None,ADHD
1051,Non-Target,No,0,None,ADHD
1052,Non-Target,Yes,633,Commission,ADHD
1053,Target,Yes,866,None,ADHD
1054,Target,Yes,640,None,ADHD
1055,Non-Target,No,0,None,ADHD
1056,Non-Target,No,0,None,ADHD
1057,Non-Target,No,0,None,ADHD
1058,Non-Target,No,0,None,ADHD
1059,Non-Target,No,0,None,ADHD
1060,Target,Yes,993,None,ADHD
1061,Non-Target,No,0,None,ADHD
1062,Target,No,0,Omission,ADHD
1063,Target,No,0,Omission,ADHD
1064,Non-Target,Yes,738,Commission,ADHD
1065,Non-Target,No,0,None,ADHD
1066,Non-Target,No,0,None,ADHD
1067,Non-Target,No,0,None,ADHD
1068,Non-Target,No,0,None,ADHD
1069,Non-Target,No,0,None,ADHD
1070,Non-Target,No,0,None,ADHD
1071,Non-Target,No,0,None,ADHD
1072,Non-Target,No,0,None,ADHD
1073,Target,Yes,893,None,ADHD
1074,Non-Target,No,0,None,ADHD
1075,Non-Target,No,0,None,ADHD
1076,Non-Target,No,0,None,ADHD
1077,Non-Target,Yes,1270,Commission,ADHD
1078,Target,Yes,813,None,ADHD
1079,Target,Yes,843,None,ADHD
1080,Non-Target,No,0,None,ADHD
1081,Non-Target,Yes,708,Commission,ADHD
1082,Non-Target,No,0,None,ADHD
1083,Non-Target,No,0,None,ADHD
1084,Non-Target,No,0,None,ADHD
1085,Non-Target,No,0,None,ADHD
1086,Target,Yes,599,None,ADHD
1087,Non-Target,No,0,None,ADHD
1088,Non-Target,Yes,884,Commission,ADHD
1089,Non-Target,No,0,None,ADHD
1090,Target,No,0,Omission,ADHD
1091,Target,Yes,848,None,ADHD
1092,Non-Target,No,0,None,ADHD
1093,Non-Target,No,0,None,ADHD
1094,Non-Target,Yes,588,Commission,ADHD
1095,Non-Target,No,0,None,ADHD
1096,Non-Target,No,0,None,ADHD
1097,Non-Target,No,0,None,ADHD
1098,Non-Target,Yes,784,Commission,ADHD
1099,Non-Target,No,0,None,ADHD
1100,Target,Yes,716,None,ADHD
1101,Target,Yes,650,None,ADHD
1102,Target,No,0,Omission,ADHD
1103,Non-Target,No,0,None,ADHD
1104,Non-Target,No,0,None,ADHD
1105,Non-Target,No,0,None,ADHD
1106,Non-Target,No,0,None,ADHD
1107,Non-Target,No,0,None,ADHD
1108,Non-Target,No,0,None,ADHD
1109,Non-Target,No,0,None,ADHD
1110,Non-Target,No,0,None,ADHD
1111,Non-Target,Yes,798,Commission,ADHD
1112,Non-Target,No,0,None,ADHD
1113,Non-Target,Yes,697,Commission,ADHD
1114,Target,Yes,797,None,ADHD
1115,Target,Yes,965,None,ADHD
1116,Target,Yes,884,None,ADHD
1117,Non-Target,Yes,1151,Commission,ADHD
1118,Non-Target,Yes,466,Commission,ADHD
1119,Non-Target,No,0,None,ADHD
1120,Target,No,0,Omission,ADHD
1121,Non-Target,No,0,None,ADHD
1122,Non-Target,No,0,None,ADHD
1123,Target,Yes,718,None,ADHD
1124,Non-Target,No,0,None,ADHD
1125,Non-Target,No,0,None,ADHD
1126,Non-Target,Yes,762,Commission,ADHD
1127,Non-Target,No,0,None,ADHD
1128,Non-Target,Yes,486,Commission,ADHD
1129,Non-Target,No,0,None,ADHD
1130,Non-Target,Yes,652,Commission,ADHD
1131,Target,No,0,Omission,ADHD
1132,Non-Target,No,0,None,ADHD
1133,Non-Target,Yes,731,Commission,ADHD
1134,Non-Target,No,0,None,ADHD
1135,Non-Target,No,0,None,ADHD
1136,Non-Target,No,0,None,ADHD
1137,Non-Target,No,0,None,ADHD
1138,Target,Yes,709,None,ADHD
1139,Non-Target,No,0,None,ADHD
1140,Non-Target,No,0,None,ADHD
1141,Non-Target,No,0,None,ADHD
1142,Non-Target,No,0,None,ADHD
1143,Non-Target,No,0,None,ADHD
1144,Non-Target,No,0,None,ADHD
1145,Non-Target,No,0,None,ADHD
1146,Target,No,0,Omission,ADHD
1147,Target,Yes,699,None,ADHD
1148,Non-Target,No,0,None,ADHD
1149,Non-Target,No,0,None,ADHD
1150,Non-Target,No,0,None,ADHD
1151,Non-Target,No,0,None,ADHD
1152,Non-Target,No,0,None,ADHD
1153,Target,Yes,655,None,ADHD
1154,Non-Target,No,0,None,ADHD
1155,Non-Target,No,0,None,ADHD
1156,Non-Target,No,0,None,ADHD
1157,Target,No,0,Omission,ADHD
1158,Target,Yes,738,None,ADHD
1159,Target,No,0,Omission,ADHD
1160,Non-Target,No,0,None,ADHD
1161,Non-Target,No,0,None,ADHD
1162,Target,No,0,Omission,ADHD
1163,Non-Target,No,0,None,ADHD
1164,Non-Target,No,0,None,ADHD
1165,Target,Yes,754,None,ADHD
1166,Non-Target,No,0,None,ADHD
1167,Target,Yes,610,None,ADHD
1168,Non-Target,No,0,None,ADHD
1169,Target,Yes,707,None,ADHD
1170,Target,No,0,Omission,ADHD
1171,Non-Target,No,0,None,ADHD
1172,Target,Yes,862,None,ADHD
1173,Target,Yes,714,None,ADHD
1174,Non-Target,Yes,543,Commission,ADHD
1175,Target,No,0,Omission,ADHD
1176,Non-Target,No,0,None,ADHD
1177,Non-Target,No,0,None,ADHD
1178,Non-Target,No,0,None,ADHD
1179,Non-Target,Yes,696,Commission,ADHD
1180,Non-Target,No,0,None,ADHD
1181,Non-Target,No,0,None,ADHD
1182,Target,Yes,1016,None,ADHD
1183,Non-Target,No,0,None,ADHD
1184,Non-Target,No,0,None,ADHD
1185,Non-Target,No,0,None,ADHD
1186,Non-Target,No,0,None,ADHD
1187,Non-Target,No,0,None,ADHD
1188,Non-Target,No,0,None,ADHD
1189,Non-Target,No,0,None,ADHD
1190,Non-Target,No,0,None,ADHD
1191,Non-Target,No,0,None,ADHD
1192,Non-Target,Yes,812,Commission,ADHD
1193,Non-Target,No,0,None,ADHD
1194,Non-Target,No,0,None,ADHD
1195,Non-Target,No,0,None,ADHD
1196,Non-Target,No,0,None,ADHD
1197,Target,No,0,Omission,ADHD
1198,Non-Target,No,0,None,ADHD
1199,Non-Target,No,0,None,ADHD
1200,Non-Target,No,0,None,ADHD
