Trial,StimulusType,Reaction,ReactionTime(ms),ErrorType,Label
1,Non-Target,No,0,None,ADHD
2,Non-Target,No,0,None,ADHD
3,Non-Target,No,0,None,ADHD
4,Target,Yes,812,None,ADHD
5,Non-Target,No,0,None,ADHD
6,Non-Target,No,0,None,ADHD
7,Non-Target,Yes,722,Commission,ADHD
8,Target,Yes,638,None,ADHD
9,Target,No,0,Omission,ADHD
10,Non-Target,No,0,None,ADHD
11,Non-Target,No,0,None,ADHD
12,Target,Yes,623,None,ADHD
13,Target,Yes,887,None,ADHD
14,Target,Yes,948,None,ADHD
15,Non-Target,No,0,None,ADHD
16,Non-Target,No,0,None,ADHD
17,Non-Target,No,0,None,ADHD
18,Target,No,0,Omission,ADHD
19,Non-Target,No,0,None,ADHD
20,Target,No,0,Omission,ADHD
21,Non-Target,No,0,None,ADHD
22,Target,Yes,785,None,ADHD
23,Target,No,0,Omission,ADHD
24,Target,No,0,Omission,ADHD
25,Non-Target,No,0,None,ADHD
26,Target,Yes,758,None,ADHD
27,Non-Target,No,0,None,ADHD
28,Non-Target,No,0,None,ADHD
29,Non-Target,No,0,None,ADHD
30,Target,No,0,Omission,ADHD
31,Non-Target,Yes,751,Commission,ADHD
32,Non-Target,No,0,None,ADHD
33,Target,No,0,Omission,ADHD
34,Non-Target,No,0,None,ADHD
35,Target,Yes,746,None,ADHD
36,Non-Target,No,0,None,ADHD
37,Non-Target,No,0,None,ADHD
38,Non-Target,No,0,None,ADHD
39,Non-Target,No,0,None,ADHD
40,Non-Target,No,0,None,ADHD
41,Non-Target,No,0,None,ADHD
42,Non-Target,No,0,None,ADHD
43,Target,Yes,541,None,ADHD
44,Target,Yes,823,None,ADHD
45,Non-Target,No,0,None,ADHD
46,Non-Target,No,0,None,ADHD
47,Target,Yes,773,None,ADHD
48,Non-Target,No,0,None,ADHD
49,Target,Yes,738,None,ADHD
50,Target,Yes,662,None,ADHD
51,Non-Target,No,0,None,ADHD
52,Non-Target,No,0,None,ADHD
53,Non-Target,No,0,None,ADHD
54,Non-Target,No,0,None,ADHD
55,Non-Target,No,0,None,ADHD
56,Non-Target,No,0,None,ADHD
57,Non-Target,No,0,None,ADHD
58,Target,No,0,Omission,ADHD
59,Non-Target,No,0,None,ADHD
60,Non-Target,Yes,756,Commission,ADHD
61,Non-Target,No,0,None,ADHD
62,Target,Yes,632,None,ADHD
63,Target,Yes,702,None,ADHD
64,Non-Target,No,0,None,ADHD
65,Non-Target,No,0,None,ADHD
66,Target,Yes,703,None,ADHD
67,Non-Target,No,0,None,ADHD
68,Target,No,0,Omission,ADHD
69,Non-Target,Yes,479,Commission,ADHD
70,Non-Target,No,0,None,ADHD
71,Non-Target,No,0,None,ADHD
72,Non-Target,No,0,None,ADHD
73,Non-Target,No,0,None,ADHD
74,Non-Target,Yes,670,Commission,ADHD
75,Non-Target,No,0,None,ADHD
76,Target,Yes,530,None,ADHD
77,Non-Target,No,0,None,ADHD
78,Non-Target,Yes,642,Commission,ADHD
79,Non-Target,No,0,None,ADHD
80,Non-Target,No,0,None,ADHD
81,Non-Target,No,0,None,ADHD
82,Target,Yes,737,None,ADHD
83,Target,Yes,682,None,ADHD
84,Non-Target,No,0,None,ADHD
85,Non-Target,Yes,765,Commission,ADHD
86,Target,Yes,746,None,ADHD
87,Non-Target,Yes,710,Commission,ADHD
88,Target,Yes,855,None,ADHD
89,Non-Target,No,0,None,ADHD
90,Target,Yes,657,None,ADHD
91,Non-Target,No,0,None,ADHD
92,Target,Yes,704,None,ADHD
93,Non-Target,No,0,None,ADHD
94,Non-Target,No,0,None,ADHD
95,Non-Target,No,0,None,ADHD
96,Non-Target,No,0,None,ADHD
97,Target,Yes,605,None,ADHD
98,Non-Target,No,0,None,ADHD
99,Non-Target,No,0,None,ADHD
100,Non-Target,Yes,827,Commission,ADHD
101,Non-Target,No,0,None,ADHD
102,Non-Target,No,0,None,ADHD
103,Non-Target,No,0,None,ADHD
104,Non-Target,Yes,621,Commission,ADHD
105,Target,Yes,654,None,ADHD
106,Non-Target,No,0,None,ADHD
107,Non-Target,No,0,None,ADHD
108,Target,Yes,723,None,ADHD
109,Target,Yes,747,None,ADHD
110,Non-Target,No,0,None,ADHD
111,Non-Target,No,0,None,ADHD
112,Non-Target,No,0,None,ADHD
113,Target,Yes,570,None,ADHD
114,Target,No,0,Omission,ADHD
115,Non-Target,Yes,575,Commission,ADHD
116,Target,Yes,813,None,ADHD
117,Target,Yes,669,None,ADHD
118,Target,No,0,Omission,ADHD
119,Non-Target,No,0,None,ADHD
120,Non-Target,No,0,None,ADHD
121,Target,Yes,678,None,ADHD
122,Target,Yes,641,None,ADHD
123,Target,Yes,605,None,ADHD
124,Non-Target,No,0,None,ADHD
125,Non-Target,No,0,None,ADHD
126,Non-Target,No,0,None,ADHD
127,Target,Yes,720,None,ADHD
128,Target,Yes,689,None,ADHD
129,Non-Target,No,0,None,ADHD
130,Non-Target,No,0,None,ADHD
131,Non-Target,No,0,None,ADHD
132,Non-Target,Yes,609,Commission,ADHD
133,Non-Target,No,0,None,ADHD
134,Non-Target,Yes,698,Commission,ADHD
135,Target,Yes,856,None,ADHD
136,Non-Target,No,0,None,ADHD
137,Non-Target,No,0,None,ADHD
138,Non-Target,No,0,None,ADHD
139,Target,Yes,681,None,ADHD
140,Non-Target,No,0,None,ADHD
141,Non-Target,No,0,None,ADHD
142,Target,Yes,725,None,ADHD
143,Non-Target,No,0,None,ADHD
144,Non-Target,No,0,None,ADHD
145,Non-Target,No,0,None,ADHD
146,Non-Target,No,0,None,ADHD
147,Non-Target,No,0,None,ADHD
148,Non-Target,No,0,None,ADHD
149,Target,No,0,Omission,ADHD
150,Non-Target,No,0,None,ADHD
151,Non-Target,No,0,None,ADHD
152,Non-Target,No,0,None,ADHD
153,Non-Target,No,0,None,ADHD
154,Non-Target,No,0,None,ADHD
155,Non-Target,No,0,None,ADHD
156,Non-Target,Yes,720,Commission,ADHD
157,Target,Yes,556,None,ADHD
158,Target,No,0,Omission,ADHD
159,Non-Target,No,0,None,ADHD
160,Non-Target,Yes,856,Commission,ADHD
161,Non-Target,No,0,None,ADHD
162,Target,Yes,649,None,ADHD
163,Non-Target,No,0,None,ADHD
164,Non-Target,No,0,None,ADHD
165,Target,No,0,Omission,ADHD
166,Non-Target,No,0,None,ADHD
167,Non-Target,No,0,None,ADHD
168,Non-Target,No,0,None,ADHD
169,Non-Target,No,0,None,ADHD
170,Non-Target,No,0,None,ADHD
171,Non-Target,Yes,626,Commission,ADHD
172,Non-Target,No,0,None,ADHD
173,Non-Target,No,0,None,ADHD
174,Target,No,0,Omission,ADHD
175,Non-Target,No,0,None,ADHD
176,Target,Yes,768,None,ADHD
177,Non-Target,No,0,None,ADHD
178,Non-Target,No,0,None,ADHD
179,Non-Target,No,0,None,ADHD
180,Non-Target,No,0,None,ADHD
181,Non-Target,No,0,None,ADHD
182,Non-Target,No,0,None,ADHD
183,Non-Target,No,0,None,ADHD
184,Target,Yes,778,None,ADHD
185,Non-Target,No,0,None,ADHD
186,Target,Yes,759,None,ADHD
187,Non-Target,No,0,None,ADHD
188,Non-Target,No,0,None,ADHD
189,Non-Target,No,0,None,ADHD
190,Target,Yes,879,None,ADHD
191,Target,Yes,810,None,ADHD
192,Non-Target,Yes,693,Commission,ADHD
193,Non-Target,No,0,None,ADHD
194,Non-Target,No,0,None,ADHD
195,Target,Yes,702,None,ADHD
196,Non-Target,No,0,None,ADHD
197,Non-Target,No,0,None,ADHD
198,Non-Target,No,0,None,ADHD
199,Non-Target,No,0,None,ADHD
200,Target,Yes,659,None,ADHD
201,Non-Target,No,0,None,ADHD
202,Non-Target,No,0,None,ADHD
203,Target,Yes,757,None,ADHD
204,Non-Target,No,0,None,ADHD
205,Target,Yes,605,None,ADHD
206,Target,No,0,Omission,ADHD
207,Target,Yes,832,None,ADHD
208,Target,Yes,581,None,ADHD
209,Non-Target,No,0,None,ADHD
210,Non-Target,No,0,None,ADHD
211,Non-Target,No,0,None,ADHD
212,Non-Target,No,0,None,ADHD
213,Non-Target,No,0,None,ADHD
214,Target,Yes,658,None,ADHD
215,Non-Target,No,0,None,ADHD
216,Non-Target,No,0,None,ADHD
217,Non-Target,No,0,None,ADHD
218,Non-Target,No,0,None,ADHD
219,Non-Target,No,0,None,ADHD
220,Non-Target,No,0,None,ADHD
221,Non-Target,No,0,None,ADHD
222,Non-Target,No,0,None,ADHD
223,Non-Target,No,0,None,ADHD
224,Non-Target,No,0,None,ADHD
225,Target,Yes,778,None,ADHD
226,Non-Target,No,0,None,ADHD
227,Non-Target,No,0,None,ADHD
228,Non-Target,No,0,None,ADHD
229,Non-Target,No,0,None,ADHD
230,Target,No,0,Omission,ADHD
231,Non-Target,No,0,None,ADHD
232,Non-Target,No,0,None,ADHD
233,Non-Target,No,0,None,ADHD
234,Non-Target,No,0,None,ADHD
235,Non-Target,No,0,None,ADHD
236,Non-Target,No,0,None,ADHD
237,Non-Target,No,0,None,ADHD
238,Non-Target,No,0,None,ADHD
239,Non-Target,Yes,800,Commission,ADHD
240,Non-Target,No,0,None,ADHD
241,Non-Target,No,0,None,ADHD
242,Target,Yes,626,None,ADHD
243,Non-Target,No,0,None,ADHD
244,Non-Target,No,0,None,ADHD
245,Non-Target,No,0,None,ADHD
246,Non-Target,No,0,None,ADHD
247,Non-Target,No,0,None,ADHD
248,Non-Target,No,0,None,ADHD
249,Non-Target,No,0,None,ADHD
250,Non-Target,No,0,None,ADHD
251,Target,Yes,694,None,ADHD
252,Target,Yes,866,None,ADHD
253,Non-Target,No,0,None,ADHD
254,Target,Yes,685,None,ADHD
255,Non-Target,No,0,None,ADHD
256,Target,No,0,Omission,ADHD
257,Non-Target,No,0,None,ADHD
258,Non-Target,No,0,None,ADHD
259,Non-Target,No,0,None,ADHD
260,Non-Target,No,0,None,ADHD
261,Non-Target,No,0,None,ADHD
262,Non-Target,No,0,None,ADHD
263,Non-Target,No,0,None,ADHD
264,Non-Target,No,0,None,ADHD
265,Non-Target,No,0,None,ADHD
266,Non-Target,No,0,None,ADHD
267,Target,Yes,619,None,ADHD
268,Non-Target,No,0,None,ADHD
269,Target,Yes,674,None,ADHD
270,Non-Target,No,0,None,ADHD
271,Target,No,0,Omission,ADHD
272,Non-Target,Yes,611,Commission,ADHD
273,Non-Target,No,0,None,ADHD
274,Non-Target,No,0,None,ADHD
275,Non-Target,No,0,None,ADHD
276,Non-Target,No,0,None,ADHD
277,Target,Yes,605,None,ADHD
278,Target,No,0,Omission,ADHD
279,Target,Yes,772,None,ADHD
280,Non-Target,No,0,None,ADHD
281,Non-Target,No,0,None,ADHD
282,Target,Yes,771,None,ADHD
283,Non-Target,No,0,None,ADHD
284,Non-Target,No,0,None,ADHD
285,Non-Target,No,0,None,ADHD
286,Non-Target,No,0,None,ADHD
287,Non-Target,No,0,None,ADHD
288,Non-Target,Yes,735,Commission,ADHD
289,Non-Target,No,0,None,ADHD
290,Non-Target,No,0,None,ADHD
291,Target,Yes,578,None,ADHD
292,Non-Target,No,0,None,ADHD
293,Non-Target,Yes,610,Commission,ADHD
294,Non-Target,No,0,None,ADHD
295,Non-Target,No,0,None,ADHD
296,Target,Yes,841,None,ADHD
297,Target,No,0,Omission,ADHD
298,Target,No,0,Omission,ADHD
299,Non-Target,No,0,None,ADHD
300,Non-Target,No,0,None,ADHD
301,Target,No,0,Omission,ADHD
302,Non-Target,No,0,None,ADHD
303,Non-Target,No,0,None,ADHD
304,Non-Target,Yes,815,Commission,ADHD
305,Non-Target,No,0,None,ADHD
306,Target,Yes,627,None,ADHD
307,Non-Target,No,0,None,ADHD
308,Non-Target,Yes,522,Commission,ADHD
309,Non-Target,No,0,None,ADHD
310,Non-Target,Yes,642,Commission,ADHD
311,Non-Target,No,0,None,ADHD
312,Target,Yes,705,None,ADHD
313,Non-Target,No,0,None,ADHD
314,Target,Yes,681,None,ADHD
315,Non-Target,No,0,None,ADHD
316,Non-Target,Yes,708,Commission,ADHD
317,Non-Target,No,0,None,ADHD
318,Non-Target,No,0,None,ADHD
319,Target,Yes,875,None,ADHD
320,Non-Target,Yes,589,Commission,ADHD
321,Non-Target,No,0,None,ADHD
322,Target,Yes,931,None,ADHD
323,Non-Target,No,0,None,ADHD
324,Target,No,0,Omission,ADHD
325,Target,Yes,708,None,ADHD
326,Target,Yes,647,None,ADHD
327,Non-Target,No,0,None,ADHD
328,Target,No,0,Omission,ADHD
329,Non-Target,No,0,None,ADHD
330,Target,No,0,Omission,ADHD
331,Non-Target,No,0,None,ADHD
332,Non-Target,No,0,None,ADHD
333,Target,No,0,Omission,ADHD
334,Non-Target,No,0,None,ADHD
335,Target,Yes,791,None,ADHD
336,Non-Target,No,0,None,ADHD
337,Non-Target,No,0,None,ADHD
338,Non-Target,No,0,None,ADHD
339,Target,No,0,Omission,ADHD
340,Non-Target,No,0,None,ADHD
341,Non-Target,No,0,None,ADHD
342,Non-Target,No,0,None,ADHD
343,Non-Target,No,0,None,ADHD
344,Non-Target,No,0,None,ADHD
345,Non-Target,No,0,None,ADHD
346,Target,No,0,Omission,ADHD
347,Target,Yes,896,None,ADHD
348,Non-Target,No,0,None,ADHD
349,Non-Target,No,0,None,ADHD
350,Non-Target,No,0,None,ADHD
351,Non-Target,No,0,None,ADHD
352,Non-Target,No,0,None,ADHD
353,Target,Yes,647,None,ADHD
354,Target,No,0,Omission,ADHD
355,Non-Target,No,0,None,ADHD
356,Non-Target,No,0,None,ADHD
357,Non-Target,No,0,None,ADHD
358,Target,Yes,759,None,ADHD
359,Non-Target,No,0,None,ADHD
360,Non-Target,Yes,671,Commission,ADHD
361,Non-Target,No,0,None,ADHD
362,Non-Target,No,0,None,ADHD
363,Non-Target,Yes,577,Commission,ADHD
364,Non-Target,No,0,None,ADHD
365,Non-Target,Yes,552,Commission,ADHD
366,Non-Target,No,0,None,ADHD
367,Non-Target,No,0,None,ADHD
368,Non-Target,Yes,776,Commission,ADHD
369,Non-Target,No,0,None,ADHD
370,Target,No,0,Omission,ADHD
371,Non-Target,No,0,None,ADHD
372,Non-Target,No,0,None,ADHD
373,Non-Target,No,0,None,ADHD
374,Non-Target,No,0,None,ADHD
375,Non-Target,No,0,None,ADHD
376,Target,Yes,720,None,ADHD
377,Non-Target,No,0,None,ADHD
378,Non-Target,No,0,None,ADHD
379,Non-Target,No,0,None,ADHD
380,Target,No,0,Omission,ADHD
381,Target,No,0,Omission,ADHD
382,Non-Target,No,0,None,ADHD
383,Target,Yes,618,None,ADHD
384,Target,No,0,Omission,ADHD
385,Non-Target,No,0,None,ADHD
386,Non-Target,No,0,None,ADHD
387,Non-Target,No,0,None,ADHD
388,Target,No,0,Omission,ADHD
389,Target,Yes,714,None,ADHD
390,Non-Target,No,0,None,ADHD
391,Target,Yes,757,None,ADHD
392,Non-Target,Yes,712,Commission,ADHD
393,Non-Target,No,0,None,ADHD
394,Non-Target,Yes,639,Commission,ADHD
395,Non-Target,No,0,None,ADHD
396,Non-Target,No,0,None,ADHD
397,Non-Target,No,0,None,ADHD
398,Non-Target,No,0,None,ADHD
399,Non-Target,No,0,None,ADHD
400,Target,Yes,777,None,ADHD
401,Non-Target,No,0,None,ADHD
402,Non-Target,Yes,549,Commission,ADHD
403,Non-Target,No,0,None,ADHD
404,Non-Target,No,0,None,ADHD
405,Non-Target,No,0,None,ADHD
406,Non-Target,No,0,None,ADHD
407,Non-Target,No,0,None,ADHD
408,Non-Target,Yes,697,Commission,ADHD
409,Non-Target,No,0,None,ADHD
410,Non-Target,No,0,None,ADHD
411,Target,Yes,633,None,ADHD
412,Non-Target,No,0,None,ADHD
413,Non-Target,Yes,648,Commission,ADHD
414,Non-Target,No,0,None,ADHD
415,Non-Target,Yes,646,Commission,ADHD
416,Non-Target,No,0,None,ADHD
417,Non-Target,No,0,None,ADHD
418,Non-Target,No,0,None,ADHD
419,Non-Target,Yes,753,Commission,ADHD
420,Target,Yes,751,None,ADHD
421,Non-Target,No,0,None,ADHD
422,Non-Target,No,0,None,ADHD
423,Non-Target,No,0,None,ADHD
424,Non-Target,No,0,None,ADHD
425,Non-Target,Yes,618,Commission,ADHD
426,Target,No,0,Omission,ADHD
427,Non-Target,No,0,None,ADHD
428,Target,Yes,786,None,ADHD
429,Non-Target,No,0,None,ADHD
430,Target,Yes,542,None,ADHD
431,Target,Yes,629,None,ADHD
432,Non-Target,No,0,None,ADHD
433,Non-Target,No,0,None,ADHD
434,Non-Target,No,0,None,ADHD
435,Target,No,0,Omission,ADHD
436,Non-Target,No,0,None,ADHD
437,Non-Target,No,0,None,ADHD
438,Target,Yes,906,None,ADHD
439,Non-Target,No,0,None,ADHD
440,Non-Target,No,0,None,ADHD
441,Non-Target,No,0,None,ADHD
442,Non-Target,No,0,None,ADHD
443,Non-Target,Yes,509,Commission,ADHD
444,Non-Target,No,0,None,ADHD
445,Non-Target,No,0,None,ADHD
446,Non-Target,No,0,None,ADHD
447,Target,No,0,Omission,ADHD
448,Non-Target,No,0,None,ADHD
449,Non-Target,No,0,None,ADHD
450,Non-Target,No,0,None,ADHD
451,Target,Yes,830,None,ADHD
452,Target,Yes,861,None,ADHD
453,Target,No,0,Omission,ADHD
454,Non-Target,No,0,None,ADHD
455,Non-Target,No,0,None,ADHD
456,Non-Target,No,0,None,ADHD
457,Target,Yes,679,None,ADHD
458,Non-Target,No,0,None,ADHD
459,Non-Target,No,0,None,ADHD
460,Target,No,0,Omission,ADHD
461,Non-Target,No,0,None,ADHD
462,Non-Target,Yes,675,Commission,ADHD
463,Non-Target,No,0,None,ADHD
464,Non-Target,No,0,None,ADHD
465,Non-Target,No,0,None,ADHD
466,Non-Target,No,0,None,ADHD
467,Non-Target,No,0,None,ADHD
468,Non-Target,No,0,None,ADHD
469,Non-Target,No,0,None,ADHD
470,Non-Target,No,0,None,ADHD
471,Target,Yes,531,None,ADHD
472,Non-Target,No,0,None,ADHD
473,Non-Target,No,0,None,ADHD
474,Non-Target,Yes,817,Commission,ADHD
475,Target,Yes,747,None,ADHD
476,Non-Target,No,0,None,ADHD
477,Non-Target,No,0,None,ADHD
478,Non-Target,No,0,None,ADHD
479,Target,Yes,837,None,ADHD
480,Target,Yes,796,None,ADHD
481,Target,Yes,546,None,ADHD
482,Non-Target,Yes,793,Commission,ADHD
483,Target,Yes,711,None,ADHD
484,Non-Target,No,0,None,ADHD
485,Non-Target,Yes,609,Commission,ADHD
486,Non-Target,No,0,None,ADHD
487,Non-Target,No,0,None,ADHD
488,Non-Target,No,0,None,ADHD
489,Non-Target,No,0,None,ADHD
490,Target,Yes,682,None,ADHD
491,Target,Yes,634,None,ADHD
492,Non-Target,No,0,None,ADHD
493,Non-Target,No,0,None,ADHD
494,Non-Target,No,0,None,ADHD
495,Non-Target,No,0,None,ADHD
496,Non-Target,No,0,None,ADHD
497,Target,Yes,565,None,ADHD
498,Non-Target,Yes,823,Commission,ADHD
499,Non-Target,No,0,None,ADHD
500,Non-Target,No,0,None,ADHD
501,Non-Target,No,0,None,ADHD
502,Non-Target,No,0,None,ADHD
503,Non-Target,No,0,None,ADHD
504,Non-Target,No,0,None,ADHD
505,Non-Target,No,0,None,ADHD
506,Non-Target,No,0,None,ADHD
507,Non-Target,No,0,None,ADHD
508,Non-Target,No,0,None,ADHD
509,Non-Target,No,0,None,ADHD
510,Non-Target,No,0,None,ADHD
511,Target,Yes,671,None,ADHD
512,Target,Yes,813,None,ADHD
513,Non-Target,No,0,None,ADHD
514,Target,No,0,Omission,ADHD
515,Target,Yes,728,None,ADHD
516,Non-Target,No,0,None,ADHD
517,Non-Target,No,0,None,ADHD
518,Non-Target,No,0,None,ADHD
519,Non-Target,No,0,None,ADHD
520,Non-Target,No,0,None,ADHD
521,Non-Target,No,0,None,ADHD
522,Non-Target,No,0,None,ADHD
523,Target,No,0,Omission,ADHD
524,Non-Target,No,0,None,ADHD
525,Non-Target,No,0,None,ADHD
526,Target,Yes,860,None,ADHD
527,Non-Target,No,0,None,ADHD
528,Non-Target,No,0,None,ADHD
529,Non-Target,No,0,None,ADHD
530,Non-Target,No,0,None,ADHD
531,Non-Target,No,0,None,ADHD
532,Non-Target,No,0,None,ADHD
533,Target,Yes,802,None,ADHD
534,Non-Target,Yes,628,Commission,ADHD
535,Non-Target,No,0,None,ADHD
536,Non-Target,No,0,None,ADHD
537,Non-Target,No,0,None,ADHD
538,Non-Target,Yes,783,Commission,ADHD
539,Non-Target,No,0,None,ADHD
540,Non-Target,No,0,None,ADHD
541,Non-Target,No,0,None,ADHD
542,Target,Yes,909,None,ADHD
543,Non-Target,No,0,None,ADHD
544,Non-Target,No,0,None,ADHD
545,Non-Target,No,0,None,ADHD
546,Target,No,0,Omission,ADHD
547,Non-Target,No,0,None,ADHD
548,Target,Yes,651,None,ADHD
549,Non-Target,No,0,None,ADHD
550,Non-Target,Yes,709,Commission,ADHD
551,Non-Target,No,0,None,ADHD
552,Non-Target,No,0,None,ADHD
553,Target,No,0,Omission,ADHD
554,Target,No,0,Omission,ADHD
555,Non-Target,No,0,None,ADHD
556,Non-Target,Yes,639,Commission,ADHD
557,Target,Yes,552,None,ADHD
558,Non-Target,No,0,None,ADHD
559,Non-Target,Yes,747,Commission,ADHD
560,Non-Target,No,0,None,ADHD
561,Non-Target,Yes,839,Commission,ADHD
562,Non-Target,No,0,None,ADHD
563,Non-Target,No,0,None,ADHD
564,Target,Yes,614,None,ADHD
565,Non-Target,No,0,None,ADHD
566,Non-Target,No,0,None,ADHD
567,Non-Target,No,0,None,ADHD
568,Target,Yes,583,None,ADHD
569,Non-Target,Yes,588,Commission,ADHD
570,Non-Target,No,0,None,ADHD
571,Target,No,0,Omission,ADHD
572,Non-Target,No,0,None,ADHD
573,Non-Target,No,0,None,ADHD
574,Target,No,0,Omission,ADHD
575,Target,No,0,Omission,ADHD
576,Non-Target,No,0,None,ADHD
577,Non-Target,No,0,None,ADHD
578,Non-Target,No,0,None,ADHD
579,Non-Target,No,0,None,ADHD
580,Non-Target,No,0,None,ADHD
581,Non-Target,No,0,None,ADHD
582,Non-Target,No,0,None,ADHD
583,Non-Target,No,0,None,ADHD
584,Non-Target,No,0,None,ADHD
585,Non-Target,No,0,None,ADHD
586,Target,Yes,523,None,ADHD
587,Non-Target,No,0,None,ADHD
588,Target,No,0,Omission,ADHD
589,Target,Yes,729,None,ADHD
590,Non-Target,No,0,None,ADHD
591,Non-Target,No,0,None,ADHD
592,Non-Target,No,0,None,ADHD
593,Target,Yes,700,None,ADHD
594,Non-Target,No,0,None,ADHD
595,Non-Target,No,0,None,ADHD
596,Non-Target,No,0,None,ADHD
597,Non-Target,No,0,None,ADHD
598,Target,Yes,796,None,ADHD
599,Target,Yes,571,None,ADHD
600,Non-Target,No,0,None,ADHD
601,Target,Yes,783,None,ADHD
602,Target,No,0,Omission,ADHD
603,Non-Target,No,0,None,ADHD
604,Non-Target,No,0,None,ADHD
605,Non-Target,No,0,None,ADHD
606,Non-Target,No,0,None,ADHD
607,Non-Target,No,0,None,ADHD
608,Target,Yes,795,None,ADHD
609,Non-Target,No,0,None,ADHD
610,Non-Target,No,0,None,ADHD
611,Target,Yes,811,None,ADHD
612,Non-Target,No,0,None,ADHD
613,Target,Yes,700,None,ADHD
614,Target,Yes,706,None,ADHD
615,Non-Target,No,0,None,ADHD
616,Non-Target,Yes,576,Commission,ADHD
617,Non-Target,Yes,823,Commission,ADHD
618,Non-Target,No,0,None,ADHD
619,Non-Target,No,0,None,ADHD
620,Non-Target,No,0,None,ADHD
621,Non-Target,Yes,872,Commission,ADHD
622,Non-Target,No,0,None,ADHD
623,Non-Target,No,0,None,ADHD
624,Target,Yes,750,None,ADHD
625,Target,Yes,830,None,ADHD
626,Target,Yes,743,None,ADHD
627,Non-Target,No,0,None,ADHD
628,Non-Target,No,0,None,ADHD
629,Non-Target,Yes,592,Commission,ADHD
630,Non-Target,No,0,None,ADHD
631,Non-Target,No,0,None,ADHD
632,Target,Yes,607,None,ADHD
633,Non-Target,No,0,None,ADHD
634,Non-Target,No,0,None,ADHD
635,Non-Target,No,0,None,ADHD
636,Target,Yes,602,None,ADHD
637,Target,No,0,Omission,ADHD
638,Non-Target,No,0,None,ADHD
639,Non-Target,Yes,703,Commission,ADHD
640,Non-Target,No,0,None,ADHD
641,Non-Target,No,0,None,ADHD
642,Non-Target,Yes,748,Commission,ADHD
643,Target,Yes,607,None,ADHD
644,Target,No,0,Omission,ADHD
645,Non-Target,No,0,None,ADHD
646,Non-Target,No,0,None,ADHD
647,Non-Target,No,0,None,ADHD
648,Non-Target,No,0,None,ADHD
649,Non-Target,No,0,None,ADHD
650,Non-Target,No,0,None,ADHD
651,Non-Target,No,0,None,ADHD
652,Non-Target,No,0,None,ADHD
653,Non-Target,No,0,None,ADHD
654,Non-Target,No,0,None,ADHD
655,Non-Target,No,0,None,ADHD
656,Non-Target,No,0,None,ADHD
657,Non-Target,No,0,None,ADHD
658,Target,No,0,Omission,ADHD
659,Target,Yes,718,None,ADHD
660,Non-Target,No,0,None,ADHD
661,Non-Target,No,0,None,ADHD
662,Non-Target,No,0,None,ADHD
663,Non-Target,No,0,None,ADHD
664,Non-Target,No,0,None,ADHD
665,Target,Yes,659,None,ADHD
666,Non-Target,No,0,None,ADHD
667,Non-Target,No,0,None,ADHD
668,Non-Target,No,0,None,ADHD
669,Non-Target,No,0,None,ADHD
670,Target,Yes,684,None,ADHD
671,Target,No,0,Omission,ADHD
672,Non-Target,No,0,None,ADHD
673,Non-Target,No,0,None,ADHD
674,Non-Target,No,0,None,ADHD
675,Non-Target,No,0,None,ADHD
676,Non-Target,No,0,None,ADHD
677,Target,Yes,761,None,ADHD
678,Non-Target,No,0,None,ADHD
679,Non-Target,No,0,None,ADHD
680,Target,Yes,691,None,ADHD
681,Non-Target,No,0,None,ADHD
682,Non-Target,Yes,672,Commission,ADHD
683,Target,Yes,664,None,ADHD
684,Target,Yes,746,None,ADHD
685,Target,Yes,778,None,ADHD
686,Non-Target,No,0,None,ADHD
687,Non-Target,No,0,None,ADHD
688,Target,No,0,Omission,ADHD
689,Non-Target,No,0,None,ADHD
690,Target,Yes,653,None,ADHD
691,Non-Target,No,0,None,ADHD
692,Non-Target,No,0,None,ADHD
693,Target,Yes,698,None,ADHD
694,Non-Target,No,0,None,ADHD
695,Non-Target,No,0,None,ADHD
696,Target,Yes,813,None,ADHD
697,Non-Target,No,0,None,ADHD
698,Non-Target,No,0,None,ADHD
699,Non-Target,No,0,None,ADHD
700,Non-Target,No,0,None,ADHD
701,Target,No,0,Omission,ADHD
702,Target,Yes,655,None,ADHD
703,Non-Target,No,0,None,ADHD
704,Non-Target,Yes,817,Commission,ADHD
705,Target,Yes,767,None,ADHD
706,Non-Target,No,0,None,ADHD
707,Non-Target,No,0,None,ADHD
708,Target,Yes,797,None,ADHD
709,Non-Target,No,0,None,ADHD
710,Non-Target,No,0,None,ADHD
711,Target,Yes,547,None,ADHD
712,Target,Yes,775,None,ADHD
713,Non-Target,No,0,None,ADHD
714,Non-Target,Yes,619,Commission,ADHD
715,Non-Target,No,0,None,ADHD
716,Non-Target,No,0,None,ADHD
717,Non-Target,No,0,None,ADHD
718,Non-Target,No,0,None,ADHD
719,Non-Target,No,0,None,ADHD
720,Non-Target,Yes,609,Commission,ADHD
721,Non-Target,No,0,None,ADHD
722,Non-Target,No,0,None,ADHD
723,Non-Target,No,0,None,ADHD
724,Target,Yes,820,None,ADHD
725,Target,Yes,667,None,ADHD
726,Target,Yes,743,None,ADHD
727,Non-Target,Yes,687,Commission,ADHD
728,Non-Target,No,0,None,ADHD
729,Non-Target,No,0,None,ADHD
730,Non-Target,No,0,None,ADHD
731,Non-Target,No,0,None,ADHD
732,Target,Yes,737,None,ADHD
733,Non-Target,No,0,None,ADHD
734,Non-Target,No,0,None,ADHD
735,Non-Target,Yes,522,Commission,ADHD
736,Non-Target,No,0,None,ADHD
737,Non-Target,No,0,None,ADHD
738,Non-Target,No,0,None,ADHD
739,Target,Yes,834,None,ADHD
740,Non-Target,No,0,None,ADHD
741,Target,Yes,676,None,ADHD
742,Non-Target,No,0,None,ADHD
743,Non-Target,No,0,None,ADHD
744,Target,Yes,1000,None,ADHD
745,Non-Target,No,0,None,ADHD
746,Non-Target,No,0,None,ADHD
747,Non-Target,No,0,None,ADHD
748,Non-Target,No,0,None,ADHD
749,Non-Target,No,0,None,ADHD
750,Target,Yes,805,None,ADHD
751,Target,No,0,Omission,ADHD
752,Non-Target,No,0,None,ADHD
753,Non-Target,No,0,None,ADHD
754,Non-Target,No,0,None,ADHD
755,Non-Target,No,0,None,ADHD
756,Non-Target,No,0,None,ADHD
757,Non-Target,No,0,None,ADHD
758,Non-Target,No,0,None,ADHD
759,Non-Target,Yes,532,Commission,ADHD
760,Non-Target,No,0,None,ADHD
761,Target,Yes,716,None,ADHD
762,Non-Target,No,0,None,ADHD
763,Non-Target,No,0,None,ADHD
764,Target,No,0,Omission,ADHD
765,Non-Target,No,0,None,ADHD
766,Non-Target,No,0,None,ADHD
767,Target,Yes,866,None,ADHD
768,Non-Target,No,0,None,ADHD
769,Non-Target,No,0,None,ADHD
770,Non-Target,No,0,None,ADHD
771,Non-Target,No,0,None,ADHD
772,Non-Target,No,0,None,ADHD
773,Target,Yes,653,None,ADHD
774,Non-Target,No,0,None,ADHD
775,Target,No,0,Omission,ADHD
776,Non-Target,No,0,None,ADHD
777,Target,No,0,Omission,ADHD
778,Target,Yes,827,None,ADHD
779,Non-Target,No,0,None,ADHD
780,Non-Target,No,0,None,ADHD
781,Non-Target,No,0,None,ADHD
782,Non-Target,No,0,None,ADHD
783,Target,Yes,740,None,ADHD
784,Target,Yes,672,None,ADHD
785,Target,Yes,875,None,ADHD
786,Non-Target,No,0,None,ADHD
787,Non-Target,No,0,None,ADHD
788,Non-Target,No,0,None,ADHD
789,Non-Target,No,0,None,ADHD
790,Target,No,0,Omission,ADHD
791,Non-Target,No,0,None,ADHD
792,Target,Yes,739,None,ADHD
793,Non-Target,No,0,None,ADHD
794,Non-Target,No,0,None,ADHD
795,Target,No,0,Omission,ADHD
796,Target,Yes,874,None,ADHD
797,Non-Target,Yes,838,Commission,ADHD
798,Non-Target,No,0,None,ADHD
799,Non-Target,Yes,649,Commission,ADHD
800,Target,Yes,817,None,ADHD
801,Target,Yes,499,None,ADHD
802,Non-Target,No,0,None,ADHD
803,Non-Target,No,0,None,ADHD
804,Non-Target,No,0,None,ADHD
805,Non-Target,No,0,None,ADHD
806,Target,Yes,652,None,ADHD
807,Non-Target,No,0,None,ADHD
808,Non-Target,No,0,None,ADHD
809,Non-Target,No,0,None,ADHD
810,Target,Yes,577,None,ADHD
811,Non-Target,No,0,None,ADHD
812,Target,Yes,673,None,ADHD
813,Non-Target,Yes,727,Commission,ADHD
814,Target,Yes,905,None,ADHD
815,Non-Target,No,0,None,ADHD
816,Non-Target,No,0,None,ADHD
817,Non-Target,Yes,551,Commission,ADHD
818,Non-Target,No,0,None,ADHD
819,Non-Target,Yes,878,Commission,ADHD
820,Target,Yes,801,None,ADHD
821,Non-Target,No,0,None,ADHD
822,Non-Target,No,0,None,ADHD
823,Non-Target,No,0,None,ADHD
824,Non-Target,No,0,None,ADHD
825,Non-Target,No,0,None,ADHD
826,Target,Yes,570,None,ADHD
827,Target,Yes,803,None,ADHD
828,Non-Target,Yes,599,Commission,ADHD
829,Target,No,0,Omission,ADHD
830,Non-Target,No,0,None,ADHD
831,Non-Target,No,0,None,ADHD
832,Non-Target,No,0,None,ADHD
833,Target,Yes,909,None,ADHD
834,Non-Target,No,0,None,ADHD
835,Target,Yes,785,None,ADHD
836,Non-Target,No,0,None,ADHD
837,Non-Target,No,0,None,ADHD
838,Non-Target,No,0,None,ADHD
839,Non-Target,No,0,None,ADHD
840,Non-Target,No,0,None,ADHD
841,Non-Target,Yes,848,Commission,ADHD
842,Non-Target,Yes,739,Commission,ADHD
843,Non-Target,No,0,None,ADHD
844,Target,Yes,982,None,ADHD
845,Non-Target,No,0,None,ADHD
846,Target,No,0,Omission,ADHD
847,Non-Target,No,0,None,ADHD
848,Non-Target,No,0,None,ADHD
849,Target,Yes,421,None,ADHD
850,Target,Yes,782,None,ADHD
851,Non-Target,No,0,None,ADHD
852,Target,Yes,673,None,ADHD
853,Target,Yes,633,None,ADHD
854,Non-Target,No,0,None,ADHD
855,Target,Yes,760,None,ADHD
856,Target,Yes,691,None,ADHD
857,Target,Yes,612,None,ADHD
858,Non-Target,No,0,None,ADHD
859,Non-Target,No,0,None,ADHD
860,Non-Target,Yes,585,Commission,ADHD
861,Non-Target,No,0,None,ADHD
862,Non-Target,No,0,None,ADHD
863,Non-Target,No,0,None,ADHD
864,Non-Target,No,0,None,ADHD
865,Target,Yes,574,None,ADHD
866,Non-Target,No,0,None,ADHD
867,Target,Yes,768,None,ADHD
868,Non-Target,No,0,None,ADHD
869,Non-Target,No,0,None,ADHD
870,Non-Target,No,0,None,ADHD
871,Non-Target,No,0,None,ADHD
872,Non-Target,No,0,None,ADHD
873,Non-Target,Yes,514,Commission,ADHD
874,Non-Target,No,0,None,ADHD
875,Non-Target,No,0,None,ADHD
876,Non-Target,No,0,None,ADHD
877,Non-Target,No,0,None,ADHD
878,Non-Target,Yes,722,Commission,ADHD
879,Target,No,0,Omission,ADHD
880,Non-Target,No,0,None,ADHD
881,Non-Target,No,0,None,ADHD
882,Non-Target,No,0,None,ADHD
883,Non-Target,No,0,None,ADHD
884,Non-Target,No,0,None,ADHD
885,Target,Yes,571,None,ADHD
886,Target,Yes,693,None,ADHD
887,Non-Target,No,0,None,ADHD
888,Non-Target,No,0,None,ADHD
889,Target,No,0,Omission,ADHD
890,Non-Target,No,0,None,ADHD
891,Non-Target,No,0,None,ADHD
892,Target,No,0,Omission,ADHD
893,Non-Target,No,0,None,ADHD
894,Non-Target,No,0,None,ADHD
895,Target,Yes,841,None,ADHD
896,Non-Target,No,0,None,ADHD
897,Non-Target,No,0,None,ADHD
898,Non-Target,No,0,None,ADHD
899,Non-Target,Yes,627,Commission,ADHD
900,Non-Target,No,0,None,ADHD
901,Non-Target,No,0,None,ADHD
902,Target,Yes,803,None,ADHD
903,Non-Target,No,0,None,ADHD
904,Non-Target,Yes,896,Commission,ADHD
905,Non-Target,No,0,None,ADHD
906,Target,Yes,598,None,ADHD
907,Non-Target,No,0,None,ADHD
908,Non-Target,No,0,None,ADHD
909,Non-Target,No,0,None,ADHD
910,Target,Yes,616,None,ADHD
911,Non-Target,No,0,None,ADHD
912,Non-Target,No,0,None,ADHD
913,Non-Target,No,0,None,ADHD
914,Non-Target,Yes,717,Commission,ADHD
915,Non-Target,No,0,None,ADHD
916,Target,Yes,757,None,ADHD
917,Non-Target,No,0,None,ADHD
918,Non-Target,No,0,None,ADHD
919,Non-Target,No,0,None,ADHD
920,Non-Target,No,0,None,ADHD
921,Target,Yes,825,None,ADHD
922,Non-Target,Yes,679,Commission,ADHD
923,Non-Target,No,0,None,ADHD
924,Target,Yes,770,None,ADHD
925,Non-Target,No,0,None,ADHD
926,Non-Target,No,0,None,ADHD
927,Non-Target,No,0,None,ADHD
928,Non-Target,No,0,None,ADHD
929,Target,No,0,Omission,ADHD
930,Target,Yes,824,None,ADHD
931,Target,Yes,865,None,ADHD
932,Non-Target,No,0,None,ADHD
933,Non-Target,No,0,None,ADHD
934,Non-Target,No,0,None,ADHD
935,Non-Target,No,0,None,ADHD
936,Non-Target,No,0,None,ADHD
937,Non-Target,Yes,717,Commission,ADHD
938,Target,Yes,715,None,ADHD
939,Target,Yes,703,None,ADHD
940,Non-Target,Yes,542,Commission,ADHD
941,Non-Target,No,0,None,ADHD
942,Target,Yes,618,None,ADHD
943,Target,Yes,726,None,ADHD
944,Non-Target,No,0,None,ADHD
945,Target,Yes,510,None,ADHD
946,Target,Yes,982,None,ADHD
947,Target,Yes,679,None,ADHD
948,Non-Target,No,0,None,ADHD
949,Non-Target,No,0,None,ADHD
950,Target,Yes,615,None,ADHD
951,Non-Target,No,0,None,ADHD
952,Non-Target,No,0,None,ADHD
953,Non-Target,No,0,None,ADHD
954,Non-Target,No,0,None,ADHD
955,Non-Target,No,0,None,ADHD
956,Non-Target,No,0,None,ADHD
957,Non-Target,No,0,None,ADHD
958,Non-Target,No,0,None,ADHD
959,Non-Target,No,0,None,ADHD
960,Non-Target,No,0,None,ADHD
961,Non-Target,No,0,None,ADHD
962,Non-Target,No,0,None,ADHD
963,Non-Target,No,0,None,ADHD
964,Non-Target,No,0,None,ADHD
965,Non-Target,No,0,None,ADHD
966,Target,No,0,Omission,ADHD
967,Non-Target,No,0,None,ADHD
968,Non-Target,No,0,None,ADHD
969,Non-Target,No,0,None,ADHD
970,Non-Target,No,0,None,ADHD
971,Non-Target,No,0,None,ADHD
972,Target,Yes,782,None,ADHD
973,Non-Target,No,0,None,ADHD
974,Target,Yes,747,None,ADHD
975,Non-Target,No,0,None,ADHD
976,Non-Target,No,0,None,ADHD
977,Non-Target,No,0,None,ADHD
978,Non-Target,No,0,None,ADHD
979,Non-Target,No,0,None,ADHD
980,Non-Target,No,0,None,ADHD
981,Non-Target,No,0,None,ADHD
982,Target,No,0,Omission,ADHD
983,Non-Target,No,0,None,ADHD
984,Target,No,0,Omission,ADHD
985,Non-Target,No,0,None,ADHD
986,Target,Yes,749,None,ADHD
987,Target,No,0,Omission,ADHD
988,Non-Target,No,0,None,ADHD
989,Target,Yes,691,None,ADHD
990,Non-Target,No,0,None,ADHD
991,Non-Target,No,0,None,ADHD
992,Non-Target,No,0,None,ADHD
993,Non-Target,No,0,None,ADHD
994,Target,Yes,543,None,ADHD
995,Non-Target,No,0,None,ADHD
996,Non-Target,No,0,None,ADHD
997,Non-Target,No,0,None,ADHD
998,Non-Target,No,0,None,ADHD
999,Non-Target,Yes,672,Commission,ADHD
1000,Non-Target,Yes,606,Commission,ADHD
1001,Non-Target,No,0,None,ADHD
1002,Non-Target,No,0,None,ADHD
1003,Non-Target,No,0,None,ADHD
1004,Target,Yes,728,None,ADHD
1005,Non-Target,No,0,None,ADHD
1006,Target,Yes,619,None,ADHD
1007,Non-Target,No,0,None,ADHD
1008,Non-Target,No,0,None,ADHD
1009,Non-Target,No,0,None,ADHD
1010,Non-Target,No,0,None,ADHD
1011,Target,Yes,855,None,ADHD
1012,Target,Yes,860,None,ADHD
1013,Non-Target,No,0,None,ADHD
1014,Target,Yes,882,None,ADHD
1015,Non-Target,No,0,None,ADHD
1016,Non-Target,No,0,None,ADHD
1017,Target,Yes,916,None,ADHD
1018,Non-Target,No,0,None,ADHD
1019,Non-Target,Yes,637,Commission,ADHD
1020,Non-Target,No,0,None,ADHD
1021,Target,Yes,740,None,ADHD
1022,Target,Yes,735,None,ADHD
1023,Target,Yes,742,None,ADHD
1024,Target,Yes,902,None,ADHD
1025,Non-Target,No,0,None,ADHD
1026,Non-Target,No,0,None,ADHD
1027,Non-Target,No,0,None,ADHD
1028,Target,No,0,Omission,ADHD
1029,Non-Target,No,0,None,ADHD
1030,Target,Yes,921,None,ADHD
1031,Non-Target,No,0,None,ADHD
1032,Target,No,0,Omission,ADHD
1033,Non-Target,Yes,805,Commission,ADHD
1034,Non-Target,Yes,901,Commission,ADHD
1035,Target,Yes,563,None,ADHD
1036,Target,No,0,Omission,ADHD
1037,Target,No,0,Omission,ADHD
1038,Non-Target,No,0,None,ADHD
1039,Target,Yes,658,None,ADHD
1040,Non-Target,No,0,None,ADHD
1041,Non-Target,No,0,None,ADHD
1042,Non-Target,No,0,None,ADHD
1043,Target,Yes,872,None,ADHD
1044,Non-Target,No,0,None,ADHD
1045,Non-Target,No,0,None,ADHD
1046,Non-Target,No,0,None,ADHD
1047,Non-Target,No,0,None,ADHD
1048,Non-Target,No,0,None,ADHD
1049,Non-Target,No,0,None,ADHD
1050,Non-Target,No,0,None,ADHD
1051,Target,Yes,790,None,ADHD
1052,Non-Target,No,0,None,ADHD
1053,Target,No,0,Omission,ADHD
1054,Non-Target,No,0,None,ADHD
1055,Non-Target,No,0,None,ADHD
1056,Non-Target,No,0,None,ADHD
1057,Non-Target,No,0,None,ADHD
1058,Target,Yes,706,None,ADHD
1059,Target,No,0,Omission,ADHD
1060,Target,No,0,Omission,ADHD
1061,Non-Target,Yes,741,Commission,ADHD
1062,Target,Yes,661,None,ADHD
1063,Non-Target,No,0,None,ADHD
1064,Target,No,0,Omission,ADHD
1065,Non-Target,No,0,None,ADHD
1066,Non-Target,No,0,None,ADHD
1067,Target,No,0,Omission,ADHD
1068,Non-Target,No,0,None,ADHD
1069,Non-Target,Yes,589,Commission,ADHD
1070,Target,Yes,616,None,ADHD
1071,Non-Target,No,0,None,ADHD
1072,Target,No,0,Omission,ADHD
1073,Non-Target,No,0,None,ADHD
1074,Target,No,0,Omission,ADHD
1075,Non-Target,No,0,None,ADHD
1076,Non-Target,No,0,None,ADHD
1077,Non-Target,Yes,984,Commission,ADHD
1078,Non-Target,No,0,None,ADHD
1079,Target,Yes,636,None,ADHD
1080,Target,Yes,716,None,ADHD
1081,Target,Yes,640,None,ADHD
1082,Target,Yes,621,None,ADHD
1083,Non-Target,No,0,None,ADHD
1084,Non-Target,No,0,None,ADHD
1085,Non-Target,No,0,None,ADHD
1086,Non-Target,Yes,740,Commission,ADHD
1087,Target,Yes,683,None,ADHD
1088,Non-Target,No,0,None,ADHD
1089,Non-Target,No,0,None,ADHD
1090,Target,Yes,771,None,ADHD
1091,Target,Yes,478,None,ADHD
1092,Target,Yes,719,None,ADHD
1093,Non-Target,No,0,None,ADHD
1094,Target,Yes,699,None,ADHD
1095,Non-Target,No,0,None,ADHD
1096,Non-Target,No,0,None,ADHD
1097,Target,Yes,733,None,ADHD
1098,Target,Yes,701,None,ADHD
1099,Target,Yes,705,None,ADHD
1100,Non-Target,No,0,None,ADHD
1101,Non-Target,No,0,None,ADHD
1102,Non-Target,No,0,None,ADHD
1103,Target,Yes,745,None,ADHD
1104,Non-Target,No,0,None,ADHD
1105,Non-Target,No,0,None,ADHD
1106,Target,Yes,642,None,ADHD
1107,Non-Target,No,0,None,ADHD
1108,Non-Target,No,0,None,ADHD
1109,Target,Yes,709,None,ADHD
1110,Non-Target,No,0,None,ADHD
1111,Non-Target,No,0,None,ADHD
1112,Non-Target,No,0,None,ADHD
1113,Non-Target,No,0,None,ADHD
1114,Non-Target,No,0,None,ADHD
1115,Non-Target,No,0,None,ADHD
1116,Non-Target,No,0,None,ADHD
1117,Target,Yes,721,None,ADHD
1118,Non-Target,No,0,None,ADHD
1119,Non-Target,No,0,None,ADHD
1120,Non-Target,No,0,None,ADHD
1121,Non-Target,No,0,None,ADHD
1122,Non-Target,No,0,None,ADHD
1123,Non-Target,No,0,None,ADHD
1124,Non-Target,No,0,None,ADHD
1125,Non-Target,No,0,None,ADHD
1126,Non-Target,No,0,None,ADHD
1127,Non-Target,No,0,None,ADHD
1128,Target,No,0,Omission,ADHD
1129,Target,No,0,Omission,ADHD
1130,Non-Target,No,0,None,ADHD
1131,Non-Target,No,0,None,ADHD
1132,Non-Target,No,0,None,ADHD
1133,Non-Target,No,0,None,ADHD
1134,Non-Target,No,0,None,ADHD
1135,Non-Target,No,0,None,ADHD
1136,Target,Yes,714,None,ADHD
1137,Non-Target,No,0,None,ADHD
1138,Non-Target,No,0,None,ADHD
1139,Target,Yes,955,None,ADHD
1140,Target,Yes,789,None,ADHD
1141,Non-Target,No,0,None,ADHD
1142,Target,Yes,895,None,ADHD
1143,Non-Target,No,0,None,ADHD
1144,Non-Target,Yes,727,Commission,ADHD
1145,Non-Target,No,0,None,ADHD
1146,Non-Target,No,0,None,ADHD
1147,Non-Target,No,0,None,ADHD
1148,Target,Yes,773,None,ADHD
1149,Target,Yes,893,None,ADHD
1150,Non-Target,No,0,None,ADHD
1151,Non-Target,Yes,889,Commission,ADHD
1152,Non-Target,No,0,None,ADHD
1153,Non-Target,No,0,None,ADHD
1154,Target,No,0,Omission,ADHD
1155,Non-Target,No,0,None,ADHD
1156,Non-Target,No,0,None,ADHD
1157,Target,Yes,750,None,ADHD
1158,Target,Yes,725,None,ADHD
1159,Target,Yes,743,None,ADHD
1160,Non-Target,No,0,None,ADHD
1161,Non-Target,No,0,None,ADHD
1162,Target,Yes,675,None,ADHD
1163,Non-Target,No,0,None,ADHD
1164,Target,No,0,Omission,ADHD
1165,Non-Target,No,0,None,ADHD
1166,Target,Yes,840,None,ADHD
1167,Non-Target,No,0,None,ADHD
1168,Target,No,0,Omission,ADHD
1169,Non-Target,No,0,None,ADHD
1170,Non-Target,No,0,None,ADHD
1171,Non-Target,Yes,774,Commission,ADHD
1172,Non-Target,No,0,None,ADHD
1173,Target,Yes,855,None,ADHD
1174,Non-Target,No,0,None,ADHD
1175,Non-Target,No,0,None,ADHD
1176,Target,No,0,Omission,ADHD
1177,Target,Yes,605,None,ADHD
1178,Non-Target,No,0,None,ADHD
1179,Non-Target,No,0,None,ADHD
1180,Non-Target,No,0,None,ADHD
1181,Non-Target,No,0,None,ADHD
1182,Target,No,0,Omission,ADHD
1183,Non-Target,No,0,None,ADHD
1184,Target,Yes,873,None,ADHD
1185,Non-Target,No,0,None,ADHD
1186,Target,Yes,642,None,ADHD
1187,Target,No,0,Omission,ADHD
1188,Non-Target,No,0,None,ADHD
1189,Non-Target,No,0,None,ADHD
1190,Non-Target,No,0,None,ADHD
1191,Target,Yes,853,None,ADHD
1192,Target,No,0,Omission,ADHD
1193,Non-Target,No,0,None,ADHD
1194,Non-Target,No,0,None,ADHD
1195,Non-Target,No,0,None,ADHD
1196,Non-Target,No,0,None,ADHD
1197,Non-Target,No,0,None,ADHD
1198,Target,Yes,683,None,ADHD
1199,Target,Yes,789,None,ADHD
1200,Non-Target,No,0,None,ADHD
