Trial,StimulusType,Reaction,ReactionTime(ms),ErrorType,Label
1,Target,Yes,749,None,ADHD
2,Target,Yes,973,None,ADHD
3,Non-Target,No,0,None,ADHD
4,Non-Target,No,0,None,ADHD
5,Non-Target,Yes,555,Commission,ADHD
6,Non-Target,No,0,None,ADHD
7,Target,Yes,798,None,ADHD
8,Non-Target,No,0,None,ADHD
9,Non-Target,No,0,None,ADHD
10,Non-Target,Yes,701,Commission,ADHD
11,Non-Target,No,0,None,ADHD
12,Non-Target,No,0,None,ADHD
13,Target,Yes,774,None,ADHD
14,Non-Target,No,0,None,ADHD
15,Target,Yes,740,None,ADHD
16,Non-Target,No,0,None,ADHD
17,Target,Yes,832,None,ADHD
18,Non-Target,No,0,None,ADHD
19,Target,Yes,917,None,ADHD
20,Non-Target,No,0,None,ADHD
21,Non-Target,Yes,586,Commission,ADHD
22,Non-Target,No,0,None,ADHD
23,Non-Target,No,0,None,ADHD
24,Non-Target,No,0,None,ADHD
25,Non-Target,No,0,None,ADHD
26,Non-Target,No,0,None,ADHD
27,Non-Target,No,0,None,ADHD
28,Target,Yes,852,None,ADHD
29,Non-Target,No,0,None,ADHD
30,Target,No,0,Omission,ADHD
31,Non-Target,No,0,None,ADHD
32,Non-Target,No,0,None,ADHD
33,Non-Target,No,0,None,ADHD
34,Target,No,0,Omission,ADHD
35,Target,Yes,845,None,ADHD
36,Non-Target,No,0,None,ADHD
37,Non-Target,No,0,None,ADHD
38,Non-Target,No,0,None,ADHD
39,Non-Target,No,0,None,ADHD
40,Target,Yes,419,None,ADHD
41,Non-Target,No,0,None,ADHD
42,Non-Target,No,0,None,ADHD
43,Target,Yes,831,None,ADHD
44,Non-Target,No,0,None,ADHD
45,Non-Target,No,0,None,ADHD
46,Target,Yes,771,None,ADHD
47,Non-Target,No,0,None,ADHD
48,Non-Target,No,0,None,ADHD
49,Target,Yes,676,None,ADHD
50,Target,Yes,591,None,ADHD
51,Non-Target,No,0,None,ADHD
52,Non-Target,No,0,None,ADHD
53,Target,Yes,693,None,ADHD
54,Target,Yes,776,None,ADHD
55,Target,Yes,845,None,ADHD
56,Target,Yes,664,None,ADHD
57,Non-Target,No,0,None,ADHD
58,Non-Target,No,0,None,ADHD
59,Non-Target,No,0,None,ADHD
60,Non-Target,No,0,None,ADHD
61,Target,Yes,772,None,ADHD
62,Non-Target,No,0,None,ADHD
63,Non-Target,No,0,None,ADHD
64,Non-Target,No,0,None,ADHD
65,Non-Target,No,0,None,ADHD
66,Target,No,0,Omission,ADHD
67,Non-Target,No,0,None,ADHD
68,Target,Yes,776,None,ADHD
69,Non-Target,No,0,None,ADHD
70,Non-Target,No,0,None,ADHD
71,Non-Target,No,0,None,ADHD
72,Non-Target,No,0,None,ADHD
73,Non-Target,Yes,600,Commission,ADHD
74,Non-Target,No,0,None,ADHD
75,Non-Target,No,0,None,ADHD
76,Target,No,0,Omission,ADHD
77,Target,Yes,610,None,ADHD
78,Non-Target,No,0,None,ADHD
79,Non-Target,No,0,None,ADHD
80,Non-Target,No,0,None,ADHD
81,Non-Target,No,0,None,ADHD
82,Target,Yes,780,None,ADHD
83,Non-Target,No,0,None,ADHD
84,Non-Target,Yes,829,Commission,ADHD
85,Non-Target,No,0,None,ADHD
86,Non-Target,No,0,None,ADHD
87,Non-Target,No,0,None,ADHD
88,Target,Yes,756,None,ADHD
89,Non-Target,No,0,None,ADHD
90,Target,Yes,656,None,ADHD
91,Target,No,0,Omission,ADHD
92,Target,No,0,Omission,ADHD
93,Target,Yes,802,None,ADHD
94,Target,Yes,884,None,ADHD
95,Non-Target,No,0,None,ADHD
96,Non-Target,No,0,None,ADHD
97,Target,No,0,Omission,ADHD
98,Target,Yes,804,None,ADHD
99,Non-Target,No,0,None,ADHD
100,Non-Target,No,0,None,ADHD
101,Non-Target,No,0,None,ADHD
102,Non-Target,No,0,None,ADHD
103,Non-Target,No,0,None,ADHD
104,Non-Target,Yes,827,Commission,ADHD
105,Non-Target,No,0,None,ADHD
106,Non-Target,No,0,None,ADHD
107,Non-Target,No,0,None,ADHD
108,Non-Target,No,0,None,ADHD
109,Non-Target,No,0,None,ADHD
110,Non-Target,No,0,None,ADHD
111,Non-Target,No,0,None,ADHD
112,Target,Yes,695,None,ADHD
113,Non-Target,No,0,None,ADHD
114,Non-Target,No,0,None,ADHD
115,Non-Target,Yes,774,Commission,ADHD
116,Non-Target,No,0,None,ADHD
117,Non-Target,No,0,None,ADHD
118,Target,Yes,699,None,ADHD
119,Target,Yes,714,None,ADHD
120,Target,Yes,811,None,ADHD
121,Non-Target,Yes,817,Commission,ADHD
122,Non-Target,No,0,None,ADHD
123,Target,No,0,Omission,ADHD
124,Non-Target,No,0,None,ADHD
125,Target,Yes,873,None,ADHD
126,Non-Target,No,0,None,ADHD
127,Target,Yes,543,None,ADHD
128,Non-Target,No,0,None,ADHD
129,Non-Target,No,0,None,ADHD
130,Non-Target,No,0,None,ADHD
131,Non-Target,No,0,None,ADHD
132,Non-Target,No,0,None,ADHD
133,Non-Target,Yes,829,Commission,ADHD
134,Non-Target,No,0,None,ADHD
135,Target,No,0,Omission,ADHD
136,Non-Target,No,0,None,ADHD
137,Target,Yes,658,None,ADHD
138,Target,Yes,828,None,ADHD
139,Non-Target,No,0,None,ADHD
140,Non-Target,No,0,None,ADHD
141,Non-Target,No,0,None,ADHD
142,Non-Target,No,0,None,ADHD
143,Target,No,0,Omission,ADHD
144,Non-Target,No,0,None,ADHD
145,Non-Target,No,0,None,ADHD
146,Non-Target,No,0,None,ADHD
147,Target,Yes,747,None,ADHD
148,Non-Target,No,0,None,ADHD
149,Non-Target,No,0,None,ADHD
150,Non-Target,No,0,None,ADHD
151,Non-Target,No,0,None,ADHD
152,Non-Target,No,0,None,ADHD
153,Non-Target,No,0,None,ADHD
154,Non-Target,No,0,None,ADHD
155,Non-Target,No,0,None,ADHD
156,Non-Target,No,0,None,ADHD
157,Non-Target,No,0,None,ADHD
158,Non-Target,No,0,None,ADHD
159,Non-Target,No,0,None,ADHD
160,Non-Target,No,0,None,ADHD
161,Non-Target,No,0,None,ADHD
162,Non-Target,No,0,None,ADHD
163,Non-Target,No,0,None,ADHD
164,Non-Target,No,0,None,ADHD
165,Non-Target,No,0,None,ADHD
166,Non-Target,No,0,None,ADHD
167,Non-Target,No,0,None,ADHD
168,Non-Target,No,0,None,ADHD
169,Target,No,0,Omission,ADHD
170,Non-Target,No,0,None,ADHD
171,Target,Yes,753,None,ADHD
172,Target,Yes,963,None,ADHD
173,Target,Yes,600,None,ADHD
174,Non-Target,No,0,None,ADHD
175,Non-Target,No,0,None,ADHD
176,Target,Yes,814,None,ADHD
177,Non-Target,No,0,None,ADHD
178,Non-Target,No,0,None,ADHD
179,Non-Target,No,0,None,ADHD
180,Non-Target,No,0,None,ADHD
181,Non-Target,No,0,None,ADHD
182,Non-Target,Yes,687,Commission,ADHD
183,Non-Target,No,0,None,ADHD
184,Non-Target,No,0,None,ADHD
185,Non-Target,No,0,None,ADHD
186,Non-Target,Yes,683,Commission,ADHD
187,Non-Target,No,0,None,ADHD
188,Non-Target,No,0,None,ADHD
189,Target,Yes,848,None,ADHD
190,Non-Target,No,0,None,ADHD
191,Non-Target,No,0,None,ADHD
192,Target,Yes,875,None,ADHD
193,Target,No,0,Omission,ADHD
194,Target,Yes,808,None,ADHD
195,Non-Target,No,0,None,ADHD
196,Non-Target,No,0,None,ADHD
197,Target,Yes,782,None,ADHD
198,Non-Target,No,0,None,ADHD
199,Target,Yes,781,None,ADHD
200,Non-Target,No,0,None,ADHD
201,Non-Target,No,0,None,ADHD
202,Non-Target,No,0,None,ADHD
203,Non-Target,No,0,None,ADHD
204,Target,No,0,Omission,ADHD
205,Target,No,0,Omission,ADHD
206,Target,Yes,740,None,ADHD
207,Non-Target,No,0,None,ADHD
208,Non-Target,No,0,None,ADHD
209,Target,Yes,788,None,ADHD
210,Target,Yes,866,None,ADHD
211,Non-Target,No,0,None,ADHD
212,Non-Target,No,0,None,ADHD
213,Non-Target,Yes,758,Commission,ADHD
214,Non-Target,No,0,None,ADHD
215,Target,Yes,914,None,ADHD
216,Non-Target,Yes,944,Commission,ADHD
217,Non-Target,No,0,None,ADHD
218,Target,Yes,689,None,ADHD
219,Non-Target,No,0,None,ADHD
220,Non-Target,No,0,None,ADHD
221,Non-Target,No,0,None,ADHD
222,Non-Target,No,0,None,ADHD
223,Target,No,0,Omission,ADHD
224,Target,Yes,980,None,ADHD
225,Non-Target,No,0,None,ADHD
226,Non-Target,Yes,733,Commission,ADHD
227,Non-Target,No,0,None,ADHD
228,Target,Yes,824,None,ADHD
229,Non-Target,Yes,729,Commission,ADHD
230,Non-Target,No,0,None,ADHD
231,Non-Target,No,0,None,ADHD
232,Target,Yes,668,None,ADHD
233,Target,No,0,Omission,ADHD
234,Non-Target,No,0,None,ADHD
235,Non-Target,No,0,None,ADHD
236,Non-Target,No,0,None,ADHD
237,Non-Target,No,0,None,ADHD
238,Non-Target,No,0,None,ADHD
239,Non-Target,No,0,None,ADHD
240,Non-Target,No,0,None,ADHD
241,Target,No,0,Omission,ADHD
242,Non-Target,No,0,None,ADHD
243,Non-Target,No,0,None,ADHD
244,Non-Target,No,0,None,ADHD
245,Non-Target,No,0,None,ADHD
246,Non-Target,No,0,None,ADHD
247,Target,Yes,809,None,ADHD
248,Target,Yes,611,None,ADHD
249,Non-Target,No,0,None,ADHD
250,Target,No,0,Omission,ADHD
251,Non-Target,No,0,None,ADHD
252,Non-Target,Yes,699,Commission,ADHD
253,Non-Target,No,0,None,ADHD
254,Target,No,0,Omission,ADHD
255,Non-Target,Yes,870,Commission,ADHD
256,Non-Target,No,0,None,ADHD
257,Target,Yes,828,None,ADHD
258,Target,No,0,Omission,ADHD
259,Non-Target,No,0,None,ADHD
260,Non-Target,No,0,None,ADHD
261,Non-Target,No,0,None,ADHD
262,Non-Target,No,0,None,ADHD
263,Non-Target,No,0,None,ADHD
264,Non-Target,No,0,None,ADHD
265,Target,Yes,784,None,ADHD
266,Non-Target,No,0,None,ADHD
267,Target,No,0,Omission,ADHD
268,Non-Target,No,0,None,ADHD
269,Non-Target,No,0,None,ADHD
270,Target,No,0,Omission,ADHD
271,Target,No,0,Omission,ADHD
272,Target,Yes,789,None,ADHD
273,Non-Target,Yes,670,Commission,ADHD
274,Non-Target,No,0,None,ADHD
275,Non-Target,No,0,None,ADHD
276,Non-Target,No,0,None,ADHD
277,Non-Target,No,0,None,ADHD
278,Non-Target,No,0,None,ADHD
279,Non-Target,No,0,None,ADHD
280,Non-Target,No,0,None,ADHD
281,Target,Yes,618,None,ADHD
282,Non-Target,Yes,671,Commission,ADHD
283,Non-Target,No,0,None,ADHD
284,Non-Target,No,0,None,ADHD
285,Target,No,0,Omission,ADHD
286,Non-Target,No,0,None,ADHD
287,Non-Target,No,0,None,ADHD
288,Non-Target,No,0,None,ADHD
289,Non-Target,No,0,None,ADHD
290,Non-Target,No,0,None,ADHD
291,Non-Target,No,0,None,ADHD
292,Non-Target,No,0,None,ADHD
293,Non-Target,No,0,None,ADHD
294,Target,Yes,579,None,ADHD
295,Target,Yes,836,None,ADHD
296,Non-Target,No,0,None,ADHD
297,Non-Target,No,0,None,ADHD
298,Target,No,0,Omission,ADHD
299,Non-Target,No,0,None,ADHD
300,Target,Yes,694,None,ADHD
301,Non-Target,No,0,None,ADHD
302,Non-Target,Yes,805,Commission,ADHD
303,Non-Target,No,0,None,ADHD
304,Target,Yes,774,None,ADHD
305,Target,No,0,Omission,ADHD
306,Non-Target,No,0,None,ADHD
307,Non-Target,No,0,None,ADHD
308,Non-Target,No,0,None,ADHD
309,Non-Target,No,0,None,ADHD
310,Non-Target,No,0,None,ADHD
311,Target,Yes,824,None,ADHD
312,Target,Yes,908,None,ADHD
313,Non-Target,No,0,None,ADHD
314,Non-Target,No,0,None,ADHD
315,Non-Target,No,0,None,ADHD
316,Non-Target,No,0,None,ADHD
317,Target,Yes,837,None,ADHD
318,Non-Target,No,0,None,ADHD
319,Non-Target,No,0,None,ADHD
320,Non-Target,No,0,None,ADHD
321,Non-Target,No,0,None,ADHD
322,Target,Yes,803,None,ADHD
323,Target,No,0,Omission,ADHD
324,Non-Target,No,0,None,ADHD
325,Non-Target,No,0,None,ADHD
326,Non-Target,No,0,None,ADHD
327,Non-Target,No,0,None,ADHD
328,Non-Target,No,0,None,ADHD
329,Non-Target,Yes,676,Commission,ADHD
330,Non-Target,No,0,None,ADHD
331,Target,Yes,571,None,ADHD
332,Non-Target,No,0,None,ADHD
333,Non-Target,No,0,None,ADHD
334,Non-Target,No,0,None,ADHD
335,Target,Yes,745,None,ADHD
336,Non-Target,No,0,None,ADHD
337,Non-Target,No,0,None,ADHD
338,Non-Target,No,0,None,ADHD
339,Non-Target,No,0,None,ADHD
340,Target,Yes,822,None,ADHD
341,Target,Yes,659,None,ADHD
342,Non-Target,No,0,None,ADHD
343,Non-Target,No,0,None,ADHD
344,Target,Yes,558,None,ADHD
345,Non-Target,Yes,722,Commission,ADHD
346,Non-Target,No,0,None,ADHD
347,Non-Target,No,0,None,ADHD
348,Target,Yes,722,None,ADHD
349,Non-Target,No,0,None,ADHD
350,Target,Yes,892,None,ADHD
351,Non-Target,No,0,None,ADHD
352,Target,Yes,984,None,ADHD
353,Target,Yes,916,None,ADHD
354,Non-Target,No,0,None,ADHD
355,Non-Target,No,0,None,ADHD
356,Non-Target,No,0,None,ADHD
357,Non-Target,No,0,None,ADHD
358,Non-Target,No,0,None,ADHD
359,Non-Target,No,0,None,ADHD
360,Non-Target,No,0,None,ADHD
361,Non-Target,No,0,None,ADHD
362,Target,Yes,876,None,ADHD
363,Non-Target,No,0,None,ADHD
364,Non-Target,No,0,None,ADHD
365,Non-Target,No,0,None,ADHD
366,Target,Yes,906,None,ADHD
367,Target,Yes,765,None,ADHD
368,Non-Target,No,0,None,ADHD
369,Non-Target,Yes,875,Commission,ADHD
370,Non-Target,No,0,None,ADHD
371,Target,Yes,761,None,ADHD
372,Non-Target,Yes,789,Commission,ADHD
373,Non-Target,No,0,None,ADHD
374,Non-Target,No,0,None,ADHD
375,Non-Target,Yes,890,Commission,ADHD
376,Non-Target,No,0,None,ADHD
377,Non-Target,No,0,None,ADHD
378,Non-Target,No,0,None,ADHD
379,Target,Yes,753,None,ADHD
380,Non-Target,No,0,None,ADHD
381,Non-Target,No,0,None,ADHD
382,Non-Target,No,0,None,ADHD
383,Target,Yes,709,None,ADHD
384,Target,No,0,Omission,ADHD
385,Non-Target,No,0,None,ADHD
386,Non-Target,No,0,None,ADHD
387,Non-Target,No,0,None,ADHD
388,Non-Target,No,0,None,ADHD
389,Non-Target,No,0,None,ADHD
390,Non-Target,No,0,None,ADHD
391,Non-Target,No,0,None,ADHD
392,Non-Target,No,0,None,ADHD
393,Non-Target,No,0,None,ADHD
394,Non-Target,No,0,None,ADHD
395,Non-Target,No,0,None,ADHD
396,Target,Yes,704,None,ADHD
397,Target,Yes,770,None,ADHD
398,Non-Target,No,0,None,ADHD
399,Non-Target,No,0,None,ADHD
400,Non-Target,No,0,None,ADHD
401,Non-Target,No,0,None,ADHD
402,Target,Yes,693,None,ADHD
403,Non-Target,No,0,None,ADHD
404,Non-Target,No,0,None,ADHD
405,Target,Yes,673,None,ADHD
406,Non-Target,No,0,None,ADHD
407,Non-Target,No,0,None,ADHD
408,Non-Target,No,0,None,ADHD
409,Non-Target,Yes,844,Commission,ADHD
410,Non-Target,No,0,None,ADHD
411,Non-Target,No,0,None,ADHD
412,Non-Target,No,0,None,ADHD
413,Non-Target,No,0,None,ADHD
414,Non-Target,No,0,None,ADHD
415,Non-Target,No,0,None,ADHD
416,Non-Target,No,0,None,ADHD
417,Non-Target,No,0,None,ADHD
418,Non-Target,Yes,842,Commission,ADHD
419,Non-Target,No,0,None,ADHD
420,Target,Yes,777,None,ADHD
421,Non-Target,No,0,None,ADHD
422,Non-Target,No,0,None,ADHD
423,Non-Target,No,0,None,ADHD
424,Non-Target,No,0,None,ADHD
425,Target,Yes,954,None,ADHD
426,Non-Target,Yes,701,Commission,ADHD
427,Non-Target,No,0,None,ADHD
428,Non-Target,No,0,None,ADHD
429,Target,Yes,659,None,ADHD
430,Non-Target,No,0,None,ADHD
431,Non-Target,No,0,None,ADHD
432,Non-Target,Yes,764,Commission,ADHD
433,Non-Target,No,0,None,ADHD
434,Target,Yes,831,None,ADHD
435,Target,No,0,Omission,ADHD
436,Target,Yes,861,None,ADHD
437,Non-Target,No,0,None,ADHD
438,Non-Target,No,0,None,ADHD
439,Non-Target,No,0,None,ADHD
440,Target,Yes,883,None,ADHD
441,Target,Yes,579,None,ADHD
442,Target,Yes,753,None,ADHD
443,Non-Target,Yes,758,Commission,ADHD
444,Non-Target,No,0,None,ADHD
445,Non-Target,No,0,None,ADHD
446,Non-Target,Yes,814,Commission,ADHD
447,Target,Yes,849,None,ADHD
448,Target,Yes,761,None,ADHD
449,Non-Target,No,0,None,ADHD
450,Non-Target,No,0,None,ADHD
451,Non-Target,No,0,None,ADHD
452,Target,Yes,848,None,ADHD
453,Non-Target,No,0,None,ADHD
454,Non-Target,No,0,None,ADHD
455,Target,Yes,761,None,ADHD
456,Non-Target,No,0,None,ADHD
457,Non-Target,No,0,None,ADHD
458,Non-Target,Yes,869,Commission,ADHD
459,Non-Target,No,0,None,ADHD
460,Target,Yes,754,None,ADHD
461,Non-Target,No,0,None,ADHD
462,Non-Target,No,0,None,ADHD
463,Non-Target,No,0,None,ADHD
464,Non-Target,No,0,None,ADHD
465,Target,Yes,927,None,ADHD
466,Target,Yes,844,None,ADHD
467,Target,Yes,547,None,ADHD
468,Target,Yes,662,None,ADHD
469,Non-Target,No,0,None,ADHD
470,Target,Yes,768,None,ADHD
471,Non-Target,No,0,None,ADHD
472,Non-Target,Yes,737,Commission,ADHD
473,Target,No,0,Omission,ADHD
474,Non-Target,No,0,None,ADHD
475,Target,Yes,769,None,ADHD
476,Non-Target,No,0,None,ADHD
477,Non-Target,No,0,None,ADHD
478,Non-Target,No,0,None,ADHD
479,Target,Yes,753,None,ADHD
480,Non-Target,No,0,None,ADHD
481,Non-Target,No,0,None,ADHD
482,Non-Target,No,0,None,ADHD
483,Non-Target,No,0,None,ADHD
484,Non-Target,No,0,None,ADHD
485,Non-Target,No,0,None,ADHD
486,Non-Target,No,0,None,ADHD
487,Non-Target,No,0,None,ADHD
488,Non-Target,Yes,705,Commission,ADHD
489,Target,Yes,869,None,ADHD
490,Target,Yes,836,None,ADHD
491,Non-Target,No,0,None,ADHD
492,Target,Yes,501,None,ADHD
493,Non-Target,Yes,787,Commission,ADHD
494,Non-Target,No,0,None,ADHD
495,Target,Yes,735,None,ADHD
496,Non-Target,No,0,None,ADHD
497,Target,No,0,Omission,ADHD
498,Non-Target,No,0,None,ADHD
499,Target,Yes,773,None,ADHD
500,Non-Target,No,0,None,ADHD
501,Target,Yes,899,None,ADHD
502,Target,Yes,836,None,ADHD
503,Non-Target,No,0,None,ADHD
504,Target,Yes,765,None,ADHD
505,Non-Target,No,0,None,ADHD
506,Non-Target,No,0,None,ADHD
507,Target,Yes,789,None,ADHD
508,Non-Target,No,0,None,ADHD
509,Target,Yes,787,None,ADHD
510,Non-Target,No,0,None,ADHD
511,Target,Yes,836,None,ADHD
512,Non-Target,No,0,None,ADHD
513,Non-Target,Yes,884,Commission,ADHD
514,Target,Yes,791,None,ADHD
515,Target,No,0,Omission,ADHD
516,Non-Target,Yes,823,Commission,ADHD
517,Target,Yes,848,None,ADHD
518,Non-Target,No,0,None,ADHD
519,Target,No,0,Omission,ADHD
520,Non-Target,No,0,None,ADHD
521,Non-Target,No,0,None,ADHD
522,Target,Yes,634,None,ADHD
523,Non-Target,No,0,None,ADHD
524,Target,Yes,895,None,ADHD
525,Non-Target,No,0,None,ADHD
526,Target,Yes,743,None,ADHD
527,Target,Yes,801,None,ADHD
528,Target,Yes,724,None,ADHD
529,Non-Target,Yes,981,Commission,ADHD
530,Non-Target,No,0,None,ADHD
531,Target,Yes,963,None,ADHD
532,Target,No,0,Omission,ADHD
533,Non-Target,No,0,None,ADHD
534,Non-Target,No,0,None,ADHD
535,Target,Yes,793,None,ADHD
536,Non-Target,No,0,None,ADHD
537,Non-Target,Yes,834,Commission,ADHD
538,Target,No,0,Omission,ADHD
539,Non-Target,Yes,547,Commission,ADHD
540,Non-Target,No,0,None,ADHD
541,Non-Target,No,0,None,ADHD
542,Non-Target,No,0,None,ADHD
543,Target,No,0,Omission,ADHD
544,Non-Target,No,0,None,ADHD
545,Target,Yes,761,None,ADHD
546,Non-Target,No,0,None,ADHD
547,Non-Target,Yes,718,Commission,ADHD
548,Non-Target,No,0,None,ADHD
549,Non-Target,No,0,None,ADHD
550,Non-Target,No,0,None,ADHD
551,Non-Target,Yes,775,Commission,ADHD
552,Non-Target,No,0,None,ADHD
553,Non-Target,No,0,None,ADHD
554,Non-Target,No,0,None,ADHD
555,Target,Yes,764,None,ADHD
556,Non-Target,No,0,None,ADHD
557,Target,Yes,841,None,ADHD
558,Non-Target,No,0,None,ADHD
559,Target,Yes,686,None,ADHD
560,Target,Yes,648,None,ADHD
561,Non-Target,No,0,None,ADHD
562,Target,Yes,715,None,ADHD
563,Non-Target,No,0,None,ADHD
564,Non-Target,No,0,None,ADHD
565,Non-Target,No,0,None,ADHD
566,Target,Yes,838,None,ADHD
567,Non-Target,No,0,None,ADHD
568,Non-Target,No,0,None,ADHD
569,Non-Target,No,0,None,ADHD
570,Non-Target,No,0,None,ADHD
571,Target,Yes,711,None,ADHD
572,Non-Target,No,0,None,ADHD
573,Target,Yes,768,None,ADHD
574,Non-Target,No,0,None,ADHD
575,Non-Target,No,0,None,ADHD
576,Non-Target,No,0,None,ADHD
577,Target,No,0,Omission,ADHD
578,Non-Target,No,0,None,ADHD
579,Non-Target,No,0,None,ADHD
580,Target,Yes,697,None,ADHD
581,Target,No,0,Omission,ADHD
582,Non-Target,No,0,None,ADHD
583,Non-Target,No,0,None,ADHD
584,Non-Target,No,0,None,ADHD
585,Non-Target,No,0,None,ADHD
586,Target,Yes,771,None,ADHD
587,Non-Target,No,0,None,ADHD
588,Non-Target,No,0,None,ADHD
589,Non-Target,Yes,763,Commission,ADHD
590,Target,Yes,603,None,ADHD
591,Non-Target,No,0,None,ADHD
592,Non-Target,No,0,None,ADHD
593,Target,Yes,714,None,ADHD
594,Target,Yes,871,None,ADHD
595,Non-Target,No,0,None,ADHD
596,Non-Target,No,0,None,ADHD
597,Non-Target,No,0,None,ADHD
598,Non-Target,No,0,None,ADHD
599,Target,Yes,642,None,ADHD
600,Target,No,0,Omission,ADHD
601,Non-Target,No,0,None,ADHD
602,Non-Target,No,0,None,ADHD
603,Non-Target,No,0,None,ADHD
604,Non-Target,No,0,None,ADHD
605,Non-Target,No,0,None,ADHD
606,Non-Target,No,0,None,ADHD
607,Non-Target,No,0,None,ADHD
608,Non-Target,No,0,None,ADHD
609,Non-Target,No,0,None,ADHD
610,Non-Target,No,0,None,ADHD
611,Target,Yes,676,None,ADHD
612,Non-Target,No,0,None,ADHD
613,Non-Target,Yes,749,Commission,ADHD
614,Non-Target,No,0,None,ADHD
615,Non-Target,No,0,None,ADHD
616,Target,Yes,812,None,ADHD
617,Target,No,0,Omission,ADHD
618,Non-Target,Yes,827,Commission,ADHD
619,Target,No,0,Omission,ADHD
620,Non-Target,No,0,None,ADHD
621,Non-Target,No,0,None,ADHD
622,Target,Yes,714,None,ADHD
623,Target,Yes,818,None,ADHD
624,Non-Target,Yes,776,Commission,ADHD
625,Non-Target,No,0,None,ADHD
626,Non-Target,No,0,None,ADHD
627,Non-Target,No,0,None,ADHD
628,Target,Yes,638,None,ADHD
629,Non-Target,No,0,None,ADHD
630,Non-Target,No,0,None,ADHD
631,Non-Target,Yes,771,Commission,ADHD
632,Target,No,0,Omission,ADHD
633,Target,Yes,791,None,ADHD
634,Non-Target,No,0,None,ADHD
635,Target,Yes,820,None,ADHD
636,Non-Target,No,0,None,ADHD
637,Non-Target,No,0,None,ADHD
638,Target,Yes,708,None,ADHD
639,Non-Target,No,0,None,ADHD
640,Target,Yes,779,None,ADHD
641,Non-Target,No,0,None,ADHD
642,Target,No,0,Omission,ADHD
643,Non-Target,No,0,None,ADHD
644,Non-Target,No,0,None,ADHD
645,Non-Target,No,0,None,ADHD
646,Non-Target,Yes,795,Commission,ADHD
647,Non-Target,No,0,None,ADHD
648,Target,Yes,837,None,ADHD
649,Target,No,0,Omission,ADHD
650,Non-Target,No,0,None,ADHD
651,Non-Target,No,0,None,ADHD
652,Target,No,0,Omission,ADHD
653,Non-Target,No,0,None,ADHD
654,Target,Yes,753,None,ADHD
655,Non-Target,No,0,None,ADHD
656,Non-Target,No,0,None,ADHD
657,Non-Target,No,0,None,ADHD
658,Non-Target,No,0,None,ADHD
659,Non-Target,No,0,None,ADHD
660,Non-Target,No,0,None,ADHD
661,Non-Target,No,0,None,ADHD
662,Target,Yes,664,None,ADHD
663,Non-Target,No,0,None,ADHD
664,Non-Target,No,0,None,ADHD
665,Non-Target,No,0,None,ADHD
666,Non-Target,No,0,None,ADHD
667,Non-Target,No,0,None,ADHD
668,Non-Target,No,0,None,ADHD
669,Non-Target,No,0,None,ADHD
670,Target,No,0,Omission,ADHD
671,Target,Yes,659,None,ADHD
672,Non-Target,No,0,None,ADHD
673,Non-Target,No,0,None,ADHD
674,Non-Target,No,0,None,ADHD
675,Non-Target,No,0,None,ADHD
676,Target,Yes,740,None,ADHD
677,Target,No,0,Omission,ADHD
678,Non-Target,No,0,None,ADHD
679,Non-Target,No,0,None,ADHD
680,Target,Yes,716,None,ADHD
681,Non-Target,Yes,777,Commission,ADHD
682,Target,Yes,746,None,ADHD
683,Non-Target,No,0,None,ADHD
684,Non-Target,No,0,None,ADHD
685,Target,No,0,Omission,ADHD
686,Target,Yes,765,None,ADHD
687,Non-Target,Yes,525,Commission,ADHD
688,Target,No,0,Omission,ADHD
689,Non-Target,No,0,None,ADHD
690,Non-Target,No,0,None,ADHD
691,Target,No,0,Omission,ADHD
692,Non-Target,No,0,None,ADHD
693,Target,Yes,855,None,ADHD
694,Target,No,0,Omission,ADHD
695,Target,Yes,768,None,ADHD
696,Non-Target,No,0,None,ADHD
697,Non-Target,No,0,None,ADHD
698,Non-Target,No,0,None,ADHD
699,Target,Yes,833,None,ADHD
700,Non-Target,No,0,None,ADHD
701,Non-Target,No,0,None,ADHD
702,Non-Target,No,0,None,ADHD
703,Non-Target,No,0,None,ADHD
704,Target,Yes,788,None,ADHD
705,Non-Target,No,0,None,ADHD
706,Non-Target,No,0,None,ADHD
707,Non-Target,No,0,None,ADHD
708,Non-Target,No,0,None,ADHD
709,Target,Yes,777,None,ADHD
710,Non-Target,No,0,None,ADHD
711,Non-Target,No,0,None,ADHD
712,Target,Yes,702,None,ADHD
713,Non-Target,No,0,None,ADHD
714,Target,Yes,825,None,ADHD
715,Non-Target,Yes,710,Commission,ADHD
716,Non-Target,No,0,None,ADHD
717,Non-Target,No,0,None,ADHD
718,Non-Target,No,0,None,ADHD
719,Non-Target,No,0,None,ADHD
720,Target,No,0,Omission,ADHD
721,Target,Yes,943,None,ADHD
722,Target,Yes,724,None,ADHD
723,Target,Yes,786,None,ADHD
724,Non-Target,No,0,None,ADHD
725,Non-Target,No,0,None,ADHD
726,Non-Target,No,0,None,ADHD
727,Target,No,0,Omission,ADHD
728,Target,Yes,669,None,ADHD
729,Target,No,0,Omission,ADHD
730,Target,No,0,Omission,ADHD
731,Non-Target,No,0,None,ADHD
732,Non-Target,No,0,None,ADHD
733,Non-Target,No,0,None,ADHD
734,Non-Target,Yes,894,Commission,ADHD
735,Non-Target,No,0,None,ADHD
736,Non-Target,No,0,None,ADHD
737,Non-Target,No,0,None,ADHD
738,Non-Target,No,0,None,ADHD
739,Target,Yes,802,None,ADHD
740,Target,Yes,738,None,ADHD
741,Non-Target,No,0,None,ADHD
742,Non-Target,Yes,953,Commission,ADHD
743,Non-Target,No,0,None,ADHD
744,Non-Target,No,0,None,ADHD
745,Non-Target,No,0,None,ADHD
746,Target,Yes,933,None,ADHD
747,Target,Yes,925,None,ADHD
748,Target,Yes,841,None,ADHD
749,Target,Yes,797,None,ADHD
750,Non-Target,No,0,None,ADHD
751,Target,Yes,960,None,ADHD
752,Non-Target,No,0,None,ADHD
753,Target,No,0,Omission,ADHD
754,Target,Yes,814,None,ADHD
755,Target,Yes,642,None,ADHD
756,Non-Target,No,0,None,ADHD
757,Non-Target,No,0,None,ADHD
758,Non-Target,No,0,None,ADHD
759,Non-Target,No,0,None,ADHD
760,Non-Target,Yes,734,Commission,ADHD
761,Non-Target,No,0,None,ADHD
762,Non-Target,No,0,None,ADHD
763,Non-Target,No,0,None,ADHD
764,Non-Target,No,0,None,ADHD
765,Target,No,0,Omission,ADHD
766,Non-Target,No,0,None,ADHD
767,Non-Target,No,0,None,ADHD
768,Non-Target,No,0,None,ADHD
769,Target,Yes,638,None,ADHD
770,Non-Target,No,0,None,ADHD
771,Non-Target,No,0,None,ADHD
772,Target,No,0,Omission,ADHD
773,Non-Target,No,0,None,ADHD
774,Target,Yes,824,None,ADHD
775,Non-Target,No,0,None,ADHD
776,Non-Target,No,0,None,ADHD
777,Target,Yes,897,None,ADHD
778,Non-Target,No,0,None,ADHD
779,Non-Target,No,0,None,ADHD
780,Target,Yes,814,None,ADHD
781,Target,Yes,692,None,ADHD
782,Non-Target,No,0,None,ADHD
783,Non-Target,No,0,None,ADHD
784,Non-Target,No,0,None,ADHD
785,Target,Yes,755,None,ADHD
786,Non-Target,No,0,None,ADHD
787,Non-Target,No,0,None,ADHD
788,Non-Target,No,0,None,ADHD
789,Target,Yes,806,None,ADHD
790,Target,No,0,Omission,ADHD
791,Non-Target,No,0,None,ADHD
792,Non-Target,No,0,None,ADHD
793,Target,Yes,784,None,ADHD
794,Non-Target,Yes,692,Commission,ADHD
795,Target,Yes,874,None,ADHD
796,Non-Target,No,0,None,ADHD
797,Target,Yes,719,None,ADHD
798,Non-Target,No,0,None,ADHD
799,Target,Yes,701,None,ADHD
800,Target,Yes,730,None,ADHD
801,Non-Target,No,0,None,ADHD
802,Non-Target,No,0,None,ADHD
803,Non-Target,No,0,None,ADHD
804,Non-Target,No,0,None,ADHD
805,Target,No,0,Omission,ADHD
806,Target,Yes,871,None,ADHD
807,Non-Target,No,0,None,ADHD
808,Non-Target,No,0,None,ADHD
809,Non-Target,No,0,None,ADHD
810,Non-Target,No,0,None,ADHD
811,Target,Yes,600,None,ADHD
812,Non-Target,No,0,None,ADHD
813,Target,Yes,861,None,ADHD
814,Non-Target,No,0,None,ADHD
815,Non-Target,Yes,807,Commission,ADHD
816,Non-Target,No,0,None,ADHD
817,Non-Target,No,0,None,ADHD
818,Target,No,0,Omission,ADHD
819,Non-Target,No,0,None,ADHD
820,Non-Target,Yes,852,Commission,ADHD
821,Non-Target,No,0,None,ADHD
822,Target,No,0,Omission,ADHD
823,Non-Target,No,0,None,ADHD
824,Non-Target,Yes,886,Commission,ADHD
825,Target,Yes,687,None,ADHD
826,Target,Yes,670,None,ADHD
827,Non-Target,No,0,None,ADHD
828,Non-Target,No,0,None,ADHD
829,Non-Target,No,0,None,ADHD
830,Target,Yes,810,None,ADHD
831,Non-Target,No,0,None,ADHD
832,Non-Target,No,0,None,ADHD
833,Non-Target,No,0,None,ADHD
834,Target,No,0,Omission,ADHD
835,Non-Target,No,0,None,ADHD
836,Target,Yes,816,None,ADHD
837,Non-Target,No,0,None,ADHD
838,Non-Target,No,0,None,ADHD
839,Non-Target,No,0,None,ADHD
840,Non-Target,No,0,None,ADHD
841,Non-Target,No,0,None,ADHD
842,Non-Target,Yes,602,Commission,ADHD
843,Target,Yes,938,None,ADHD
844,Non-Target,No,0,None,ADHD
845,Non-Target,No,0,None,ADHD
846,Non-Target,No,0,None,ADHD
847,Non-Target,No,0,None,ADHD
848,Target,Yes,597,None,ADHD
849,Non-Target,No,0,None,ADHD
850,Non-Target,No,0,None,ADHD
851,Non-Target,No,0,None,ADHD
852,Target,Yes,816,None,ADHD
853,Non-Target,No,0,None,ADHD
854,Non-Target,No,0,None,ADHD
855,Target,Yes,765,None,ADHD
856,Non-Target,No,0,None,ADHD
857,Non-Target,No,0,None,ADHD
858,Non-Target,No,0,None,ADHD
859,Target,Yes,806,None,ADHD
860,Non-Target,No,0,None,ADHD
861,Non-Target,No,0,None,ADHD
862,Non-Target,No,0,None,ADHD
863,Non-Target,No,0,None,ADHD
864,Non-Target,No,0,None,ADHD
865,Target,Yes,927,None,ADHD
866,Target,Yes,832,None,ADHD
867,Non-Target,No,0,None,ADHD
868,Target,Yes,703,None,ADHD
869,Target,Yes,751,None,ADHD
870,Target,No,0,Omission,ADHD
871,Non-Target,Yes,738,Commission,ADHD
872,Non-Target,No,0,None,ADHD
873,Non-Target,No,0,None,ADHD
874,Non-Target,No,0,None,ADHD
875,Non-Target,No,0,None,ADHD
876,Target,No,0,Omission,ADHD
877,Target,Yes,648,None,ADHD
878,Target,No,0,Omission,ADHD
879,Non-Target,No,0,None,ADHD
880,Non-Target,No,0,None,ADHD
881,Non-Target,No,0,None,ADHD
882,Non-Target,No,0,None,ADHD
883,Non-Target,No,0,None,ADHD
884,Non-Target,No,0,None,ADHD
885,Non-Target,Yes,809,Commission,ADHD
886,Non-Target,No,0,None,ADHD
887,Target,Yes,782,None,ADHD
888,Non-Target,No,0,None,ADHD
889,Non-Target,No,0,None,ADHD
890,Non-Target,No,0,None,ADHD
891,Non-Target,No,0,None,ADHD
892,Non-Target,No,0,None,ADHD
893,Non-Target,No,0,None,ADHD
894,Non-Target,No,0,None,ADHD
895,Target,Yes,992,None,ADHD
896,Non-Target,Yes,824,Commission,ADHD
897,Target,Yes,782,None,ADHD
898,Non-Target,No,0,None,ADHD
899,Target,No,0,Omission,ADHD
900,Non-Target,No,0,None,ADHD
901,Non-Target,No,0,None,ADHD
902,Non-Target,No,0,None,ADHD
903,Target,No,0,Omission,ADHD
904,Non-Target,Yes,660,Commission,ADHD
905,Non-Target,Yes,796,Commission,ADHD
906,Non-Target,No,0,None,ADHD
907,Target,Yes,814,None,ADHD
908,Non-Target,No,0,None,ADHD
909,Non-Target,No,0,None,ADHD
910,Non-Target,No,0,None,ADHD
911,Non-Target,No,0,None,ADHD
912,Non-Target,No,0,None,ADHD
913,Non-Target,No,0,None,ADHD
914,Non-Target,Yes,701,Commission,ADHD
915,Non-Target,Yes,581,Commission,ADHD
916,Target,Yes,665,None,ADHD
917,Non-Target,No,0,None,ADHD
918,Target,Yes,861,None,ADHD
919,Target,No,0,Omission,ADHD
920,Target,Yes,864,None,ADHD
921,Non-Target,No,0,None,ADHD
922,Target,Yes,750,None,ADHD
923,Non-Target,No,0,None,ADHD
924,Non-Target,No,0,None,ADHD
925,Non-Target,No,0,None,ADHD
926,Target,No,0,Omission,ADHD
927,Non-Target,No,0,None,ADHD
928,Target,Yes,749,None,ADHD
929,Target,Yes,887,None,ADHD
930,Target,Yes,706,None,ADHD
931,Target,Yes,523,None,ADHD
932,Non-Target,No,0,None,ADHD
933,Target,Yes,758,None,ADHD
934,Non-Target,No,0,None,ADHD
935,Non-Target,No,0,None,ADHD
936,Target,Yes,732,None,ADHD
937,Non-Target,No,0,None,ADHD
938,Non-Target,No,0,None,ADHD
939,Non-Target,No,0,None,ADHD
940,Target,Yes,860,None,ADHD
941,Non-Target,No,0,None,ADHD
942,Target,Yes,693,None,ADHD
943,Non-Target,No,0,None,ADHD
944,Non-Target,No,0,None,ADHD
945,Non-Target,No,0,None,ADHD
946,Non-Target,No,0,None,ADHD
947,Non-Target,No,0,None,ADHD
948,Non-Target,No,0,None,ADHD
949,Non-Target,No,0,None,ADHD
950,Non-Target,No,0,None,ADHD
951,Non-Target,Yes,748,Commission,ADHD
952,Non-Target,No,0,None,ADHD
953,Non-Target,No,0,None,ADHD
954,Non-Target,Yes,724,Commission,ADHD
955,Non-Target,No,0,None,ADHD
956,Target,Yes,608,None,ADHD
957,Non-Target,No,0,None,ADHD
958,Non-Target,No,0,None,ADHD
959,Non-Target,No,0,None,ADHD
960,Non-Target,No,0,None,ADHD
961,Non-Target,No,0,None,ADHD
962,Non-Target,No,0,None,ADHD
963,Target,Yes,744,None,ADHD
964,Non-Target,No,0,None,ADHD
965,Target,Yes,867,None,ADHD
966,Target,Yes,786,None,ADHD
967,Target,Yes,826,None,ADHD
968,Target,Yes,838,None,ADHD
969,Non-Target,No,0,None,ADHD
970,Non-Target,No,0,None,ADHD
971,Non-Target,No,0,None,ADHD
972,Non-Target,No,0,None,ADHD
973,Non-Target,No,0,None,ADHD
974,Non-Target,No,0,None,ADHD
975,Non-Target,No,0,None,ADHD
976,Non-Target,No,0,None,ADHD
977,Non-Target,No,0,None,ADHD
978,Non-Target,No,0,None,ADHD
979,Non-Target,Yes,805,Commission,ADHD
980,Target,Yes,872,None,ADHD
981,Non-Target,No,0,None,ADHD
982,Non-Target,No,0,None,ADHD
983,Non-Target,Yes,725,Commission,ADHD
984,Non-Target,No,0,None,ADHD
985,Non-Target,No,0,None,ADHD
986,Target,Yes,609,None,ADHD
987,Non-Target,No,0,None,ADHD
988,Non-Target,No,0,None,ADHD
989,Target,Yes,648,None,ADHD
990,Non-Target,No,0,None,ADHD
991,Non-Target,No,0,None,ADHD
992,Non-Target,No,0,None,ADHD
993,Non-Target,No,0,None,ADHD
994,Non-Target,No,0,None,ADHD
995,Target,Yes,802,None,ADHD
996,Non-Target,No,0,None,ADHD
997,Non-Target,No,0,None,ADHD
998,Non-Target,Yes,914,Commission,ADHD
999,Target,Yes,698,None,ADHD
1000,Non-Target,No,0,None,ADHD
1001,Non-Target,No,0,None,ADHD
1002,Non-Target,No,0,None,ADHD
1003,Target,Yes,754,None,ADHD
1004,Target,Yes,575,None,ADHD
1005,Non-Target,Yes,725,Commission,ADHD
1006,Target,Yes,796,None,ADHD
1007,Non-Target,No,0,None,ADHD
1008,Target,Yes,655,None,ADHD
1009,Non-Target,No,0,None,ADHD
1010,Non-Target,No,0,None,ADHD
1011,Non-Target,No,0,None,ADHD
1012,Target,Yes,574,None,ADHD
1013,Non-Target,Yes,669,Commission,ADHD
1014,Target,Yes,833,None,ADHD
1015,Non-Target,No,0,None,ADHD
1016,Non-Target,No,0,None,ADHD
1017,Target,Yes,833,None,ADHD
1018,Non-Target,No,0,None,ADHD
1019,Non-Target,No,0,None,ADHD
1020,Non-Target,No,0,None,ADHD
1021,Target,Yes,770,None,ADHD
1022,Non-Target,No,0,None,ADHD
1023,Target,Yes,754,None,ADHD
1024,Target,Yes,751,None,ADHD
1025,Non-Target,No,0,None,ADHD
1026,Non-Target,Yes,751,Commission,ADHD
1027,Target,Yes,603,None,ADHD
1028,Non-Target,Yes,903,Commission,ADHD
1029,Non-Target,No,0,None,ADHD
1030,Non-Target,No,0,None,ADHD
1031,Non-Target,No,0,None,ADHD
1032,Non-Target,No,0,None,ADHD
1033,Target,Yes,762,None,ADHD
1034,Target,Yes,629,None,ADHD
1035,Non-Target,No,0,None,ADHD
1036,Non-Target,No,0,None,ADHD
1037,Target,Yes,798,None,ADHD
1038,Target,No,0,Omission,ADHD
1039,Non-Target,No,0,None,ADHD
1040,Target,Yes,617,None,ADHD
1041,Non-Target,No,0,None,ADHD
1042,Target,Yes,854,None,ADHD
1043,Target,Yes,831,None,ADHD
1044,Non-Target,No,0,None,ADHD
1045,Target,Yes,783,None,ADHD
1046,Non-Target,No,0,None,ADHD
1047,Non-Target,No,0,None,ADHD
1048,Non-Target,No,0,None,ADHD
1049,Non-Target,No,0,None,ADHD
1050,Target,Yes,854,None,ADHD
1051,Target,No,0,Omission,ADHD
1052,Non-Target,No,0,None,ADHD
1053,Non-Target,No,0,None,ADHD
1054,Non-Target,No,0,None,ADHD
1055,Non-Target,No,0,None,ADHD
1056,Target,No,0,Omission,ADHD
1057,Target,No,0,Omission,ADHD
1058,Non-Target,No,0,None,ADHD
1059,Target,Yes,975,None,ADHD
1060,Non-Target,No,0,None,ADHD
1061,Non-Target,No,0,None,ADHD
1062,Non-Target,No,0,None,ADHD
1063,Non-Target,No,0,None,ADHD
1064,Non-Target,No,0,None,ADHD
1065,Non-Target,No,0,None,ADHD
1066,Non-Target,No,0,None,ADHD
1067,Non-Target,No,0,None,ADHD
1068,Non-Target,No,0,None,ADHD
1069,Target,Yes,781,None,ADHD
1070,Non-Target,No,0,None,ADHD
1071,Non-Target,No,0,None,ADHD
1072,Non-Target,No,0,None,ADHD
1073,Non-Target,Yes,749,Commission,ADHD
1074,Non-Target,No,0,None,ADHD
1075,Target,Yes,645,None,ADHD
1076,Non-Target,No,0,None,ADHD
1077,Non-Target,No,0,None,ADHD
1078,Non-Target,No,0,None,ADHD
1079,Non-Target,No,0,None,ADHD
1080,Non-Target,No,0,None,ADHD
1081,Non-Target,No,0,None,ADHD
1082,Non-Target,Yes,821,Commission,ADHD
1083,Target,Yes,652,None,ADHD
1084,Target,Yes,752,None,ADHD
1085,Non-Target,No,0,None,ADHD
1086,Non-Target,No,0,None,ADHD
1087,Non-Target,Yes,901,Commission,ADHD
1088,Non-Target,No,0,None,ADHD
1089,Non-Target,No,0,None,ADHD
1090,Non-Target,No,0,None,ADHD
1091,Non-Target,No,0,None,ADHD
1092,Non-Target,No,0,None,ADHD
1093,Non-Target,No,0,None,ADHD
1094,Non-Target,No,0,None,ADHD
1095,Non-Target,No,0,None,ADHD
1096,Non-Target,No,0,None,ADHD
1097,Non-Target,No,0,None,ADHD
1098,Target,Yes,673,None,ADHD
1099,Non-Target,No,0,None,ADHD
1100,Non-Target,No,0,None,ADHD
1101,Non-Target,Yes,835,Commission,ADHD
1102,Non-Target,No,0,None,ADHD
1103,Non-Target,No,0,None,ADHD
1104,Target,Yes,954,None,ADHD
1105,Non-Target,No,0,None,ADHD
1106,Non-Target,No,0,None,ADHD
1107,Non-Target,Yes,808,Commission,ADHD
1108,Non-Target,No,0,None,ADHD
1109,Non-Target,Yes,787,Commission,ADHD
1110,Non-Target,No,0,None,ADHD
1111,Non-Target,No,0,None,ADHD
1112,Non-Target,No,0,None,ADHD
1113,Target,No,0,Omission,ADHD
1114,Non-Target,No,0,None,ADHD
1115,Target,Yes,563,None,ADHD
1116,Non-Target,No,0,None,ADHD
1117,Non-Target,No,0,None,ADHD
1118,Non-Target,No,0,None,ADHD
1119,Non-Target,No,0,None,ADHD
1120,Non-Target,No,0,None,ADHD
1121,Non-Target,No,0,None,ADHD
1122,Non-Target,No,0,None,ADHD
1123,Non-Target,No,0,None,ADHD
1124,Target,Yes,899,None,ADHD
1125,Non-Target,No,0,None,ADHD
1126,Non-Target,No,0,None,ADHD
1127,Target,Yes,724,None,ADHD
1128,Target,No,0,Omission,ADHD
1129,Target,No,0,Omission,ADHD
1130,Target,Yes,541,None,ADHD
1131,Non-Target,No,0,None,ADHD
1132,Non-Target,No,0,None,ADHD
1133,Non-Target,No,0,None,ADHD
1134,Target,Yes,828,None,ADHD
1135,Non-Target,No,0,None,ADHD
1136,Target,Yes,783,None,ADHD
1137,Non-Target,No,0,None,ADHD
1138,Non-Target,No,0,None,ADHD
1139,Non-Target,No,0,None,ADHD
1140,Non-Target,No,0,None,ADHD
1141,Non-Target,No,0,None,ADHD
1142,Non-Target,No,0,None,ADHD
1143,Target,Yes,767,None,ADHD
1144,Target,Yes,768,None,ADHD
1145,Non-Target,No,0,None,ADHD
1146,Non-Target,No,0,None,ADHD
1147,Non-Target,Yes,883,Commission,ADHD
1148,Target,Yes,825,None,ADHD
1149,Non-Target,No,0,None,ADHD
1150,Non-Target,Yes,634,Commission,ADHD
1151,Non-Target,No,0,None,ADHD
1152,Non-Target,No,0,None,ADHD
1153,Non-Target,No,0,None,ADHD
1154,Non-Target,No,0,None,ADHD
1155,Non-Target,No,0,None,ADHD
1156,Non-Target,No,0,None,ADHD
1157,Target,Yes,973,None,ADHD
1158,Target,Yes,946,None,ADHD
1159,Target,Yes,764,None,ADHD
1160,Target,Yes,778,None,ADHD
1161,Target,Yes,819,None,ADHD
1162,Non-Target,No,0,None,ADHD
1163,Non-Target,No,0,None,ADHD
1164,Non-Target,No,0,None,ADHD
1165,Non-Target,No,0,None,ADHD
1166,Non-Target,No,0,None,ADHD
1167,Non-Target,No,0,None,ADHD
1168,Target,Yes,688,None,ADHD
1169,Non-Target,No,0,None,ADHD
1170,Non-Target,No,0,None,ADHD
1171,Target,Yes,740,None,ADHD
1172,Non-Target,No,0,None,ADHD
1173,Target,No,0,Omission,ADHD
1174,Non-Target,No,0,None,ADHD
1175,Target,No,0,Omission,ADHD
1176,Non-Target,No,0,None,ADHD
1177,Non-Target,No,0,None,ADHD
1178,Target,Yes,611,None,ADHD
1179,Target,Yes,724,None,ADHD
1180,Non-Target,No,0,None,ADHD
1181,Non-Target,No,0,None,ADHD
1182,Non-Target,No,0,None,ADHD
1183,Target,Yes,829,None,ADHD
1184,Non-Target,No,0,None,ADHD
1185,Target,Yes,784,None,ADHD
1186,Non-Target,No,0,None,ADHD
1187,Non-Target,No,0,None,ADHD
1188,Non-Target,No,0,None,ADHD
1189,Non-Target,No,0,None,ADHD
1190,Non-Target,No,0,None,ADHD
1191,Non-Target,No,0,None,ADHD
1192,Non-Target,Yes,646,Commission,ADHD
1193,Non-Target,No,0,None,ADHD
1194,Target,Yes,807,None,ADHD
1195,Non-Target,No,0,None,ADHD
1196,Non-Target,No,0,None,ADHD
1197,Target,Yes,999,None,ADHD
1198,Non-Target,No,0,None,ADHD
1199,Non-Target,No,0,None,ADHD
1200,Non-Target,No,0,None,ADHD
