Trial,StimulusType,Reaction,ReactionTime(ms),ErrorType,Label
1,Target,Yes,621,None,ADHD
2,Non-Target,No,0,None,ADHD
3,Target,Yes,742,None,ADHD
4,Non-Target,No,0,None,ADHD
5,Non-Target,Yes,448,Commission,ADHD
6,Non-Target,No,0,None,ADHD
7,Target,Yes,590,None,ADHD
8,Non-Target,No,0,None,ADHD
9,Non-Target,No,0,None,ADHD
10,Target,Yes,949,None,ADHD
11,Non-Target,No,0,None,ADHD
12,Non-Target,No,0,None,ADHD
13,Non-Target,Yes,494,Commission,ADHD
14,Target,Yes,709,None,ADHD
15,Non-Target,No,0,None,ADHD
16,Non-Target,No,0,None,ADHD
17,Non-Target,Yes,653,Commission,ADHD
18,Target,Yes,590,None,ADHD
19,Target,No,0,Omission,ADHD
20,Non-Target,No,0,None,ADHD
21,Non-Target,No,0,None,ADHD
22,Target,Yes,475,None,ADHD
23,Target,No,0,Omission,ADHD
24,Target,Yes,710,None,ADHD
25,Non-Target,Yes,683,Commission,ADHD
26,Non-Target,Yes,619,Commission,ADHD
27,Target,Yes,551,None,ADHD
28,Non-Target,No,0,None,ADHD
29,Non-Target,No,0,None,ADHD
30,Target,Yes,679,None,ADHD
31,Non-Target,Yes,666,Commission,ADHD
32,Non-Target,No,0,None,ADHD
33,Non-Target,No,0,None,ADHD
34,Non-Target,Yes,635,Commission,ADHD
35,Non-Target,No,0,None,ADHD
36,Non-Target,No,0,None,ADHD
37,Target,Yes,494,None,ADHD
38,Target,Yes,781,None,ADHD
39,Non-Target,No,0,None,ADHD
40,Target,Yes,619,None,ADHD
41,Non-Target,Yes,660,Commission,ADHD
42,Non-Target,No,0,None,ADHD
43,Target,Yes,525,None,ADHD
44,Non-Target,No,0,None,ADHD
45,Non-Target,No,0,None,ADHD
46,Non-Target,Yes,405,Commission,ADHD
47,Target,Yes,671,None,ADHD
48,Non-Target,No,0,None,ADHD
49,Non-Target,No,0,None,ADHD
50,Non-Target,No,0,None,ADHD
51,Non-Target,No,0,None,ADHD
52,Target,No,0,Omission,ADHD
53,Non-Target,Yes,761,Commission,ADHD
54,Non-Target,No,0,None,ADHD
55,Non-Target,Yes,652,Commission,ADHD
56,Non-Target,Yes,454,Commission,ADHD
57,Non-Target,No,0,None,ADHD
58,Non-Target,No,0,None,ADHD
59,Target,Yes,770,None,ADHD
60,Non-Target,No,0,None,ADHD
61,Target,Yes,559,None,ADHD
62,Target,No,0,Omission,ADHD
63,Non-Target,No,0,None,ADHD
64,Target,Yes,704,None,ADHD
65,Target,No,0,Omission,ADHD
66,Non-Target,No,0,None,ADHD
67,Non-Target,No,0,None,ADHD
68,Non-Target,No,0,None,ADHD
69,Non-Target,No,0,None,ADHD
70,Non-Target,No,0,None,ADHD
71,Non-Target,No,0,None,ADHD
72,Non-Target,No,0,None,ADHD
73,Non-Target,No,0,None,ADHD
74,Non-Target,No,0,None,ADHD
75,Target,Yes,764,None,ADHD
76,Non-Target,No,0,None,ADHD
77,Non-Target,No,0,None,ADHD
78,Non-Target,No,0,None,ADHD
79,Non-Target,No,0,None,ADHD
80,Non-Target,No,0,None,ADHD
81,Non-Target,Yes,673,Commission,ADHD
82,Non-Target,No,0,None,ADHD
83,Non-Target,No,0,None,ADHD
84,Non-Target,Yes,742,Commission,ADHD
85,Non-Target,No,0,None,ADHD
86,Non-Target,No,0,None,ADHD
87,Target,Yes,625,None,ADHD
88,Non-Target,No,0,None,ADHD
89,Target,No,0,Omission,ADHD
90,Non-Target,No,0,None,ADHD
91,Non-Target,No,0,None,ADHD
92,Non-Target,No,0,None,ADHD
93,Target,Yes,687,None,ADHD
94,Target,Yes,771,None,ADHD
95,Non-Target,No,0,None,ADHD
96,Target,No,0,Omission,ADHD
97,Non-Target,No,0,None,ADHD
98,Non-Target,No,0,None,ADHD
99,Non-Target,No,0,None,ADHD
100,Non-Target,No,0,None,ADHD
101,Non-Target,No,0,None,ADHD
102,Target,Yes,537,None,ADHD
103,Non-Target,No,0,None,ADHD
104,Non-Target,No,0,None,ADHD
105,Non-Target,No,0,None,ADHD
106,Non-Target,No,0,None,ADHD
107,Target,Yes,443,None,ADHD
108,Non-Target,No,0,None,ADHD
109,Target,Yes,443,None,ADHD
110,Non-Target,No,0,None,ADHD
111,Non-Target,Yes,873,Commission,ADHD
112,Non-Target,No,0,None,ADHD
113,Non-Target,No,0,None,ADHD
114,Non-Target,No,0,None,ADHD
115,Non-Target,No,0,None,ADHD
116,Non-Target,No,0,None,ADHD
117,Non-Target,No,0,None,ADHD
118,Target,Yes,626,None,ADHD
119,Non-Target,No,0,None,ADHD
120,Non-Target,No,0,None,ADHD
121,Non-Target,No,0,None,ADHD
122,Non-Target,No,0,None,ADHD
123,Non-Target,No,0,None,ADHD
124,Target,Yes,561,None,ADHD
125,Non-Target,No,0,None,ADHD
126,Non-Target,No,0,None,ADHD
127,Non-Target,No,0,None,ADHD
128,Target,Yes,681,None,ADHD
129,Target,No,0,Omission,ADHD
130,Target,Yes,556,None,ADHD
131,Target,No,0,Omission,ADHD
132,Target,No,0,Omission,ADHD
133,Non-Target,No,0,None,ADHD
134,Non-Target,No,0,None,ADHD
135,Non-Target,No,0,None,ADHD
136,Non-Target,No,0,None,ADHD
137,Non-Target,No,0,None,ADHD
138,Target,Yes,825,None,ADHD
139,Non-Target,No,0,None,ADHD
140,Non-Target,No,0,None,ADHD
141,Non-Target,No,0,None,ADHD
142,Non-Target,No,0,None,ADHD
143,Target,No,0,Omission,ADHD
144,Non-Target,No,0,None,ADHD
145,Target,No,0,Omission,ADHD
146,Target,No,0,Omission,ADHD
147,Target,Yes,703,None,ADHD
148,Non-Target,No,0,None,ADHD
149,Non-Target,No,0,None,ADHD
150,Non-Target,No,0,None,ADHD
151,Target,Yes,675,None,ADHD
152,Non-Target,No,0,None,ADHD
153,Target,Yes,542,None,ADHD
154,Target,Yes,591,None,ADHD
155,Target,Yes,603,None,ADHD
156,Non-Target,No,0,None,ADHD
157,Non-Target,No,0,None,ADHD
158,Target,Yes,538,None,ADHD
159,Non-Target,No,0,None,ADHD
160,Target,Yes,493,None,ADHD
161,Target,Yes,681,None,ADHD
162,Non-Target,No,0,None,ADHD
163,Non-Target,No,0,None,ADHD
164,Non-Target,No,0,None,ADHD
165,Target,Yes,714,None,ADHD
166,Non-Target,No,0,None,ADHD
167,Target,No,0,Omission,ADHD
168,Non-Target,No,0,None,ADHD
169,Non-Target,No,0,None,ADHD
170,Non-Target,No,0,None,ADHD
171,Target,Yes,673,None,ADHD
172,Non-Target,No,0,None,ADHD
173,Non-Target,No,0,None,ADHD
174,Non-Target,Yes,686,Commission,ADHD
175,Non-Target,No,0,None,ADHD
176,Non-Target,No,0,None,ADHD
177,Target,Yes,555,None,ADHD
178,Target,Yes,626,None,ADHD
179,Target,No,0,Omission,ADHD
180,Target,Yes,582,None,ADHD
181,Target,No,0,Omission,ADHD
182,Non-Target,No,0,None,ADHD
183,Non-Target,No,0,None,ADHD
184,Non-Target,No,0,None,ADHD
185,Non-Target,No,0,None,ADHD
186,Non-Target,Yes,673,Commission,ADHD
187,Non-Target,No,0,None,ADHD
188,Non-Target,No,0,None,ADHD
189,Non-Target,Yes,761,Commission,ADHD
190,Non-Target,No,0,None,ADHD
191,Non-Target,No,0,None,ADHD
192,Non-Target,Yes,597,Commission,ADHD
193,Target,Yes,707,None,ADHD
194,Non-Target,Yes,636,Commission,ADHD
195,Non-Target,No,0,None,ADHD
196,Target,Yes,608,None,ADHD
197,Non-Target,No,0,None,ADHD
198,Target,No,0,Omission,ADHD
199,Non-Target,No,0,None,ADHD
200,Non-Target,No,0,None,ADHD
201,Non-Target,No,0,None,ADHD
202,Non-Target,No,0,None,ADHD
203,Non-Target,No,0,None,ADHD
204,Non-Target,No,0,None,ADHD
205,Non-Target,No,0,None,ADHD
206,Non-Target,Yes,638,Commission,ADHD
207,Non-Target,No,0,None,ADHD
208,Non-Target,No,0,None,ADHD
209,Non-Target,No,0,None,ADHD
210,Non-Target,No,0,None,ADHD
211,Non-Target,No,0,None,ADHD
212,Non-Target,No,0,None,ADHD
213,Non-Target,No,0,None,ADHD
214,Target,No,0,Omission,ADHD
215,Non-Target,Yes,498,Commission,ADHD
216,Non-Target,No,0,None,ADHD
217,Non-Target,No,0,None,ADHD
218,Non-Target,Yes,819,Commission,ADHD
219,Target,Yes,635,None,ADHD
220,Target,No,0,Omission,ADHD
221,Non-Target,No,0,None,ADHD
222,Non-Target,No,0,None,ADHD
223,Non-Target,No,0,None,ADHD
224,Target,Yes,594,None,ADHD
225,Target,Yes,589,None,ADHD
226,Target,Yes,776,None,ADHD
227,Target,Yes,746,None,ADHD
228,Non-Target,No,0,None,ADHD
229,Non-Target,No,0,None,ADHD
230,Non-Target,No,0,None,ADHD
231,Non-Target,No,0,None,ADHD
232,Non-Target,No,0,None,ADHD
233,Non-Target,No,0,None,ADHD
234,Non-Target,No,0,None,ADHD
235,Target,Yes,637,None,ADHD
236,Target,Yes,909,None,ADHD
237,Target,Yes,811,None,ADHD
238,Target,No,0,Omission,ADHD
239,Non-Target,No,0,None,ADHD
240,Non-Target,No,0,None,ADHD
241,Non-Target,No,0,None,ADHD
242,Non-Target,No,0,None,ADHD
243,Non-Target,Yes,613,Commission,ADHD
244,Target,No,0,Omission,ADHD
245,Target,Yes,614,None,ADHD
246,Non-Target,Yes,745,Commission,ADHD
247,Non-Target,No,0,None,ADHD
248,Target,Yes,529,None,ADHD
249,Non-Target,No,0,None,ADHD
250,Target,No,0,Omission,ADHD
251,Non-Target,No,0,None,ADHD
252,Target,Yes,613,None,ADHD
253,Non-Target,No,0,None,ADHD
254,Non-Target,Yes,736,Commission,ADHD
255,Non-Target,No,0,None,ADHD
256,Non-Target,No,0,None,ADHD
257,Target,No,0,Omission,ADHD
258,Target,Yes,597,None,ADHD
259,Non-Target,Yes,476,Commission,ADHD
260,Non-Target,No,0,None,ADHD
261,Target,No,0,Omission,ADHD
262,Non-Target,No,0,None,ADHD
263,Non-Target,Yes,558,Commission,ADHD
264,Target,Yes,726,None,ADHD
265,Target,No,0,Omission,ADHD
266,Non-Target,No,0,None,ADHD
267,Non-Target,No,0,None,ADHD
268,Non-Target,No,0,None,ADHD
269,Non-Target,No,0,None,ADHD
270,Non-Target,No,0,None,ADHD
271,Non-Target,No,0,None,ADHD
272,Non-Target,No,0,None,ADHD
273,Non-Target,No,0,None,ADHD
274,Non-Target,No,0,None,ADHD
275,Non-Target,Yes,680,Commission,ADHD
276,Target,Yes,640,None,ADHD
277,Non-Target,No,0,None,ADHD
278,Target,Yes,522,None,ADHD
279,Non-Target,No,0,None,ADHD
280,Non-Target,No,0,None,ADHD
281,Non-Target,No,0,None,ADHD
282,Non-Target,No,0,None,ADHD
283,Non-Target,No,0,None,ADHD
284,Non-Target,No,0,None,ADHD
285,Non-Target,No,0,None,ADHD
286,Non-Target,No,0,None,ADHD
287,Target,No,0,Omission,ADHD
288,Non-Target,No,0,None,ADHD
289,Non-Target,No,0,None,ADHD
290,Non-Target,No,0,None,ADHD
291,Non-Target,No,0,None,ADHD
292,Non-Target,No,0,None,ADHD
293,Non-Target,No,0,None,ADHD
294,Target,Yes,668,None,ADHD
295,Non-Target,No,0,None,ADHD
296,Non-Target,No,0,None,ADHD
297,Non-Target,No,0,None,ADHD
298,Non-Target,No,0,None,ADHD
299,Non-Target,No,0,None,ADHD
300,Non-Target,No,0,None,ADHD
301,Non-Target,No,0,None,ADHD
302,Non-Target,Yes,646,Commission,ADHD
303,Non-Target,No,0,None,ADHD
304,Target,Yes,668,None,ADHD
305,Non-Target,Yes,679,Commission,ADHD
306,Target,Yes,488,None,ADHD
307,Non-Target,No,0,None,ADHD
308,Non-Target,Yes,646,Commission,ADHD
309,Non-Target,No,0,None,ADHD
310,Target,No,0,Omission,ADHD
311,Non-Target,No,0,None,ADHD
312,Target,No,0,Omission,ADHD
313,Non-Target,No,0,None,ADHD
314,Non-Target,No,0,None,ADHD
315,Non-Target,No,0,None,ADHD
316,Non-Target,No,0,None,ADHD
317,Non-Target,No,0,None,ADHD
318,Target,Yes,778,None,ADHD
319,Non-Target,No,0,None,ADHD
320,Non-Target,Yes,568,Commission,ADHD
321,Target,Yes,516,None,ADHD
322,Non-Target,No,0,None,ADHD
323,Non-Target,No,0,None,ADHD
324,Non-Target,No,0,None,ADHD
325,Non-Target,No,0,None,ADHD
326,Non-Target,No,0,None,ADHD
327,Target,Yes,574,None,ADHD
328,Non-Target,No,0,None,ADHD
329,Non-Target,No,0,None,ADHD
330,Non-Target,No,0,None,ADHD
331,Non-Target,No,0,None,ADHD
332,Non-Target,No,0,None,ADHD
333,Non-Target,Yes,682,Commission,ADHD
334,Non-Target,No,0,None,ADHD
335,Non-Target,No,0,None,ADHD
336,Non-Target,No,0,None,ADHD
337,Target,No,0,Omission,ADHD
338,Non-Target,No,0,None,ADHD
339,Non-Target,No,0,None,ADHD
340,Non-Target,No,0,None,ADHD
341,Non-Target,No,0,None,ADHD
342,Non-Target,Yes,559,Commission,ADHD
343,Non-Target,No,0,None,ADHD
344,Target,Yes,827,None,ADHD
345,Target,Yes,642,None,ADHD
346,Non-Target,Yes,676,Commission,ADHD
347,Non-Target,No,0,None,ADHD
348,Non-Target,No,0,None,ADHD
349,Target,Yes,603,None,ADHD
350,Non-Target,No,0,None,ADHD
351,Non-Target,No,0,None,ADHD
352,Non-Target,No,0,None,ADHD
353,Non-Target,No,0,None,ADHD
354,Target,Yes,661,None,ADHD
355,Target,Yes,455,None,ADHD
356,Non-Target,No,0,None,ADHD
357,Target,Yes,612,None,ADHD
358,Non-Target,No,0,None,ADHD
359,Target,No,0,Omission,ADHD
360,Target,Yes,655,None,ADHD
361,Non-Target,No,0,None,ADHD
362,Target,No,0,Omission,ADHD
363,Target,Yes,649,None,ADHD
364,Non-Target,No,0,None,ADHD
365,Target,Yes,448,None,ADHD
366,Non-Target,No,0,None,ADHD
367,Non-Target,No,0,None,ADHD
368,Non-Target,No,0,None,ADHD
369,Target,Yes,560,None,ADHD
370,Non-Target,Yes,440,Commission,ADHD
371,Non-Target,No,0,None,ADHD
372,Non-Target,No,0,None,ADHD
373,Non-Target,No,0,None,ADHD
374,Non-Target,No,0,None,ADHD
375,Target,Yes,684,None,ADHD
376,Non-Target,No,0,None,ADHD
377,Non-Target,No,0,None,ADHD
378,Target,No,0,Omission,ADHD
379,Non-Target,No,0,None,ADHD
380,Non-Target,Yes,522,Commission,ADHD
381,Non-Target,No,0,None,ADHD
382,Non-Target,No,0,None,ADHD
383,Non-Target,No,0,None,ADHD
384,Non-Target,No,0,None,ADHD
385,Target,No,0,Omission,ADHD
386,Non-Target,No,0,None,ADHD
387,Non-Target,No,0,None,ADHD
388,Non-Target,No,0,None,ADHD
389,Non-Target,No,0,None,ADHD
390,Non-Target,No,0,None,ADHD
391,Non-Target,No,0,None,ADHD
392,Non-Target,No,0,None,ADHD
393,Non-Target,No,0,None,ADHD
394,Non-Target,No,0,None,ADHD
395,Non-Target,No,0,None,ADHD
396,Target,Yes,554,None,ADHD
397,Non-Target,No,0,None,ADHD
398,Non-Target,No,0,None,ADHD
399,Non-Target,No,0,None,ADHD
400,Target,Yes,898,None,ADHD
401,Non-Target,No,0,None,ADHD
402,Target,No,0,Omission,ADHD
403,Non-Target,No,0,None,ADHD
404,Target,Yes,594,None,ADHD
405,Target,Yes,665,None,ADHD
406,Non-Target,No,0,None,ADHD
407,Non-Target,No,0,None,ADHD
408,Non-Target,No,0,None,ADHD
409,Non-Target,No,0,None,ADHD
410,Target,No,0,Omission,ADHD
411,Non-Target,No,0,None,ADHD
412,Non-Target,No,0,None,ADHD
413,Non-Target,No,0,None,ADHD
414,Non-Target,No,0,None,ADHD
415,Target,Yes,516,None,ADHD
416,Non-Target,No,0,None,ADHD
417,Non-Target,No,0,None,ADHD
418,Target,No,0,Omission,ADHD
419,Non-Target,No,0,None,ADHD
420,Non-Target,No,0,None,ADHD
421,Non-Target,No,0,None,ADHD
422,Non-Target,No,0,None,ADHD
423,Target,Yes,438,None,ADHD
424,Non-Target,No,0,None,ADHD
425,Target,No,0,Omission,ADHD
426,Target,No,0,Omission,ADHD
427,Target,No,0,Omission,ADHD
428,Non-Target,No,0,None,ADHD
429,Non-Target,No,0,None,ADHD
430,Non-Target,No,0,None,ADHD
431,Target,Yes,668,None,ADHD
432,Non-Target,No,0,None,ADHD
433,Non-Target,No,0,None,ADHD
434,Target,Yes,705,None,ADHD
435,Target,No,0,Omission,ADHD
436,Non-Target,Yes,518,Commission,ADHD
437,Non-Target,Yes,622,Commission,ADHD
438,Target,Yes,705,None,ADHD
439,Target,Yes,620,None,ADHD
440,Non-Target,Yes,684,Commission,ADHD
441,Target,Yes,651,None,ADHD
442,Target,Yes,690,None,ADHD
443,Target,No,0,Omission,ADHD
444,Target,Yes,504,None,ADHD
445,Non-Target,No,0,None,ADHD
446,Non-Target,Yes,416,Commission,ADHD
447,Non-Target,No,0,None,ADHD
448,Target,No,0,Omission,ADHD
449,Non-Target,No,0,None,ADHD
450,Non-Target,No,0,None,ADHD
451,Target,No,0,Omission,ADHD
452,Target,Yes,531,None,ADHD
453,Non-Target,No,0,None,ADHD
454,Non-Target,No,0,None,ADHD
455,Non-Target,No,0,None,ADHD
456,Non-Target,No,0,None,ADHD
457,Non-Target,No,0,None,ADHD
458,Non-Target,No,0,None,ADHD
459,Non-Target,No,0,None,ADHD
460,Non-Target,No,0,None,ADHD
461,Target,Yes,916,None,ADHD
462,Non-Target,No,0,None,ADHD
463,Non-Target,No,0,None,ADHD
464,Target,Yes,585,None,ADHD
465,Target,No,0,Omission,ADHD
466,Non-Target,No,0,None,ADHD
467,Target,Yes,867,None,ADHD
468,Non-Target,No,0,None,ADHD
469,Non-Target,No,0,None,ADHD
470,Non-Target,Yes,746,Commission,ADHD
471,Non-Target,No,0,None,ADHD
472,Non-Target,No,0,None,ADHD
473,Non-Target,No,0,None,ADHD
474,Non-Target,No,0,None,ADHD
475,Non-Target,No,0,None,ADHD
476,Non-Target,No,0,None,ADHD
477,Non-Target,No,0,None,ADHD
478,Target,Yes,678,None,ADHD
479,Non-Target,No,0,None,ADHD
480,Target,Yes,417,None,ADHD
481,Non-Target,No,0,None,ADHD
482,Target,Yes,589,None,ADHD
483,Non-Target,No,0,None,ADHD
484,Non-Target,No,0,None,ADHD
485,Non-Target,No,0,None,ADHD
486,Non-Target,No,0,None,ADHD
487,Non-Target,No,0,None,ADHD
488,Non-Target,No,0,None,ADHD
489,Non-Target,No,0,None,ADHD
490,Non-Target,No,0,None,ADHD
491,Non-Target,No,0,None,ADHD
492,Non-Target,No,0,None,ADHD
493,Non-Target,No,0,None,ADHD
494,Non-Target,No,0,None,ADHD
495,Non-Target,No,0,None,ADHD
496,Non-Target,No,0,None,ADHD
497,Non-Target,No,0,None,ADHD
498,Non-Target,No,0,None,ADHD
499,Non-Target,No,0,None,ADHD
500,Target,Yes,571,None,ADHD
501,Target,Yes,425,None,ADHD
502,Non-Target,No,0,None,ADHD
503,Non-Target,No,0,None,ADHD
504,Non-Target,No,0,None,ADHD
505,Non-Target,No,0,None,ADHD
506,Non-Target,No,0,None,ADHD
507,Target,No,0,Omission,ADHD
508,Non-Target,No,0,None,ADHD
509,Non-Target,No,0,None,ADHD
510,Target,Yes,686,None,ADHD
511,Non-Target,No,0,None,ADHD
512,Non-Target,Yes,529,Commission,ADHD
513,Target,Yes,505,None,ADHD
514,Non-Target,No,0,None,ADHD
515,Non-Target,No,0,None,ADHD
516,Target,Yes,663,None,ADHD
517,Target,Yes,693,None,ADHD
518,Non-Target,No,0,None,ADHD
519,Non-Target,No,0,None,ADHD
520,Non-Target,No,0,None,ADHD
521,Non-Target,No,0,None,ADHD
522,Non-Target,No,0,None,ADHD
523,Non-Target,No,0,None,ADHD
524,Non-Target,No,0,None,ADHD
525,Non-Target,No,0,None,ADHD
526,Non-Target,No,0,None,ADHD
527,Non-Target,No,0,None,ADHD
528,Non-Target,Yes,631,Commission,ADHD
529,Target,Yes,588,None,ADHD
530,Target,Yes,491,None,ADHD
531,Non-Target,No,0,None,ADHD
532,Non-Target,No,0,None,ADHD
533,Target,No,0,Omission,ADHD
534,Target,Yes,569,None,ADHD
535,Target,No,0,Omission,ADHD
536,Target,No,0,Omission,ADHD
537,Non-Target,No,0,None,ADHD
538,Non-Target,No,0,None,ADHD
539,Non-Target,No,0,None,ADHD
540,Target,No,0,Omission,ADHD
541,Non-Target,No,0,None,ADHD
542,Non-Target,Yes,655,Commission,ADHD
543,Target,No,0,Omission,ADHD
544,Non-Target,No,0,None,ADHD
545,Non-Target,No,0,None,ADHD
546,Non-Target,No,0,None,ADHD
547,Non-Target,No,0,None,ADHD
548,Non-Target,No,0,None,ADHD
549,Non-Target,No,0,None,ADHD
550,Non-Target,Yes,456,Commission,ADHD
551,Non-Target,No,0,None,ADHD
552,Non-Target,No,0,None,ADHD
553,Target,Yes,361,None,ADHD
554,Non-Target,No,0,None,ADHD
555,Non-Target,No,0,None,ADHD
556,Non-Target,No,0,None,ADHD
557,Non-Target,No,0,None,ADHD
558,Non-Target,No,0,None,ADHD
559,Non-Target,No,0,None,ADHD
560,Target,Yes,453,None,ADHD
561,Non-Target,No,0,None,ADHD
562,Non-Target,No,0,None,ADHD
563,Non-Target,No,0,None,ADHD
564,Non-Target,No,0,None,ADHD
565,Non-Target,No,0,None,ADHD
566,Non-Target,No,0,None,ADHD
567,Non-Target,Yes,518,Commission,ADHD
568,Non-Target,No,0,None,ADHD
569,Non-Target,No,0,None,ADHD
570,Target,No,0,Omission,ADHD
571,Target,Yes,957,None,ADHD
572,Non-Target,No,0,None,ADHD
573,Target,Yes,663,None,ADHD
574,Non-Target,No,0,None,ADHD
575,Non-Target,No,0,None,ADHD
576,Non-Target,No,0,None,ADHD
577,Non-Target,No,0,None,ADHD
578,Non-Target,No,0,None,ADHD
579,Non-Target,No,0,None,ADHD
580,Non-Target,No,0,None,ADHD
581,Non-Target,Yes,670,Commission,ADHD
582,Non-Target,Yes,755,Commission,ADHD
583,Non-Target,No,0,None,ADHD
584,Non-Target,No,0,None,ADHD
585,Non-Target,No,0,None,ADHD
586,Non-Target,No,0,None,ADHD
587,Target,Yes,633,None,ADHD
588,Non-Target,Yes,618,Commission,ADHD
589,Non-Target,No,0,None,ADHD
590,Target,No,0,Omission,ADHD
591,Target,No,0,Omission,ADHD
592,Non-Target,No,0,None,ADHD
593,Non-Target,No,0,None,ADHD
594,Non-Target,No,0,None,ADHD
595,Non-Target,No,0,None,ADHD
596,Non-Target,No,0,None,ADHD
597,Target,Yes,778,None,ADHD
598,Target,Yes,546,None,ADHD
599,Non-Target,No,0,None,ADHD
600,Target,Yes,529,None,ADHD
601,Non-Target,Yes,826,Commission,ADHD
602,Target,No,0,Omission,ADHD
603,Non-Target,No,0,None,ADHD
604,Non-Target,No,0,None,ADHD
605,Non-Target,No,0,None,ADHD
606,Non-Target,No,0,None,ADHD
607,Target,Yes,551,None,ADHD
608,Target,Yes,725,None,ADHD
609,Non-Target,Yes,638,Commission,ADHD
610,Non-Target,No,0,None,ADHD
611,Non-Target,No,0,None,ADHD
612,Target,Yes,600,None,ADHD
613,Non-Target,Yes,593,Commission,ADHD
614,Non-Target,No,0,None,ADHD
615,Non-Target,No,0,None,ADHD
616,Non-Target,No,0,None,ADHD
617,Non-Target,Yes,630,Commission,ADHD
618,Non-Target,No,0,None,ADHD
619,Non-Target,No,0,None,ADHD
620,Non-Target,No,0,None,ADHD
621,Non-Target,Yes,517,Commission,ADHD
622,Target,Yes,701,None,ADHD
623,Non-Target,Yes,460,Commission,ADHD
624,Non-Target,No,0,None,ADHD
625,Non-Target,No,0,None,ADHD
626,Non-Target,No,0,None,ADHD
627,Non-Target,No,0,None,ADHD
628,Non-Target,No,0,None,ADHD
629,Non-Target,No,0,None,ADHD
630,Non-Target,No,0,None,ADHD
631,Non-Target,No,0,None,ADHD
632,Non-Target,No,0,None,ADHD
633,Non-Target,No,0,None,ADHD
634,Non-Target,No,0,None,ADHD
635,Target,Yes,695,None,ADHD
636,Target,Yes,809,None,ADHD
637,Non-Target,No,0,None,ADHD
638,Non-Target,Yes,533,Commission,ADHD
639,Non-Target,No,0,None,ADHD
640,Non-Target,No,0,None,ADHD
641,Target,Yes,756,None,ADHD
642,Non-Target,Yes,714,Commission,ADHD
643,Target,Yes,694,None,ADHD
644,Non-Target,No,0,None,ADHD
645,Target,Yes,541,None,ADHD
646,Non-Target,No,0,None,ADHD
647,Non-Target,No,0,None,ADHD
648,Non-Target,No,0,None,ADHD
649,Non-Target,Yes,552,Commission,ADHD
650,Non-Target,No,0,None,ADHD
651,Non-Target,No,0,None,ADHD
652,Target,Yes,627,None,ADHD
653,Non-Target,No,0,None,ADHD
654,Non-Target,No,0,None,ADHD
655,Non-Target,Yes,610,Commission,ADHD
656,Non-Target,No,0,None,ADHD
657,Target,No,0,Omission,ADHD
658,Non-Target,No,0,None,ADHD
659,Non-Target,No,0,None,ADHD
660,Non-Target,No,0,None,ADHD
661,Target,Yes,682,None,ADHD
662,Non-Target,No,0,None,ADHD
663,Non-Target,No,0,None,ADHD
664,Non-Target,No,0,None,ADHD
665,Non-Target,No,0,None,ADHD
666,Target,Yes,428,None,ADHD
667,Non-Target,No,0,None,ADHD
668,Non-Target,Yes,542,Commission,ADHD
669,Non-Target,No,0,None,ADHD
670,Target,Yes,578,None,ADHD
671,Target,No,0,Omission,ADHD
672,Target,No,0,Omission,ADHD
673,Target,Yes,559,None,ADHD
674,Non-Target,No,0,None,ADHD
675,Target,No,0,Omission,ADHD
676,Non-Target,No,0,None,ADHD
677,Target,Yes,618,None,ADHD
678,Non-Target,No,0,None,ADHD
679,Non-Target,Yes,426,Commission,ADHD
680,Target,Yes,621,None,ADHD
681,Non-Target,No,0,None,ADHD
682,Non-Target,No,0,None,ADHD
683,Non-Target,Yes,574,Commission,ADHD
684,Target,Yes,714,None,ADHD
685,Target,Yes,701,None,ADHD
686,Target,Yes,656,None,ADHD
687,Target,Yes,524,None,ADHD
688,Non-Target,No,0,None,ADHD
689,Non-Target,No,0,None,ADHD
690,Target,No,0,Omission,ADHD
691,Target,Yes,640,None,ADHD
692,Non-Target,Yes,629,Commission,ADHD
693,Non-Target,No,0,None,ADHD
694,Non-Target,No,0,None,ADHD
695,Non-Target,No,0,None,ADHD
696,Non-Target,No,0,None,ADHD
697,Non-Target,No,0,None,ADHD
698,Non-Target,No,0,None,ADHD
699,Target,Yes,668,None,ADHD
700,Target,No,0,Omission,ADHD
701,Non-Target,No,0,None,ADHD
702,Target,No,0,Omission,ADHD
703,Non-Target,No,0,None,ADHD
704,Non-Target,No,0,None,ADHD
705,Non-Target,No,0,None,ADHD
706,Target,Yes,555,None,ADHD
707,Target,Yes,704,None,ADHD
708,Target,Yes,801,None,ADHD
709,Target,Yes,623,None,ADHD
710,Non-Target,No,0,None,ADHD
711,Non-Target,Yes,863,Commission,ADHD
712,Target,Yes,568,None,ADHD
713,Non-Target,No,0,None,ADHD
714,Non-Target,No,0,None,ADHD
715,Non-Target,Yes,548,Commission,ADHD
716,Target,Yes,682,None,ADHD
717,Non-Target,No,0,None,ADHD
718,Non-Target,No,0,None,ADHD
719,Target,Yes,472,None,ADHD
720,Target,Yes,653,None,ADHD
721,Target,Yes,606,None,ADHD
722,Non-Target,No,0,None,ADHD
723,Target,Yes,530,None,ADHD
724,Target,Yes,593,None,ADHD
725,Target,Yes,828,None,ADHD
726,Non-Target,No,0,None,ADHD
727,Non-Target,No,0,None,ADHD
728,Target,Yes,727,None,ADHD
729,Non-Target,No,0,None,ADHD
730,Non-Target,No,0,None,ADHD
731,Non-Target,No,0,None,ADHD
732,Non-Target,No,0,None,ADHD
733,Non-Target,No,0,None,ADHD
734,Target,Yes,897,None,ADHD
735,Non-Target,No,0,None,ADHD
736,Non-Target,No,0,None,ADHD
737,Non-Target,No,0,None,ADHD
738,Target,Yes,723,None,ADHD
739,Target,No,0,Omission,ADHD
740,Target,No,0,Omission,ADHD
741,Target,No,0,Omission,ADHD
742,Target,Yes,482,None,ADHD
743,Non-Target,No,0,None,ADHD
744,Non-Target,No,0,None,ADHD
745,Non-Target,No,0,None,ADHD
746,Non-Target,Yes,588,Commission,ADHD
747,Non-Target,No,0,None,ADHD
748,Non-Target,Yes,741,Commission,ADHD
749,Non-Target,No,0,None,ADHD
750,Non-Target,No,0,None,ADHD
751,Non-Target,No,0,None,ADHD
752,Non-Target,No,0,None,ADHD
753,Non-Target,No,0,None,ADHD
754,Target,Yes,465,None,ADHD
755,Non-Target,Yes,466,Commission,ADHD
756,Non-Target,No,0,None,ADHD
757,Non-Target,No,0,None,ADHD
758,Non-Target,No,0,None,ADHD
759,Target,Yes,688,None,ADHD
760,Target,Yes,623,None,ADHD
761,Target,Yes,513,None,ADHD
762,Non-Target,No,0,None,ADHD
763,Non-Target,No,0,None,ADHD
764,Non-Target,No,0,None,ADHD
765,Non-Target,No,0,None,ADHD
766,Target,No,0,Omission,ADHD
767,Target,Yes,604,None,ADHD
768,Non-Target,No,0,None,ADHD
769,Target,Yes,713,None,ADHD
770,Non-Target,Yes,511,Commission,ADHD
771,Non-Target,Yes,643,Commission,ADHD
772,Non-Target,Yes,649,Commission,ADHD
773,Target,No,0,Omission,ADHD
774,Non-Target,No,0,None,ADHD
775,Target,Yes,637,None,ADHD
776,Target,No,0,Omission,ADHD
777,Non-Target,No,0,None,ADHD
778,Non-Target,No,0,None,ADHD
779,Non-Target,Yes,854,Commission,ADHD
780,Target,Yes,632,None,ADHD
781,Target,Yes,486,None,ADHD
782,Non-Target,No,0,None,ADHD
783,Non-Target,No,0,None,ADHD
784,Non-Target,No,0,None,ADHD
785,Non-Target,No,0,None,ADHD
786,Non-Target,No,0,None,ADHD
787,Target,Yes,705,None,ADHD
788,Non-Target,No,0,None,ADHD
789,Non-Target,No,0,None,ADHD
790,Target,Yes,796,None,ADHD
791,Non-Target,No,0,None,ADHD
792,Target,Yes,731,None,ADHD
793,Non-Target,No,0,None,ADHD
794,Target,Yes,583,None,ADHD
795,Target,No,0,Omission,ADHD
796,Non-Target,No,0,None,ADHD
797,Non-Target,Yes,649,Commission,ADHD
798,Target,No,0,Omission,ADHD
799,Non-Target,Yes,599,Commission,ADHD
800,Non-Target,No,0,None,ADHD
801,Non-Target,No,0,None,ADHD
802,Target,Yes,673,None,ADHD
803,Target,Yes,670,None,ADHD
804,Target,Yes,570,None,ADHD
805,Target,Yes,530,None,ADHD
806,Non-Target,No,0,None,ADHD
807,Non-Target,Yes,465,Commission,ADHD
808,Target,No,0,Omission,ADHD
809,Non-Target,No,0,None,ADHD
810,Target,Yes,601,None,ADHD
811,Target,No,0,Omission,ADHD
812,Target,Yes,632,None,ADHD
813,Non-Target,Yes,689,Commission,ADHD
814,Non-Target,No,0,None,ADHD
815,Target,Yes,634,None,ADHD
816,Target,No,0,Omission,ADHD
817,Non-Target,No,0,None,ADHD
818,Non-Target,No,0,None,ADHD
819,Target,Yes,589,None,ADHD
820,Non-Target,Yes,631,Commission,ADHD
821,Target,Yes,597,None,ADHD
822,Non-Target,No,0,None,ADHD
823,Target,Yes,776,None,ADHD
824,Non-Target,No,0,None,ADHD
825,Target,Yes,618,None,ADHD
826,Target,No,0,Omission,ADHD
827,Non-Target,Yes,670,Commission,ADHD
828,Non-Target,No,0,None,ADHD
829,Target,Yes,595,None,ADHD
830,Non-Target,No,0,None,ADHD
831,Target,Yes,537,None,ADHD
832,Non-Target,No,0,None,ADHD
833,Non-Target,No,0,None,ADHD
834,Non-Target,Yes,704,Commission,ADHD
835,Non-Target,Yes,709,Commission,ADHD
836,Target,No,0,Omission,ADHD
837,Non-Target,No,0,None,ADHD
838,Non-Target,No,0,None,ADHD
839,Target,No,0,Omission,ADHD
840,Target,No,0,Omission,ADHD
841,Target,Yes,685,None,ADHD
842,Non-Target,No,0,None,ADHD
843,Non-Target,No,0,None,ADHD
844,Non-Target,No,0,None,ADHD
845,Non-Target,No,0,None,ADHD
846,Non-Target,No,0,None,ADHD
847,Target,Yes,732,None,ADHD
848,Target,No,0,Omission,ADHD
849,Non-Target,No,0,None,ADHD
850,Target,Yes,716,None,ADHD
851,Non-Target,No,0,None,ADHD
852,Target,Yes,604,None,ADHD
853,Target,Yes,696,None,ADHD
854,Target,Yes,575,None,ADHD
855,Non-Target,Yes,754,Commission,ADHD
856,Non-Target,No,0,None,ADHD
857,Non-Target,No,0,None,ADHD
858,Non-Target,No,0,None,ADHD
859,Non-Target,Yes,798,Commission,ADHD
860,Non-Target,Yes,538,Commission,ADHD
861,Non-Target,No,0,None,ADHD
862,Non-Target,No,0,None,ADHD
863,Target,Yes,562,None,ADHD
864,Non-Target,No,0,None,ADHD
865,Target,Yes,707,None,ADHD
866,Target,No,0,Omission,ADHD
867,Non-Target,No,0,None,ADHD
868,Non-Target,No,0,None,ADHD
869,Non-Target,No,0,None,ADHD
870,Non-Target,No,0,None,ADHD
871,Non-Target,Yes,616,Commission,ADHD
872,Non-Target,No,0,None,ADHD
873,Non-Target,No,0,None,ADHD
874,Non-Target,No,0,None,ADHD
875,Non-Target,No,0,None,ADHD
876,Non-Target,No,0,None,ADHD
877,Non-Target,No,0,None,ADHD
878,Non-Target,No,0,None,ADHD
879,Non-Target,No,0,None,ADHD
880,Non-Target,No,0,None,ADHD
881,Non-Target,No,0,None,ADHD
882,Non-Target,No,0,None,ADHD
883,Non-Target,No,0,None,ADHD
884,Target,Yes,704,None,ADHD
885,Non-Target,No,0,None,ADHD
886,Non-Target,No,0,None,ADHD
887,Target,No,0,Omission,ADHD
888,Target,Yes,566,None,ADHD
889,Target,No,0,Omission,ADHD
890,Target,Yes,577,None,ADHD
891,Target,Yes,387,None,ADHD
892,Non-Target,No,0,None,ADHD
893,Non-Target,No,0,None,ADHD
894,Target,Yes,623,None,ADHD
895,Non-Target,No,0,None,ADHD
896,Target,Yes,779,None,ADHD
897,Non-Target,No,0,None,ADHD
898,Target,Yes,698,None,ADHD
899,Non-Target,No,0,None,ADHD
900,Non-Target,No,0,None,ADHD
901,Non-Target,No,0,None,ADHD
902,Non-Target,No,0,None,ADHD
903,Non-Target,Yes,820,Commission,ADHD
904,Non-Target,No,0,None,ADHD
905,Non-Target,No,0,None,ADHD
906,Non-Target,No,0,None,ADHD
907,Target,Yes,755,None,ADHD
908,Target,Yes,457,None,ADHD
909,Target,Yes,622,None,ADHD
910,Non-Target,No,0,None,ADHD
911,Non-Target,Yes,652,Commission,ADHD
912,Non-Target,Yes,511,Commission,ADHD
913,Non-Target,No,0,None,ADHD
914,Non-Target,No,0,None,ADHD
915,Target,Yes,650,None,ADHD
916,Target,No,0,Omission,ADHD
917,Non-Target,No,0,None,ADHD
918,Target,No,0,Omission,ADHD
919,Non-Target,No,0,None,ADHD
920,Target,No,0,Omission,ADHD
921,Non-Target,No,0,None,ADHD
922,Non-Target,No,0,None,ADHD
923,Non-Target,No,0,None,ADHD
924,Non-Target,No,0,None,ADHD
925,Non-Target,No,0,None,ADHD
926,Non-Target,Yes,628,Commission,ADHD
927,Target,Yes,641,None,ADHD
928,Non-Target,No,0,None,ADHD
929,Non-Target,No,0,None,ADHD
930,Non-Target,No,0,None,ADHD
931,Target,Yes,547,None,ADHD
932,Non-Target,No,0,None,ADHD
933,Non-Target,No,0,None,ADHD
934,Non-Target,No,0,None,ADHD
935,Target,No,0,Omission,ADHD
936,Non-Target,No,0,None,ADHD
937,Non-Target,No,0,None,ADHD
938,Target,Yes,631,None,ADHD
939,Non-Target,No,0,None,ADHD
940,Non-Target,No,0,None,ADHD
941,Non-Target,No,0,None,ADHD
942,Non-Target,No,0,None,ADHD
943,Non-Target,No,0,None,ADHD
944,Non-Target,No,0,None,ADHD
945,Non-Target,No,0,None,ADHD
946,Target,Yes,672,None,ADHD
947,Non-Target,No,0,None,ADHD
948,Non-Target,Yes,638,Commission,ADHD
949,Non-Target,Yes,596,Commission,ADHD
950,Non-Target,No,0,None,ADHD
951,Non-Target,No,0,None,ADHD
952,Non-Target,No,0,None,ADHD
953,Non-Target,No,0,None,ADHD
954,Non-Target,No,0,None,ADHD
955,Target,Yes,764,None,ADHD
956,Non-Target,No,0,None,ADHD
957,Target,Yes,816,None,ADHD
958,Target,No,0,Omission,ADHD
959,Target,No,0,Omission,ADHD
960,Target,Yes,476,None,ADHD
961,Non-Target,No,0,None,ADHD
962,Non-Target,No,0,None,ADHD
963,Non-Target,Yes,475,Commission,ADHD
964,Target,Yes,673,None,ADHD
965,Non-Target,Yes,595,Commission,ADHD
966,Non-Target,No,0,None,ADHD
967,Non-Target,No,0,None,ADHD
968,Non-Target,No,0,None,ADHD
969,Target,Yes,500,None,ADHD
970,Target,Yes,563,None,ADHD
971,Non-Target,No,0,None,ADHD
972,Non-Target,No,0,None,ADHD
973,Non-Target,Yes,618,Commission,ADHD
974,Non-Target,No,0,None,ADHD
975,Target,Yes,392,None,ADHD
976,Non-Target,No,0,None,ADHD
977,Non-Target,No,0,None,ADHD
978,Non-Target,No,0,None,ADHD
979,Non-Target,Yes,824,Commission,ADHD
980,Non-Target,No,0,None,ADHD
981,Non-Target,No,0,None,ADHD
982,Non-Target,No,0,None,ADHD
983,Target,No,0,Omission,ADHD
984,Target,No,0,Omission,ADHD
985,Target,Yes,639,None,ADHD
986,Non-Target,No,0,None,ADHD
987,Non-Target,No,0,None,ADHD
988,Non-Target,No,0,None,ADHD
989,Target,No,0,Omission,ADHD
990,Non-Target,No,0,None,ADHD
991,Non-Target,No,0,None,ADHD
992,Target,No,0,Omission,ADHD
993,Non-Target,No,0,None,ADHD
994,Target,No,0,Omission,ADHD
995,Non-Target,No,0,None,ADHD
996,Target,Yes,781,None,ADHD
997,Non-Target,No,0,None,ADHD
998,Target,Yes,650,None,ADHD
999,Non-Target,No,0,None,ADHD
1000,Non-Target,No,0,None,ADHD
1001,Non-Target,No,0,None,ADHD
1002,Non-Target,No,0,None,ADHD
1003,Non-Target,No,0,None,ADHD
1004,Target,Yes,610,None,ADHD
1005,Non-Target,Yes,603,Commission,ADHD
1006,Target,Yes,733,None,ADHD
1007,Non-Target,No,0,None,ADHD
1008,Non-Target,No,0,None,ADHD
1009,Target,Yes,657,None,ADHD
1010,Non-Target,No,0,None,ADHD
1011,Non-Target,No,0,None,ADHD
1012,Non-Target,No,0,None,ADHD
1013,Target,No,0,Omission,ADHD
1014,Target,Yes,645,None,ADHD
1015,Non-Target,No,0,None,ADHD
1016,Target,No,0,Omission,ADHD
1017,Target,Yes,656,None,ADHD
1018,Non-Target,No,0,None,ADHD
1019,Target,Yes,570,None,ADHD
1020,Non-Target,No,0,None,ADHD
1021,Non-Target,No,0,None,ADHD
1022,Non-Target,No,0,None,ADHD
1023,Target,No,0,Omission,ADHD
1024,Non-Target,No,0,None,ADHD
1025,Non-Target,No,0,None,ADHD
1026,Non-Target,No,0,None,ADHD
1027,Target,Yes,667,None,ADHD
1028,Target,Yes,703,None,ADHD
1029,Non-Target,No,0,None,ADHD
1030,Non-Target,No,0,None,ADHD
1031,Non-Target,No,0,None,ADHD
1032,Target,Yes,761,None,ADHD
1033,Non-Target,No,0,None,ADHD
1034,Non-Target,No,0,None,ADHD
1035,Target,Yes,545,None,ADHD
1036,Non-Target,No,0,None,ADHD
1037,Non-Target,No,0,None,ADHD
1038,Non-Target,No,0,None,ADHD
1039,Non-Target,No,0,None,ADHD
1040,Target,No,0,Omission,ADHD
1041,Target,Yes,681,None,ADHD
1042,Non-Target,No,0,None,ADHD
1043,Non-Target,No,0,None,ADHD
1044,Non-Target,No,0,None,ADHD
1045,Non-Target,No,0,None,ADHD
1046,Non-Target,No,0,None,ADHD
1047,Target,No,0,Omission,ADHD
1048,Non-Target,No,0,None,ADHD
1049,Non-Target,No,0,None,ADHD
1050,Non-Target,No,0,None,ADHD
1051,Target,Yes,559,None,ADHD
1052,Non-Target,No,0,None,ADHD
1053,Non-Target,No,0,None,ADHD
1054,Non-Target,No,0,None,ADHD
1055,Non-Target,Yes,863,Commission,ADHD
1056,Non-Target,No,0,None,ADHD
1057,Target,Yes,547,None,ADHD
1058,Non-Target,Yes,740,Commission,ADHD
1059,Non-Target,No,0,None,ADHD
1060,Non-Target,Yes,521,Commission,ADHD
1061,Non-Target,No,0,None,ADHD
1062,Target,Yes,593,None,ADHD
1063,Non-Target,Yes,671,Commission,ADHD
1064,Non-Target,No,0,None,ADHD
1065,Target,Yes,438,None,ADHD
1066,Non-Target,No,0,None,ADHD
1067,Target,Yes,707,None,ADHD
1068,Non-Target,No,0,None,ADHD
1069,Target,No,0,Omission,ADHD
1070,Non-Target,No,0,None,ADHD
1071,Non-Target,No,0,None,ADHD
1072,Non-Target,No,0,None,ADHD
1073,Target,Yes,595,None,ADHD
1074,Target,Yes,490,None,ADHD
1075,Non-Target,No,0,None,ADHD
1076,Non-Target,No,0,None,ADHD
1077,Non-Target,No,0,None,ADHD
1078,Target,Yes,626,None,ADHD
1079,Target,Yes,427,None,ADHD
1080,Non-Target,No,0,None,ADHD
1081,Non-Target,No,0,None,ADHD
1082,Non-Target,No,0,None,ADHD
1083,Non-Target,No,0,None,ADHD
1084,Non-Target,No,0,None,ADHD
1085,Non-Target,No,0,None,ADHD
1086,Non-Target,Yes,277,Commission,ADHD
1087,Non-Target,No,0,None,ADHD
1088,Non-Target,No,0,None,ADHD
1089,Non-Target,No,0,None,ADHD
1090,Non-Target,No,0,None,ADHD
1091,Non-Target,No,0,None,ADHD
1092,Non-Target,Yes,782,Commission,ADHD
1093,Non-Target,Yes,745,Commission,ADHD
1094,Non-Target,No,0,None,ADHD
1095,Target,No,0,Omission,ADHD
1096,Non-Target,No,0,None,ADHD
1097,Non-Target,Yes,793,Commission,ADHD
1098,Target,No,0,Omission,ADHD
1099,Non-Target,No,0,None,ADHD
1100,Non-Target,No,0,None,ADHD
1101,Non-Target,No,0,None,ADHD
1102,Non-Target,No,0,None,ADHD
1103,Target,Yes,760,None,ADHD
1104,Non-Target,No,0,None,ADHD
1105,Non-Target,Yes,652,Commission,ADHD
1106,Target,Yes,778,None,ADHD
1107,Non-Target,No,0,None,ADHD
1108,Non-Target,No,0,None,ADHD
1109,Non-Target,No,0,None,ADHD
1110,Non-Target,Yes,590,Commission,ADHD
1111,Non-Target,Yes,684,Commission,ADHD
1112,Non-Target,No,0,None,ADHD
1113,Target,Yes,565,None,ADHD
1114,Target,No,0,Omission,ADHD
1115,Target,Yes,599,None,ADHD
1116,Non-Target,No,0,None,ADHD
1117,Non-Target,No,0,None,ADHD
1118,Non-Target,No,0,None,ADHD
1119,Non-Target,No,0,None,ADHD
1120,Target,Yes,760,None,ADHD
1121,Non-Target,No,0,None,ADHD
1122,Target,Yes,574,None,ADHD
1123,Target,Yes,613,None,ADHD
1124,Non-Target,No,0,None,ADHD
1125,Non-Target,Yes,777,Commission,ADHD
1126,Non-Target,No,0,None,ADHD
1127,Non-Target,No,0,None,ADHD
1128,Non-Target,No,0,None,ADHD
1129,Target,Yes,584,None,ADHD
1130,Non-Target,Yes,635,Commission,ADHD
1131,Non-Target,No,0,None,ADHD
1132,Target,No,0,Omission,ADHD
1133,Non-Target,No,0,None,ADHD
1134,Target,Yes,510,None,ADHD
1135,Non-Target,No,0,None,ADHD
1136,Target,No,0,Omission,ADHD
1137,Target,Yes,613,None,ADHD
1138,Target,No,0,Omission,ADHD
1139,Target,Yes,613,None,ADHD
1140,Non-Target,No,0,None,ADHD
1141,Target,No,0,Omission,ADHD
1142,Non-Target,No,0,None,ADHD
1143,Non-Target,No,0,None,ADHD
1144,Target,No,0,Omission,ADHD
1145,Non-Target,No,0,None,ADHD
1146,Non-Target,No,0,None,ADHD
1147,Non-Target,No,0,None,ADHD
1148,Non-Target,Yes,532,Commission,ADHD
1149,Non-Target,No,0,None,ADHD
1150,Target,Yes,656,None,ADHD
1151,Non-Target,No,0,None,ADHD
1152,Non-Target,No,0,None,ADHD
1153,Non-Target,No,0,None,ADHD
1154,Non-Target,No,0,None,ADHD
1155,Non-Target,No,0,None,ADHD
1156,Non-Target,No,0,None,ADHD
1157,Non-Target,No,0,None,ADHD
1158,Target,Yes,534,None,ADHD
1159,Non-Target,No,0,None,ADHD
1160,Target,Yes,574,None,ADHD
1161,Target,Yes,751,None,ADHD
1162,Non-Target,No,0,None,ADHD
1163,Non-Target,No,0,None,ADHD
1164,Non-Target,No,0,None,ADHD
1165,Non-Target,No,0,None,ADHD
1166,Target,Yes,642,None,ADHD
1167,Non-Target,No,0,None,ADHD
1168,Non-Target,Yes,722,Commission,ADHD
1169,Non-Target,No,0,None,ADHD
1170,Non-Target,No,0,None,ADHD
1171,Non-Target,No,0,None,ADHD
1172,Non-Target,No,0,None,ADHD
1173,Target,Yes,712,None,ADHD
1174,Non-Target,No,0,None,ADHD
1175,Non-Target,No,0,None,ADHD
1176,Non-Target,No,0,None,ADHD
1177,Non-Target,No,0,None,ADHD
1178,Non-Target,No,0,None,ADHD
1179,Non-Target,No,0,None,ADHD
1180,Non-Target,No,0,None,ADHD
1181,Non-Target,No,0,None,ADHD
1182,Non-Target,No,0,None,ADHD
1183,Non-Target,No,0,None,ADHD
1184,Non-Target,No,0,None,ADHD
1185,Non-Target,No,0,None,ADHD
1186,Non-Target,Yes,780,Commission,ADHD
1187,Target,Yes,660,None,ADHD
1188,Target,Yes,470,None,ADHD
1189,Non-Target,No,0,None,ADHD
1190,Target,Yes,710,None,ADHD
1191,Non-Target,No,0,None,ADHD
1192,Target,Yes,580,None,ADHD
1193,Non-Target,Yes,783,Commission,ADHD
1194,Non-Target,No,0,None,ADHD
1195,Non-Target,No,0,None,ADHD
1196,Target,Yes,593,None,ADHD
1197,Non-Target,No,0,None,ADHD
1198,Target,Yes,595,None,ADHD
1199,Target,Yes,707,None,ADHD
1200,Non-Target,No,0,None,ADHD
