Trial,StimulusType,Reaction,ReactionTime(ms),ErrorType,Label
1,Target,Yes,685,None,ADHD
2,Target,Yes,843,None,ADHD
3,Non-Target,No,0,None,ADHD
4,Target,Yes,686,None,ADHD
5,Non-Target,Yes,856,Commission,ADHD
6,Target,Yes,830,None,ADHD
7,Target,Yes,639,None,ADHD
8,Non-Target,No,0,None,ADHD
9,Non-Target,Yes,574,Commission,ADHD
10,Target,No,0,Omission,ADHD
11,Non-Target,No,0,None,ADHD
12,Non-Target,No,0,None,ADHD
13,Non-Target,No,0,None,ADHD
14,Non-Target,No,0,None,ADHD
15,Target,Yes,815,None,ADHD
16,Non-Target,No,0,None,ADHD
17,Target,Yes,467,None,ADHD
18,Target,Yes,897,None,ADHD
19,Target,Yes,879,None,ADHD
20,Non-Target,Yes,755,Commission,ADHD
21,Target,Yes,819,None,ADHD
22,Target,Yes,777,None,ADHD
23,Non-Target,No,0,None,ADHD
24,Non-Target,No,0,None,ADHD
25,Target,No,0,Omission,ADHD
26,Non-Target,No,0,None,ADHD
27,Target,Yes,766,None,ADHD
28,Non-Target,No,0,None,ADHD
29,Target,Yes,929,None,ADHD
30,Non-Target,Yes,775,Commission,ADHD
31,Target,No,0,Omission,ADHD
32,Non-Target,Yes,446,Commission,ADHD
33,Non-Target,No,0,None,ADHD
34,Non-Target,Yes,597,Commission,ADHD
35,Target,Yes,902,None,ADHD
36,Target,Yes,830,None,ADHD
37,Non-Target,No,0,None,ADHD
38,Non-Target,No,0,None,ADHD
39,Target,Yes,758,None,ADHD
40,Non-Target,No,0,None,ADHD
41,Non-Target,No,0,None,ADHD
42,Non-Target,No,0,None,ADHD
43,Target,No,0,Omission,ADHD
44,Non-Target,Yes,821,Commission,ADHD
45,Non-Target,No,0,None,ADHD
46,Non-Target,No,0,None,ADHD
47,Non-Target,Yes,820,Commission,ADHD
48,Target,Yes,716,None,ADHD
49,Non-Target,No,0,None,ADHD
50,Target,Yes,898,None,ADHD
51,Non-Target,No,0,None,ADHD
52,Non-Target,No,0,None,ADHD
53,Non-Target,No,0,None,ADHD
54,Non-Target,No,0,None,ADHD
55,Target,Yes,877,None,ADHD
56,Non-Target,No,0,None,ADHD
57,Target,Yes,815,None,ADHD
58,Non-Target,No,0,None,ADHD
59,Non-Target,No,0,None,ADHD
60,Non-Target,Yes,523,Commission,ADHD
61,Target,Yes,598,None,ADHD
62,Non-Target,No,0,None,ADHD
63,Target,Yes,742,None,ADHD
64,Non-Target,No,0,None,ADHD
65,Non-Target,No,0,None,ADHD
66,Non-Target,No,0,None,ADHD
67,Target,Yes,887,None,ADHD
68,Non-Target,No,0,None,ADHD
69,Target,Yes,833,None,ADHD
70,Target,Yes,812,None,ADHD
71,Non-Target,No,0,None,ADHD
72,Non-Target,No,0,None,ADHD
73,Target,Yes,727,None,ADHD
74,Non-Target,No,0,None,ADHD
75,Non-Target,No,0,None,ADHD
76,Non-Target,No,0,None,ADHD
77,Non-Target,No,0,None,ADHD
78,Non-Target,No,0,None,ADHD
79,Target,No,0,Omission,ADHD
80,Non-Target,No,0,None,ADHD
81,Target,Yes,843,None,ADHD
82,Target,No,0,Omission,ADHD
83,Non-Target,No,0,None,ADHD
84,Target,Yes,756,None,ADHD
85,Non-Target,Yes,703,Commission,ADHD
86,Target,Yes,598,None,ADHD
87,Target,No,0,Omission,ADHD
88,Non-Target,No,0,None,ADHD
89,Target,Yes,781,None,ADHD
90,Target,Yes,766,None,ADHD
91,Target,No,0,Omission,ADHD
92,Non-Target,No,0,None,ADHD
93,Target,No,0,Omission,ADHD
94,Non-Target,Yes,748,Commission,ADHD
95,Target,No,0,Omission,ADHD
96,Non-Target,No,0,None,ADHD
97,Non-Target,No,0,None,ADHD
98,Target,Yes,750,None,ADHD
99,Target,Yes,752,None,ADHD
100,Non-Target,No,0,None,ADHD
101,Non-Target,No,0,None,ADHD
102,Target,Yes,608,None,ADHD
103,Non-Target,Yes,763,Commission,ADHD
104,Non-Target,No,0,None,ADHD
105,Target,Yes,590,None,ADHD
106,Non-Target,No,0,None,ADHD
107,Non-Target,No,0,None,ADHD
108,Non-Target,No,0,None,ADHD
109,Non-Target,No,0,None,ADHD
110,Target,No,0,Omission,ADHD
111,Non-Target,No,0,None,ADHD
112,Non-Target,No,0,None,ADHD
113,Non-Target,No,0,None,ADHD
114,Target,Yes,772,None,ADHD
115,Non-Target,No,0,None,ADHD
116,Target,Yes,719,None,ADHD
117,Non-Target,No,0,None,ADHD
118,Non-Target,Yes,806,Commission,ADHD
119,Non-Target,No,0,None,ADHD
120,Non-Target,No,0,None,ADHD
121,Non-Target,Yes,671,Commission,ADHD
122,Target,Yes,721,None,ADHD
123,Non-Target,No,0,None,ADHD
124,Non-Target,No,0,None,ADHD
125,Non-Target,No,0,None,ADHD
126,Target,Yes,605,None,ADHD
127,Non-Target,No,0,None,ADHD
128,Non-Target,No,0,None,ADHD
129,Non-Target,No,0,None,ADHD
130,Non-Target,No,0,None,ADHD
131,Non-Target,No,0,None,ADHD
132,Non-Target,No,0,None,ADHD
133,Non-Target,No,0,None,ADHD
134,Target,No,0,Omission,ADHD
135,Non-Target,No,0,None,ADHD
136,Non-Target,No,0,None,ADHD
137,Non-Target,Yes,910,Commission,ADHD
138,Target,Yes,835,None,ADHD
139,Non-Target,Yes,793,Commission,ADHD
140,Non-Target,Yes,623,Commission,ADHD
141,Non-Target,Yes,781,Commission,ADHD
142,Target,Yes,935,None,ADHD
143,Non-Target,No,0,None,ADHD
144,Target,Yes,806,None,ADHD
145,Non-Target,No,0,None,ADHD
146,Non-Target,No,0,None,ADHD
147,Non-Target,No,0,None,ADHD
148,Non-Target,No,0,None,ADHD
149,Non-Target,No,0,None,ADHD
150,Non-Target,Yes,794,Commission,ADHD
151,Non-Target,No,0,None,ADHD
152,Non-Target,No,0,None,ADHD
153,Non-Target,No,0,None,ADHD
154,Non-Target,No,0,None,ADHD
155,Target,Yes,642,None,ADHD
156,Non-Target,No,0,None,ADHD
157,Non-Target,Yes,587,Commission,ADHD
158,Non-Target,Yes,758,Commission,ADHD
159,Non-Target,No,0,None,ADHD
160,Non-Target,No,0,None,ADHD
161,Non-Target,No,0,None,ADHD
162,Non-Target,No,0,None,ADHD
163,Non-Target,No,0,None,ADHD
164,Target,No,0,Omission,ADHD
165,Non-Target,No,0,None,ADHD
166,Non-Target,No,0,None,ADHD
167,Non-Target,No,0,None,ADHD
168,Non-Target,No,0,None,ADHD
169,Non-Target,Yes,892,Commission,ADHD
170,Non-Target,No,0,None,ADHD
171,Non-Target,No,0,None,ADHD
172,Non-Target,No,0,None,ADHD
173,Non-Target,No,0,None,ADHD
174,Non-Target,Yes,750,Commission,ADHD
175,Target,No,0,Omission,ADHD
176,Target,Yes,550,None,ADHD
177,Target,Yes,653,None,ADHD
178,Target,Yes,574,None,ADHD
179,Non-Target,No,0,None,ADHD
180,Non-Target,No,0,None,ADHD
181,Target,Yes,580,None,ADHD
182,Non-Target,Yes,880,Commission,ADHD
183,Non-Target,No,0,None,ADHD
184,Non-Target,Yes,467,Commission,ADHD
185,Non-Target,Yes,907,Commission,ADHD
186,Non-Target,No,0,None,ADHD
187,Non-Target,No,0,None,ADHD
188,Non-Target,No,0,None,ADHD
189,Target,Yes,830,None,ADHD
190,Non-Target,No,0,None,ADHD
191,Non-Target,No,0,None,ADHD
192,Target,Yes,1062,None,ADHD
193,Target,Yes,694,None,ADHD
194,Non-Target,No,0,None,ADHD
195,Non-Target,No,0,None,ADHD
196,Non-Target,No,0,None,ADHD
197,Non-Target,No,0,None,ADHD
198,Non-Target,No,0,None,ADHD
199,Target,Yes,690,None,ADHD
200,Non-Target,No,0,None,ADHD
201,Target,Yes,695,None,ADHD
202,Non-Target,No,0,None,ADHD
203,Non-Target,No,0,None,ADHD
204,Target,Yes,630,None,ADHD
205,Non-Target,No,0,None,ADHD
206,Non-Target,No,0,None,ADHD
207,Non-Target,No,0,None,ADHD
208,Non-Target,No,0,None,ADHD
209,Non-Target,Yes,493,Commission,ADHD
210,Non-Target,No,0,None,ADHD
211,Non-Target,No,0,None,ADHD
212,Target,Yes,854,None,ADHD
213,Non-Target,No,0,None,ADHD
214,Non-Target,No,0,None,ADHD
215,Non-Target,No,0,None,ADHD
216,Target,Yes,790,None,ADHD
217,Non-Target,No,0,None,ADHD
218,Non-Target,No,0,None,ADHD
219,Non-Target,No,0,None,ADHD
220,Non-Target,No,0,None,ADHD
221,Target,Yes,1023,None,ADHD
222,Non-Target,No,0,None,ADHD
223,Non-Target,No,0,None,ADHD
224,Target,No,0,Omission,ADHD
225,Target,No,0,Omission,ADHD
226,Non-Target,No,0,None,ADHD
227,Non-Target,Yes,666,Commission,ADHD
228,Non-Target,Yes,870,Commission,ADHD
229,Non-Target,Yes,535,Commission,ADHD
230,Non-Target,No,0,None,ADHD
231,Target,Yes,678,None,ADHD
232,Non-Target,No,0,None,ADHD
233,Non-Target,No,0,None,ADHD
234,Non-Target,No,0,None,ADHD
235,Non-Target,Yes,915,Commission,ADHD
236,Non-Target,No,0,None,ADHD
237,Non-Target,No,0,None,ADHD
238,Non-Target,Yes,493,Commission,ADHD
239,Non-Target,No,0,None,ADHD
240,Non-Target,No,0,None,ADHD
241,Target,Yes,741,None,ADHD
242,Target,Yes,627,None,ADHD
243,Target,No,0,Omission,ADHD
244,Target,Yes,661,None,ADHD
245,Non-Target,No,0,None,ADHD
246,Non-Target,No,0,None,ADHD
247,Non-Target,No,0,None,ADHD
248,Non-Target,No,0,None,ADHD
249,Non-Target,No,0,None,ADHD
250,Non-Target,No,0,None,ADHD
251,Non-Target,No,0,None,ADHD
252,Non-Target,No,0,None,ADHD
253,Non-Target,No,0,None,ADHD
254,Target,No,0,Omission,ADHD
255,Non-Target,No,0,None,ADHD
256,Non-Target,Yes,522,Commission,ADHD
257,Non-Target,No,0,None,ADHD
258,Non-Target,No,0,None,ADHD
259,Non-Target,No,0,None,ADHD
260,Non-Target,No,0,None,ADHD
261,Target,Yes,479,None,ADHD
262,Non-Target,Yes,835,Commission,ADHD
263,Non-Target,No,0,None,ADHD
264,Non-Target,Yes,964,Commission,ADHD
265,Non-Target,No,0,None,ADHD
266,Non-Target,No,0,None,ADHD
267,Non-Target,No,0,None,ADHD
268,Non-Target,No,0,None,ADHD
269,Non-Target,No,0,None,ADHD
270,Non-Target,No,0,None,ADHD
271,Non-Target,No,0,None,ADHD
272,Non-Target,No,0,None,ADHD
273,Non-Target,No,0,None,ADHD
274,Non-Target,No,0,None,ADHD
275,Target,Yes,960,None,ADHD
276,Non-Target,No,0,None,ADHD
277,Non-Target,Yes,593,Commission,ADHD
278,Non-Target,No,0,None,ADHD
279,Non-Target,No,0,None,ADHD
280,Non-Target,No,0,None,ADHD
281,Target,Yes,1089,None,ADHD
282,Non-Target,Yes,540,Commission,ADHD
283,Non-Target,No,0,None,ADHD
284,Non-Target,Yes,489,Commission,ADHD
285,Target,No,0,Omission,ADHD
286,Target,Yes,987,None,ADHD
287,Non-Target,No,0,None,ADHD
288,Non-Target,No,0,None,ADHD
289,Non-Target,No,0,None,ADHD
290,Non-Target,Yes,759,Commission,ADHD
291,Target,Yes,642,None,ADHD
292,Target,Yes,957,None,ADHD
293,Non-Target,No,0,None,ADHD
294,Target,Yes,793,None,ADHD
295,Non-Target,No,0,None,ADHD
296,Target,No,0,Omission,ADHD
297,Non-Target,No,0,None,ADHD
298,Target,Yes,539,None,ADHD
299,Non-Target,No,0,None,ADHD
300,Non-Target,No,0,None,ADHD
301,Target,Yes,777,None,ADHD
302,Non-Target,Yes,733,Commission,ADHD
303,Non-Target,Yes,849,Commission,ADHD
304,Non-Target,Yes,580,Commission,ADHD
305,Non-Target,Yes,882,Commission,ADHD
306,Target,No,0,Omission,ADHD
307,Non-Target,No,0,None,ADHD
308,Non-Target,Yes,512,Commission,ADHD
309,Non-Target,No,0,None,ADHD
310,Non-Target,No,0,None,ADHD
311,Non-Target,No,0,None,ADHD
312,Non-Target,No,0,None,ADHD
313,Non-Target,No,0,None,ADHD
314,Non-Target,No,0,None,ADHD
315,Target,Yes,635,None,ADHD
316,Target,No,0,Omission,ADHD
317,Target,Yes,782,None,ADHD
318,Target,Yes,841,None,ADHD
319,Target,No,0,Omission,ADHD
320,Target,Yes,668,None,ADHD
321,Non-Target,No,0,None,ADHD
322,Non-Target,No,0,None,ADHD
323,Target,Yes,635,None,ADHD
324,Non-Target,Yes,804,Commission,ADHD
325,Non-Target,No,0,None,ADHD
326,Target,No,0,Omission,ADHD
327,Non-Target,No,0,None,ADHD
328,Non-Target,No,0,None,ADHD
329,Target,No,0,Omission,ADHD
330,Non-Target,No,0,None,ADHD
331,Non-Target,No,0,None,ADHD
332,Target,Yes,793,None,ADHD
333,Target,Yes,728,None,ADHD
334,Non-Target,No,0,None,ADHD
335,Target,Yes,697,None,ADHD
336,Non-Target,No,0,None,ADHD
337,Non-Target,No,0,None,ADHD
338,Non-Target,No,0,None,ADHD
339,Non-Target,No,0,None,ADHD
340,Target,Yes,760,None,ADHD
341,Target,No,0,Omission,ADHD
342,Target,Yes,866,None,ADHD
343,Non-Target,No,0,None,ADHD
344,Target,Yes,779,None,ADHD
345,Non-Target,Yes,814,Commission,ADHD
346,Non-Target,No,0,None,ADHD
347,Target,Yes,840,None,ADHD
348,Target,Yes,886,None,ADHD
349,Non-Target,No,0,None,ADHD
350,Non-Target,No,0,None,ADHD
351,Non-Target,Yes,751,Commission,ADHD
352,Non-Target,Yes,823,Commission,ADHD
353,Non-Target,No,0,None,ADHD
354,Target,Yes,747,None,ADHD
355,Non-Target,No,0,None,ADHD
356,Non-Target,Yes,893,Commission,ADHD
357,Non-Target,No,0,None,ADHD
358,Non-Target,No,0,None,ADHD
359,Non-Target,Yes,759,Commission,ADHD
360,Target,Yes,841,None,ADHD
361,Target,Yes,494,None,ADHD
362,Non-Target,No,0,None,ADHD
363,Target,Yes,912,None,ADHD
364,Non-Target,No,0,None,ADHD
365,Non-Target,No,0,None,ADHD
366,Non-Target,No,0,None,ADHD
367,Non-Target,No,0,None,ADHD
368,Non-Target,No,0,None,ADHD
369,Target,Yes,678,None,ADHD
370,Target,Yes,666,None,ADHD
371,Non-Target,No,0,None,ADHD
372,Non-Target,Yes,625,Commission,ADHD
373,Target,Yes,843,None,ADHD
374,Target,Yes,921,None,ADHD
375,Non-Target,No,0,None,ADHD
376,Target,Yes,901,None,ADHD
377,Non-Target,No,0,None,ADHD
378,Non-Target,Yes,629,Commission,ADHD
379,Target,Yes,720,None,ADHD
380,Non-Target,No,0,None,ADHD
381,Target,Yes,755,None,ADHD
382,Non-Target,No,0,None,ADHD
383,Non-Target,No,0,None,ADHD
384,Target,Yes,589,None,ADHD
385,Non-Target,No,0,None,ADHD
386,Target,Yes,993,None,ADHD
387,Non-Target,No,0,None,ADHD
388,Target,Yes,702,None,ADHD
389,Non-Target,No,0,None,ADHD
390,Non-Target,Yes,690,Commission,ADHD
391,Target,Yes,904,None,ADHD
392,Non-Target,No,0,None,ADHD
393,Non-Target,No,0,None,ADHD
394,Target,Yes,714,None,ADHD
395,Non-Target,No,0,None,ADHD
396,Non-Target,No,0,None,ADHD
397,Target,Yes,750,None,ADHD
398,Non-Target,Yes,752,Commission,ADHD
399,Non-Target,No,0,None,ADHD
400,Non-Target,No,0,None,ADHD
401,Non-Target,Yes,506,Commission,ADHD
402,Non-Target,No,0,None,ADHD
403,Non-Target,No,0,None,ADHD
404,Target,Yes,1008,None,ADHD
405,Target,Yes,794,None,ADHD
406,Non-Target,No,0,None,ADHD
407,Target,Yes,595,None,ADHD
408,Non-Target,No,0,None,ADHD
409,Non-Target,Yes,803,Commission,ADHD
410,Target,Yes,782,None,ADHD
411,Non-Target,No,0,None,ADHD
412,Non-Target,No,0,None,ADHD
413,Target,Yes,615,None,ADHD
414,Non-Target,No,0,None,ADHD
415,Non-Target,Yes,469,Commission,ADHD
416,Non-Target,No,0,None,ADHD
417,Non-Target,No,0,None,ADHD
418,Target,Yes,936,None,ADHD
419,Non-Target,No,0,None,ADHD
420,Non-Target,No,0,None,ADHD
421,Non-Target,No,0,None,ADHD
422,Target,Yes,674,None,ADHD
423,Non-Target,Yes,734,Commission,ADHD
424,Non-Target,No,0,None,ADHD
425,Non-Target,No,0,None,ADHD
426,Non-Target,No,0,None,ADHD
427,Non-Target,No,0,None,ADHD
428,Target,No,0,Omission,ADHD
429,Target,Yes,883,None,ADHD
430,Target,Yes,767,None,ADHD
431,Non-Target,No,0,None,ADHD
432,Non-Target,No,0,None,ADHD
433,Non-Target,No,0,None,ADHD
434,Target,Yes,607,None,ADHD
435,Non-Target,No,0,None,ADHD
436,Non-Target,Yes,648,Commission,ADHD
437,Non-Target,No,0,None,ADHD
438,Non-Target,Yes,775,Commission,ADHD
439,Non-Target,No,0,None,ADHD
440,Non-Target,No,0,None,ADHD
441,Target,Yes,813,None,ADHD
442,Non-Target,Yes,935,Commission,ADHD
443,Non-Target,No,0,None,ADHD
444,Target,Yes,798,None,ADHD
445,Non-Target,Yes,767,Commission,ADHD
446,Non-Target,No,0,None,ADHD
447,Target,Yes,584,None,ADHD
448,Non-Target,No,0,None,ADHD
449,Target,Yes,651,None,ADHD
450,Non-Target,No,0,None,ADHD
451,Non-Target,No,0,None,ADHD
452,Non-Target,No,0,None,ADHD
453,Target,Yes,856,None,ADHD
454,Non-Target,No,0,None,ADHD
455,Non-Target,No,0,None,ADHD
456,Non-Target,No,0,None,ADHD
457,Target,No,0,Omission,ADHD
458,Target,Yes,601,None,ADHD
459,Non-Target,Yes,712,Commission,ADHD
460,Non-Target,No,0,None,ADHD
461,Target,Yes,573,None,ADHD
462,Target,Yes,567,None,ADHD
463,Non-Target,Yes,645,Commission,ADHD
464,Non-Target,Yes,810,Commission,ADHD
465,Non-Target,Yes,753,Commission,ADHD
466,Target,No,0,Omission,ADHD
467,Non-Target,Yes,627,Commission,ADHD
468,Target,Yes,762,None,ADHD
469,Non-Target,No,0,None,ADHD
470,Non-Target,No,0,None,ADHD
471,Non-Target,No,0,None,ADHD
472,Non-Target,No,0,None,ADHD
473,Non-Target,Yes,871,Commission,ADHD
474,Non-Target,No,0,None,ADHD
475,Non-Target,No,0,None,ADHD
476,Non-Target,No,0,None,ADHD
477,Non-Target,No,0,None,ADHD
478,Target,Yes,724,None,ADHD
479,Non-Target,No,0,None,ADHD
480,Non-Target,No,0,None,ADHD
481,Non-Target,No,0,None,ADHD
482,Non-Target,No,0,None,ADHD
483,Target,Yes,463,None,ADHD
484,Non-Target,Yes,544,Commission,ADHD
485,Non-Target,No,0,None,ADHD
486,Target,Yes,674,None,ADHD
487,Target,Yes,692,None,ADHD
488,Target,Yes,666,None,ADHD
489,Non-Target,No,0,None,ADHD
490,Target,No,0,Omission,ADHD
491,Target,No,0,Omission,ADHD
492,Target,Yes,747,None,ADHD
493,Non-Target,No,0,None,ADHD
494,Non-Target,No,0,None,ADHD
495,Non-Target,No,0,None,ADHD
496,Target,No,0,Omission,ADHD
497,Target,Yes,698,None,ADHD
498,Target,Yes,778,None,ADHD
499,Non-Target,No,0,None,ADHD
500,Non-Target,No,0,None,ADHD
501,Non-Target,No,0,None,ADHD
502,Target,Yes,693,None,ADHD
503,Non-Target,No,0,None,ADHD
504,Non-Target,No,0,None,ADHD
505,Target,Yes,460,None,ADHD
506,Non-Target,Yes,654,Commission,ADHD
507,Non-Target,No,0,None,ADHD
508,Non-Target,No,0,None,ADHD
509,Target,Yes,545,None,ADHD
510,Non-Target,No,0,None,ADHD
511,Non-Target,No,0,None,ADHD
512,Non-Target,No,0,None,ADHD
513,Target,Yes,792,None,ADHD
514,Non-Target,No,0,None,ADHD
515,Non-Target,No,0,None,ADHD
516,Non-Target,No,0,None,ADHD
517,Non-Target,No,0,None,ADHD
518,Target,Yes,675,None,ADHD
519,Non-Target,No,0,None,ADHD
520,Non-Target,No,0,None,ADHD
521,Non-Target,No,0,None,ADHD
522,Non-Target,No,0,None,ADHD
523,Non-Target,Yes,515,Commission,ADHD
524,Non-Target,No,0,None,ADHD
525,Non-Target,No,0,None,ADHD
526,Non-Target,No,0,None,ADHD
527,Target,Yes,823,None,ADHD
528,Target,Yes,773,None,ADHD
529,Non-Target,Yes,941,Commission,ADHD
530,Target,Yes,743,None,ADHD
531,Target,Yes,675,None,ADHD
532,Non-Target,No,0,None,ADHD
533,Non-Target,Yes,630,Commission,ADHD
534,Target,Yes,873,None,ADHD
535,Non-Target,No,0,None,ADHD
536,Target,Yes,545,None,ADHD
537,Target,Yes,938,None,ADHD
538,Non-Target,No,0,None,ADHD
539,Non-Target,No,0,None,ADHD
540,Non-Target,No,0,None,ADHD
541,Target,Yes,919,None,ADHD
542,Non-Target,No,0,None,ADHD
543,Target,Yes,574,None,ADHD
544,Non-Target,Yes,936,Commission,ADHD
545,Non-Target,No,0,None,ADHD
546,Non-Target,Yes,812,Commission,ADHD
547,Target,Yes,674,None,ADHD
548,Non-Target,No,0,None,ADHD
549,Target,Yes,818,None,ADHD
550,Non-Target,No,0,None,ADHD
551,Non-Target,Yes,566,Commission,ADHD
552,Non-Target,No,0,None,ADHD
553,Target,Yes,731,None,ADHD
554,Non-Target,No,0,None,ADHD
555,Target,Yes,604,None,ADHD
556,Non-Target,No,0,None,ADHD
557,Non-Target,No,0,None,ADHD
558,Target,Yes,527,None,ADHD
559,Non-Target,No,0,None,ADHD
560,Non-Target,No,0,None,ADHD
561,Target,Yes,903,None,ADHD
562,Non-Target,No,0,None,ADHD
563,Target,Yes,727,None,ADHD
564,Non-Target,Yes,799,Commission,ADHD
565,Non-Target,No,0,None,ADHD
566,Non-Target,Yes,789,Commission,ADHD
567,Non-Target,No,0,None,ADHD
568,Non-Target,Yes,450,Commission,ADHD
569,Non-Target,Yes,639,Commission,ADHD
570,Non-Target,No,0,None,ADHD
571,Target,Yes,969,None,ADHD
572,Non-Target,No,0,None,ADHD
573,Non-Target,No,0,None,ADHD
574,Target,Yes,742,None,ADHD
575,Target,Yes,622,None,ADHD
576,Target,Yes,641,None,ADHD
577,Target,Yes,707,None,ADHD
578,Target,Yes,740,None,ADHD
579,Non-Target,No,0,None,ADHD
580,Non-Target,No,0,None,ADHD
581,Non-Target,No,0,None,ADHD
582,Non-Target,No,0,None,ADHD
583,Non-Target,No,0,None,ADHD
584,Non-Target,No,0,None,ADHD
585,Non-Target,No,0,None,ADHD
586,Non-Target,Yes,818,Commission,ADHD
587,Target,No,0,Omission,ADHD
588,Non-Target,Yes,852,Commission,ADHD
589,Non-Target,No,0,None,ADHD
590,Target,No,0,Omission,ADHD
591,Non-Target,No,0,None,ADHD
592,Non-Target,No,0,None,ADHD
593,Non-Target,No,0,None,ADHD
594,Non-Target,No,0,None,ADHD
595,Non-Target,No,0,None,ADHD
596,Non-Target,No,0,None,ADHD
597,Target,Yes,669,None,ADHD
598,Non-Target,No,0,None,ADHD
599,Non-Target,No,0,None,ADHD
600,Non-Target,No,0,None,ADHD
601,Target,Yes,773,None,ADHD
602,Non-Target,Yes,707,Commission,ADHD
603,Non-Target,Yes,1008,Commission,ADHD
604,Non-Target,No,0,None,ADHD
605,Non-Target,No,0,None,ADHD
606,Target,Yes,760,None,ADHD
607,Non-Target,Yes,605,Commission,ADHD
608,Non-Target,No,0,None,ADHD
609,Target,Yes,736,None,ADHD
610,Target,Yes,810,None,ADHD
611,Target,No,0,Omission,ADHD
612,Target,Yes,800,None,ADHD
613,Non-Target,No,0,None,ADHD
614,Target,Yes,671,None,ADHD
615,Non-Target,Yes,793,Commission,ADHD
616,Non-Target,Yes,674,Commission,ADHD
617,Target,Yes,739,None,ADHD
618,Non-Target,Yes,925,Commission,ADHD
619,Non-Target,No,0,None,ADHD
620,Target,Yes,654,None,ADHD
621,Target,Yes,590,None,ADHD
622,Non-Target,No,0,None,ADHD
623,Target,No,0,Omission,ADHD
624,Target,Yes,737,None,ADHD
625,Target,Yes,772,None,ADHD
626,Target,No,0,Omission,ADHD
627,Target,Yes,504,None,ADHD
628,Target,Yes,622,None,ADHD
629,Target,Yes,414,None,ADHD
630,Target,Yes,628,None,ADHD
631,Target,Yes,823,None,ADHD
632,Target,Yes,937,None,ADHD
633,Non-Target,No,0,None,ADHD
634,Non-Target,No,0,None,ADHD
635,Non-Target,No,0,None,ADHD
636,Non-Target,Yes,842,Commission,ADHD
637,Target,Yes,706,None,ADHD
638,Non-Target,Yes,997,Commission,ADHD
639,Non-Target,No,0,None,ADHD
640,Target,Yes,734,None,ADHD
641,Non-Target,No,0,None,ADHD
642,Non-Target,No,0,None,ADHD
643,Non-Target,No,0,None,ADHD
644,Target,No,0,Omission,ADHD
645,Target,Yes,762,None,ADHD
646,Non-Target,No,0,None,ADHD
647,Non-Target,No,0,None,ADHD
648,Non-Target,Yes,697,Commission,ADHD
649,Non-Target,Yes,721,Commission,ADHD
650,Target,No,0,Omission,ADHD
651,Target,No,0,Omission,ADHD
652,Non-Target,No,0,None,ADHD
653,Non-Target,No,0,None,ADHD
654,Non-Target,No,0,None,ADHD
655,Target,Yes,770,None,ADHD
656,Target,Yes,731,None,ADHD
657,Non-Target,No,0,None,ADHD
658,Non-Target,Yes,605,Commission,ADHD
659,Non-Target,No,0,None,ADHD
660,Target,No,0,Omission,ADHD
661,Target,Yes,587,None,ADHD
662,Non-Target,Yes,773,Commission,ADHD
663,Non-Target,No,0,None,ADHD
664,Non-Target,No,0,None,ADHD
665,Target,Yes,747,None,ADHD
666,Non-Target,No,0,None,ADHD
667,Non-Target,Yes,799,Commission,ADHD
668,Non-Target,No,0,None,ADHD
669,Non-Target,No,0,None,ADHD
670,Non-Target,No,0,None,ADHD
671,Target,Yes,916,None,ADHD
672,Non-Target,No,0,None,ADHD
673,Non-Target,No,0,None,ADHD
674,Non-Target,No,0,None,ADHD
675,Target,Yes,740,None,ADHD
676,Non-Target,No,0,None,ADHD
677,Non-Target,No,0,None,ADHD
678,Non-Target,No,0,None,ADHD
679,Non-Target,No,0,None,ADHD
680,Target,Yes,823,None,ADHD
681,Non-Target,Yes,756,Commission,ADHD
682,Non-Target,No,0,None,ADHD
683,Non-Target,No,0,None,ADHD
684,Target,No,0,Omission,ADHD
685,Non-Target,Yes,890,Commission,ADHD
686,Non-Target,No,0,None,ADHD
687,Target,Yes,619,None,ADHD
688,Non-Target,No,0,None,ADHD
689,Non-Target,No,0,None,ADHD
690,Non-Target,Yes,910,Commission,ADHD
691,Non-Target,No,0,None,ADHD
692,Target,Yes,813,None,ADHD
693,Non-Target,No,0,None,ADHD
694,Non-Target,No,0,None,ADHD
695,Target,Yes,854,None,ADHD
696,Non-Target,No,0,None,ADHD
697,Non-Target,No,0,None,ADHD
698,Non-Target,Yes,488,Commission,ADHD
699,Non-Target,Yes,676,Commission,ADHD
700,Target,Yes,981,None,ADHD
701,Target,No,0,Omission,ADHD
702,Target,No,0,Omission,ADHD
703,Non-Target,No,0,None,ADHD
704,Non-Target,No,0,None,ADHD
705,Non-Target,No,0,None,ADHD
706,Non-Target,Yes,770,Commission,ADHD
707,Non-Target,No,0,None,ADHD
708,Non-Target,No,0,None,ADHD
709,Non-Target,Yes,913,Commission,ADHD
710,Non-Target,No,0,None,ADHD
711,Target,Yes,801,None,ADHD
712,Non-Target,No,0,None,ADHD
713,Non-Target,Yes,649,Commission,ADHD
714,Non-Target,Yes,639,Commission,ADHD
715,Target,Yes,898,None,ADHD
716,Non-Target,No,0,None,ADHD
717,Non-Target,No,0,None,ADHD
718,Non-Target,No,0,None,ADHD
719,Non-Target,No,0,None,ADHD
720,Target,No,0,Omission,ADHD
721,Target,Yes,723,None,ADHD
722,Target,Yes,789,None,ADHD
723,Non-Target,No,0,None,ADHD
724,Non-Target,No,0,None,ADHD
725,Non-Target,Yes,721,Commission,ADHD
726,Non-Target,No,0,None,ADHD
727,Non-Target,No,0,None,ADHD
728,Non-Target,No,0,None,ADHD
729,Target,No,0,Omission,ADHD
730,Non-Target,No,0,None,ADHD
731,Non-Target,Yes,605,Commission,ADHD
732,Target,Yes,796,None,ADHD
733,Target,Yes,638,None,ADHD
734,Target,No,0,Omission,ADHD
735,Non-Target,Yes,637,Commission,ADHD
736,Non-Target,Yes,566,Commission,ADHD
737,Non-Target,No,0,None,ADHD
738,Non-Target,No,0,None,ADHD
739,Non-Target,No,0,None,ADHD
740,Non-Target,Yes,1015,Commission,ADHD
741,Non-Target,No,0,None,ADHD
742,Target,Yes,785,None,ADHD
743,Non-Target,No,0,None,ADHD
744,Target,Yes,775,None,ADHD
745,Non-Target,No,0,None,ADHD
746,Non-Target,No,0,None,ADHD
747,Target,Yes,874,None,ADHD
748,Non-Target,No,0,None,ADHD
749,Target,Yes,844,None,ADHD
750,Target,Yes,826,None,ADHD
751,Non-Target,Yes,966,Commission,ADHD
752,Non-Target,No,0,None,ADHD
753,Target,Yes,719,None,ADHD
754,Non-Target,No,0,None,ADHD
755,Non-Target,Yes,672,Commission,ADHD
756,Target,Yes,491,None,ADHD
757,Non-Target,No,0,None,ADHD
758,Non-Target,Yes,794,Commission,ADHD
759,Non-Target,No,0,None,ADHD
760,Target,Yes,860,None,ADHD
761,Non-Target,No,0,None,ADHD
762,Target,Yes,779,None,ADHD
763,Non-Target,No,0,None,ADHD
764,Non-Target,No,0,None,ADHD
765,Target,Yes,703,None,ADHD
766,Target,Yes,841,None,ADHD
767,Non-Target,No,0,None,ADHD
768,Non-Target,No,0,None,ADHD
769,Non-Target,No,0,None,ADHD
770,Non-Target,Yes,816,Commission,ADHD
771,Target,Yes,1004,None,ADHD
772,Target,No,0,Omission,ADHD
773,Non-Target,Yes,674,Commission,ADHD
774,Non-Target,Yes,886,Commission,ADHD
775,Target,Yes,906,None,ADHD
776,Target,No,0,Omission,ADHD
777,Target,Yes,495,None,ADHD
778,Non-Target,No,0,None,ADHD
779,Target,Yes,798,None,ADHD
780,Non-Target,No,0,None,ADHD
781,Non-Target,Yes,723,Commission,ADHD
782,Non-Target,No,0,None,ADHD
783,Non-Target,No,0,None,ADHD
784,Target,No,0,Omission,ADHD
785,Non-Target,Yes,488,Commission,ADHD
786,Non-Target,No,0,None,ADHD
787,Non-Target,No,0,None,ADHD
788,Target,No,0,Omission,ADHD
789,Target,No,0,Omission,ADHD
790,Target,Yes,591,None,ADHD
791,Target,Yes,854,None,ADHD
792,Non-Target,Yes,857,Commission,ADHD
793,Non-Target,No,0,None,ADHD
794,Target,Yes,854,None,ADHD
795,Non-Target,No,0,None,ADHD
796,Target,Yes,570,None,ADHD
797,Non-Target,No,0,None,ADHD
798,Target,Yes,801,None,ADHD
799,Non-Target,No,0,None,ADHD
800,Target,Yes,894,None,ADHD
801,Target,Yes,982,None,ADHD
802,Non-Target,Yes,633,Commission,ADHD
803,Non-Target,No,0,None,ADHD
804,Non-Target,No,0,None,ADHD
805,Non-Target,No,0,None,ADHD
806,Target,No,0,Omission,ADHD
807,Non-Target,Yes,840,Commission,ADHD
808,Target,Yes,957,None,ADHD
809,Non-Target,No,0,None,ADHD
810,Non-Target,No,0,None,ADHD
811,Target,No,0,Omission,ADHD
812,Non-Target,No,0,None,ADHD
813,Non-Target,No,0,None,ADHD
814,Non-Target,No,0,None,ADHD
815,Non-Target,No,0,None,ADHD
816,Non-Target,No,0,None,ADHD
817,Target,No,0,Omission,ADHD
818,Target,Yes,1034,None,ADHD
819,Non-Target,No,0,None,ADHD
820,Target,Yes,781,None,ADHD
821,Non-Target,No,0,None,ADHD
822,Non-Target,No,0,None,ADHD
823,Non-Target,Yes,780,Commission,ADHD
824,Non-Target,No,0,None,ADHD
825,Non-Target,No,0,None,ADHD
826,Non-Target,No,0,None,ADHD
827,Target,Yes,892,None,ADHD
828,Non-Target,Yes,581,Commission,ADHD
829,Target,Yes,647,None,ADHD
830,Non-Target,No,0,None,ADHD
831,Non-Target,No,0,None,ADHD
832,Non-Target,Yes,814,Commission,ADHD
833,Non-Target,Yes,838,Commission,ADHD
834,Non-Target,No,0,None,ADHD
835,Target,Yes,965,None,ADHD
836,Target,Yes,592,None,ADHD
837,Non-Target,No,0,None,ADHD
838,Target,Yes,875,None,ADHD
839,Target,Yes,770,None,ADHD
840,Target,Yes,585,None,ADHD
841,Non-Target,No,0,None,ADHD
842,Non-Target,Yes,740,Commission,ADHD
843,Non-Target,No,0,None,ADHD
844,Non-Target,No,0,None,ADHD
845,Non-Target,No,0,None,ADHD
846,Non-Target,No,0,None,ADHD
847,Non-Target,No,0,None,ADHD
848,Non-Target,No,0,None,ADHD
849,Non-Target,No,0,None,ADHD
850,Target,Yes,714,None,ADHD
851,Non-Target,No,0,None,ADHD
852,Non-Target,No,0,None,ADHD
853,Non-Target,No,0,None,ADHD
854,Non-Target,Yes,726,Commission,ADHD
855,Target,Yes,780,None,ADHD
856,Target,Yes,823,None,ADHD
857,Non-Target,No,0,None,ADHD
858,Target,Yes,806,None,ADHD
859,Non-Target,No,0,None,ADHD
860,Target,Yes,667,None,ADHD
861,Target,No,0,Omission,ADHD
862,Target,Yes,678,None,ADHD
863,Target,Yes,664,None,ADHD
864,Non-Target,No,0,None,ADHD
865,Non-Target,Yes,1010,Commission,ADHD
866,Non-Target,No,0,None,ADHD
867,Non-Target,Yes,681,Commission,ADHD
868,Target,Yes,837,None,ADHD
869,Non-Target,No,0,None,ADHD
870,Non-Target,No,0,None,ADHD
871,Non-Target,Yes,843,Commission,ADHD
872,Non-Target,No,0,None,ADHD
873,Non-Target,No,0,None,ADHD
874,Non-Target,No,0,None,ADHD
875,Non-Target,No,0,None,ADHD
876,Non-Target,Yes,635,Commission,ADHD
877,Non-Target,Yes,781,Commission,ADHD
878,Non-Target,No,0,None,ADHD
879,Non-Target,No,0,None,ADHD
880,Non-Target,No,0,None,ADHD
881,Non-Target,No,0,None,ADHD
882,Target,Yes,701,None,ADHD
883,Non-Target,No,0,None,ADHD
884,Target,Yes,838,None,ADHD
885,Non-Target,No,0,None,ADHD
886,Non-Target,No,0,None,ADHD
887,Non-Target,Yes,794,Commission,ADHD
888,Non-Target,No,0,None,ADHD
889,Non-Target,No,0,None,ADHD
890,Non-Target,No,0,None,ADHD
891,Target,Yes,872,None,ADHD
892,Non-Target,No,0,None,ADHD
893,Non-Target,Yes,651,Commission,ADHD
894,Non-Target,No,0,None,ADHD
895,Non-Target,No,0,None,ADHD
896,Non-Target,No,0,None,ADHD
897,Non-Target,No,0,None,ADHD
898,Non-Target,Yes,492,Commission,ADHD
899,Non-Target,No,0,None,ADHD
900,Non-Target,No,0,None,ADHD
901,Non-Target,No,0,None,ADHD
902,Target,Yes,899,None,ADHD
903,Target,Yes,759,None,ADHD
904,Target,Yes,409,None,ADHD
905,Non-Target,No,0,None,ADHD
906,Non-Target,Yes,662,Commission,ADHD
907,Non-Target,No,0,None,ADHD
908,Non-Target,Yes,914,Commission,ADHD
909,Non-Target,No,0,None,ADHD
910,Non-Target,No,0,None,ADHD
911,Non-Target,No,0,None,ADHD
912,Non-Target,Yes,651,Commission,ADHD
913,Non-Target,No,0,None,ADHD
914,Non-Target,No,0,None,ADHD
915,Target,Yes,549,None,ADHD
916,Non-Target,No,0,None,ADHD
917,Non-Target,Yes,816,Commission,ADHD
918,Non-Target,No,0,None,ADHD
919,Non-Target,No,0,None,ADHD
920,Target,Yes,743,None,ADHD
921,Non-Target,No,0,None,ADHD
922,Target,Yes,676,None,ADHD
923,Non-Target,No,0,None,ADHD
924,Non-Target,No,0,None,ADHD
925,Non-Target,No,0,None,ADHD
926,Target,Yes,1077,None,ADHD
927,Non-Target,Yes,509,Commission,ADHD
928,Target,Yes,794,None,ADHD
929,Target,No,0,Omission,ADHD
930,Non-Target,Yes,769,Commission,ADHD
931,Target,Yes,798,None,ADHD
932,Non-Target,No,0,None,ADHD
933,Non-Target,No,0,None,ADHD
934,Non-Target,No,0,None,ADHD
935,Target,Yes,702,None,ADHD
936,Non-Target,No,0,None,ADHD
937,Non-Target,No,0,None,ADHD
938,Non-Target,No,0,None,ADHD
939,Non-Target,Yes,788,Commission,ADHD
940,Non-Target,No,0,None,ADHD
941,Non-Target,Yes,795,Commission,ADHD
942,Non-Target,No,0,None,ADHD
943,Target,No,0,Omission,ADHD
944,Target,No,0,Omission,ADHD
945,Non-Target,No,0,None,ADHD
946,Non-Target,No,0,None,ADHD
947,Target,Yes,901,None,ADHD
948,Non-Target,No,0,None,ADHD
949,Non-Target,No,0,None,ADHD
950,Non-Target,No,0,None,ADHD
951,Non-Target,No,0,None,ADHD
952,Non-Target,Yes,584,Commission,ADHD
953,Non-Target,No,0,None,ADHD
954,Non-Target,No,0,None,ADHD
955,Non-Target,Yes,639,Commission,ADHD
956,Non-Target,No,0,None,ADHD
957,Target,Yes,776,None,ADHD
958,Non-Target,No,0,None,ADHD
959,Non-Target,No,0,None,ADHD
960,Non-Target,No,0,None,ADHD
961,Non-Target,No,0,None,ADHD
962,Non-Target,No,0,None,ADHD
963,Target,Yes,817,None,ADHD
964,Non-Target,No,0,None,ADHD
965,Non-Target,Yes,664,Commission,ADHD
966,Target,Yes,696,None,ADHD
967,Non-Target,No,0,None,ADHD
968,Target,No,0,Omission,ADHD
969,Non-Target,No,0,None,ADHD
970,Target,Yes,515,None,ADHD
971,Non-Target,No,0,None,ADHD
972,Non-Target,No,0,None,ADHD
973,Target,Yes,641,None,ADHD
974,Non-Target,No,0,None,ADHD
975,Non-Target,Yes,794,Commission,ADHD
976,Non-Target,No,0,None,ADHD
977,Non-Target,No,0,None,ADHD
978,Target,Yes,742,None,ADHD
979,Non-Target,Yes,674,Commission,ADHD
980,Target,No,0,Omission,ADHD
981,Non-Target,Yes,735,Commission,ADHD
982,Target,Yes,728,None,ADHD
983,Target,Yes,723,None,ADHD
984,Non-Target,No,0,None,ADHD
985,Target,Yes,593,None,ADHD
986,Non-Target,No,0,None,ADHD
987,Target,Yes,849,None,ADHD
988,Non-Target,No,0,None,ADHD
989,Non-Target,No,0,None,ADHD
990,Non-Target,No,0,None,ADHD
991,Target,Yes,948,None,ADHD
992,Non-Target,No,0,None,ADHD
993,Target,Yes,908,None,ADHD
994,Target,Yes,428,None,ADHD
995,Non-Target,Yes,915,Commission,ADHD
996,Target,Yes,697,None,ADHD
997,Target,Yes,775,None,ADHD
998,Non-Target,Yes,726,Commission,ADHD
999,Non-Target,No,0,None,ADHD
1000,Target,Yes,670,None,ADHD
1001,Non-Target,No,0,None,ADHD
1002,Non-Target,No,0,None,ADHD
1003,Non-Target,No,0,None,ADHD
1004,Non-Target,No,0,None,ADHD
1005,Target,Yes,401,None,ADHD
1006,Non-Target,Yes,734,Commission,ADHD
1007,Target,Yes,935,None,ADHD
1008,Target,Yes,594,None,ADHD
1009,Non-Target,No,0,None,ADHD
1010,Non-Target,No,0,None,ADHD
1011,Non-Target,No,0,None,ADHD
1012,Target,Yes,736,None,ADHD
1013,Target,Yes,894,None,ADHD
1014,Target,Yes,793,None,ADHD
1015,Non-Target,Yes,784,Commission,ADHD
1016,Non-Target,No,0,None,ADHD
1017,Non-Target,No,0,None,ADHD
1018,Non-Target,Yes,740,Commission,ADHD
1019,Non-Target,No,0,None,ADHD
1020,Non-Target,No,0,None,ADHD
1021,Target,No,0,Omission,ADHD
1022,Non-Target,No,0,None,ADHD
1023,Target,No,0,Omission,ADHD
1024,Target,Yes,683,None,ADHD
1025,Target,Yes,853,None,ADHD
1026,Target,Yes,645,None,ADHD
1027,Non-Target,No,0,None,ADHD
1028,Non-Target,No,0,None,ADHD
1029,Target,Yes,408,None,ADHD
1030,Non-Target,No,0,None,ADHD
1031,Non-Target,Yes,751,Commission,ADHD
1032,Target,No,0,Omission,ADHD
1033,Non-Target,Yes,690,Commission,ADHD
1034,Non-Target,No,0,None,ADHD
1035,Target,Yes,881,None,ADHD
1036,Non-Target,Yes,923,Commission,ADHD
1037,Target,Yes,746,None,ADHD
1038,Non-Target,No,0,None,ADHD
1039,Target,Yes,738,None,ADHD
1040,Non-Target,No,0,None,ADHD
1041,Target,Yes,857,None,ADHD
1042,Target,No,0,Omission,ADHD
1043,Non-Target,No,0,None,ADHD
1044,Non-Target,No,0,None,ADHD
1045,Target,Yes,683,None,ADHD
1046,Non-Target,No,0,None,ADHD
1047,Non-Target,No,0,None,ADHD
1048,Non-Target,No,0,None,ADHD
1049,Non-Target,Yes,750,Commission,ADHD
1050,Target,Yes,522,None,ADHD
1051,Non-Target,No,0,None,ADHD
1052,Non-Target,No,0,None,ADHD
1053,Target,Yes,803,None,ADHD
1054,Non-Target,No,0,None,ADHD
1055,Non-Target,No,0,None,ADHD
1056,Target,Yes,807,None,ADHD
1057,Target,Yes,728,None,ADHD
1058,Target,Yes,736,None,ADHD
1059,Target,Yes,899,None,ADHD
1060,Target,Yes,655,None,ADHD
1061,Non-Target,Yes,721,Commission,ADHD
1062,Target,No,0,Omission,ADHD
1063,Non-Target,No,0,None,ADHD
1064,Target,Yes,673,None,ADHD
1065,Target,Yes,911,None,ADHD
1066,Target,Yes,895,None,ADHD
1067,Target,Yes,550,None,ADHD
1068,Non-Target,No,0,None,ADHD
1069,Non-Target,No,0,None,ADHD
1070,Non-Target,No,0,None,ADHD
1071,Target,Yes,779,None,ADHD
1072,Non-Target,Yes,737,Commission,ADHD
1073,Non-Target,No,0,None,ADHD
1074,Target,Yes,624,None,ADHD
1075,Non-Target,No,0,None,ADHD
1076,Non-Target,No,0,None,ADHD
1077,Non-Target,No,0,None,ADHD
1078,Non-Target,No,0,None,ADHD
1079,Target,Yes,805,None,ADHD
1080,Target,Yes,635,None,ADHD
1081,Non-Target,No,0,None,ADHD
1082,Target,No,0,Omission,ADHD
1083,Target,Yes,973,None,ADHD
1084,Target,Yes,920,None,ADHD
1085,Non-Target,No,0,None,ADHD
1086,Non-Target,Yes,716,Commission,ADHD
1087,Non-Target,No,0,None,ADHD
1088,Non-Target,No,0,None,ADHD
1089,Non-Target,No,0,None,ADHD
1090,Non-Target,No,0,None,ADHD
1091,Target,Yes,494,None,ADHD
1092,Non-Target,No,0,None,ADHD
1093,Target,Yes,570,None,ADHD
1094,Non-Target,No,0,None,ADHD
1095,Non-Target,No,0,None,ADHD
1096,Non-Target,No,0,None,ADHD
1097,Non-Target,No,0,None,ADHD
1098,Non-Target,No,0,None,ADHD
1099,Non-Target,Yes,760,Commission,ADHD
1100,Non-Target,No,0,None,ADHD
1101,Non-Target,No,0,None,ADHD
1102,Non-Target,No,0,None,ADHD
1103,Target,Yes,726,None,ADHD
1104,Target,Yes,794,None,ADHD
1105,Non-Target,No,0,None,ADHD
1106,Non-Target,No,0,None,ADHD
1107,Target,Yes,771,None,ADHD
1108,Target,Yes,630,None,ADHD
1109,Target,Yes,602,None,ADHD
1110,Non-Target,No,0,None,ADHD
1111,Non-Target,No,0,None,ADHD
1112,Non-Target,No,0,None,ADHD
1113,Target,Yes,803,None,ADHD
1114,Non-Target,No,0,None,ADHD
1115,Target,No,0,Omission,ADHD
1116,Non-Target,No,0,None,ADHD
1117,Non-Target,No,0,None,ADHD
1118,Non-Target,No,0,None,ADHD
1119,Non-Target,No,0,None,ADHD
1120,Target,Yes,726,None,ADHD
1121,Target,Yes,495,None,ADHD
1122,Target,Yes,729,None,ADHD
1123,Non-Target,No,0,None,ADHD
1124,Non-Target,No,0,None,ADHD
1125,Non-Target,No,0,None,ADHD
1126,Non-Target,No,0,None,ADHD
1127,Non-Target,No,0,None,ADHD
1128,Target,Yes,810,None,ADHD
1129,Non-Target,No,0,None,ADHD
1130,Non-Target,No,0,None,ADHD
1131,Non-Target,No,0,None,ADHD
1132,Non-Target,No,0,None,ADHD
1133,Non-Target,No,0,None,ADHD
1134,Non-Target,No,0,None,ADHD
1135,Non-Target,No,0,None,ADHD
1136,Target,Yes,524,None,ADHD
1137,Non-Target,Yes,656,Commission,ADHD
1138,Non-Target,No,0,None,ADHD
1139,Target,Yes,790,None,ADHD
1140,Target,No,0,Omission,ADHD
1141,Target,Yes,902,None,ADHD
1142,Non-Target,Yes,558,Commission,ADHD
1143,Non-Target,No,0,None,ADHD
1144,Non-Target,No,0,None,ADHD
1145,Non-Target,No,0,None,ADHD
1146,Non-Target,No,0,None,ADHD
1147,Non-Target,No,0,None,ADHD
1148,Non-Target,No,0,None,ADHD
1149,Non-Target,No,0,None,ADHD
1150,Target,Yes,641,None,ADHD
1151,Non-Target,No,0,None,ADHD
1152,Non-Target,No,0,None,ADHD
1153,Non-Target,No,0,None,ADHD
1154,Target,Yes,758,None,ADHD
1155,Non-Target,No,0,None,ADHD
1156,Non-Target,No,0,None,ADHD
1157,Non-Target,Yes,805,Commission,ADHD
1158,Non-Target,No,0,None,ADHD
1159,Non-Target,Yes,770,Commission,ADHD
1160,Non-Target,No,0,None,ADHD
1161,Non-Target,No,0,None,ADHD
1162,Non-Target,No,0,None,ADHD
1163,Non-Target,No,0,None,ADHD
1164,Non-Target,No,0,None,ADHD
1165,Non-Target,Yes,677,Commission,ADHD
1166,Non-Target,No,0,None,ADHD
1167,Target,Yes,768,None,ADHD
1168,Non-Target,No,0,None,ADHD
1169,Non-Target,No,0,None,ADHD
1170,Non-Target,No,0,None,ADHD
1171,Target,Yes,456,None,ADHD
1172,Target,Yes,721,None,ADHD
1173,Target,No,0,Omission,ADHD
1174,Non-Target,Yes,537,Commission,ADHD
1175,Non-Target,No,0,None,ADHD
1176,Target,Yes,935,None,ADHD
1177,Non-Target,Yes,784,Commission,ADHD
1178,Non-Target,No,0,None,ADHD
1179,Non-Target,No,0,None,ADHD
1180,Target,Yes,741,None,ADHD
1181,Target,Yes,912,None,ADHD
1182,Non-Target,No,0,None,ADHD
1183,Non-Target,Yes,755,Commission,ADHD
1184,Target,Yes,775,None,ADHD
1185,Non-Target,No,0,None,ADHD
1186,Target,No,0,Omission,ADHD
1187,Non-Target,No,0,None,ADHD
1188,Target,Yes,760,None,ADHD
1189,Non-Target,No,0,None,ADHD
1190,Non-Target,Yes,714,Commission,ADHD
1191,Non-Target,No,0,None,ADHD
1192,Non-Target,No,0,None,ADHD
1193,Target,Yes,837,None,ADHD
1194,Non-Target,Yes,965,Commission,ADHD
1195,Non-Target,No,0,None,ADHD
1196,Non-Target,No,0,None,ADHD
1197,Non-Target,No,0,None,ADHD
1198,Non-Target,No,0,None,ADHD
1199,Target,Yes,855,None,ADHD
1200,Non-Target,No,0,None,ADHD
