Trial,StimulusType,Reaction,ReactionTime(ms),ErrorType,Label
1,Non-Target,No,0,None,ADHD
2,Non-Target,No,0,None,ADHD
3,Non-Target,No,0,None,ADHD
4,Non-Target,No,0,None,ADHD
5,Non-Target,No,0,None,ADHD
6,Non-Target,No,0,None,ADHD
7,Non-Target,No,0,None,ADHD
8,Non-Target,No,0,None,ADHD
9,Non-Target,No,0,None,ADHD
10,Non-Target,No,0,None,ADHD
11,Non-Target,Yes,821,Commission,ADHD
12,Non-Target,Yes,877,Commission,ADHD
13,Target,Yes,734,None,ADHD
14,Non-Target,No,0,None,ADHD
15,Non-Target,Yes,883,Commission,ADHD
16,Target,Yes,805,None,ADHD
17,Non-Target,No,0,None,ADHD
18,Non-Target,No,0,None,ADHD
19,Target,No,0,Omission,ADHD
20,Non-Target,No,0,None,ADHD
21,Non-Target,Yes,1008,Commission,ADHD
22,Non-Target,Yes,886,Commission,ADHD
23,Target,Yes,825,None,ADHD
24,Target,Yes,660,None,ADHD
25,Target,Yes,649,None,ADHD
26,Non-Target,Yes,763,Commission,ADHD
27,Target,Yes,783,None,ADHD
28,Non-Target,No,0,None,ADHD
29,Non-Target,No,0,None,ADHD
30,Non-Target,Yes,955,Commission,ADHD
31,Non-Target,No,0,None,ADHD
32,Non-Target,No,0,None,ADHD
33,Non-Target,No,0,None,ADHD
34,Non-Target,No,0,None,ADHD
35,Target,Yes,950,None,ADHD
36,Non-Target,No,0,None,ADHD
37,Non-Target,No,0,None,ADHD
38,Non-Target,No,0,None,ADHD
39,Target,Yes,739,None,ADHD
40,Non-Target,No,0,None,ADHD
41,Target,Yes,822,None,ADHD
42,Target,Yes,666,None,ADHD
43,Non-Target,No,0,None,ADHD
44,Non-Target,Yes,673,Commission,ADHD
45,Non-Target,No,0,None,ADHD
46,Non-Target,No,0,None,ADHD
47,Non-Target,No,0,None,ADHD
48,Non-Target,No,0,None,ADHD
49,Target,Yes,594,None,ADHD
50,Non-Target,No,0,None,ADHD
51,Non-Target,No,0,None,ADHD
52,Target,Yes,884,None,ADHD
53,Non-Target,Yes,695,Commission,ADHD
54,Non-Target,No,0,None,ADHD
55,Non-Target,Yes,904,Commission,ADHD
56,Non-Target,No,0,None,ADHD
57,Non-Target,No,0,None,ADHD
58,Non-Target,No,0,None,ADHD
59,Non-Target,No,0,None,ADHD
60,Non-Target,No,0,None,ADHD
61,Non-Target,No,0,None,ADHD
62,Non-Target,No,0,None,ADHD
63,Non-Target,No,0,None,ADHD
64,Non-Target,No,0,None,ADHD
65,Target,Yes,710,None,ADHD
66,Non-Target,No,0,None,ADHD
67,Non-Target,No,0,None,ADHD
68,Target,Yes,840,None,ADHD
69,Non-Target,No,0,None,ADHD
70,Non-Target,Yes,489,Commission,ADHD
71,Non-Target,No,0,None,ADHD
72,Non-Target,No,0,None,ADHD
73,Non-Target,No,0,None,ADHD
74,Non-Target,No,0,None,ADHD
75,Target,Yes,482,None,ADHD
76,Non-Target,No,0,None,ADHD
77,Non-Target,No,0,None,ADHD
78,Target,No,0,Omission,ADHD
79,Non-Target,No,0,None,ADHD
80,Non-Target,No,0,None,ADHD
81,Target,Yes,613,None,ADHD
82,Target,Yes,675,None,ADHD
83,Non-Target,Yes,789,Commission,ADHD
84,Non-Target,No,0,None,ADHD
85,Non-Target,No,0,None,ADHD
86,Target,Yes,684,None,ADHD
87,Non-Target,No,0,None,ADHD
88,Non-Target,No,0,None,ADHD
89,Non-Target,No,0,None,ADHD
90,Target,Yes,846,None,ADHD
91,Non-Target,No,0,None,ADHD
92,Non-Target,No,0,None,ADHD
93,Non-Target,No,0,None,ADHD
94,Target,No,0,Omission,ADHD
95,Non-Target,No,0,None,ADHD
96,Non-Target,No,0,None,ADHD
97,Non-Target,No,0,None,ADHD
98,Non-Target,No,0,None,ADHD
99,Target,Yes,598,None,ADHD
100,Non-Target,No,0,None,ADHD
101,Target,Yes,873,None,ADHD
102,Non-Target,No,0,None,ADHD
103,Target,Yes,787,None,ADHD
104,Non-Target,No,0,None,ADHD
105,Non-Target,No,0,None,ADHD
106,Non-Target,Yes,708,Commission,ADHD
107,Non-Target,Yes,792,Commission,ADHD
108,Non-Target,No,0,None,ADHD
109,Non-Target,No,0,None,ADHD
110,Non-Target,No,0,None,ADHD
111,Non-Target,Yes,526,Commission,ADHD
112,Target,Yes,448,None,ADHD
113,Non-Target,No,0,None,ADHD
114,Non-Target,No,0,None,ADHD
115,Non-Target,No,0,None,ADHD
116,Non-Target,No,0,None,ADHD
117,Non-Target,No,0,None,ADHD
118,Non-Target,Yes,762,Commission,ADHD
119,Non-Target,No,0,None,ADHD
120,Target,No,0,Omission,ADHD
121,Target,Yes,995,None,ADHD
122,Target,Yes,772,None,ADHD
123,Target,Yes,616,None,ADHD
124,Non-Target,No,0,None,ADHD
125,Non-Target,No,0,None,ADHD
126,Non-Target,No,0,None,ADHD
127,Target,Yes,672,None,ADHD
128,Non-Target,No,0,None,ADHD
129,Target,No,0,Omission,ADHD
130,Target,Yes,964,None,ADHD
131,Non-Target,No,0,None,ADHD
132,Non-Target,No,0,None,ADHD
133,Non-Target,No,0,None,ADHD
134,Non-Target,No,0,None,ADHD
135,Non-Target,No,0,None,ADHD
136,Non-Target,Yes,633,Commission,ADHD
137,Non-Target,No,0,None,ADHD
138,Target,Yes,919,None,ADHD
139,Target,Yes,622,None,ADHD
140,Non-Target,No,0,None,ADHD
141,Non-Target,Yes,990,Commission,ADHD
142,Target,Yes,923,None,ADHD
143,Non-Target,No,0,None,ADHD
144,Non-Target,No,0,None,ADHD
145,Target,Yes,937,None,ADHD
146,Target,Yes,724,None,ADHD
147,Non-Target,Yes,568,Commission,ADHD
148,Non-Target,No,0,None,ADHD
149,Non-Target,No,0,None,ADHD
150,Non-Target,No,0,None,ADHD
151,Non-Target,No,0,None,ADHD
152,Target,Yes,731,None,ADHD
153,Non-Target,No,0,None,ADHD
154,Non-Target,No,0,None,ADHD
155,Non-Target,No,0,None,ADHD
156,Target,Yes,931,None,ADHD
157,Non-Target,No,0,None,ADHD
158,Non-Target,No,0,None,ADHD
159,Non-Target,No,0,None,ADHD
160,Non-Target,No,0,None,ADHD
161,Non-Target,No,0,None,ADHD
162,Target,Yes,871,None,ADHD
163,Non-Target,No,0,None,ADHD
164,Target,Yes,685,None,ADHD
165,Non-Target,No,0,None,ADHD
166,Target,Yes,719,None,ADHD
167,Non-Target,Yes,755,Commission,ADHD
168,Non-Target,No,0,None,ADHD
169,Non-Target,No,0,None,ADHD
170,Non-Target,No,0,None,ADHD
171,Non-Target,No,0,None,ADHD
172,Target,Yes,445,None,ADHD
173,Target,Yes,822,None,ADHD
174,Target,Yes,739,None,ADHD
175,Non-Target,No,0,None,ADHD
176,Non-Target,No,0,None,ADHD
177,Non-Target,No,0,None,ADHD
178,Non-Target,No,0,None,ADHD
179,Non-Target,No,0,None,ADHD
180,Target,Yes,884,None,ADHD
181,Non-Target,No,0,None,ADHD
182,Non-Target,No,0,None,ADHD
183,Non-Target,No,0,None,ADHD
184,Target,No,0,Omission,ADHD
185,Non-Target,No,0,None,ADHD
186,Target,Yes,758,None,ADHD
187,Non-Target,No,0,None,ADHD
188,Non-Target,No,0,None,ADHD
189,Non-Target,No,0,None,ADHD
190,Non-Target,Yes,590,Commission,ADHD
191,Non-Target,No,0,None,ADHD
192,Non-Target,No,0,None,ADHD
193,Target,No,0,Omission,ADHD
194,Non-Target,No,0,None,ADHD
195,Non-Target,No,0,None,ADHD
196,Non-Target,No,0,None,ADHD
197,Non-Target,Yes,685,Commission,ADHD
198,Target,No,0,Omission,ADHD
199,Non-Target,No,0,None,ADHD
200,Non-Target,No,0,None,ADHD
201,Non-Target,No,0,None,ADHD
202,Target,Yes,654,None,ADHD
203,Non-Target,Yes,671,Commission,ADHD
204,Target,Yes,762,None,ADHD
205,Target,No,0,Omission,ADHD
206,Non-Target,No,0,None,ADHD
207,Target,Yes,971,None,ADHD
208,Non-Target,No,0,None,ADHD
209,Non-Target,No,0,None,ADHD
210,Non-Target,No,0,None,ADHD
211,Non-Target,No,0,None,ADHD
212,Target,Yes,681,None,ADHD
213,Non-Target,No,0,None,ADHD
214,Non-Target,No,0,None,ADHD
215,Non-Target,No,0,None,ADHD
216,Target,Yes,812,None,ADHD
217,Non-Target,No,0,None,ADHD
218,Non-Target,No,0,None,ADHD
219,Non-Target,No,0,None,ADHD
220,Non-Target,No,0,None,ADHD
221,Non-Target,No,0,None,ADHD
222,Target,Yes,859,None,ADHD
223,Target,Yes,622,None,ADHD
224,Non-Target,No,0,None,ADHD
225,Non-Target,No,0,None,ADHD
226,Target,No,0,Omission,ADHD
227,Target,Yes,1053,None,ADHD
228,Non-Target,No,0,None,ADHD
229,Target,Yes,966,None,ADHD
230,Non-Target,Yes,901,Commission,ADHD
231,Target,Yes,735,None,ADHD
232,Target,Yes,574,None,ADHD
233,Target,Yes,1031,None,ADHD
234,Target,Yes,808,None,ADHD
235,Non-Target,No,0,None,ADHD
236,Non-Target,No,0,None,ADHD
237,Target,No,0,Omission,ADHD
238,Non-Target,No,0,None,ADHD
239,Non-Target,Yes,681,Commission,ADHD
240,Target,Yes,969,None,ADHD
241,Non-Target,Yes,786,Commission,ADHD
242,Non-Target,No,0,None,ADHD
243,Non-Target,Yes,684,Commission,ADHD
244,Non-Target,No,0,None,ADHD
245,Non-Target,No,0,None,ADHD
246,Non-Target,No,0,None,ADHD
247,Non-Target,No,0,None,ADHD
248,Non-Target,No,0,None,ADHD
249,Non-Target,No,0,None,ADHD
250,Non-Target,No,0,None,ADHD
251,Non-Target,No,0,None,ADHD
252,Non-Target,No,0,None,ADHD
253,Non-Target,No,0,None,ADHD
254,Non-Target,No,0,None,ADHD
255,Non-Target,No,0,None,ADHD
256,Target,Yes,539,None,ADHD
257,Non-Target,No,0,None,ADHD
258,Target,Yes,1027,None,ADHD
259,Target,Yes,604,None,ADHD
260,Target,Yes,661,None,ADHD
261,Non-Target,No,0,None,ADHD
262,Non-Target,Yes,691,Commission,ADHD
263,Non-Target,No,0,None,ADHD
264,Non-Target,No,0,None,ADHD
265,Non-Target,No,0,None,ADHD
266,Target,Yes,547,None,ADHD
267,Non-Target,No,0,None,ADHD
268,Non-Target,No,0,None,ADHD
269,Non-Target,No,0,None,ADHD
270,Non-Target,No,0,None,ADHD
271,Non-Target,No,0,None,ADHD
272,Target,Yes,699,None,ADHD
273,Target,No,0,Omission,ADHD
274,Target,Yes,588,None,ADHD
275,Target,Yes,1069,None,ADHD
276,Non-Target,No,0,None,ADHD
277,Non-Target,No,0,None,ADHD
278,Target,Yes,575,None,ADHD
279,Non-Target,No,0,None,ADHD
280,Non-Target,No,0,None,ADHD
281,Target,Yes,726,None,ADHD
282,Target,Yes,718,None,ADHD
283,Non-Target,No,0,None,ADHD
284,Target,Yes,699,None,ADHD
285,Non-Target,No,0,None,ADHD
286,Non-Target,No,0,None,ADHD
287,Non-Target,Yes,578,Commission,ADHD
288,Non-Target,No,0,None,ADHD
289,Non-Target,Yes,817,Commission,ADHD
290,Non-Target,No,0,None,ADHD
291,Non-Target,Yes,1035,Commission,ADHD
292,Non-Target,Yes,729,Commission,ADHD
293,Target,Yes,815,None,ADHD
294,Non-Target,No,0,None,ADHD
295,Non-Target,No,0,None,ADHD
296,Target,No,0,Omission,ADHD
297,Non-Target,No,0,None,ADHD
298,Target,Yes,941,None,ADHD
299,Non-Target,No,0,None,ADHD
300,Non-Target,No,0,None,ADHD
301,Non-Target,No,0,None,ADHD
302,Target,Yes,860,None,ADHD
303,Non-Target,No,0,None,ADHD
304,Target,Yes,758,None,ADHD
305,Non-Target,No,0,None,ADHD
306,Target,Yes,510,None,ADHD
307,Non-Target,Yes,849,Commission,ADHD
308,Non-Target,No,0,None,ADHD
309,Non-Target,Yes,579,Commission,ADHD
310,Target,No,0,Omission,ADHD
311,Target,Yes,883,None,ADHD
312,Target,Yes,944,None,ADHD
313,Non-Target,No,0,None,ADHD
314,Non-Target,No,0,None,ADHD
315,Target,Yes,699,None,ADHD
316,Non-Target,No,0,None,ADHD
317,Non-Target,No,0,None,ADHD
318,Non-Target,No,0,None,ADHD
319,Non-Target,No,0,None,ADHD
320,Non-Target,No,0,None,ADHD
321,Non-Target,No,0,None,ADHD
322,Non-Target,Yes,849,Commission,ADHD
323,Non-Target,Yes,638,Commission,ADHD
324,Non-Target,Yes,1099,Commission,ADHD
325,Non-Target,No,0,None,ADHD
326,Non-Target,No,0,None,ADHD
327,Non-Target,Yes,660,Commission,ADHD
328,Non-Target,Yes,872,Commission,ADHD
329,Target,Yes,760,None,ADHD
330,Target,Yes,689,None,ADHD
331,Non-Target,No,0,None,ADHD
332,Target,Yes,886,None,ADHD
333,Non-Target,No,0,None,ADHD
334,Target,Yes,641,None,ADHD
335,Non-Target,No,0,None,ADHD
336,Non-Target,No,0,None,ADHD
337,Non-Target,No,0,None,ADHD
338,Target,Yes,674,None,ADHD
339,Non-Target,No,0,None,ADHD
340,Non-Target,No,0,None,ADHD
341,Non-Target,No,0,None,ADHD
342,Target,Yes,753,None,ADHD
343,Non-Target,No,0,None,ADHD
344,Non-Target,No,0,None,ADHD
345,Non-Target,No,0,None,ADHD
346,Non-Target,No,0,None,ADHD
347,Non-Target,No,0,None,ADHD
348,Non-Target,No,0,None,ADHD
349,Non-Target,No,0,None,ADHD
350,Non-Target,Yes,571,Commission,ADHD
351,Non-Target,No,0,None,ADHD
352,Target,Yes,743,None,ADHD
353,Target,Yes,906,None,ADHD
354,Non-Target,No,0,None,ADHD
355,Non-Target,No,0,None,ADHD
356,Non-Target,Yes,689,Commission,ADHD
357,Target,Yes,742,None,ADHD
358,Non-Target,No,0,None,ADHD
359,Target,Yes,582,None,ADHD
360,Non-Target,Yes,856,Commission,ADHD
361,Non-Target,No,0,None,ADHD
362,Non-Target,No,0,None,ADHD
363,Non-Target,No,0,None,ADHD
364,Non-Target,No,0,None,ADHD
365,Target,Yes,889,None,ADHD
366,Non-Target,Yes,717,Commission,ADHD
367,Non-Target,No,0,None,ADHD
368,Non-Target,No,0,None,ADHD
369,Target,Yes,713,None,ADHD
370,Non-Target,No,0,None,ADHD
371,Non-Target,Yes,762,Commission,ADHD
372,Non-Target,No,0,None,ADHD
373,Non-Target,No,0,None,ADHD
374,Non-Target,No,0,None,ADHD
375,Non-Target,No,0,None,ADHD
376,Target,Yes,929,None,ADHD
377,Non-Target,No,0,None,ADHD
378,Non-Target,No,0,None,ADHD
379,Non-Target,No,0,None,ADHD
380,Non-Target,No,0,None,ADHD
381,Non-Target,No,0,None,ADHD
382,Non-Target,No,0,None,ADHD
383,Non-Target,No,0,None,ADHD
384,Non-Target,Yes,628,Commission,ADHD
385,Non-Target,Yes,751,Commission,ADHD
386,Non-Target,No,0,None,ADHD
387,Non-Target,No,0,None,ADHD
388,Non-Target,Yes,343,Commission,ADHD
389,Non-Target,No,0,None,ADHD
390,Non-Target,Yes,589,Commission,ADHD
391,Target,Yes,636,None,ADHD
392,Non-Target,No,0,None,ADHD
393,Non-Target,No,0,None,ADHD
394,Non-Target,No,0,None,ADHD
395,Non-Target,No,0,None,ADHD
396,Target,No,0,Omission,ADHD
397,Target,No,0,Omission,ADHD
398,Non-Target,Yes,890,Commission,ADHD
399,Non-Target,Yes,724,Commission,ADHD
400,Non-Target,Yes,489,Commission,ADHD
401,Target,Yes,801,None,ADHD
402,Non-Target,No,0,None,ADHD
403,Target,Yes,698,None,ADHD
404,Non-Target,Yes,671,Commission,ADHD
405,Non-Target,No,0,None,ADHD
406,Non-Target,Yes,518,Commission,ADHD
407,Target,Yes,692,None,ADHD
408,Target,Yes,551,None,ADHD
409,Target,Yes,666,None,ADHD
410,Target,Yes,813,None,ADHD
411,Non-Target,Yes,858,Commission,ADHD
412,Non-Target,Yes,638,Commission,ADHD
413,Non-Target,No,0,None,ADHD
414,Non-Target,No,0,None,ADHD
415,Non-Target,No,0,None,ADHD
416,Non-Target,Yes,664,Commission,ADHD
417,Non-Target,No,0,None,ADHD
418,Target,Yes,653,None,ADHD
419,Non-Target,No,0,None,ADHD
420,Target,No,0,Omission,ADHD
421,Non-Target,No,0,None,ADHD
422,Target,Yes,935,None,ADHD
423,Non-Target,No,0,None,ADHD
424,Non-Target,No,0,None,ADHD
425,Non-Target,Yes,536,Commission,ADHD
426,Non-Target,No,0,None,ADHD
427,Non-Target,No,0,None,ADHD
428,Non-Target,No,0,None,ADHD
429,Non-Target,No,0,None,ADHD
430,Non-Target,No,0,None,ADHD
431,Non-Target,No,0,None,ADHD
432,Non-Target,No,0,None,ADHD
433,Non-Target,Yes,716,Commission,ADHD
434,Target,Yes,1008,None,ADHD
435,Non-Target,No,0,None,ADHD
436,Non-Target,No,0,None,ADHD
437,Target,Yes,890,None,ADHD
438,Non-Target,No,0,None,ADHD
439,Non-Target,No,0,None,ADHD
440,Non-Target,No,0,None,ADHD
441,Non-Target,No,0,None,ADHD
442,Non-Target,Yes,655,Commission,ADHD
443,Non-Target,Yes,731,Commission,ADHD
444,Non-Target,No,0,None,ADHD
445,Non-Target,No,0,None,ADHD
446,Non-Target,No,0,None,ADHD
447,Non-Target,No,0,None,ADHD
448,Non-Target,No,0,None,ADHD
449,Non-Target,No,0,None,ADHD
450,Non-Target,No,0,None,ADHD
451,Non-Target,No,0,None,ADHD
452,Non-Target,Yes,597,Commission,ADHD
453,Non-Target,No,0,None,ADHD
454,Non-Target,No,0,None,ADHD
455,Non-Target,No,0,None,ADHD
456,Non-Target,No,0,None,ADHD
457,Target,Yes,720,None,ADHD
458,Non-Target,No,0,None,ADHD
459,Non-Target,No,0,None,ADHD
460,Non-Target,No,0,None,ADHD
461,Target,Yes,877,None,ADHD
462,Target,Yes,802,None,ADHD
463,Non-Target,No,0,None,ADHD
464,Non-Target,No,0,None,ADHD
465,Non-Target,No,0,None,ADHD
466,Target,No,0,Omission,ADHD
467,Non-Target,No,0,None,ADHD
468,Target,Yes,916,None,ADHD
469,Target,Yes,699,None,ADHD
470,Target,No,0,Omission,ADHD
471,Non-Target,No,0,None,ADHD
472,Target,No,0,Omission,ADHD
473,Non-Target,No,0,None,ADHD
474,Non-Target,No,0,None,ADHD
475,Non-Target,No,0,None,ADHD
476,Target,Yes,855,None,ADHD
477,Non-Target,Yes,727,Commission,ADHD
478,Non-Target,No,0,None,ADHD
479,Non-Target,No,0,None,ADHD
480,Target,No,0,Omission,ADHD
481,Non-Target,No,0,None,ADHD
482,Non-Target,Yes,622,Commission,ADHD
483,Non-Target,Yes,1172,Commission,ADHD
484,Target,Yes,656,None,ADHD
485,Non-Target,No,0,None,ADHD
486,Non-Target,No,0,None,ADHD
487,Non-Target,Yes,782,Commission,ADHD
488,Non-Target,Yes,767,Commission,ADHD
489,Non-Target,No,0,None,ADHD
490,Non-Target,Yes,738,Commission,ADHD
491,Target,No,0,Omission,ADHD
492,Non-Target,No,0,None,ADHD
493,Non-Target,No,0,None,ADHD
494,Non-Target,No,0,None,ADHD
495,Non-Target,No,0,None,ADHD
496,Non-Target,No,0,None,ADHD
497,Non-Target,No,0,None,ADHD
498,Target,Yes,953,None,ADHD
499,Target,Yes,883,None,ADHD
500,Non-Target,No,0,None,ADHD
501,Target,Yes,869,None,ADHD
502,Non-Target,No,0,None,ADHD
503,Non-Target,No,0,None,ADHD
504,Target,Yes,531,None,ADHD
505,Non-Target,Yes,849,Commission,ADHD
506,Non-Target,Yes,878,Commission,ADHD
507,Non-Target,No,0,None,ADHD
508,Target,Yes,784,None,ADHD
509,Target,Yes,542,None,ADHD
510,Target,Yes,836,None,ADHD
511,Target,Yes,586,None,ADHD
512,Target,Yes,679,None,ADHD
513,Non-Target,No,0,None,ADHD
514,Non-Target,No,0,None,ADHD
515,Target,Yes,1023,None,ADHD
516,Non-Target,No,0,None,ADHD
517,Target,Yes,588,None,ADHD
518,Target,Yes,923,None,ADHD
519,Non-Target,No,0,None,ADHD
520,Non-Target,No,0,None,ADHD
521,Non-Target,No,0,None,ADHD
522,Non-Target,Yes,880,Commission,ADHD
523,Target,Yes,711,None,ADHD
524,Target,No,0,Omission,ADHD
525,Target,Yes,807,None,ADHD
526,Non-Target,No,0,None,ADHD
527,Non-Target,Yes,742,Commission,ADHD
528,Non-Target,No,0,None,ADHD
529,Non-Target,Yes,932,Commission,ADHD
530,Non-Target,No,0,None,ADHD
531,Non-Target,No,0,None,ADHD
532,Non-Target,No,0,None,ADHD
533,Target,Yes,522,None,ADHD
534,Target,Yes,721,None,ADHD
535,Non-Target,No,0,None,ADHD
536,Non-Target,No,0,None,ADHD
537,Non-Target,No,0,None,ADHD
538,Target,Yes,943,None,ADHD
539,Non-Target,No,0,None,ADHD
540,Target,No,0,Omission,ADHD
541,Target,Yes,892,None,ADHD
542,Non-Target,No,0,None,ADHD
543,Non-Target,No,0,None,ADHD
544,Target,Yes,797,None,ADHD
545,Non-Target,No,0,None,ADHD
546,Non-Target,No,0,None,ADHD
547,Target,Yes,633,None,ADHD
548,Non-Target,No,0,None,ADHD
549,Target,Yes,683,None,ADHD
550,Non-Target,No,0,None,ADHD
551,Target,Yes,709,None,ADHD
552,Target,Yes,984,None,ADHD
553,Non-Target,No,0,None,ADHD
554,Non-Target,No,0,None,ADHD
555,Non-Target,No,0,None,ADHD
556,Non-Target,No,0,None,ADHD
557,Non-Target,No,0,None,ADHD
558,Target,Yes,529,None,ADHD
559,Non-Target,No,0,None,ADHD
560,Non-Target,No,0,None,ADHD
561,Non-Target,No,0,None,ADHD
562,Target,Yes,709,None,ADHD
563,Non-Target,No,0,None,ADHD
564,Non-Target,No,0,None,ADHD
565,Target,Yes,806,None,ADHD
566,Non-Target,No,0,None,ADHD
567,Non-Target,No,0,None,ADHD
568,Target,Yes,669,None,ADHD
569,Non-Target,No,0,None,ADHD
570,Non-Target,No,0,None,ADHD
571,Target,Yes,673,None,ADHD
572,Non-Target,No,0,None,ADHD
573,Non-Target,No,0,None,ADHD
574,Non-Target,Yes,716,Commission,ADHD
575,Non-Target,No,0,None,ADHD
576,Non-Target,No,0,None,ADHD
577,Target,No,0,Omission,ADHD
578,Target,No,0,Omission,ADHD
579,Non-Target,No,0,None,ADHD
580,Target,Yes,824,None,ADHD
581,Non-Target,No,0,None,ADHD
582,Non-Target,Yes,663,Commission,ADHD
583,Non-Target,No,0,None,ADHD
584,Target,Yes,818,None,ADHD
585,Non-Target,No,0,None,ADHD
586,Target,No,0,Omission,ADHD
587,Non-Target,No,0,None,ADHD
588,Non-Target,Yes,636,Commission,ADHD
589,Non-Target,No,0,None,ADHD
590,Non-Target,No,0,None,ADHD
591,Non-Target,No,0,None,ADHD
592,Target,Yes,856,None,ADHD
593,Non-Target,No,0,None,ADHD
594,Target,Yes,597,None,ADHD
595,Target,Yes,967,None,ADHD
596,Target,Yes,548,None,ADHD
597,Non-Target,No,0,None,ADHD
598,Non-Target,Yes,740,Commission,ADHD
599,Non-Target,No,0,None,ADHD
600,Non-Target,No,0,None,ADHD
601,Target,Yes,745,None,ADHD
602,Non-Target,No,0,None,ADHD
603,Non-Target,No,0,None,ADHD
604,Non-Target,No,0,None,ADHD
605,Non-Target,No,0,None,ADHD
606,Non-Target,No,0,None,ADHD
607,Target,Yes,590,None,ADHD
608,Target,Yes,867,None,ADHD
609,Non-Target,No,0,None,ADHD
610,Non-Target,No,0,None,ADHD
611,Target,Yes,787,None,ADHD
612,Non-Target,No,0,None,ADHD
613,Non-Target,Yes,781,Commission,ADHD
614,Non-Target,No,0,None,ADHD
615,Target,Yes,769,None,ADHD
616,Target,No,0,Omission,ADHD
617,Non-Target,No,0,None,ADHD
618,Non-Target,Yes,627,Commission,ADHD
619,Non-Target,No,0,None,ADHD
620,Non-Target,No,0,None,ADHD
621,Non-Target,Yes,872,Commission,ADHD
622,Non-Target,No,0,None,ADHD
623,Non-Target,No,0,None,ADHD
624,Target,Yes,617,None,ADHD
625,Non-Target,Yes,1039,Commission,ADHD
626,Non-Target,Yes,684,Commission,ADHD
627,Target,Yes,890,None,ADHD
628,Target,Yes,765,None,ADHD
629,Non-Target,Yes,788,Commission,ADHD
630,Target,Yes,877,None,ADHD
631,Target,Yes,459,None,ADHD
632,Non-Target,No,0,None,ADHD
633,Non-Target,No,0,None,ADHD
634,Non-Target,Yes,724,Commission,ADHD
635,Non-Target,No,0,None,ADHD
636,Target,Yes,838,None,ADHD
637,Non-Target,No,0,None,ADHD
638,Non-Target,Yes,841,Commission,ADHD
639,Non-Target,No,0,None,ADHD
640,Non-Target,No,0,None,ADHD
641,Target,Yes,588,None,ADHD
642,Non-Target,No,0,None,ADHD
643,Non-Target,Yes,748,Commission,ADHD
644,Non-Target,No,0,None,ADHD
645,Non-Target,No,0,None,ADHD
646,Target,Yes,893,None,ADHD
647,Non-Target,No,0,None,ADHD
648,Non-Target,No,0,None,ADHD
649,Non-Target,Yes,691,Commission,ADHD
650,Target,Yes,851,None,ADHD
651,Non-Target,No,0,None,ADHD
652,Non-Target,No,0,None,ADHD
653,Target,No,0,Omission,ADHD
654,Non-Target,Yes,729,Commission,ADHD
655,Non-Target,No,0,None,ADHD
656,Non-Target,Yes,785,Commission,ADHD
657,Non-Target,Yes,685,Commission,ADHD
658,Non-Target,Yes,924,Commission,ADHD
659,Non-Target,No,0,None,ADHD
660,Non-Target,No,0,None,ADHD
661,Non-Target,No,0,None,ADHD
662,Non-Target,No,0,None,ADHD
663,Non-Target,No,0,None,ADHD
664,Target,Yes,881,None,ADHD
665,Non-Target,No,0,None,ADHD
666,Non-Target,No,0,None,ADHD
667,Non-Target,No,0,None,ADHD
668,Target,Yes,901,None,ADHD
669,Target,No,0,Omission,ADHD
670,Non-Target,No,0,None,ADHD
671,Non-Target,Yes,789,Commission,ADHD
672,Non-Target,No,0,None,ADHD
673,Target,Yes,496,None,ADHD
674,Target,Yes,1078,None,ADHD
675,Non-Target,No,0,None,ADHD
676,Non-Target,No,0,None,ADHD
677,Target,Yes,686,None,ADHD
678,Target,Yes,619,None,ADHD
679,Non-Target,No,0,None,ADHD
680,Target,Yes,940,None,ADHD
681,Non-Target,No,0,None,ADHD
682,Non-Target,No,0,None,ADHD
683,Non-Target,No,0,None,ADHD
684,Non-Target,No,0,None,ADHD
685,Non-Target,Yes,741,Commission,ADHD
686,Non-Target,No,0,None,ADHD
687,Non-Target,No,0,None,ADHD
688,Non-Target,No,0,None,ADHD
689,Non-Target,Yes,853,Commission,ADHD
690,Non-Target,No,0,None,ADHD
691,Non-Target,Yes,533,Commission,ADHD
692,Target,Yes,745,None,ADHD
693,Target,Yes,748,None,ADHD
694,Non-Target,No,0,None,ADHD
695,Non-Target,Yes,764,Commission,ADHD
696,Non-Target,No,0,None,ADHD
697,Target,Yes,1004,None,ADHD
698,Non-Target,No,0,None,ADHD
699,Non-Target,No,0,None,ADHD
700,Target,Yes,544,None,ADHD
701,Non-Target,No,0,None,ADHD
702,Non-Target,Yes,765,Commission,ADHD
703,Target,Yes,564,None,ADHD
704,Non-Target,No,0,None,ADHD
705,Target,Yes,702,None,ADHD
706,Target,No,0,Omission,ADHD
707,Non-Target,No,0,None,ADHD
708,Non-Target,No,0,None,ADHD
709,Target,Yes,879,None,ADHD
710,Non-Target,Yes,667,Commission,ADHD
711,Target,Yes,750,None,ADHD
712,Non-Target,No,0,None,ADHD
713,Non-Target,No,0,None,ADHD
714,Non-Target,No,0,None,ADHD
715,Non-Target,Yes,584,Commission,ADHD
716,Target,Yes,989,None,ADHD
717,Non-Target,No,0,None,ADHD
718,Non-Target,No,0,None,ADHD
719,Non-Target,No,0,None,ADHD
720,Target,Yes,912,None,ADHD
721,Non-Target,No,0,None,ADHD
722,Non-Target,Yes,827,Commission,ADHD
723,Non-Target,No,0,None,ADHD
724,Non-Target,No,0,None,ADHD
725,Target,Yes,714,None,ADHD
726,Non-Target,Yes,730,Commission,ADHD
727,Target,Yes,860,None,ADHD
728,Non-Target,No,0,None,ADHD
729,Target,Yes,887,None,ADHD
730,Non-Target,No,0,None,ADHD
731,Target,Yes,749,None,ADHD
732,Non-Target,No,0,None,ADHD
733,Non-Target,No,0,None,ADHD
734,Target,Yes,999,None,ADHD
735,Non-Target,No,0,None,ADHD
736,Non-Target,No,0,None,ADHD
737,Target,Yes,456,None,ADHD
738,Target,No,0,Omission,ADHD
739,Non-Target,No,0,None,ADHD
740,Non-Target,No,0,None,ADHD
741,Non-Target,No,0,None,ADHD
742,Non-Target,Yes,603,Commission,ADHD
743,Non-Target,Yes,837,Commission,ADHD
744,Target,Yes,534,None,ADHD
745,Non-Target,No,0,None,ADHD
746,Non-Target,No,0,None,ADHD
747,Non-Target,No,0,None,ADHD
748,Non-Target,No,0,None,ADHD
749,Target,Yes,875,None,ADHD
750,Non-Target,No,0,None,ADHD
751,Non-Target,Yes,717,Commission,ADHD
752,Target,Yes,699,None,ADHD
753,Non-Target,No,0,None,ADHD
754,Non-Target,No,0,None,ADHD
755,Non-Target,No,0,None,ADHD
756,Non-Target,Yes,838,Commission,ADHD
757,Non-Target,No,0,None,ADHD
758,Non-Target,No,0,None,ADHD
759,Target,Yes,732,None,ADHD
760,Non-Target,No,0,None,ADHD
761,Non-Target,Yes,763,Commission,ADHD
762,Non-Target,No,0,None,ADHD
763,Target,Yes,738,None,ADHD
764,Non-Target,Yes,681,Commission,ADHD
765,Non-Target,No,0,None,ADHD
766,Target,Yes,1030,None,ADHD
767,Target,No,0,Omission,ADHD
768,Target,Yes,584,None,ADHD
769,Target,Yes,893,None,ADHD
770,Non-Target,No,0,None,ADHD
771,Non-Target,No,0,None,ADHD
772,Target,Yes,778,None,ADHD
773,Non-Target,No,0,None,ADHD
774,Non-Target,No,0,None,ADHD
775,Target,Yes,590,None,ADHD
776,Non-Target,No,0,None,ADHD
777,Non-Target,Yes,642,Commission,ADHD
778,Non-Target,No,0,None,ADHD
779,Non-Target,Yes,975,Commission,ADHD
780,Non-Target,No,0,None,ADHD
781,Target,Yes,803,None,ADHD
782,Non-Target,Yes,531,Commission,ADHD
783,Non-Target,No,0,None,ADHD
784,Non-Target,No,0,None,ADHD
785,Target,Yes,803,None,ADHD
786,Non-Target,No,0,None,ADHD
787,Non-Target,No,0,None,ADHD
788,Target,Yes,932,None,ADHD
789,Non-Target,No,0,None,ADHD
790,Non-Target,No,0,None,ADHD
791,Non-Target,No,0,None,ADHD
792,Non-Target,Yes,660,Commission,ADHD
793,Non-Target,No,0,None,ADHD
794,Target,Yes,945,None,ADHD
795,Non-Target,No,0,None,ADHD
796,Non-Target,No,0,None,ADHD
797,Non-Target,No,0,None,ADHD
798,Target,Yes,701,None,ADHD
799,Non-Target,No,0,None,ADHD
800,Non-Target,Yes,707,Commission,ADHD
801,Non-Target,No,0,None,ADHD
802,Non-Target,No,0,None,ADHD
803,Non-Target,No,0,None,ADHD
804,Non-Target,No,0,None,ADHD
805,Target,Yes,1036,None,ADHD
806,Non-Target,Yes,712,Commission,ADHD
807,Non-Target,No,0,None,ADHD
808,Target,Yes,528,None,ADHD
809,Target,Yes,831,None,ADHD
810,Target,Yes,721,None,ADHD
811,Non-Target,No,0,None,ADHD
812,Non-Target,Yes,1040,Commission,ADHD
813,Non-Target,No,0,None,ADHD
814,Non-Target,No,0,None,ADHD
815,Target,No,0,Omission,ADHD
816,Non-Target,No,0,None,ADHD
817,Non-Target,No,0,None,ADHD
818,Non-Target,No,0,None,ADHD
819,Target,Yes,809,None,ADHD
820,Non-Target,Yes,671,Commission,ADHD
821,Non-Target,No,0,None,ADHD
822,Non-Target,No,0,None,ADHD
823,Non-Target,Yes,686,Commission,ADHD
824,Non-Target,No,0,None,ADHD
825,Non-Target,Yes,844,Commission,ADHD
826,Target,Yes,772,None,ADHD
827,Non-Target,No,0,None,ADHD
828,Non-Target,Yes,940,Commission,ADHD
829,Non-Target,No,0,None,ADHD
830,Target,Yes,755,None,ADHD
831,Target,Yes,486,None,ADHD
832,Non-Target,Yes,829,Commission,ADHD
833,Non-Target,No,0,None,ADHD
834,Non-Target,No,0,None,ADHD
835,Non-Target,No,0,None,ADHD
836,Non-Target,No,0,None,ADHD
837,Non-Target,No,0,None,ADHD
838,Non-Target,No,0,None,ADHD
839,Target,No,0,Omission,ADHD
840,Non-Target,No,0,None,ADHD
841,Target,Yes,1041,None,ADHD
842,Non-Target,No,0,None,ADHD
843,Target,Yes,845,None,ADHD
844,Non-Target,No,0,None,ADHD
845,Non-Target,No,0,None,ADHD
846,Non-Target,No,0,None,ADHD
847,Target,Yes,715,None,ADHD
848,Non-Target,No,0,None,ADHD
849,Non-Target,No,0,None,ADHD
850,Non-Target,No,0,None,ADHD
851,Non-Target,No,0,None,ADHD
852,Target,No,0,Omission,ADHD
853,Non-Target,No,0,None,ADHD
854,Non-Target,No,0,None,ADHD
855,Non-Target,No,0,None,ADHD
856,Target,Yes,545,None,ADHD
857,Target,Yes,722,None,ADHD
858,Non-Target,No,0,None,ADHD
859,Non-Target,No,0,None,ADHD
860,Target,Yes,768,None,ADHD
861,Non-Target,No,0,None,ADHD
862,Non-Target,No,0,None,ADHD
863,Target,Yes,719,None,ADHD
864,Non-Target,No,0,None,ADHD
865,Non-Target,No,0,None,ADHD
866,Target,No,0,Omission,ADHD
867,Target,Yes,716,None,ADHD
868,Non-Target,No,0,None,ADHD
869,Non-Target,No,0,None,ADHD
870,Non-Target,No,0,None,ADHD
871,Non-Target,No,0,None,ADHD
872,Non-Target,No,0,None,ADHD
873,Non-Target,No,0,None,ADHD
874,Non-Target,No,0,None,ADHD
875,Non-Target,Yes,918,Commission,ADHD
876,Non-Target,No,0,None,ADHD
877,Target,Yes,679,None,ADHD
878,Non-Target,No,0,None,ADHD
879,Non-Target,No,0,None,ADHD
880,Non-Target,No,0,None,ADHD
881,Non-Target,No,0,None,ADHD
882,Non-Target,No,0,None,ADHD
883,Non-Target,No,0,None,ADHD
884,Target,Yes,776,None,ADHD
885,Non-Target,Yes,752,Commission,ADHD
886,Non-Target,No,0,None,ADHD
887,Non-Target,Yes,701,Commission,ADHD
888,Target,Yes,779,None,ADHD
889,Target,Yes,900,None,ADHD
890,Target,Yes,732,None,ADHD
891,Target,Yes,656,None,ADHD
892,Non-Target,Yes,846,Commission,ADHD
893,Non-Target,No,0,None,ADHD
894,Target,Yes,693,None,ADHD
895,Non-Target,No,0,None,ADHD
896,Non-Target,No,0,None,ADHD
897,Non-Target,No,0,None,ADHD
898,Target,Yes,585,None,ADHD
899,Non-Target,No,0,None,ADHD
900,Target,Yes,863,None,ADHD
901,Non-Target,Yes,864,Commission,ADHD
902,Non-Target,No,0,None,ADHD
903,Non-Target,No,0,None,ADHD
904,Non-Target,No,0,None,ADHD
905,Non-Target,No,0,None,ADHD
906,Non-Target,No,0,None,ADHD
907,Non-Target,No,0,None,ADHD
908,Non-Target,No,0,None,ADHD
909,Non-Target,No,0,None,ADHD
910,Non-Target,No,0,None,ADHD
911,Non-Target,No,0,None,ADHD
912,Target,Yes,704,None,ADHD
913,Target,Yes,706,None,ADHD
914,Non-Target,No,0,None,ADHD
915,Non-Target,No,0,None,ADHD
916,Non-Target,Yes,897,Commission,ADHD
917,Non-Target,No,0,None,ADHD
918,Non-Target,No,0,None,ADHD
919,Non-Target,No,0,None,ADHD
920,Target,Yes,709,None,ADHD
921,Non-Target,Yes,706,Commission,ADHD
922,Non-Target,No,0,None,ADHD
923,Non-Target,No,0,None,ADHD
924,Non-Target,No,0,None,ADHD
925,Target,Yes,900,None,ADHD
926,Non-Target,No,0,None,ADHD
927,Target,Yes,617,None,ADHD
928,Target,Yes,641,None,ADHD
929,Non-Target,Yes,826,Commission,ADHD
930,Non-Target,Yes,551,Commission,ADHD
931,Non-Target,Yes,682,Commission,ADHD
932,Non-Target,Yes,601,Commission,ADHD
933,Non-Target,No,0,None,ADHD
934,Target,Yes,876,None,ADHD
935,Non-Target,No,0,None,ADHD
936,Target,Yes,520,None,ADHD
937,Non-Target,No,0,None,ADHD
938,Non-Target,No,0,None,ADHD
939,Non-Target,No,0,None,ADHD
940,Non-Target,No,0,None,ADHD
941,Target,Yes,762,None,ADHD
942,Non-Target,No,0,None,ADHD
943,Non-Target,No,0,None,ADHD
944,Non-Target,No,0,None,ADHD
945,Non-Target,No,0,None,ADHD
946,Non-Target,No,0,None,ADHD
947,Non-Target,No,0,None,ADHD
948,Non-Target,Yes,889,Commission,ADHD
949,Target,Yes,786,None,ADHD
950,Non-Target,Yes,791,Commission,ADHD
951,Target,Yes,773,None,ADHD
952,Target,Yes,695,None,ADHD
953,Target,Yes,864,None,ADHD
954,Target,No,0,Omission,ADHD
955,Non-Target,No,0,None,ADHD
956,Non-Target,Yes,720,Commission,ADHD
957,Non-Target,Yes,647,Commission,ADHD
958,Non-Target,Yes,965,Commission,ADHD
959,Non-Target,No,0,None,ADHD
960,Non-Target,No,0,None,ADHD
961,Non-Target,No,0,None,ADHD
962,Non-Target,Yes,853,Commission,ADHD
963,Non-Target,No,0,None,ADHD
964,Non-Target,No,0,None,ADHD
965,Non-Target,No,0,None,ADHD
966,Non-Target,No,0,None,ADHD
967,Non-Target,No,0,None,ADHD
968,Target,No,0,Omission,ADHD
969,Non-Target,No,0,None,ADHD
970,Non-Target,No,0,None,ADHD
971,Non-Target,No,0,None,ADHD
972,Non-Target,No,0,None,ADHD
973,Non-Target,No,0,None,ADHD
974,Target,Yes,707,None,ADHD
975,Non-Target,No,0,None,ADHD
976,Target,Yes,560,None,ADHD
977,Non-Target,Yes,909,Commission,ADHD
978,Target,Yes,645,None,ADHD
979,Non-Target,No,0,None,ADHD
980,Non-Target,No,0,None,ADHD
981,Non-Target,No,0,None,ADHD
982,Target,Yes,673,None,ADHD
983,Non-Target,Yes,845,Commission,ADHD
984,Non-Target,No,0,None,ADHD
985,Non-Target,No,0,None,ADHD
986,Non-Target,No,0,None,ADHD
987,Target,Yes,695,None,ADHD
988,Non-Target,No,0,None,ADHD
989,Non-Target,No,0,None,ADHD
990,Non-Target,No,0,None,ADHD
991,Non-Target,No,0,None,ADHD
992,Non-Target,Yes,778,Commission,ADHD
993,Non-Target,No,0,None,ADHD
994,Non-Target,No,0,None,ADHD
995,Non-Target,Yes,549,Commission,ADHD
996,Non-Target,No,0,None,ADHD
997,Non-Target,No,0,None,ADHD
998,Non-Target,No,0,None,ADHD
999,Non-Target,No,0,None,ADHD
1000,Target,No,0,Omission,ADHD
1001,Target,Yes,990,None,ADHD
1002,Non-Target,No,0,None,ADHD
1003,Non-Target,Yes,838,Commission,ADHD
1004,Target,Yes,758,None,ADHD
1005,Non-Target,No,0,None,ADHD
1006,Non-Target,Yes,867,Commission,ADHD
1007,Non-Target,Yes,662,Commission,ADHD
1008,Target,Yes,1102,None,ADHD
1009,Non-Target,No,0,None,ADHD
1010,Non-Target,No,0,None,ADHD
1011,Non-Target,Yes,759,Commission,ADHD
1012,Target,Yes,758,None,ADHD
1013,Non-Target,Yes,899,Commission,ADHD
1014,Non-Target,No,0,None,ADHD
1015,Non-Target,No,0,None,ADHD
1016,Non-Target,No,0,None,ADHD
1017,Non-Target,No,0,None,ADHD
1018,Non-Target,No,0,None,ADHD
1019,Non-Target,No,0,None,ADHD
1020,Target,Yes,892,None,ADHD
1021,Non-Target,No,0,None,ADHD
1022,Non-Target,No,0,None,ADHD
1023,Non-Target,No,0,None,ADHD
1024,Non-Target,No,0,None,ADHD
1025,Non-Target,No,0,None,ADHD
1026,Target,Yes,636,None,ADHD
1027,Target,Yes,833,None,ADHD
1028,Target,Yes,531,None,ADHD
1029,Non-Target,No,0,None,ADHD
1030,Non-Target,No,0,None,ADHD
1031,Target,Yes,848,None,ADHD
1032,Non-Target,No,0,None,ADHD
1033,Non-Target,No,0,None,ADHD
1034,Non-Target,No,0,None,ADHD
1035,Non-Target,No,0,None,ADHD
1036,Non-Target,No,0,None,ADHD
1037,Target,Yes,900,None,ADHD
1038,Non-Target,Yes,905,Commission,ADHD
1039,Non-Target,No,0,None,ADHD
1040,Non-Target,No,0,None,ADHD
1041,Target,Yes,969,None,ADHD
1042,Non-Target,No,0,None,ADHD
1043,Non-Target,No,0,None,ADHD
1044,Non-Target,No,0,None,ADHD
1045,Non-Target,No,0,None,ADHD
1046,Target,Yes,924,None,ADHD
1047,Non-Target,Yes,661,Commission,ADHD
1048,Target,Yes,866,None,ADHD
1049,Non-Target,Yes,943,Commission,ADHD
1050,Non-Target,Yes,340,Commission,ADHD
1051,Target,No,0,Omission,ADHD
1052,Non-Target,No,0,None,ADHD
1053,Non-Target,No,0,None,ADHD
1054,Non-Target,Yes,949,Commission,ADHD
1055,Target,No,0,Omission,ADHD
1056,Target,Yes,921,None,ADHD
1057,Non-Target,No,0,None,ADHD
1058,Target,Yes,707,None,ADHD
1059,Target,Yes,703,None,ADHD
1060,Non-Target,No,0,None,ADHD
1061,Non-Target,No,0,None,ADHD
1062,Target,No,0,Omission,ADHD
1063,Non-Target,No,0,None,ADHD
1064,Non-Target,No,0,None,ADHD
1065,Non-Target,No,0,None,ADHD
1066,Non-Target,Yes,920,Commission,ADHD
1067,Target,No,0,Omission,ADHD
1068,Non-Target,No,0,None,ADHD
1069,Non-Target,No,0,None,ADHD
1070,Target,Yes,835,None,ADHD
1071,Target,No,0,Omission,ADHD
1072,Non-Target,Yes,763,Commission,ADHD
1073,Non-Target,No,0,None,ADHD
1074,Non-Target,No,0,None,ADHD
1075,Target,Yes,735,None,ADHD
1076,Non-Target,No,0,None,ADHD
1077,Non-Target,Yes,1102,Commission,ADHD
1078,Non-Target,No,0,None,ADHD
1079,Target,Yes,743,None,ADHD
1080,Non-Target,No,0,None,ADHD
1081,Target,Yes,852,None,ADHD
1082,Non-Target,No,0,None,ADHD
1083,Target,Yes,614,None,ADHD
1084,Non-Target,No,0,None,ADHD
1085,Non-Target,No,0,None,ADHD
1086,Target,Yes,804,None,ADHD
1087,Non-Target,No,0,None,ADHD
1088,Non-Target,No,0,None,ADHD
1089,Target,Yes,718,None,ADHD
1090,Target,Yes,792,None,ADHD
1091,Non-Target,No,0,None,ADHD
1092,Target,Yes,664,None,ADHD
1093,Non-Target,No,0,None,ADHD
1094,Non-Target,No,0,None,ADHD
1095,Non-Target,No,0,None,ADHD
1096,Target,Yes,819,None,ADHD
1097,Non-Target,Yes,887,Commission,ADHD
1098,Non-Target,No,0,None,ADHD
1099,Target,Yes,565,None,ADHD
1100,Target,Yes,804,None,ADHD
1101,Target,Yes,758,None,ADHD
1102,Non-Target,Yes,501,Commission,ADHD
1103,Non-Target,No,0,None,ADHD
1104,Non-Target,No,0,None,ADHD
1105,Non-Target,No,0,None,ADHD
1106,Non-Target,No,0,None,ADHD
1107,Non-Target,No,0,None,ADHD
1108,Target,No,0,Omission,ADHD
1109,Non-Target,No,0,None,ADHD
1110,Target,Yes,772,None,ADHD
1111,Non-Target,No,0,None,ADHD
1112,Target,Yes,826,None,ADHD
1113,Target,Yes,940,None,ADHD
1114,Non-Target,No,0,None,ADHD
1115,Non-Target,No,0,None,ADHD
1116,Non-Target,No,0,None,ADHD
1117,Non-Target,No,0,None,ADHD
1118,Target,No,0,Omission,ADHD
1119,Non-Target,No,0,None,ADHD
1120,Target,Yes,786,None,ADHD
1121,Target,Yes,495,None,ADHD
1122,Non-Target,No,0,None,ADHD
1123,Target,Yes,631,None,ADHD
1124,Non-Target,No,0,None,ADHD
1125,Non-Target,No,0,None,ADHD
1126,Non-Target,No,0,None,ADHD
1127,Non-Target,No,0,None,ADHD
1128,Non-Target,No,0,None,ADHD
1129,Target,Yes,683,None,ADHD
1130,Non-Target,No,0,None,ADHD
1131,Target,Yes,690,None,ADHD
1132,Non-Target,No,0,None,ADHD
1133,Target,Yes,831,None,ADHD
1134,Non-Target,Yes,703,Commission,ADHD
1135,Target,Yes,906,None,ADHD
1136,Non-Target,No,0,None,ADHD
1137,Non-Target,No,0,None,ADHD
1138,Target,No,0,Omission,ADHD
1139,Non-Target,No,0,None,ADHD
1140,Non-Target,No,0,None,ADHD
1141,Non-Target,No,0,None,ADHD
1142,Non-Target,Yes,795,Commission,ADHD
1143,Non-Target,Yes,955,Commission,ADHD
1144,Target,Yes,546,None,ADHD
1145,Target,Yes,872,None,ADHD
1146,Target,Yes,804,None,ADHD
1147,Non-Target,Yes,687,Commission,ADHD
1148,Target,No,0,Omission,ADHD
1149,Target,No,0,Omission,ADHD
1150,Non-Target,No,0,None,ADHD
1151,Target,No,0,Omission,ADHD
1152,Target,Yes,596,None,ADHD
1153,Non-Target,No,0,None,ADHD
1154,Target,Yes,639,None,ADHD
1155,Non-Target,No,0,None,ADHD
1156,Non-Target,No,0,None,ADHD
1157,Target,No,0,Omission,ADHD
1158,Target,No,0,Omission,ADHD
1159,Non-Target,Yes,780,Commission,ADHD
1160,Non-Target,No,0,None,ADHD
1161,Target,Yes,757,None,ADHD
1162,Non-Target,No,0,None,ADHD
1163,Non-Target,No,0,None,ADHD
1164,Target,No,0,Omission,ADHD
1165,Non-Target,No,0,None,ADHD
1166,Non-Target,Yes,859,Commission,ADHD
1167,Non-Target,No,0,None,ADHD
1168,Non-Target,No,0,None,ADHD
1169,Non-Target,No,0,None,ADHD
1170,Non-Target,No,0,None,ADHD
1171,Non-Target,No,0,None,ADHD
1172,Non-Target,No,0,None,ADHD
1173,Non-Target,No,0,None,ADHD
1174,Non-Target,No,0,None,ADHD
1175,Non-Target,No,0,None,ADHD
1176,Non-Target,No,0,None,ADHD
1177,Non-Target,No,0,None,ADHD
1178,Non-Target,No,0,None,ADHD
1179,Target,No,0,Omission,ADHD
1180,Target,Yes,677,None,ADHD
1181,Target,Yes,661,None,ADHD
1182,Non-Target,No,0,None,ADHD
1183,Non-Target,No,0,None,ADHD
1184,Target,Yes,707,None,ADHD
1185,Non-Target,No,0,None,ADHD
1186,Non-Target,No,0,None,ADHD
1187,Non-Target,No,0,None,ADHD
1188,Non-Target,No,0,None,ADHD
1189,Non-Target,No,0,None,ADHD
1190,Target,Yes,725,None,ADHD
1191,Non-Target,Yes,968,Commission,ADHD
1192,Target,Yes,757,None,ADHD
1193,Target,Yes,720,None,ADHD
1194,Non-Target,No,0,None,ADHD
1195,Non-Target,No,0,None,ADHD
1196,Target,Yes,426,None,ADHD
1197,Non-Target,No,0,None,ADHD
1198,Target,Yes,714,None,ADHD
1199,Non-Target,No,0,None,ADHD
1200,Non-Target,No,0,None,ADHD
