Trial,StimulusType,Reaction,ReactionTime(ms),ErrorType,Label
1,Non-Target,No,0,None,ADHD
2,Non-Target,No,0,None,ADHD
3,Target,Yes,887,None,ADHD
4,Non-Target,No,0,None,ADHD
5,Non-Target,No,0,None,ADHD
6,Non-Target,No,0,None,ADHD
7,Target,Yes,872,None,ADHD
8,Non-Target,No,0,None,ADHD
9,Non-Target,No,0,None,ADHD
10,Non-Target,No,0,None,ADHD
11,Non-Target,No,0,None,ADHD
12,Non-Target,No,0,None,ADHD
13,Non-Target,No,0,None,ADHD
14,Non-Target,No,0,None,ADHD
15,Non-Target,No,0,None,ADHD
16,Target,No,0,Omission,ADHD
17,Non-Target,No,0,None,ADHD
18,Non-Target,No,0,None,ADHD
19,Non-Target,Yes,649,Commission,ADHD
20,Non-Target,No,0,None,ADHD
21,Target,Yes,861,None,ADHD
22,Target,No,0,Omission,ADHD
23,Non-Target,No,0,None,ADHD
24,Non-Target,No,0,None,ADHD
25,Non-Target,No,0,None,ADHD
26,Non-Target,No,0,None,ADHD
27,Non-Target,No,0,None,ADHD
28,Non-Target,Yes,429,Commission,ADHD
29,Target,Yes,887,None,ADHD
30,Non-Target,No,0,None,ADHD
31,Non-Target,No,0,None,ADHD
32,Non-Target,No,0,None,ADHD
33,Non-Target,No,0,None,ADHD
34,Target,Yes,892,None,ADHD
35,Target,No,0,Omission,ADHD
36,Non-Target,Yes,687,Commission,ADHD
37,Target,Yes,768,None,ADHD
38,Target,Yes,864,None,ADHD
39,Non-Target,No,0,None,ADHD
40,Target,Yes,722,None,ADHD
41,Non-Target,No,0,None,ADHD
42,Target,Yes,823,None,ADHD
43,Non-Target,No,0,None,ADHD
44,Target,No,0,Omission,ADHD
45,Non-Target,No,0,None,ADHD
46,Target,Yes,873,None,ADHD
47,Target,No,0,Omission,ADHD
48,Non-Target,No,0,None,ADHD
49,Non-Target,Yes,578,Commission,ADHD
50,Target,Yes,750,None,ADHD
51,Non-Target,No,0,None,ADHD
52,Non-Target,No,0,None,ADHD
53,Non-Target,No,0,None,ADHD
54,Non-Target,No,0,None,ADHD
55,Non-Target,No,0,None,ADHD
56,Non-Target,No,0,None,ADHD
57,Non-Target,No,0,None,ADHD
58,Non-Target,No,0,None,ADHD
59,Non-Target,Yes,870,Commission,ADHD
60,Non-Target,No,0,None,ADHD
61,Non-Target,No,0,None,ADHD
62,Non-Target,No,0,None,ADHD
63,Non-Target,No,0,None,ADHD
64,Target,Yes,935,None,ADHD
65,Non-Target,No,0,None,ADHD
66,Target,No,0,Omission,ADHD
67,Non-Target,No,0,None,ADHD
68,Non-Target,No,0,None,ADHD
69,Target,Yes,835,None,ADHD
70,Non-Target,No,0,None,ADHD
71,Non-Target,No,0,None,ADHD
72,Non-Target,No,0,None,ADHD
73,Target,No,0,Omission,ADHD
74,Target,No,0,Omission,ADHD
75,Target,No,0,Omission,ADHD
76,Non-Target,No,0,None,ADHD
77,Non-Target,No,0,None,ADHD
78,Non-Target,No,0,None,ADHD
79,Target,No,0,Omission,ADHD
80,Non-Target,No,0,None,ADHD
81,Non-Target,No,0,None,ADHD
82,Non-Target,No,0,None,ADHD
83,Non-Target,Yes,955,Commission,ADHD
84,Target,Yes,1014,None,ADHD
85,Non-Target,No,0,None,ADHD
86,Non-Target,No,0,None,ADHD
87,Non-Target,No,0,None,ADHD
88,Non-Target,No,0,None,ADHD
89,Target,Yes,1013,None,ADHD
90,Non-Target,No,0,None,ADHD
91,Target,No,0,Omission,ADHD
92,Non-Target,Yes,987,Commission,ADHD
93,Target,No,0,Omission,ADHD
94,Non-Target,Yes,612,Commission,ADHD
95,Non-Target,Yes,514,Commission,ADHD
96,Non-Target,No,0,None,ADHD
97,Non-Target,No,0,None,ADHD
98,Non-Target,No,0,None,ADHD
99,Target,Yes,864,None,ADHD
100,Target,Yes,926,None,ADHD
101,Target,Yes,844,None,ADHD
102,Non-Target,No,0,None,ADHD
103,Non-Target,Yes,655,Commission,ADHD
104,Non-Target,No,0,None,ADHD
105,Non-Target,No,0,None,ADHD
106,Non-Target,No,0,None,ADHD
107,Non-Target,No,0,None,ADHD
108,Non-Target,No,0,None,ADHD
109,Non-Target,No,0,None,ADHD
110,Target,Yes,550,None,ADHD
111,Non-Target,No,0,None,ADHD
112,Non-Target,No,0,None,ADHD
113,Target,Yes,788,None,ADHD
114,Target,Yes,587,None,ADHD
115,Target,Yes,1149,None,ADHD
116,Non-Target,No,0,None,ADHD
117,Target,Yes,997,None,ADHD
118,Target,Yes,977,None,ADHD
119,Non-Target,No,0,None,ADHD
120,Non-Target,No,0,None,ADHD
121,Non-Target,No,0,None,ADHD
122,Non-Target,No,0,None,ADHD
123,Non-Target,Yes,569,Commission,ADHD
124,Non-Target,No,0,None,ADHD
125,Non-Target,No,0,None,ADHD
126,Non-Target,Yes,782,Commission,ADHD
127,Target,Yes,716,None,ADHD
128,Non-Target,No,0,None,ADHD
129,Target,Yes,839,None,ADHD
130,Non-Target,No,0,None,ADHD
131,Target,Yes,626,None,ADHD
132,Target,Yes,838,None,ADHD
133,Non-Target,Yes,870,Commission,ADHD
134,Target,Yes,584,None,ADHD
135,Non-Target,No,0,None,ADHD
136,Target,Yes,961,None,ADHD
137,Target,Yes,905,None,ADHD
138,Non-Target,No,0,None,ADHD
139,Non-Target,No,0,None,ADHD
140,Non-Target,Yes,748,Commission,ADHD
141,Non-Target,No,0,None,ADHD
142,Non-Target,No,0,None,ADHD
143,Target,No,0,Omission,ADHD
144,Non-Target,No,0,None,ADHD
145,Non-Target,No,0,None,ADHD
146,Non-Target,Yes,786,Commission,ADHD
147,Target,Yes,773,None,ADHD
148,Non-Target,Yes,686,Commission,ADHD
149,Non-Target,No,0,None,ADHD
150,Non-Target,No,0,None,ADHD
151,Target,Yes,852,None,ADHD
152,Non-Target,No,0,None,ADHD
153,Non-Target,No,0,None,ADHD
154,Non-Target,No,0,None,ADHD
155,Non-Target,No,0,None,ADHD
156,Non-Target,No,0,None,ADHD
157,Non-Target,No,0,None,ADHD
158,Target,Yes,813,None,ADHD
159,Target,Yes,767,None,ADHD
160,Non-Target,Yes,670,Commission,ADHD
161,Non-Target,No,0,None,ADHD
162,Target,Yes,669,None,ADHD
163,Non-Target,No,0,None,ADHD
164,Target,Yes,791,None,ADHD
165,Non-Target,No,0,None,ADHD
166,Non-Target,No,0,None,ADHD
167,Non-Target,No,0,None,ADHD
168,Target,Yes,720,None,ADHD
169,Non-Target,No,0,None,ADHD
170,Non-Target,No,0,None,ADHD
171,Non-Target,No,0,None,ADHD
172,Target,Yes,844,None,ADHD
173,Non-Target,No,0,None,ADHD
174,Target,Yes,724,None,ADHD
175,Non-Target,No,0,None,ADHD
176,Non-Target,No,0,None,ADHD
177,Non-Target,No,0,None,ADHD
178,Non-Target,No,0,None,ADHD
179,Target,Yes,693,None,ADHD
180,Non-Target,No,0,None,ADHD
181,Non-Target,No,0,None,ADHD
182,Non-Target,No,0,None,ADHD
183,Non-Target,No,0,None,ADHD
184,Non-Target,Yes,929,Commission,ADHD
185,Non-Target,No,0,None,ADHD
186,Non-Target,No,0,None,ADHD
187,Non-Target,No,0,None,ADHD
188,Non-Target,No,0,None,ADHD
189,Target,Yes,938,None,ADHD
190,Non-Target,No,0,None,ADHD
191,Non-Target,No,0,None,ADHD
192,Non-Target,No,0,None,ADHD
193,Non-Target,No,0,None,ADHD
194,Target,Yes,756,None,ADHD
195,Non-Target,No,0,None,ADHD
196,Non-Target,No,0,None,ADHD
197,Non-Target,No,0,None,ADHD
198,Target,Yes,912,None,ADHD
199,Target,Yes,834,None,ADHD
200,Target,Yes,688,None,ADHD
201,Non-Target,No,0,None,ADHD
202,Non-Target,No,0,None,ADHD
203,Non-Target,No,0,None,ADHD
204,Target,Yes,714,None,ADHD
205,Non-Target,No,0,None,ADHD
206,Non-Target,No,0,None,ADHD
207,Target,No,0,Omission,ADHD
208,Non-Target,No,0,None,ADHD
209,Non-Target,No,0,None,ADHD
210,Target,Yes,964,None,ADHD
211,Non-Target,No,0,None,ADHD
212,Target,Yes,644,None,ADHD
213,Non-Target,No,0,None,ADHD
214,Non-Target,No,0,None,ADHD
215,Non-Target,No,0,None,ADHD
216,Non-Target,No,0,None,ADHD
217,Target,Yes,634,None,ADHD
218,Target,Yes,678,None,ADHD
219,Non-Target,No,0,None,ADHD
220,Target,Yes,1108,None,ADHD
221,Non-Target,No,0,None,ADHD
222,Non-Target,No,0,None,ADHD
223,Non-Target,No,0,None,ADHD
224,Non-Target,No,0,None,ADHD
225,Non-Target,No,0,None,ADHD
226,Non-Target,Yes,693,Commission,ADHD
227,Non-Target,No,0,None,ADHD
228,Non-Target,No,0,None,ADHD
229,Non-Target,No,0,None,ADHD
230,Non-Target,No,0,None,ADHD
231,Non-Target,No,0,None,ADHD
232,Non-Target,Yes,592,Commission,ADHD
233,Target,Yes,810,None,ADHD
234,Target,No,0,Omission,ADHD
235,Non-Target,No,0,None,ADHD
236,Non-Target,No,0,None,ADHD
237,Non-Target,No,0,None,ADHD
238,Non-Target,No,0,None,ADHD
239,Non-Target,No,0,None,ADHD
240,Non-Target,Yes,823,Commission,ADHD
241,Non-Target,No,0,None,ADHD
242,Non-Target,No,0,None,ADHD
243,Target,Yes,872,None,ADHD
244,Target,Yes,772,None,ADHD
245,Target,No,0,Omission,ADHD
246,Target,Yes,933,None,ADHD
247,Target,Yes,489,None,ADHD
248,Non-Target,No,0,None,ADHD
249,Non-Target,No,0,None,ADHD
250,Non-Target,No,0,None,ADHD
251,Non-Target,No,0,None,ADHD
252,Non-Target,No,0,None,ADHD
253,Non-Target,No,0,None,ADHD
254,Non-Target,No,0,None,ADHD
255,Non-Target,No,0,None,ADHD
256,Non-Target,No,0,None,ADHD
257,Non-Target,No,0,None,ADHD
258,Non-Target,No,0,None,ADHD
259,Target,Yes,1014,None,ADHD
260,Target,Yes,671,None,ADHD
261,Non-Target,No,0,None,ADHD
262,Target,Yes,868,None,ADHD
263,Target,No,0,Omission,ADHD
264,Non-Target,No,0,None,ADHD
265,Non-Target,No,0,None,ADHD
266,Non-Target,No,0,None,ADHD
267,Target,Yes,729,None,ADHD
268,Non-Target,No,0,None,ADHD
269,Target,Yes,900,None,ADHD
270,Target,Yes,728,None,ADHD
271,Non-Target,No,0,None,ADHD
272,Non-Target,No,0,None,ADHD
273,Non-Target,No,0,None,ADHD
274,Non-Target,No,0,None,ADHD
275,Non-Target,No,0,None,ADHD
276,Non-Target,No,0,None,ADHD
277,Non-Target,No,0,None,ADHD
278,Target,Yes,839,None,ADHD
279,Non-Target,No,0,None,ADHD
280,Target,No,0,Omission,ADHD
281,Target,No,0,Omission,ADHD
282,Non-Target,No,0,None,ADHD
283,Non-Target,Yes,954,Commission,ADHD
284,Non-Target,No,0,None,ADHD
285,Non-Target,No,0,None,ADHD
286,Target,Yes,1017,None,ADHD
287,Non-Target,No,0,None,ADHD
288,Non-Target,No,0,None,ADHD
289,Non-Target,No,0,None,ADHD
290,Target,No,0,Omission,ADHD
291,Non-Target,No,0,None,ADHD
292,Non-Target,No,0,None,ADHD
293,Target,Yes,889,None,ADHD
294,Target,No,0,Omission,ADHD
295,Non-Target,No,0,None,ADHD
296,Non-Target,No,0,None,ADHD
297,Non-Target,No,0,None,ADHD
298,Non-Target,No,0,None,ADHD
299,Non-Target,No,0,None,ADHD
300,Target,Yes,785,None,ADHD
301,Target,No,0,Omission,ADHD
302,Non-Target,No,0,None,ADHD
303,Non-Target,No,0,None,ADHD
304,Non-Target,No,0,None,ADHD
305,Non-Target,No,0,None,ADHD
306,Target,Yes,918,None,ADHD
307,Non-Target,No,0,None,ADHD
308,Target,Yes,794,None,ADHD
309,Target,Yes,993,None,ADHD
310,Target,Yes,757,None,ADHD
311,Target,Yes,754,None,ADHD
312,Target,Yes,733,None,ADHD
313,Target,Yes,919,None,ADHD
314,Target,Yes,680,None,ADHD
315,Non-Target,No,0,None,ADHD
316,Non-Target,No,0,None,ADHD
317,Non-Target,No,0,None,ADHD
318,Non-Target,No,0,None,ADHD
319,Non-Target,No,0,None,ADHD
320,Non-Target,No,0,None,ADHD
321,Non-Target,No,0,None,ADHD
322,Non-Target,No,0,None,ADHD
323,Non-Target,No,0,None,ADHD
324,Non-Target,No,0,None,ADHD
325,Non-Target,No,0,None,ADHD
326,Target,Yes,891,None,ADHD
327,Non-Target,No,0,None,ADHD
328,Non-Target,No,0,None,ADHD
329,Non-Target,No,0,None,ADHD
330,Target,No,0,Omission,ADHD
331,Target,Yes,932,None,ADHD
332,Non-Target,No,0,None,ADHD
333,Non-Target,Yes,778,Commission,ADHD
334,Target,No,0,Omission,ADHD
335,Non-Target,No,0,None,ADHD
336,Non-Target,No,0,None,ADHD
337,Target,No,0,Omission,ADHD
338,Non-Target,No,0,None,ADHD
339,Target,Yes,927,None,ADHD
340,Target,Yes,760,None,ADHD
341,Non-Target,No,0,None,ADHD
342,Target,Yes,750,None,ADHD
343,Target,Yes,774,None,ADHD
344,Target,Yes,913,None,ADHD
345,Target,Yes,745,None,ADHD
346,Target,Yes,740,None,ADHD
347,Non-Target,No,0,None,ADHD
348,Non-Target,No,0,None,ADHD
349,Target,Yes,739,None,ADHD
350,Non-Target,Yes,571,Commission,ADHD
351,Non-Target,No,0,None,ADHD
352,Non-Target,No,0,None,ADHD
353,Non-Target,No,0,None,ADHD
354,Target,Yes,824,None,ADHD
355,Target,Yes,674,None,ADHD
356,Non-Target,Yes,620,Commission,ADHD
357,Non-Target,No,0,None,ADHD
358,Target,Yes,1028,None,ADHD
359,Target,No,0,Omission,ADHD
360,Non-Target,No,0,None,ADHD
361,Non-Target,No,0,None,ADHD
362,Non-Target,No,0,None,ADHD
363,Non-Target,No,0,None,ADHD
364,Non-Target,No,0,None,ADHD
365,Non-Target,No,0,None,ADHD
366,Non-Target,No,0,None,ADHD
367,Non-Target,No,0,None,ADHD
368,Target,No,0,Omission,ADHD
369,Non-Target,No,0,None,ADHD
370,Target,Yes,1034,None,ADHD
371,Non-Target,No,0,None,ADHD
372,Target,Yes,834,None,ADHD
373,Non-Target,No,0,None,ADHD
374,Target,Yes,810,None,ADHD
375,Target,Yes,753,None,ADHD
376,Target,Yes,1013,None,ADHD
377,Non-Target,No,0,None,ADHD
378,Non-Target,No,0,None,ADHD
379,Non-Target,Yes,1016,Commission,ADHD
380,Target,No,0,Omission,ADHD
381,Non-Target,No,0,None,ADHD
382,Non-Target,Yes,732,Commission,ADHD
383,Non-Target,No,0,None,ADHD
384,Non-Target,No,0,None,ADHD
385,Non-Target,Yes,933,Commission,ADHD
386,Non-Target,No,0,None,ADHD
387,Non-Target,No,0,None,ADHD
388,Target,Yes,680,None,ADHD
389,Non-Target,Yes,656,Commission,ADHD
390,Non-Target,No,0,None,ADHD
391,Non-Target,No,0,None,ADHD
392,Target,Yes,689,None,ADHD
393,Non-Target,No,0,None,ADHD
394,Non-Target,No,0,None,ADHD
395,Non-Target,No,0,None,ADHD
396,Target,Yes,542,None,ADHD
397,Non-Target,No,0,None,ADHD
398,Non-Target,No,0,None,ADHD
399,Non-Target,No,0,None,ADHD
400,Non-Target,No,0,None,ADHD
401,Non-Target,No,0,None,ADHD
402,Non-Target,No,0,None,ADHD
403,Non-Target,Yes,755,Commission,ADHD
404,Non-Target,No,0,None,ADHD
405,Non-Target,No,0,None,ADHD
406,Non-Target,No,0,None,ADHD
407,Non-Target,No,0,None,ADHD
408,Non-Target,No,0,None,ADHD
409,Non-Target,No,0,None,ADHD
410,Target,Yes,652,None,ADHD
411,Non-Target,No,0,None,ADHD
412,Non-Target,No,0,None,ADHD
413,Non-Target,No,0,None,ADHD
414,Non-Target,No,0,None,ADHD
415,Non-Target,Yes,552,Commission,ADHD
416,Non-Target,No,0,None,ADHD
417,Target,No,0,Omission,ADHD
418,Non-Target,No,0,None,ADHD
419,Non-Target,No,0,None,ADHD
420,Non-Target,No,0,None,ADHD
421,Non-Target,No,0,None,ADHD
422,Non-Target,Yes,789,Commission,ADHD
423,Non-Target,No,0,None,ADHD
424,Non-Target,No,0,None,ADHD
425,Non-Target,No,0,None,ADHD
426,Target,Yes,804,None,ADHD
427,Target,No,0,Omission,ADHD
428,Non-Target,No,0,None,ADHD
429,Non-Target,No,0,None,ADHD
430,Non-Target,No,0,None,ADHD
431,Target,Yes,779,None,ADHD
432,Non-Target,Yes,735,Commission,ADHD
433,Non-Target,No,0,None,ADHD
434,Target,Yes,543,None,ADHD
435,Target,No,0,Omission,ADHD
436,Target,Yes,685,None,ADHD
437,Non-Target,No,0,None,ADHD
438,Non-Target,No,0,None,ADHD
439,Target,Yes,501,None,ADHD
440,Non-Target,No,0,None,ADHD
441,Non-Target,No,0,None,ADHD
442,Non-Target,Yes,532,Commission,ADHD
443,Non-Target,No,0,None,ADHD
444,Non-Target,No,0,None,ADHD
445,Non-Target,No,0,None,ADHD
446,Non-Target,No,0,None,ADHD
447,Non-Target,No,0,None,ADHD
448,Target,Yes,754,None,ADHD
449,Non-Target,No,0,None,ADHD
450,Non-Target,No,0,None,ADHD
451,Non-Target,No,0,None,ADHD
452,Non-Target,No,0,None,ADHD
453,Target,Yes,675,None,ADHD
454,Non-Target,No,0,None,ADHD
455,Target,Yes,1005,None,ADHD
456,Non-Target,No,0,None,ADHD
457,Target,Yes,847,None,ADHD
458,Non-Target,No,0,None,ADHD
459,Target,No,0,Omission,ADHD
460,Target,Yes,623,None,ADHD
461,Non-Target,Yes,507,Commission,ADHD
462,Non-Target,No,0,None,ADHD
463,Target,Yes,904,None,ADHD
464,Non-Target,No,0,None,ADHD
465,Non-Target,No,0,None,ADHD
466,Non-Target,No,0,None,ADHD
467,Non-Target,No,0,None,ADHD
468,Non-Target,No,0,None,ADHD
469,Non-Target,No,0,None,ADHD
470,Non-Target,No,0,None,ADHD
471,Non-Target,No,0,None,ADHD
472,Non-Target,No,0,None,ADHD
473,Non-Target,No,0,None,ADHD
474,Target,Yes,817,None,ADHD
475,Non-Target,No,0,None,ADHD
476,Target,Yes,801,None,ADHD
477,Non-Target,No,0,None,ADHD
478,Non-Target,No,0,None,ADHD
479,Non-Target,No,0,None,ADHD
480,Non-Target,No,0,None,ADHD
481,Target,Yes,785,None,ADHD
482,Non-Target,No,0,None,ADHD
483,Non-Target,No,0,None,ADHD
484,Target,Yes,792,None,ADHD
485,Non-Target,No,0,None,ADHD
486,Target,Yes,984,None,ADHD
487,Target,Yes,819,None,ADHD
488,Target,Yes,778,None,ADHD
489,Target,Yes,811,None,ADHD
490,Target,No,0,Omission,ADHD
491,Target,Yes,806,None,ADHD
492,Target,No,0,Omission,ADHD
493,Non-Target,No,0,None,ADHD
494,Non-Target,No,0,None,ADHD
495,Target,Yes,539,None,ADHD
496,Non-Target,No,0,None,ADHD
497,Non-Target,No,0,None,ADHD
498,Non-Target,No,0,None,ADHD
499,Target,Yes,1189,None,ADHD
500,Target,Yes,890,None,ADHD
501,Target,Yes,804,None,ADHD
502,Target,Yes,598,None,ADHD
503,Target,Yes,729,None,ADHD
504,Non-Target,No,0,None,ADHD
505,Non-Target,No,0,None,ADHD
506,Target,Yes,629,None,ADHD
507,Target,Yes,806,None,ADHD
508,Target,Yes,1013,None,ADHD
509,Target,Yes,900,None,ADHD
510,Target,Yes,824,None,ADHD
511,Target,Yes,807,None,ADHD
512,Target,Yes,737,None,ADHD
513,Non-Target,No,0,None,ADHD
514,Non-Target,No,0,None,ADHD
515,Non-Target,No,0,None,ADHD
516,Non-Target,No,0,None,ADHD
517,Target,Yes,771,None,ADHD
518,Non-Target,No,0,None,ADHD
519,Target,Yes,833,None,ADHD
520,Non-Target,No,0,None,ADHD
521,Non-Target,No,0,None,ADHD
522,Non-Target,No,0,None,ADHD
523,Non-Target,No,0,None,ADHD
524,Non-Target,No,0,None,ADHD
525,Non-Target,No,0,None,ADHD
526,Target,Yes,784,None,ADHD
527,Target,Yes,729,None,ADHD
528,Target,Yes,1128,None,ADHD
529,Non-Target,No,0,None,ADHD
530,Non-Target,No,0,None,ADHD
531,Non-Target,No,0,None,ADHD
532,Target,Yes,988,None,ADHD
533,Non-Target,No,0,None,ADHD
534,Non-Target,No,0,None,ADHD
535,Non-Target,No,0,None,ADHD
536,Non-Target,No,0,None,ADHD
537,Target,Yes,1021,None,ADHD
538,Target,No,0,Omission,ADHD
539,Target,No,0,Omission,ADHD
540,Non-Target,No,0,None,ADHD
541,Target,Yes,849,None,ADHD
542,Target,No,0,Omission,ADHD
543,Non-Target,No,0,None,ADHD
544,Non-Target,No,0,None,ADHD
545,Non-Target,No,0,None,ADHD
546,Non-Target,No,0,None,ADHD
547,Non-Target,No,0,None,ADHD
548,Non-Target,Yes,642,Commission,ADHD
549,Target,Yes,845,None,ADHD
550,Non-Target,No,0,None,ADHD
551,Non-Target,No,0,None,ADHD
552,Non-Target,No,0,None,ADHD
553,Non-Target,No,0,None,ADHD
554,Target,Yes,595,None,ADHD
555,Non-Target,No,0,None,ADHD
556,Target,Yes,653,None,ADHD
557,Non-Target,No,0,None,ADHD
558,Target,Yes,829,None,ADHD
559,Target,Yes,837,None,ADHD
560,Non-Target,No,0,None,ADHD
561,Target,Yes,818,None,ADHD
562,Non-Target,No,0,None,ADHD
563,Non-Target,No,0,None,ADHD
564,Non-Target,No,0,None,ADHD
565,Non-Target,No,0,None,ADHD
566,Non-Target,No,0,None,ADHD
567,Target,Yes,747,None,ADHD
568,Non-Target,No,0,None,ADHD
569,Non-Target,No,0,None,ADHD
570,Non-Target,No,0,None,ADHD
571,Target,No,0,Omission,ADHD
572,Non-Target,No,0,None,ADHD
573,Non-Target,Yes,985,Commission,ADHD
574,Non-Target,No,0,None,ADHD
575,Non-Target,No,0,None,ADHD
576,Non-Target,No,0,None,ADHD
577,Non-Target,No,0,None,ADHD
578,Target,Yes,923,None,ADHD
579,Non-Target,No,0,None,ADHD
580,Target,Yes,584,None,ADHD
581,Target,No,0,Omission,ADHD
582,Non-Target,No,0,None,ADHD
583,Non-Target,Yes,827,Commission,ADHD
584,Non-Target,No,0,None,ADHD
585,Non-Target,No,0,None,ADHD
586,Non-Target,No,0,None,ADHD
587,Non-Target,No,0,None,ADHD
588,Non-Target,No,0,None,ADHD
589,Non-Target,No,0,None,ADHD
590,Non-Target,No,0,None,ADHD
591,Target,Yes,728,None,ADHD
592,Non-Target,No,0,None,ADHD
593,Non-Target,No,0,None,ADHD
594,Non-Target,No,0,None,ADHD
595,Non-Target,No,0,None,ADHD
596,Non-Target,No,0,None,ADHD
597,Non-Target,Yes,654,Commission,ADHD
598,Target,Yes,856,None,ADHD
599,Non-Target,No,0,None,ADHD
600,Non-Target,No,0,None,ADHD
601,Target,Yes,648,None,ADHD
602,Non-Target,No,0,None,ADHD
603,Non-Target,No,0,None,ADHD
604,Non-Target,No,0,None,ADHD
605,Non-Target,No,0,None,ADHD
606,Non-Target,Yes,750,Commission,ADHD
607,Target,No,0,Omission,ADHD
608,Non-Target,No,0,None,ADHD
609,Non-Target,Yes,757,Commission,ADHD
610,Non-Target,No,0,None,ADHD
611,Non-Target,No,0,None,ADHD
612,Target,No,0,Omission,ADHD
613,Non-Target,Yes,977,Commission,ADHD
614,Target,Yes,819,None,ADHD
615,Target,No,0,Omission,ADHD
616,Target,Yes,888,None,ADHD
617,Non-Target,No,0,None,ADHD
618,Non-Target,No,0,None,ADHD
619,Non-Target,No,0,None,ADHD
620,Non-Target,No,0,None,ADHD
621,Non-Target,No,0,None,ADHD
622,Target,Yes,864,None,ADHD
623,Target,Yes,636,None,ADHD
624,Non-Target,No,0,None,ADHD
625,Target,Yes,532,None,ADHD
626,Target,No,0,Omission,ADHD
627,Non-Target,No,0,None,ADHD
628,Non-Target,No,0,None,ADHD
629,Non-Target,No,0,None,ADHD
630,Non-Target,No,0,None,ADHD
631,Non-Target,Yes,795,Commission,ADHD
632,Non-Target,Yes,749,Commission,ADHD
633,Non-Target,Yes,852,Commission,ADHD
634,Target,Yes,711,None,ADHD
635,Non-Target,No,0,None,ADHD
636,Target,Yes,695,None,ADHD
637,Non-Target,No,0,None,ADHD
638,Non-Target,No,0,None,ADHD
639,Target,No,0,Omission,ADHD
640,Non-Target,No,0,None,ADHD
641,Target,Yes,1058,None,ADHD
642,Non-Target,No,0,None,ADHD
643,Non-Target,No,0,None,ADHD
644,Non-Target,No,0,None,ADHD
645,Non-Target,No,0,None,ADHD
646,Non-Target,No,0,None,ADHD
647,Non-Target,No,0,None,ADHD
648,Target,Yes,1011,None,ADHD
649,Target,Yes,716,None,ADHD
650,Non-Target,No,0,None,ADHD
651,Non-Target,No,0,None,ADHD
652,Non-Target,No,0,None,ADHD
653,Target,No,0,Omission,ADHD
654,Non-Target,No,0,None,ADHD
655,Non-Target,Yes,774,Commission,ADHD
656,Target,Yes,828,None,ADHD
657,Non-Target,Yes,916,Commission,ADHD
658,Non-Target,No,0,None,ADHD
659,Non-Target,No,0,None,ADHD
660,Non-Target,No,0,None,ADHD
661,Non-Target,No,0,None,ADHD
662,Target,Yes,856,None,ADHD
663,Target,Yes,832,None,ADHD
664,Non-Target,No,0,None,ADHD
665,Non-Target,Yes,783,Commission,ADHD
666,Target,Yes,601,None,ADHD
667,Non-Target,No,0,None,ADHD
668,Non-Target,No,0,None,ADHD
669,Non-Target,No,0,None,ADHD
670,Non-Target,No,0,None,ADHD
671,Target,Yes,499,None,ADHD
672,Target,Yes,856,None,ADHD
673,Non-Target,No,0,None,ADHD
674,Non-Target,No,0,None,ADHD
675,Target,Yes,1063,None,ADHD
676,Target,Yes,785,None,ADHD
677,Target,Yes,524,None,ADHD
678,Non-Target,No,0,None,ADHD
679,Target,Yes,669,None,ADHD
680,Non-Target,No,0,None,ADHD
681,Target,Yes,872,None,ADHD
682,Target,Yes,738,None,ADHD
683,Target,No,0,Omission,ADHD
684,Non-Target,No,0,None,ADHD
685,Non-Target,No,0,None,ADHD
686,Non-Target,No,0,None,ADHD
687,Non-Target,No,0,None,ADHD
688,Non-Target,No,0,None,ADHD
689,Non-Target,No,0,None,ADHD
690,Non-Target,No,0,None,ADHD
691,Target,Yes,1012,None,ADHD
692,Non-Target,No,0,None,ADHD
693,Non-Target,No,0,None,ADHD
694,Non-Target,No,0,None,ADHD
695,Target,Yes,872,None,ADHD
696,Non-Target,No,0,None,ADHD
697,Non-Target,No,0,None,ADHD
698,Target,Yes,863,None,ADHD
699,Target,Yes,745,None,ADHD
700,Non-Target,No,0,None,ADHD
701,Non-Target,No,0,None,ADHD
702,Non-Target,No,0,None,ADHD
703,Non-Target,No,0,None,ADHD
704,Non-Target,No,0,None,ADHD
705,Non-Target,No,0,None,ADHD
706,Non-Target,No,0,None,ADHD
707,Non-Target,No,0,None,ADHD
708,Target,No,0,Omission,ADHD
709,Non-Target,Yes,567,Commission,ADHD
710,Non-Target,No,0,None,ADHD
711,Non-Target,Yes,680,Commission,ADHD
712,Target,Yes,823,None,ADHD
713,Non-Target,Yes,983,Commission,ADHD
714,Non-Target,No,0,None,ADHD
715,Non-Target,Yes,891,Commission,ADHD
716,Target,No,0,Omission,ADHD
717,Non-Target,No,0,None,ADHD
718,Non-Target,No,0,None,ADHD
719,Target,Yes,927,None,ADHD
720,Target,Yes,573,None,ADHD
721,Non-Target,No,0,None,ADHD
722,Non-Target,No,0,None,ADHD
723,Non-Target,No,0,None,ADHD
724,Non-Target,No,0,None,ADHD
725,Target,Yes,766,None,ADHD
726,Non-Target,Yes,363,Commission,ADHD
727,Non-Target,No,0,None,ADHD
728,Non-Target,No,0,None,ADHD
729,Non-Target,No,0,None,ADHD
730,Non-Target,No,0,None,ADHD
731,Target,No,0,Omission,ADHD
732,Non-Target,No,0,None,ADHD
733,Non-Target,No,0,None,ADHD
734,Non-Target,No,0,None,ADHD
735,Non-Target,No,0,None,ADHD
736,Non-Target,No,0,None,ADHD
737,Non-Target,No,0,None,ADHD
738,Non-Target,No,0,None,ADHD
739,Non-Target,No,0,None,ADHD
740,Target,Yes,630,None,ADHD
741,Non-Target,Yes,660,Commission,ADHD
742,Target,Yes,645,None,ADHD
743,Non-Target,No,0,None,ADHD
744,Non-Target,No,0,None,ADHD
745,Non-Target,No,0,None,ADHD
746,Target,Yes,758,None,ADHD
747,Non-Target,No,0,None,ADHD
748,Target,Yes,732,None,ADHD
749,Non-Target,No,0,None,ADHD
750,Non-Target,No,0,None,ADHD
751,Non-Target,No,0,None,ADHD
752,Target,Yes,908,None,ADHD
753,Non-Target,No,0,None,ADHD
754,Target,No,0,Omission,ADHD
755,Target,Yes,907,None,ADHD
756,Non-Target,No,0,None,ADHD
757,Non-Target,No,0,None,ADHD
758,Non-Target,No,0,None,ADHD
759,Non-Target,No,0,None,ADHD
760,Non-Target,No,0,None,ADHD
761,Non-Target,No,0,None,ADHD
762,Non-Target,No,0,None,ADHD
763,Target,Yes,772,None,ADHD
764,Target,Yes,724,None,ADHD
765,Non-Target,No,0,None,ADHD
766,Non-Target,No,0,None,ADHD
767,Target,Yes,777,None,ADHD
768,Non-Target,No,0,None,ADHD
769,Non-Target,No,0,None,ADHD
770,Non-Target,No,0,None,ADHD
771,Non-Target,No,0,None,ADHD
772,Non-Target,No,0,None,ADHD
773,Non-Target,No,0,None,ADHD
774,Target,No,0,Omission,ADHD
775,Target,Yes,731,None,ADHD
776,Non-Target,No,0,None,ADHD
777,Target,Yes,826,None,ADHD
778,Target,No,0,Omission,ADHD
779,Target,Yes,1013,None,ADHD
780,Target,No,0,Omission,ADHD
781,Target,Yes,877,None,ADHD
782,Non-Target,No,0,None,ADHD
783,Non-Target,No,0,None,ADHD
784,Non-Target,No,0,None,ADHD
785,Target,Yes,655,None,ADHD
786,Target,Yes,964,None,ADHD
787,Non-Target,Yes,782,Commission,ADHD
788,Non-Target,No,0,None,ADHD
789,Non-Target,No,0,None,ADHD
790,Non-Target,No,0,None,ADHD
791,Non-Target,No,0,None,ADHD
792,Target,Yes,658,None,ADHD
793,Non-Target,No,0,None,ADHD
794,Non-Target,No,0,None,ADHD
795,Non-Target,No,0,None,ADHD
796,Target,Yes,669,None,ADHD
797,Non-Target,No,0,None,ADHD
798,Non-Target,No,0,None,ADHD
799,Non-Target,No,0,None,ADHD
800,Target,Yes,769,None,ADHD
801,Non-Target,No,0,None,ADHD
802,Non-Target,No,0,None,ADHD
803,Target,Yes,835,None,ADHD
804,Non-Target,No,0,None,ADHD
805,Non-Target,No,0,None,ADHD
806,Non-Target,No,0,None,ADHD
807,Target,Yes,715,None,ADHD
808,Non-Target,No,0,None,ADHD
809,Non-Target,Yes,676,Commission,ADHD
810,Non-Target,No,0,None,ADHD
811,Non-Target,No,0,None,ADHD
812,Non-Target,No,0,None,ADHD
813,Target,Yes,608,None,ADHD
814,Non-Target,No,0,None,ADHD
815,Target,Yes,688,None,ADHD
816,Non-Target,No,0,None,ADHD
817,Non-Target,Yes,822,Commission,ADHD
818,Non-Target,No,0,None,ADHD
819,Target,Yes,694,None,ADHD
820,Non-Target,No,0,None,ADHD
821,Non-Target,No,0,None,ADHD
822,Target,Yes,678,None,ADHD
823,Target,Yes,869,None,ADHD
824,Target,Yes,726,None,ADHD
825,Non-Target,No,0,None,ADHD
826,Non-Target,Yes,706,Commission,ADHD
827,Non-Target,No,0,None,ADHD
828,Non-Target,No,0,None,ADHD
829,Non-Target,No,0,None,ADHD
830,Non-Target,No,0,None,ADHD
831,Non-Target,No,0,None,ADHD
832,Non-Target,Yes,775,Commission,ADHD
833,Target,Yes,705,None,ADHD
834,Non-Target,No,0,None,ADHD
835,Non-Target,No,0,None,ADHD
836,Non-Target,No,0,None,ADHD
837,Target,Yes,570,None,ADHD
838,Non-Target,No,0,None,ADHD
839,Non-Target,No,0,None,ADHD
840,Non-Target,No,0,None,ADHD
841,Non-Target,No,0,None,ADHD
842,Non-Target,No,0,None,ADHD
843,Target,No,0,Omission,ADHD
844,Target,No,0,Omission,ADHD
845,Non-Target,No,0,None,ADHD
846,Target,Yes,956,None,ADHD
847,Non-Target,No,0,None,ADHD
848,Target,Yes,909,None,ADHD
849,Non-Target,Yes,935,Commission,ADHD
850,Non-Target,No,0,None,ADHD
851,Target,No,0,Omission,ADHD
852,Non-Target,No,0,None,ADHD
853,Non-Target,No,0,None,ADHD
854,Target,Yes,939,None,ADHD
855,Target,Yes,829,None,ADHD
856,Non-Target,No,0,None,ADHD
857,Target,No,0,Omission,ADHD
858,Non-Target,No,0,None,ADHD
859,Non-Target,No,0,None,ADHD
860,Non-Target,No,0,None,ADHD
861,Non-Target,No,0,None,ADHD
862,Target,Yes,638,None,ADHD
863,Non-Target,No,0,None,ADHD
864,Target,Yes,877,None,ADHD
865,Target,Yes,812,None,ADHD
866,Non-Target,Yes,831,Commission,ADHD
867,Non-Target,No,0,None,ADHD
868,Non-Target,No,0,None,ADHD
869,Non-Target,No,0,None,ADHD
870,Non-Target,No,0,None,ADHD
871,Target,Yes,1046,None,ADHD
872,Non-Target,No,0,None,ADHD
873,Target,Yes,578,None,ADHD
874,Target,Yes,851,None,ADHD
875,Non-Target,No,0,None,ADHD
876,Non-Target,Yes,795,Commission,ADHD
877,Target,No,0,Omission,ADHD
878,Non-Target,No,0,None,ADHD
879,Non-Target,No,0,None,ADHD
880,Non-Target,No,0,None,ADHD
881,Non-Target,No,0,None,ADHD
882,Non-Target,No,0,None,ADHD
883,Non-Target,No,0,None,ADHD
884,Non-Target,No,0,None,ADHD
885,Non-Target,Yes,935,Commission,ADHD
886,Target,Yes,922,None,ADHD
887,Non-Target,No,0,None,ADHD
888,Non-Target,No,0,None,ADHD
889,Non-Target,No,0,None,ADHD
890,Non-Target,No,0,None,ADHD
891,Non-Target,No,0,None,ADHD
892,Target,Yes,1118,None,ADHD
893,Non-Target,No,0,None,ADHD
894,Non-Target,No,0,None,ADHD
895,Non-Target,No,0,None,ADHD
896,Target,Yes,852,None,ADHD
897,Non-Target,No,0,None,ADHD
898,Non-Target,Yes,915,Commission,ADHD
899,Non-Target,Yes,820,Commission,ADHD
900,Non-Target,No,0,None,ADHD
901,Non-Target,No,0,None,ADHD
902,Target,No,0,Omission,ADHD
903,Non-Target,No,0,None,ADHD
904,Target,Yes,977,None,ADHD
905,Non-Target,No,0,None,ADHD
906,Non-Target,No,0,None,ADHD
907,Target,Yes,772,None,ADHD
908,Non-Target,No,0,None,ADHD
909,Non-Target,Yes,690,Commission,ADHD
910,Target,Yes,523,None,ADHD
911,Non-Target,No,0,None,ADHD
912,Non-Target,No,0,None,ADHD
913,Non-Target,No,0,None,ADHD
914,Non-Target,No,0,None,ADHD
915,Target,Yes,648,None,ADHD
916,Non-Target,No,0,None,ADHD
917,Non-Target,No,0,None,ADHD
918,Non-Target,No,0,None,ADHD
919,Non-Target,No,0,None,ADHD
920,Target,Yes,749,None,ADHD
921,Non-Target,No,0,None,ADHD
922,Non-Target,No,0,None,ADHD
923,Non-Target,No,0,None,ADHD
924,Non-Target,No,0,None,ADHD
925,Non-Target,No,0,None,ADHD
926,Target,Yes,739,None,ADHD
927,Non-Target,No,0,None,ADHD
928,Non-Target,No,0,None,ADHD
929,Target,No,0,Omission,ADHD
930,Non-Target,No,0,None,ADHD
931,Target,Yes,673,None,ADHD
932,Target,Yes,747,None,ADHD
933,Non-Target,No,0,None,ADHD
934,Non-Target,No,0,None,ADHD
935,Non-Target,No,0,None,ADHD
936,Non-Target,No,0,None,ADHD
937,Non-Target,Yes,769,Commission,ADHD
938,Non-Target,No,0,None,ADHD
939,Target,Yes,462,None,ADHD
940,Non-Target,No,0,None,ADHD
941,Non-Target,No,0,None,ADHD
942,Non-Target,Yes,767,Commission,ADHD
943,Target,No,0,Omission,ADHD
944,Target,Yes,757,None,ADHD
945,Target,Yes,1044,None,ADHD
946,Non-Target,No,0,None,ADHD
947,Target,Yes,708,None,ADHD
948,Non-Target,No,0,None,ADHD
949,Non-Target,No,0,None,ADHD
950,Non-Target,No,0,None,ADHD
951,Non-Target,No,0,None,ADHD
952,Non-Target,Yes,857,Commission,ADHD
953,Non-Target,No,0,None,ADHD
954,Non-Target,No,0,None,ADHD
955,Target,Yes,643,None,ADHD
956,Target,Yes,827,None,ADHD
957,Non-Target,No,0,None,ADHD
958,Target,Yes,807,None,ADHD
959,Target,Yes,1023,None,ADHD
960,Non-Target,No,0,None,ADHD
961,Non-Target,No,0,None,ADHD
962,Target,Yes,722,None,ADHD
963,Target,Yes,709,None,ADHD
964,Non-Target,No,0,None,ADHD
965,Target,Yes,864,None,ADHD
966,Non-Target,No,0,None,ADHD
967,Non-Target,No,0,None,ADHD
968,Non-Target,No,0,None,ADHD
969,Target,Yes,742,None,ADHD
970,Target,Yes,669,None,ADHD
971,Non-Target,No,0,None,ADHD
972,Non-Target,No,0,None,ADHD
973,Non-Target,No,0,None,ADHD
974,Non-Target,No,0,None,ADHD
975,Target,Yes,660,None,ADHD
976,Non-Target,Yes,844,Commission,ADHD
977,Non-Target,No,0,None,ADHD
978,Non-Target,No,0,None,ADHD
979,Non-Target,No,0,None,ADHD
980,Target,Yes,674,None,ADHD
981,Non-Target,No,0,None,ADHD
982,Non-Target,No,0,None,ADHD
983,Non-Target,No,0,None,ADHD
984,Non-Target,No,0,None,ADHD
985,Non-Target,No,0,None,ADHD
986,Non-Target,No,0,None,ADHD
987,Target,Yes,772,None,ADHD
988,Non-Target,No,0,None,ADHD
989,Non-Target,No,0,None,ADHD
990,Non-Target,No,0,None,ADHD
991,Target,Yes,742,None,ADHD
992,Non-Target,No,0,None,ADHD
993,Non-Target,No,0,None,ADHD
994,Non-Target,No,0,None,ADHD
995,Non-Target,No,0,None,ADHD
996,Non-Target,No,0,None,ADHD
997,Non-Target,No,0,None,ADHD
998,Non-Target,No,0,None,ADHD
999,Non-Target,No,0,None,ADHD
1000,Non-Target,No,0,None,ADHD
1001,Non-Target,No,0,None,ADHD
1002,Target,Yes,796,None,ADHD
1003,Non-Target,No,0,None,ADHD
1004,Non-Target,No,0,None,ADHD
1005,Non-Target,No,0,None,ADHD
1006,Target,No,0,Omission,ADHD
1007,Non-Target,Yes,986,Commission,ADHD
1008,Non-Target,No,0,None,ADHD
1009,Non-Target,No,0,None,ADHD
1010,Non-Target,No,0,None,ADHD
1011,Non-Target,No,0,None,ADHD
1012,Non-Target,No,0,None,ADHD
1013,Non-Target,No,0,None,ADHD
1014,Non-Target,No,0,None,ADHD
1015,Non-Target,No,0,None,ADHD
1016,Target,Yes,829,None,ADHD
1017,Non-Target,No,0,None,ADHD
1018,Non-Target,No,0,None,ADHD
1019,Non-Target,No,0,None,ADHD
1020,Non-Target,Yes,830,Commission,ADHD
1021,Non-Target,No,0,None,ADHD
1022,Non-Target,No,0,None,ADHD
1023,Target,No,0,Omission,ADHD
1024,Non-Target,No,0,None,ADHD
1025,Non-Target,No,0,None,ADHD
1026,Non-Target,No,0,None,ADHD
1027,Target,Yes,841,None,ADHD
1028,Non-Target,No,0,None,ADHD
1029,Non-Target,No,0,None,ADHD
1030,Non-Target,No,0,None,ADHD
1031,Target,No,0,Omission,ADHD
1032,Non-Target,No,0,None,ADHD
1033,Target,Yes,846,None,ADHD
1034,Non-Target,No,0,None,ADHD
1035,Target,Yes,939,None,ADHD
1036,Non-Target,No,0,None,ADHD
1037,Non-Target,No,0,None,ADHD
1038,Non-Target,No,0,None,ADHD
1039,Target,Yes,670,None,ADHD
1040,Target,Yes,658,None,ADHD
1041,Non-Target,No,0,None,ADHD
1042,Non-Target,No,0,None,ADHD
1043,Non-Target,No,0,None,ADHD
1044,Non-Target,No,0,None,ADHD
1045,Non-Target,No,0,None,ADHD
1046,Target,Yes,947,None,ADHD
1047,Target,Yes,767,None,ADHD
1048,Non-Target,No,0,None,ADHD
1049,Non-Target,No,0,None,ADHD
1050,Non-Target,No,0,None,ADHD
1051,Target,Yes,774,None,ADHD
1052,Non-Target,No,0,None,ADHD
1053,Non-Target,No,0,None,ADHD
1054,Non-Target,No,0,None,ADHD
1055,Non-Target,No,0,None,ADHD
1056,Non-Target,Yes,913,Commission,ADHD
1057,Target,Yes,829,None,ADHD
1058,Target,Yes,771,None,ADHD
1059,Target,Yes,577,None,ADHD
1060,Non-Target,No,0,None,ADHD
1061,Non-Target,No,0,None,ADHD
1062,Non-Target,No,0,None,ADHD
1063,Non-Target,No,0,None,ADHD
1064,Target,No,0,Omission,ADHD
1065,Target,Yes,718,None,ADHD
1066,Target,Yes,782,None,ADHD
1067,Non-Target,No,0,None,ADHD
1068,Target,Yes,792,None,ADHD
1069,Target,Yes,808,None,ADHD
1070,Non-Target,No,0,None,ADHD
1071,Target,Yes,985,None,ADHD
1072,Non-Target,No,0,None,ADHD
1073,Non-Target,No,0,None,ADHD
1074,Non-Target,Yes,751,Commission,ADHD
1075,Non-Target,Yes,902,Commission,ADHD
1076,Non-Target,No,0,None,ADHD
1077,Non-Target,No,0,None,ADHD
1078,Non-Target,No,0,None,ADHD
1079,Non-Target,No,0,None,ADHD
1080,Non-Target,Yes,658,Commission,ADHD
1081,Target,Yes,929,None,ADHD
1082,Non-Target,No,0,None,ADHD
1083,Non-Target,Yes,1021,Commission,ADHD
1084,Target,Yes,670,None,ADHD
1085,Target,Yes,874,None,ADHD
1086,Non-Target,No,0,None,ADHD
1087,Non-Target,No,0,None,ADHD
1088,Target,Yes,848,None,ADHD
1089,Non-Target,No,0,None,ADHD
1090,Non-Target,Yes,962,Commission,ADHD
1091,Non-Target,No,0,None,ADHD
1092,Non-Target,No,0,None,ADHD
1093,Non-Target,No,0,None,ADHD
1094,Target,Yes,920,None,ADHD
1095,Non-Target,No,0,None,ADHD
1096,Non-Target,No,0,None,ADHD
1097,Non-Target,No,0,None,ADHD
1098,Non-Target,Yes,629,Commission,ADHD
1099,Non-Target,No,0,None,ADHD
1100,Non-Target,No,0,None,ADHD
1101,Non-Target,No,0,None,ADHD
1102,Non-Target,Yes,916,Commission,ADHD
1103,Non-Target,Yes,750,Commission,ADHD
1104,Target,Yes,770,None,ADHD
1105,Non-Target,No,0,None,ADHD
1106,Non-Target,No,0,None,ADHD
1107,Target,Yes,799,None,ADHD
1108,Non-Target,No,0,None,ADHD
1109,Non-Target,No,0,None,ADHD
1110,Non-Target,No,0,None,ADHD
1111,Non-Target,No,0,None,ADHD
1112,Non-Target,No,0,None,ADHD
1113,Non-Target,No,0,None,ADHD
1114,Non-Target,No,0,None,ADHD
1115,Target,Yes,729,None,ADHD
1116,Non-Target,No,0,None,ADHD
1117,Non-Target,No,0,None,ADHD
1118,Target,Yes,534,None,ADHD
1119,Target,Yes,794,None,ADHD
1120,Non-Target,No,0,None,ADHD
1121,Target,Yes,900,None,ADHD
1122,Target,Yes,607,None,ADHD
1123,Target,Yes,567,None,ADHD
1124,Non-Target,Yes,1065,Commission,ADHD
1125,Target,Yes,896,None,ADHD
1126,Non-Target,No,0,None,ADHD
1127,Non-Target,No,0,None,ADHD
1128,Target,Yes,841,None,ADHD
1129,Target,Yes,886,None,ADHD
1130,Target,Yes,797,None,ADHD
1131,Target,Yes,841,None,ADHD
1132,Non-Target,Yes,777,Commission,ADHD
1133,Non-Target,No,0,None,ADHD
1134,Target,Yes,704,None,ADHD
1135,Non-Target,No,0,None,ADHD
1136,Non-Target,No,0,None,ADHD
1137,Non-Target,No,0,None,ADHD
1138,Non-Target,No,0,None,ADHD
1139,Non-Target,No,0,None,ADHD
1140,Non-Target,Yes,759,Commission,ADHD
1141,Non-Target,No,0,None,ADHD
1142,Target,Yes,933,None,ADHD
1143,Non-Target,No,0,None,ADHD
1144,Target,Yes,824,None,ADHD
1145,Target,No,0,Omission,ADHD
1146,Target,Yes,779,None,ADHD
1147,Target,Yes,606,None,ADHD
1148,Non-Target,No,0,None,ADHD
1149,Non-Target,No,0,None,ADHD
1150,Non-Target,No,0,None,ADHD
1151,Target,No,0,Omission,ADHD
1152,Non-Target,Yes,712,Commission,ADHD
1153,Non-Target,No,0,None,ADHD
1154,Non-Target,No,0,None,ADHD
1155,Target,Yes,716,None,ADHD
1156,Non-Target,No,0,None,ADHD
1157,Non-Target,No,0,None,ADHD
1158,Non-Target,No,0,None,ADHD
1159,Non-Target,Yes,713,Commission,ADHD
1160,Non-Target,No,0,None,ADHD
1161,Non-Target,No,0,None,ADHD
1162,Non-Target,No,0,None,ADHD
1163,Target,No,0,Omission,ADHD
1164,Non-Target,No,0,None,ADHD
1165,Non-Target,No,0,None,ADHD
1166,Non-Target,No,0,None,ADHD
1167,Non-Target,No,0,None,ADHD
1168,Non-Target,No,0,None,ADHD
1169,Non-Target,No,0,None,ADHD
1170,Non-Target,No,0,None,ADHD
1171,Non-Target,No,0,None,ADHD
1172,Target,Yes,885,None,ADHD
1173,Non-Target,No,0,None,ADHD
1174,Non-Target,No,0,None,ADHD
1175,Non-Target,No,0,None,ADHD
1176,Non-Target,No,0,None,ADHD
1177,Non-Target,No,0,None,ADHD
1178,Non-Target,No,0,None,ADHD
1179,Target,Yes,716,None,ADHD
1180,Non-Target,No,0,None,ADHD
1181,Non-Target,No,0,None,ADHD
1182,Non-Target,No,0,None,ADHD
1183,Non-Target,No,0,None,ADHD
1184,Non-Target,Yes,695,Commission,ADHD
1185,Non-Target,No,0,None,ADHD
1186,Non-Target,No,0,None,ADHD
1187,Target,No,0,Omission,ADHD
1188,Non-Target,Yes,873,Commission,ADHD
1189,Non-Target,No,0,None,ADHD
1190,Non-Target,No,0,None,ADHD
1191,Non-Target,No,0,None,ADHD
1192,Non-Target,No,0,None,ADHD
1193,Non-Target,Yes,778,Commission,ADHD
1194,Target,Yes,952,None,ADHD
1195,Non-Target,No,0,None,ADHD
1196,Non-Target,No,0,None,ADHD
1197,Non-Target,Yes,583,Commission,ADHD
1198,Non-Target,No,0,None,ADHD
1199,Non-Target,No,0,None,ADHD
1200,Target,Yes,635,None,ADHD
