Trial,StimulusType,Reaction,ReactionTime(ms),ErrorType,Label
1,Non-Target,No,0,None,ADHD
2,Non-Target,No,0,None,ADHD
3,Target,Yes,783,None,ADHD
4,Non-Target,No,0,None,ADHD
5,Non-Target,No,0,None,ADHD
6,Non-Target,No,0,None,ADHD
7,Non-Target,Yes,781,Commission,ADHD
8,Target,Yes,543,None,ADHD
9,Target,Yes,998,None,ADHD
10,Target,Yes,762,None,ADHD
11,Non-Target,Yes,763,Commission,ADHD
12,Non-Target,No,0,None,ADHD
13,Non-Target,No,0,None,ADHD
14,Non-Target,No,0,None,ADHD
15,Target,Yes,736,None,ADHD
16,Target,No,0,Omission,ADHD
17,Non-Target,No,0,None,ADHD
18,Non-Target,No,0,None,ADHD
19,Non-Target,Yes,476,Commission,ADHD
20,Non-Target,No,0,None,ADHD
21,Target,Yes,758,None,ADHD
22,Non-Target,No,0,None,ADHD
23,Non-Target,No,0,None,ADHD
24,Non-Target,No,0,None,ADHD
25,Non-Target,No,0,None,ADHD
26,Non-Target,No,0,None,ADHD
27,Non-Target,No,0,None,ADHD
28,Non-Target,No,0,None,ADHD
29,Non-Target,No,0,None,ADHD
30,Non-Target,No,0,None,ADHD
31,Non-Target,No,0,None,ADHD
32,Target,No,0,Omission,ADHD
33,Target,Yes,633,None,ADHD
34,Non-Target,Yes,410,Commission,ADHD
35,Non-Target,No,0,None,ADHD
36,Non-Target,No,0,None,ADHD
37,Target,Yes,731,None,ADHD
38,Target,Yes,621,None,ADHD
39,Non-Target,No,0,None,ADHD
40,Non-Target,Yes,821,Commission,ADHD
41,Non-Target,No,0,None,ADHD
42,Non-Target,No,0,None,ADHD
43,Target,No,0,Omission,ADHD
44,Non-Target,No,0,None,ADHD
45,Non-Target,No,0,None,ADHD
46,Target,Yes,748,None,ADHD
47,Target,Yes,753,None,ADHD
48,Target,Yes,927,None,ADHD
49,Non-Target,No,0,None,ADHD
50,Target,Yes,795,None,ADHD
51,Non-Target,Yes,730,Commission,ADHD
52,Non-Target,Yes,627,Commission,ADHD
53,Non-Target,No,0,None,ADHD
54,Non-Target,No,0,None,ADHD
55,Non-Target,No,0,None,ADHD
56,Non-Target,No,0,None,ADHD
57,Non-Target,No,0,None,ADHD
58,Non-Target,No,0,None,ADHD
59,Target,Yes,863,None,ADHD
60,Non-Target,No,0,None,ADHD
61,Non-Target,No,0,None,ADHD
62,Target,Yes,650,None,ADHD
63,Non-Target,Yes,715,Commission,ADHD
64,Non-Target,No,0,None,ADHD
65,Non-Target,No,0,None,ADHD
66,Non-Target,No,0,None,ADHD
67,Non-Target,No,0,None,ADHD
68,Non-Target,No,0,None,ADHD
69,Non-Target,No,0,None,ADHD
70,Target,Yes,590,None,ADHD
71,Non-Target,Yes,559,Commission,ADHD
72,Target,Yes,712,None,ADHD
73,Non-Target,No,0,None,ADHD
74,Non-Target,No,0,None,ADHD
75,Non-Target,No,0,None,ADHD
76,Target,Yes,875,None,ADHD
77,Non-Target,No,0,None,ADHD
78,Target,Yes,735,None,ADHD
79,Non-Target,No,0,None,ADHD
80,Non-Target,No,0,None,ADHD
81,Non-Target,No,0,None,ADHD
82,Non-Target,No,0,None,ADHD
83,Non-Target,Yes,895,Commission,ADHD
84,Non-Target,No,0,None,ADHD
85,Non-Target,No,0,None,ADHD
86,Non-Target,No,0,None,ADHD
87,Target,No,0,Omission,ADHD
88,Non-Target,No,0,None,ADHD
89,Non-Target,No,0,None,ADHD
90,Non-Target,No,0,None,ADHD
91,Non-Target,No,0,None,ADHD
92,Non-Target,No,0,None,ADHD
93,Target,Yes,758,None,ADHD
94,Target,Yes,914,None,ADHD
95,Non-Target,No,0,None,ADHD
96,Target,Yes,647,None,ADHD
97,Target,No,0,Omission,ADHD
98,Non-Target,No,0,None,ADHD
99,Non-Target,No,0,None,ADHD
100,Non-Target,No,0,None,ADHD
101,Non-Target,No,0,None,ADHD
102,Non-Target,No,0,None,ADHD
103,Target,No,0,Omission,ADHD
104,Non-Target,Yes,562,Commission,ADHD
105,Non-Target,No,0,None,ADHD
106,Non-Target,No,0,None,ADHD
107,Non-Target,No,0,None,ADHD
108,Non-Target,No,0,None,ADHD
109,Target,Yes,759,None,ADHD
110,Target,Yes,841,None,ADHD
111,Non-Target,No,0,None,ADHD
112,Non-Target,Yes,808,Commission,ADHD
113,Target,Yes,701,None,ADHD
114,Non-Target,No,0,None,ADHD
115,Non-Target,Yes,699,Commission,ADHD
116,Non-Target,No,0,None,ADHD
117,Non-Target,Yes,683,Commission,ADHD
118,Non-Target,No,0,None,ADHD
119,Target,Yes,703,None,ADHD
120,Non-Target,No,0,None,ADHD
121,Non-Target,No,0,None,ADHD
122,Non-Target,No,0,None,ADHD
123,Non-Target,No,0,None,ADHD
124,Non-Target,No,0,None,ADHD
125,Non-Target,No,0,None,ADHD
126,Target,Yes,1026,None,ADHD
127,Target,Yes,756,None,ADHD
128,Non-Target,No,0,None,ADHD
129,Target,No,0,Omission,ADHD
130,Non-Target,No,0,None,ADHD
131,Target,Yes,851,None,ADHD
132,Target,Yes,561,None,ADHD
133,Non-Target,No,0,None,ADHD
134,Non-Target,No,0,None,ADHD
135,Target,Yes,851,None,ADHD
136,Non-Target,No,0,None,ADHD
137,Non-Target,No,0,None,ADHD
138,Non-Target,No,0,None,ADHD
139,Non-Target,No,0,None,ADHD
140,Target,No,0,Omission,ADHD
141,Non-Target,No,0,None,ADHD
142,Non-Target,No,0,None,ADHD
143,Non-Target,No,0,None,ADHD
144,Target,Yes,787,None,ADHD
145,Non-Target,No,0,None,ADHD
146,Target,Yes,721,None,ADHD
147,Non-Target,No,0,None,ADHD
148,Non-Target,No,0,None,ADHD
149,Non-Target,No,0,None,ADHD
150,Non-Target,Yes,569,Commission,ADHD
151,Target,Yes,761,None,ADHD
152,Non-Target,No,0,None,ADHD
153,Non-Target,No,0,None,ADHD
154,Non-Target,No,0,None,ADHD
155,Non-Target,No,0,None,ADHD
156,Non-Target,No,0,None,ADHD
157,Non-Target,No,0,None,ADHD
158,Non-Target,No,0,None,ADHD
159,Non-Target,No,0,None,ADHD
160,Non-Target,No,0,None,ADHD
161,Non-Target,No,0,None,ADHD
162,Non-Target,No,0,None,ADHD
163,Non-Target,Yes,639,Commission,ADHD
164,Target,No,0,Omission,ADHD
165,Non-Target,No,0,None,ADHD
166,Non-Target,No,0,None,ADHD
167,Non-Target,No,0,None,ADHD
168,Non-Target,No,0,None,ADHD
169,Target,Yes,521,None,ADHD
170,Target,Yes,633,None,ADHD
171,Non-Target,No,0,None,ADHD
172,Non-Target,No,0,None,ADHD
173,Non-Target,No,0,None,ADHD
174,Non-Target,No,0,None,ADHD
175,Non-Target,No,0,None,ADHD
176,Target,Yes,626,None,ADHD
177,Target,Yes,745,None,ADHD
178,Non-Target,No,0,None,ADHD
179,Non-Target,No,0,None,ADHD
180,Non-Target,No,0,None,ADHD
181,Target,Yes,891,None,ADHD
182,Non-Target,No,0,None,ADHD
183,Non-Target,Yes,551,Commission,ADHD
184,Non-Target,No,0,None,ADHD
185,Target,Yes,808,None,ADHD
186,Target,Yes,622,None,ADHD
187,Target,No,0,Omission,ADHD
188,Non-Target,No,0,None,ADHD
189,Non-Target,Yes,745,Commission,ADHD
190,Target,No,0,Omission,ADHD
191,Target,Yes,842,None,ADHD
192,Non-Target,No,0,None,ADHD
193,Non-Target,No,0,None,ADHD
194,Target,No,0,Omission,ADHD
195,Target,Yes,850,None,ADHD
196,Non-Target,No,0,None,ADHD
197,Non-Target,No,0,None,ADHD
198,Target,Yes,735,None,ADHD
199,Non-Target,No,0,None,ADHD
200,Non-Target,No,0,None,ADHD
201,Non-Target,No,0,None,ADHD
202,Non-Target,No,0,None,ADHD
203,Target,Yes,704,None,ADHD
204,Target,Yes,928,None,ADHD
205,Non-Target,No,0,None,ADHD
206,Non-Target,No,0,None,ADHD
207,Non-Target,No,0,None,ADHD
208,Target,Yes,803,None,ADHD
209,Target,Yes,750,None,ADHD
210,Non-Target,Yes,898,Commission,ADHD
211,Non-Target,No,0,None,ADHD
212,Target,No,0,Omission,ADHD
213,Non-Target,Yes,711,Commission,ADHD
214,Non-Target,No,0,None,ADHD
215,Target,No,0,Omission,ADHD
216,Non-Target,No,0,None,ADHD
217,Non-Target,No,0,None,ADHD
218,Non-Target,No,0,None,ADHD
219,Non-Target,Yes,549,Commission,ADHD
220,Non-Target,Yes,782,Commission,ADHD
221,Non-Target,No,0,None,ADHD
222,Non-Target,No,0,None,ADHD
223,Non-Target,No,0,None,ADHD
224,Non-Target,No,0,None,ADHD
225,Target,Yes,748,None,ADHD
226,Target,Yes,755,None,ADHD
227,Non-Target,No,0,None,ADHD
228,Non-Target,No,0,None,ADHD
229,Target,Yes,700,None,ADHD
230,Non-Target,No,0,None,ADHD
231,Non-Target,No,0,None,ADHD
232,Non-Target,No,0,None,ADHD
233,Target,No,0,Omission,ADHD
234,Non-Target,No,0,None,ADHD
235,Target,Yes,660,None,ADHD
236,Non-Target,No,0,None,ADHD
237,Non-Target,No,0,None,ADHD
238,Non-Target,No,0,None,ADHD
239,Non-Target,No,0,None,ADHD
240,Target,Yes,825,None,ADHD
241,Non-Target,No,0,None,ADHD
242,Target,No,0,Omission,ADHD
243,Target,Yes,725,None,ADHD
244,Non-Target,No,0,None,ADHD
245,Non-Target,No,0,None,ADHD
246,Target,Yes,774,None,ADHD
247,Target,Yes,898,None,ADHD
248,Non-Target,No,0,None,ADHD
249,Non-Target,Yes,638,Commission,ADHD
250,Non-Target,No,0,None,ADHD
251,Non-Target,No,0,None,ADHD
252,Non-Target,No,0,None,ADHD
253,Target,Yes,637,None,ADHD
254,Non-Target,No,0,None,ADHD
255,Target,Yes,784,None,ADHD
256,Non-Target,No,0,None,ADHD
257,Target,Yes,812,None,ADHD
258,Non-Target,No,0,None,ADHD
259,Non-Target,No,0,None,ADHD
260,Non-Target,No,0,None,ADHD
261,Non-Target,No,0,None,ADHD
262,Non-Target,Yes,567,Commission,ADHD
263,Non-Target,No,0,None,ADHD
264,Non-Target,No,0,None,ADHD
265,Non-Target,No,0,None,ADHD
266,Non-Target,No,0,None,ADHD
267,Target,Yes,889,None,ADHD
268,Non-Target,No,0,None,ADHD
269,Non-Target,Yes,516,Commission,ADHD
270,Non-Target,No,0,None,ADHD
271,Target,No,0,Omission,ADHD
272,Target,Yes,898,None,ADHD
273,Non-Target,No,0,None,ADHD
274,Non-Target,No,0,None,ADHD
275,Target,Yes,902,None,ADHD
276,Non-Target,No,0,None,ADHD
277,Target,Yes,733,None,ADHD
278,Non-Target,No,0,None,ADHD
279,Target,No,0,Omission,ADHD
280,Non-Target,No,0,None,ADHD
281,Non-Target,No,0,None,ADHD
282,Non-Target,Yes,551,Commission,ADHD
283,Non-Target,No,0,None,ADHD
284,Non-Target,No,0,None,ADHD
285,Non-Target,No,0,None,ADHD
286,Target,Yes,599,None,ADHD
287,Non-Target,No,0,None,ADHD
288,Non-Target,No,0,None,ADHD
289,Target,Yes,1026,None,ADHD
290,Non-Target,No,0,None,ADHD
291,Non-Target,No,0,None,ADHD
292,Non-Target,Yes,944,Commission,ADHD
293,Target,Yes,973,None,ADHD
294,Non-Target,No,0,None,ADHD
295,Non-Target,No,0,None,ADHD
296,Target,Yes,571,None,ADHD
297,Non-Target,No,0,None,ADHD
298,Non-Target,No,0,None,ADHD
299,Target,Yes,580,None,ADHD
300,Non-Target,No,0,None,ADHD
301,Non-Target,No,0,None,ADHD
302,Non-Target,No,0,None,ADHD
303,Non-Target,No,0,None,ADHD
304,Non-Target,No,0,None,ADHD
305,Target,No,0,Omission,ADHD
306,Non-Target,No,0,None,ADHD
307,Non-Target,No,0,None,ADHD
308,Non-Target,No,0,None,ADHD
309,Target,Yes,696,None,ADHD
310,Non-Target,No,0,None,ADHD
311,Non-Target,No,0,None,ADHD
312,Non-Target,No,0,None,ADHD
313,Non-Target,No,0,None,ADHD
314,Non-Target,No,0,None,ADHD
315,Target,Yes,897,None,ADHD
316,Non-Target,No,0,None,ADHD
317,Target,No,0,Omission,ADHD
318,Non-Target,No,0,None,ADHD
319,Non-Target,No,0,None,ADHD
320,Target,No,0,Omission,ADHD
321,Non-Target,No,0,None,ADHD
322,Target,Yes,832,None,ADHD
323,Non-Target,No,0,None,ADHD
324,Target,Yes,748,None,ADHD
325,Target,Yes,701,None,ADHD
326,Non-Target,No,0,None,ADHD
327,Non-Target,No,0,None,ADHD
328,Non-Target,No,0,None,ADHD
329,Target,No,0,Omission,ADHD
330,Target,Yes,878,None,ADHD
331,Target,Yes,808,None,ADHD
332,Non-Target,No,0,None,ADHD
333,Target,Yes,942,None,ADHD
334,Non-Target,No,0,None,ADHD
335,Non-Target,No,0,None,ADHD
336,Non-Target,No,0,None,ADHD
337,Non-Target,No,0,None,ADHD
338,Target,Yes,630,None,ADHD
339,Non-Target,No,0,None,ADHD
340,Non-Target,No,0,None,ADHD
341,Target,Yes,750,None,ADHD
342,Non-Target,No,0,None,ADHD
343,Target,Yes,822,None,ADHD
344,Target,Yes,790,None,ADHD
345,Target,Yes,563,None,ADHD
346,Target,Yes,912,None,ADHD
347,Non-Target,No,0,None,ADHD
348,Non-Target,No,0,None,ADHD
349,Non-Target,No,0,None,ADHD
350,Target,Yes,901,None,ADHD
351,Non-Target,No,0,None,ADHD
352,Non-Target,No,0,None,ADHD
353,Target,Yes,587,None,ADHD
354,Non-Target,No,0,None,ADHD
355,Non-Target,No,0,None,ADHD
356,Target,Yes,782,None,ADHD
357,Non-Target,No,0,None,ADHD
358,Non-Target,No,0,None,ADHD
359,Non-Target,Yes,910,Commission,ADHD
360,Target,Yes,653,None,ADHD
361,Non-Target,No,0,None,ADHD
362,Non-Target,No,0,None,ADHD
363,Non-Target,No,0,None,ADHD
364,Non-Target,No,0,None,ADHD
365,Non-Target,Yes,722,Commission,ADHD
366,Target,Yes,849,None,ADHD
367,Non-Target,No,0,None,ADHD
368,Non-Target,No,0,None,ADHD
369,Non-Target,No,0,None,ADHD
370,Non-Target,No,0,None,ADHD
371,Non-Target,No,0,None,ADHD
372,Non-Target,No,0,None,ADHD
373,Non-Target,No,0,None,ADHD
374,Target,Yes,649,None,ADHD
375,Target,Yes,426,None,ADHD
376,Non-Target,No,0,None,ADHD
377,Non-Target,No,0,None,ADHD
378,Non-Target,No,0,None,ADHD
379,Non-Target,No,0,None,ADHD
380,Non-Target,No,0,None,ADHD
381,Non-Target,No,0,None,ADHD
382,Non-Target,No,0,None,ADHD
383,Non-Target,No,0,None,ADHD
384,Non-Target,No,0,None,ADHD
385,Target,Yes,703,None,ADHD
386,Non-Target,No,0,None,ADHD
387,Target,Yes,787,None,ADHD
388,Non-Target,No,0,None,ADHD
389,Non-Target,Yes,736,Commission,ADHD
390,Non-Target,No,0,None,ADHD
391,Target,No,0,Omission,ADHD
392,Non-Target,No,0,None,ADHD
393,Non-Target,No,0,None,ADHD
394,Non-Target,No,0,None,ADHD
395,Non-Target,No,0,None,ADHD
396,Target,Yes,847,None,ADHD
397,Non-Target,No,0,None,ADHD
398,Target,Yes,855,None,ADHD
399,Non-Target,No,0,None,ADHD
400,Non-Target,No,0,None,ADHD
401,Non-Target,No,0,None,ADHD
402,Non-Target,No,0,None,ADHD
403,Target,Yes,628,None,ADHD
404,Non-Target,No,0,None,ADHD
405,Target,Yes,618,None,ADHD
406,Non-Target,No,0,None,ADHD
407,Target,Yes,836,None,ADHD
408,Target,Yes,629,None,ADHD
409,Non-Target,No,0,None,ADHD
410,Target,Yes,905,None,ADHD
411,Target,No,0,Omission,ADHD
412,Non-Target,Yes,765,Commission,ADHD
413,Non-Target,No,0,None,ADHD
414,Non-Target,Yes,840,Commission,ADHD
415,Target,No,0,Omission,ADHD
416,Non-Target,No,0,None,ADHD
417,Non-Target,No,0,None,ADHD
418,Non-Target,Yes,512,Commission,ADHD
419,Non-Target,No,0,None,ADHD
420,Target,Yes,753,None,ADHD
421,Target,Yes,820,None,ADHD
422,Non-Target,No,0,None,ADHD
423,Non-Target,No,0,None,ADHD
424,Non-Target,No,0,None,ADHD
425,Non-Target,No,0,None,ADHD
426,Non-Target,No,0,None,ADHD
427,Target,Yes,734,None,ADHD
428,Non-Target,No,0,None,ADHD
429,Non-Target,No,0,None,ADHD
430,Target,No,0,Omission,ADHD
431,Non-Target,No,0,None,ADHD
432,Non-Target,No,0,None,ADHD
433,Non-Target,No,0,None,ADHD
434,Non-Target,No,0,None,ADHD
435,Target,Yes,907,None,ADHD
436,Non-Target,Yes,924,Commission,ADHD
437,Target,Yes,945,None,ADHD
438,Non-Target,No,0,None,ADHD
439,Non-Target,No,0,None,ADHD
440,Non-Target,No,0,None,ADHD
441,Non-Target,No,0,None,ADHD
442,Non-Target,No,0,None,ADHD
443,Non-Target,No,0,None,ADHD
444,Non-Target,No,0,None,ADHD
445,Non-Target,No,0,None,ADHD
446,Non-Target,No,0,None,ADHD
447,Non-Target,No,0,None,ADHD
448,Target,Yes,786,None,ADHD
449,Target,No,0,Omission,ADHD
450,Non-Target,No,0,None,ADHD
451,Non-Target,No,0,None,ADHD
452,Non-Target,No,0,None,ADHD
453,Target,Yes,497,None,ADHD
454,Non-Target,No,0,None,ADHD
455,Non-Target,No,0,None,ADHD
456,Non-Target,No,0,None,ADHD
457,Non-Target,No,0,None,ADHD
458,Non-Target,Yes,778,Commission,ADHD
459,Non-Target,Yes,754,Commission,ADHD
460,Non-Target,No,0,None,ADHD
461,Target,Yes,641,None,ADHD
462,Non-Target,No,0,None,ADHD
463,Non-Target,Yes,747,Commission,ADHD
464,Non-Target,No,0,None,ADHD
465,Non-Target,No,0,None,ADHD
466,Non-Target,No,0,None,ADHD
467,Non-Target,No,0,None,ADHD
468,Non-Target,Yes,825,Commission,ADHD
469,Non-Target,No,0,None,ADHD
470,Non-Target,No,0,None,ADHD
471,Non-Target,No,0,None,ADHD
472,Non-Target,No,0,None,ADHD
473,Target,No,0,Omission,ADHD
474,Non-Target,No,0,None,ADHD
475,Target,Yes,558,None,ADHD
476,Target,Yes,639,None,ADHD
477,Non-Target,No,0,None,ADHD
478,Target,Yes,596,None,ADHD
479,Non-Target,Yes,799,Commission,ADHD
480,Non-Target,No,0,None,ADHD
481,Non-Target,No,0,None,ADHD
482,Target,Yes,600,None,ADHD
483,Non-Target,No,0,None,ADHD
484,Non-Target,No,0,None,ADHD
485,Non-Target,No,0,None,ADHD
486,Non-Target,No,0,None,ADHD
487,Non-Target,No,0,None,ADHD
488,Non-Target,No,0,None,ADHD
489,Non-Target,No,0,None,ADHD
490,Non-Target,No,0,None,ADHD
491,Non-Target,No,0,None,ADHD
492,Non-Target,No,0,None,ADHD
493,Target,Yes,752,None,ADHD
494,Target,Yes,635,None,ADHD
495,Non-Target,No,0,None,ADHD
496,Target,Yes,901,None,ADHD
497,Non-Target,No,0,None,ADHD
498,Non-Target,No,0,None,ADHD
499,Non-Target,No,0,None,ADHD
500,Target,No,0,Omission,ADHD
501,Non-Target,No,0,None,ADHD
502,Target,Yes,808,None,ADHD
503,Non-Target,No,0,None,ADHD
504,Target,Yes,942,None,ADHD
505,Target,No,0,Omission,ADHD
506,Non-Target,No,0,None,ADHD
507,Non-Target,No,0,None,ADHD
508,Target,Yes,784,None,ADHD
509,Non-Target,No,0,None,ADHD
510,Non-Target,No,0,None,ADHD
511,Non-Target,No,0,None,ADHD
512,Non-Target,No,0,None,ADHD
513,Target,Yes,734,None,ADHD
514,Non-Target,No,0,None,ADHD
515,Non-Target,No,0,None,ADHD
516,Non-Target,No,0,None,ADHD
517,Target,No,0,Omission,ADHD
518,Non-Target,No,0,None,ADHD
519,Target,Yes,972,None,ADHD
520,Non-Target,No,0,None,ADHD
521,Non-Target,No,0,None,ADHD
522,Target,Yes,597,None,ADHD
523,Target,No,0,Omission,ADHD
524,Non-Target,No,0,None,ADHD
525,Non-Target,No,0,None,ADHD
526,Non-Target,Yes,683,Commission,ADHD
527,Non-Target,No,0,None,ADHD
528,Non-Target,No,0,None,ADHD
529,Target,Yes,765,None,ADHD
530,Non-Target,No,0,None,ADHD
531,Target,Yes,744,None,ADHD
532,Non-Target,No,0,None,ADHD
533,Target,Yes,686,None,ADHD
534,Target,Yes,494,None,ADHD
535,Non-Target,No,0,None,ADHD
536,Non-Target,No,0,None,ADHD
537,Non-Target,No,0,None,ADHD
538,Target,No,0,Omission,ADHD
539,Non-Target,Yes,999,Commission,ADHD
540,Non-Target,No,0,None,ADHD
541,Non-Target,Yes,567,Commission,ADHD
542,Non-Target,No,0,None,ADHD
543,Non-Target,No,0,None,ADHD
544,Non-Target,No,0,None,ADHD
545,Non-Target,No,0,None,ADHD
546,Target,Yes,879,None,ADHD
547,Target,Yes,662,None,ADHD
548,Non-Target,No,0,None,ADHD
549,Non-Target,No,0,None,ADHD
550,Non-Target,No,0,None,ADHD
551,Target,Yes,662,None,ADHD
552,Non-Target,No,0,None,ADHD
553,Non-Target,No,0,None,ADHD
554,Target,Yes,497,None,ADHD
555,Non-Target,No,0,None,ADHD
556,Non-Target,No,0,None,ADHD
557,Non-Target,No,0,None,ADHD
558,Non-Target,No,0,None,ADHD
559,Target,Yes,819,None,ADHD
560,Non-Target,No,0,None,ADHD
561,Target,Yes,921,None,ADHD
562,Non-Target,No,0,None,ADHD
563,Non-Target,No,0,None,ADHD
564,Non-Target,No,0,None,ADHD
565,Target,Yes,858,None,ADHD
566,Non-Target,No,0,None,ADHD
567,Target,Yes,681,None,ADHD
568,Target,No,0,Omission,ADHD
569,Target,No,0,Omission,ADHD
570,Non-Target,No,0,None,ADHD
571,Non-Target,No,0,None,ADHD
572,Non-Target,No,0,None,ADHD
573,Non-Target,No,0,None,ADHD
574,Target,Yes,801,None,ADHD
575,Non-Target,No,0,None,ADHD
576,Non-Target,No,0,None,ADHD
577,Non-Target,No,0,None,ADHD
578,Target,Yes,612,None,ADHD
579,Non-Target,No,0,None,ADHD
580,Non-Target,No,0,None,ADHD
581,Non-Target,No,0,None,ADHD
582,Target,Yes,1025,None,ADHD
583,Non-Target,No,0,None,ADHD
584,Non-Target,No,0,None,ADHD
585,Non-Target,No,0,None,ADHD
586,Non-Target,Yes,499,Commission,ADHD
587,Target,Yes,726,None,ADHD
588,Non-Target,No,0,None,ADHD
589,Target,Yes,889,None,ADHD
590,Non-Target,No,0,None,ADHD
591,Non-Target,No,0,None,ADHD
592,Non-Target,No,0,None,ADHD
593,Non-Target,No,0,None,ADHD
594,Non-Target,No,0,None,ADHD
595,Non-Target,No,0,None,ADHD
596,Non-Target,No,0,None,ADHD
597,Target,Yes,850,None,ADHD
598,Non-Target,No,0,None,ADHD
599,Non-Target,No,0,None,ADHD
600,Target,No,0,Omission,ADHD
601,Non-Target,Yes,684,Commission,ADHD
602,Non-Target,No,0,None,ADHD
603,Non-Target,No,0,None,ADHD
604,Target,Yes,543,None,ADHD
605,Target,No,0,Omission,ADHD
606,Non-Target,No,0,None,ADHD
607,Non-Target,No,0,None,ADHD
608,Non-Target,No,0,None,ADHD
609,Non-Target,No,0,None,ADHD
610,Non-Target,No,0,None,ADHD
611,Non-Target,No,0,None,ADHD
612,Non-Target,No,0,None,ADHD
613,Non-Target,Yes,694,Commission,ADHD
614,Non-Target,No,0,None,ADHD
615,Non-Target,No,0,None,ADHD
616,Non-Target,No,0,None,ADHD
617,Target,Yes,969,None,ADHD
618,Target,Yes,833,None,ADHD
619,Target,Yes,646,None,ADHD
620,Target,Yes,623,None,ADHD
621,Non-Target,No,0,None,ADHD
622,Non-Target,No,0,None,ADHD
623,Target,Yes,841,None,ADHD
624,Target,Yes,577,None,ADHD
625,Non-Target,No,0,None,ADHD
626,Non-Target,No,0,None,ADHD
627,Non-Target,Yes,687,Commission,ADHD
628,Target,Yes,909,None,ADHD
629,Non-Target,No,0,None,ADHD
630,Non-Target,Yes,639,Commission,ADHD
631,Non-Target,No,0,None,ADHD
632,Non-Target,No,0,None,ADHD
633,Non-Target,No,0,None,ADHD
634,Target,Yes,856,None,ADHD
635,Non-Target,No,0,None,ADHD
636,Non-Target,No,0,None,ADHD
637,Non-Target,No,0,None,ADHD
638,Non-Target,No,0,None,ADHD
639,Non-Target,No,0,None,ADHD
640,Non-Target,No,0,None,ADHD
641,Target,No,0,Omission,ADHD
642,Non-Target,No,0,None,ADHD
643,Non-Target,No,0,None,ADHD
644,Non-Target,No,0,None,ADHD
645,Target,No,0,Omission,ADHD
646,Non-Target,No,0,None,ADHD
647,Target,Yes,749,None,ADHD
648,Non-Target,No,0,None,ADHD
649,Non-Target,Yes,701,Commission,ADHD
650,Target,Yes,935,None,ADHD
651,Target,Yes,869,None,ADHD
652,Non-Target,No,0,None,ADHD
653,Non-Target,No,0,None,ADHD
654,Non-Target,No,0,None,ADHD
655,Non-Target,No,0,None,ADHD
656,Target,Yes,779,None,ADHD
657,Target,Yes,986,None,ADHD
658,Target,Yes,840,None,ADHD
659,Non-Target,No,0,None,ADHD
660,Non-Target,No,0,None,ADHD
661,Non-Target,No,0,None,ADHD
662,Non-Target,No,0,None,ADHD
663,Target,Yes,871,None,ADHD
664,Non-Target,No,0,None,ADHD
665,Non-Target,No,0,None,ADHD
666,Non-Target,No,0,None,ADHD
667,Non-Target,Yes,463,Commission,ADHD
668,Non-Target,No,0,None,ADHD
669,Non-Target,No,0,None,ADHD
670,Target,No,0,Omission,ADHD
671,Non-Target,No,0,None,ADHD
672,Non-Target,No,0,None,ADHD
673,Target,Yes,716,None,ADHD
674,Non-Target,No,0,None,ADHD
675,Target,No,0,Omission,ADHD
676,Non-Target,No,0,None,ADHD
677,Non-Target,No,0,None,ADHD
678,Non-Target,No,0,None,ADHD
679,Non-Target,No,0,None,ADHD
680,Target,No,0,Omission,ADHD
681,Target,Yes,720,None,ADHD
682,Non-Target,No,0,None,ADHD
683,Non-Target,Yes,881,Commission,ADHD
684,Non-Target,No,0,None,ADHD
685,Non-Target,No,0,None,ADHD
686,Non-Target,No,0,None,ADHD
687,Non-Target,Yes,864,Commission,ADHD
688,Non-Target,No,0,None,ADHD
689,Non-Target,No,0,None,ADHD
690,Non-Target,No,0,None,ADHD
691,Target,Yes,753,None,ADHD
692,Target,Yes,850,None,ADHD
693,Non-Target,No,0,None,ADHD
694,Non-Target,No,0,None,ADHD
695,Non-Target,Yes,859,Commission,ADHD
696,Non-Target,No,0,None,ADHD
697,Target,Yes,825,None,ADHD
698,Non-Target,No,0,None,ADHD
699,Target,Yes,759,None,ADHD
700,Non-Target,No,0,None,ADHD
701,Non-Target,No,0,None,ADHD
702,Target,Yes,687,None,ADHD
703,Non-Target,No,0,None,ADHD
704,Non-Target,Yes,655,Commission,ADHD
705,Non-Target,No,0,None,ADHD
706,Non-Target,No,0,None,ADHD
707,Non-Target,Yes,869,Commission,ADHD
708,Non-Target,No,0,None,ADHD
709,Non-Target,No,0,None,ADHD
710,Target,No,0,Omission,ADHD
711,Target,Yes,733,None,ADHD
712,Target,No,0,Omission,ADHD
713,Non-Target,No,0,None,ADHD
714,Non-Target,No,0,None,ADHD
715,Target,Yes,684,None,ADHD
716,Non-Target,No,0,None,ADHD
717,Target,No,0,Omission,ADHD
718,Target,Yes,814,None,ADHD
719,Non-Target,No,0,None,ADHD
720,Non-Target,No,0,None,ADHD
721,Non-Target,No,0,None,ADHD
722,Non-Target,No,0,None,ADHD
723,Non-Target,No,0,None,ADHD
724,Non-Target,No,0,None,ADHD
725,Non-Target,No,0,None,ADHD
726,Target,No,0,Omission,ADHD
727,Non-Target,No,0,None,ADHD
728,Target,No,0,Omission,ADHD
729,Target,Yes,933,None,ADHD
730,Non-Target,No,0,None,ADHD
731,Non-Target,No,0,None,ADHD
732,Target,Yes,921,None,ADHD
733,Non-Target,No,0,None,ADHD
734,Target,Yes,810,None,ADHD
735,Non-Target,No,0,None,ADHD
736,Target,Yes,1001,None,ADHD
737,Non-Target,No,0,None,ADHD
738,Non-Target,No,0,None,ADHD
739,Target,Yes,852,None,ADHD
740,Target,Yes,772,None,ADHD
741,Non-Target,No,0,None,ADHD
742,Target,Yes,737,None,ADHD
743,Target,Yes,749,None,ADHD
744,Target,Yes,521,None,ADHD
745,Non-Target,No,0,None,ADHD
746,Non-Target,No,0,None,ADHD
747,Non-Target,No,0,None,ADHD
748,Non-Target,No,0,None,ADHD
749,Non-Target,No,0,None,ADHD
750,Non-Target,No,0,None,ADHD
751,Non-Target,No,0,None,ADHD
752,Non-Target,No,0,None,ADHD
753,Non-Target,No,0,None,ADHD
754,Non-Target,No,0,None,ADHD
755,Non-Target,No,0,None,ADHD
756,Non-Target,No,0,None,ADHD
757,Target,Yes,646,None,ADHD
758,Non-Target,Yes,783,Commission,ADHD
759,Target,Yes,923,None,ADHD
760,Non-Target,No,0,None,ADHD
761,Non-Target,No,0,None,ADHD
762,Non-Target,No,0,None,ADHD
763,Non-Target,No,0,None,ADHD
764,Target,No,0,Omission,ADHD
765,Target,Yes,632,None,ADHD
766,Non-Target,No,0,None,ADHD
767,Non-Target,No,0,None,ADHD
768,Non-Target,No,0,None,ADHD
769,Non-Target,No,0,None,ADHD
770,Non-Target,No,0,None,ADHD
771,Target,Yes,667,None,ADHD
772,Non-Target,No,0,None,ADHD
773,Target,Yes,578,None,ADHD
774,Non-Target,No,0,None,ADHD
775,Non-Target,No,0,None,ADHD
776,Target,No,0,Omission,ADHD
777,Target,Yes,512,None,ADHD
778,Non-Target,No,0,None,ADHD
779,Target,Yes,660,None,ADHD
780,Non-Target,No,0,None,ADHD
781,Non-Target,Yes,914,Commission,ADHD
782,Non-Target,No,0,None,ADHD
783,Non-Target,No,0,None,ADHD
784,Non-Target,No,0,None,ADHD
785,Non-Target,No,0,None,ADHD
786,Non-Target,No,0,None,ADHD
787,Non-Target,No,0,None,ADHD
788,Non-Target,No,0,None,ADHD
789,Non-Target,No,0,None,ADHD
790,Target,Yes,744,None,ADHD
791,Non-Target,Yes,883,Commission,ADHD
792,Non-Target,No,0,None,ADHD
793,Target,Yes,905,None,ADHD
794,Target,Yes,856,None,ADHD
795,Non-Target,No,0,None,ADHD
796,Non-Target,No,0,None,ADHD
797,Non-Target,Yes,647,Commission,ADHD
798,Non-Target,No,0,None,ADHD
799,Non-Target,No,0,None,ADHD
800,Target,Yes,732,None,ADHD
801,Non-Target,No,0,None,ADHD
802,Non-Target,No,0,None,ADHD
803,Target,Yes,930,None,ADHD
804,Non-Target,No,0,None,ADHD
805,Target,Yes,703,None,ADHD
806,Non-Target,No,0,None,ADHD
807,Non-Target,No,0,None,ADHD
808,Non-Target,No,0,None,ADHD
809,Non-Target,No,0,None,ADHD
810,Non-Target,No,0,None,ADHD
811,Non-Target,Yes,906,Commission,ADHD
812,Non-Target,No,0,None,ADHD
813,Target,Yes,847,None,ADHD
814,Non-Target,No,0,None,ADHD
815,Target,Yes,539,None,ADHD
816,Non-Target,No,0,None,ADHD
817,Non-Target,No,0,None,ADHD
818,Target,Yes,843,None,ADHD
819,Non-Target,No,0,None,ADHD
820,Non-Target,No,0,None,ADHD
821,Non-Target,No,0,None,ADHD
822,Non-Target,No,0,None,ADHD
823,Non-Target,No,0,None,ADHD
824,Target,Yes,840,None,ADHD
825,Target,Yes,777,None,ADHD
826,Non-Target,No,0,None,ADHD
827,Non-Target,No,0,None,ADHD
828,Target,Yes,880,None,ADHD
829,Non-Target,No,0,None,ADHD
830,Non-Target,No,0,None,ADHD
831,Non-Target,Yes,924,Commission,ADHD
832,Non-Target,No,0,None,ADHD
833,Non-Target,No,0,None,ADHD
834,Non-Target,No,0,None,ADHD
835,Non-Target,No,0,None,ADHD
836,Non-Target,No,0,None,ADHD
837,Non-Target,Yes,973,Commission,ADHD
838,Target,Yes,942,None,ADHD
839,Non-Target,No,0,None,ADHD
840,Non-Target,No,0,None,ADHD
841,Target,Yes,821,None,ADHD
842,Non-Target,Yes,905,Commission,ADHD
843,Target,No,0,Omission,ADHD
844,Target,No,0,Omission,ADHD
845,Non-Target,No,0,None,ADHD
846,Target,Yes,846,None,ADHD
847,Non-Target,No,0,None,ADHD
848,Non-Target,Yes,763,Commission,ADHD
849,Non-Target,Yes,639,Commission,ADHD
850,Non-Target,No,0,None,ADHD
851,Non-Target,No,0,None,ADHD
852,Non-Target,No,0,None,ADHD
853,Non-Target,No,0,None,ADHD
854,Target,Yes,772,None,ADHD
855,Non-Target,Yes,498,Commission,ADHD
856,Non-Target,No,0,None,ADHD
857,Non-Target,No,0,None,ADHD
858,Target,No,0,Omission,ADHD
859,Target,No,0,Omission,ADHD
860,Non-Target,No,0,None,ADHD
861,Non-Target,No,0,None,ADHD
862,Non-Target,No,0,None,ADHD
863,Target,No,0,Omission,ADHD
864,Non-Target,No,0,None,ADHD
865,Target,Yes,650,None,ADHD
866,Non-Target,No,0,None,ADHD
867,Non-Target,No,0,None,ADHD
868,Non-Target,No,0,None,ADHD
869,Non-Target,No,0,None,ADHD
870,Non-Target,No,0,None,ADHD
871,Non-Target,No,0,None,ADHD
872,Non-Target,No,0,None,ADHD
873,Non-Target,No,0,None,ADHD
874,Non-Target,Yes,878,Commission,ADHD
875,Non-Target,No,0,None,ADHD
876,Non-Target,No,0,None,ADHD
877,Non-Target,No,0,None,ADHD
878,Target,Yes,781,None,ADHD
879,Non-Target,No,0,None,ADHD
880,Target,Yes,690,None,ADHD
881,Non-Target,No,0,None,ADHD
882,Non-Target,No,0,None,ADHD
883,Target,Yes,721,None,ADHD
884,Non-Target,No,0,None,ADHD
885,Non-Target,Yes,834,Commission,ADHD
886,Non-Target,No,0,None,ADHD
887,Non-Target,No,0,None,ADHD
888,Non-Target,No,0,None,ADHD
889,Non-Target,No,0,None,ADHD
890,Non-Target,No,0,None,ADHD
891,Non-Target,No,0,None,ADHD
892,Non-Target,Yes,781,Commission,ADHD
893,Non-Target,No,0,None,ADHD
894,Non-Target,No,0,None,ADHD
895,Target,No,0,Omission,ADHD
896,Target,Yes,975,None,ADHD
897,Non-Target,No,0,None,ADHD
898,Target,No,0,Omission,ADHD
899,Non-Target,No,0,None,ADHD
900,Target,Yes,636,None,ADHD
901,Non-Target,No,0,None,ADHD
902,Non-Target,No,0,None,ADHD
903,Target,Yes,645,None,ADHD
904,Non-Target,Yes,753,Commission,ADHD
905,Target,Yes,895,None,ADHD
906,Non-Target,No,0,None,ADHD
907,Non-Target,Yes,860,Commission,ADHD
908,Non-Target,Yes,980,Commission,ADHD
909,Target,Yes,824,None,ADHD
910,Non-Target,Yes,722,Commission,ADHD
911,Target,Yes,659,None,ADHD
912,Non-Target,No,0,None,ADHD
913,Non-Target,No,0,None,ADHD
914,Non-Target,No,0,None,ADHD
915,Target,Yes,603,None,ADHD
916,Non-Target,No,0,None,ADHD
917,Non-Target,No,0,None,ADHD
918,Non-Target,No,0,None,ADHD
919,Non-Target,Yes,732,Commission,ADHD
920,Target,Yes,626,None,ADHD
921,Non-Target,No,0,None,ADHD
922,Non-Target,Yes,781,Commission,ADHD
923,Non-Target,No,0,None,ADHD
924,Target,No,0,Omission,ADHD
925,Non-Target,No,0,None,ADHD
926,Target,Yes,1055,None,ADHD
927,Target,Yes,782,None,ADHD
928,Non-Target,No,0,None,ADHD
929,Target,Yes,695,None,ADHD
930,Non-Target,No,0,None,ADHD
931,Non-Target,No,0,None,ADHD
932,Non-Target,No,0,None,ADHD
933,Non-Target,No,0,None,ADHD
934,Non-Target,No,0,None,ADHD
935,Non-Target,No,0,None,ADHD
936,Non-Target,No,0,None,ADHD
937,Target,Yes,817,None,ADHD
938,Target,Yes,828,None,ADHD
939,Non-Target,No,0,None,ADHD
940,Non-Target,No,0,None,ADHD
941,Non-Target,No,0,None,ADHD
942,Target,Yes,754,None,ADHD
943,Target,Yes,844,None,ADHD
944,Non-Target,No,0,None,ADHD
945,Target,Yes,1012,None,ADHD
946,Non-Target,No,0,None,ADHD
947,Target,Yes,694,None,ADHD
948,Non-Target,No,0,None,ADHD
949,Non-Target,No,0,None,ADHD
950,Non-Target,No,0,None,ADHD
951,Non-Target,No,0,None,ADHD
952,Non-Target,No,0,None,ADHD
953,Target,Yes,651,None,ADHD
954,Non-Target,No,0,None,ADHD
955,Non-Target,No,0,None,ADHD
956,Target,Yes,769,None,ADHD
957,Non-Target,No,0,None,ADHD
958,Non-Target,No,0,None,ADHD
959,Non-Target,No,0,None,ADHD
960,Non-Target,No,0,None,ADHD
961,Target,Yes,752,None,ADHD
962,Target,Yes,709,None,ADHD
963,Target,Yes,494,None,ADHD
964,Non-Target,No,0,None,ADHD
965,Target,Yes,958,None,ADHD
966,Target,Yes,772,None,ADHD
967,Non-Target,No,0,None,ADHD
968,Non-Target,No,0,None,ADHD
969,Target,No,0,Omission,ADHD
970,Non-Target,Yes,720,Commission,ADHD
971,Non-Target,No,0,None,ADHD
972,Non-Target,No,0,None,ADHD
973,Non-Target,No,0,None,ADHD
974,Target,No,0,Omission,ADHD
975,Non-Target,No,0,None,ADHD
976,Non-Target,No,0,None,ADHD
977,Non-Target,No,0,None,ADHD
978,Target,No,0,Omission,ADHD
979,Non-Target,No,0,None,ADHD
980,Non-Target,No,0,None,ADHD
981,Non-Target,No,0,None,ADHD
982,Non-Target,No,0,None,ADHD
983,Non-Target,No,0,None,ADHD
984,Non-Target,No,0,None,ADHD
985,Non-Target,No,0,None,ADHD
986,Target,No,0,Omission,ADHD
987,Non-Target,No,0,None,ADHD
988,Target,Yes,804,None,ADHD
989,Target,Yes,959,None,ADHD
990,Non-Target,No,0,None,ADHD
991,Non-Target,Yes,606,Commission,ADHD
992,Non-Target,No,0,None,ADHD
993,Target,Yes,807,None,ADHD
994,Non-Target,No,0,None,ADHD
995,Non-Target,No,0,None,ADHD
996,Non-Target,No,0,None,ADHD
997,Non-Target,No,0,None,ADHD
998,Target,Yes,677,None,ADHD
999,Target,No,0,Omission,ADHD
1000,Non-Target,Yes,978,Commission,ADHD
1001,Non-Target,No,0,None,ADHD
1002,Non-Target,No,0,None,ADHD
1003,Target,Yes,767,None,ADHD
1004,Non-Target,No,0,None,ADHD
1005,Target,No,0,Omission,ADHD
1006,Non-Target,No,0,None,ADHD
1007,Non-Target,No,0,None,ADHD
1008,Non-Target,No,0,None,ADHD
1009,Non-Target,Yes,827,Commission,ADHD
1010,Non-Target,No,0,None,ADHD
1011,Non-Target,No,0,None,ADHD
1012,Target,Yes,775,None,ADHD
1013,Non-Target,No,0,None,ADHD
1014,Target,Yes,517,None,ADHD
1015,Non-Target,No,0,None,ADHD
1016,Non-Target,No,0,None,ADHD
1017,Non-Target,No,0,None,ADHD
1018,Non-Target,No,0,None,ADHD
1019,Target,Yes,566,None,ADHD
1020,Target,Yes,777,None,ADHD
1021,Target,Yes,785,None,ADHD
1022,Non-Target,Yes,765,Commission,ADHD
1023,Non-Target,No,0,None,ADHD
1024,Non-Target,Yes,639,Commission,ADHD
1025,Non-Target,No,0,None,ADHD
1026,Non-Target,No,0,None,ADHD
1027,Target,Yes,799,None,ADHD
1028,Target,Yes,673,None,ADHD
1029,Target,No,0,Omission,ADHD
1030,Target,Yes,773,None,ADHD
1031,Non-Target,No,0,None,ADHD
1032,Target,Yes,820,None,ADHD
1033,Non-Target,No,0,None,ADHD
1034,Target,No,0,Omission,ADHD
1035,Non-Target,No,0,None,ADHD
1036,Non-Target,No,0,None,ADHD
1037,Non-Target,No,0,None,ADHD
1038,Target,Yes,989,None,ADHD
1039,Non-Target,No,0,None,ADHD
1040,Non-Target,No,0,None,ADHD
1041,Target,Yes,745,None,ADHD
1042,Non-Target,No,0,None,ADHD
1043,Target,No,0,Omission,ADHD
1044,Target,No,0,Omission,ADHD
1045,Non-Target,No,0,None,ADHD
1046,Non-Target,No,0,None,ADHD
1047,Non-Target,No,0,None,ADHD
1048,Non-Target,No,0,None,ADHD
1049,Non-Target,No,0,None,ADHD
1050,Non-Target,Yes,816,Commission,ADHD
1051,Non-Target,No,0,None,ADHD
1052,Non-Target,No,0,None,ADHD
1053,Non-Target,Yes,887,Commission,ADHD
1054,Non-Target,No,0,None,ADHD
1055,Non-Target,No,0,None,ADHD
1056,Non-Target,No,0,None,ADHD
1057,Target,Yes,687,None,ADHD
1058,Target,Yes,975,None,ADHD
1059,Non-Target,No,0,None,ADHD
1060,Target,Yes,676,None,ADHD
1061,Non-Target,No,0,None,ADHD
1062,Target,Yes,669,None,ADHD
1063,Non-Target,No,0,None,ADHD
1064,Target,Yes,574,None,ADHD
1065,Target,Yes,720,None,ADHD
1066,Target,Yes,629,None,ADHD
1067,Target,Yes,916,None,ADHD
1068,Non-Target,No,0,None,ADHD
1069,Target,Yes,897,None,ADHD
1070,Target,Yes,480,None,ADHD
1071,Non-Target,No,0,None,ADHD
1072,Target,Yes,716,None,ADHD
1073,Target,Yes,833,None,ADHD
1074,Target,Yes,787,None,ADHD
1075,Non-Target,No,0,None,ADHD
1076,Target,Yes,718,None,ADHD
1077,Non-Target,No,0,None,ADHD
1078,Target,Yes,983,None,ADHD
1079,Non-Target,No,0,None,ADHD
1080,Non-Target,No,0,None,ADHD
1081,Non-Target,No,0,None,ADHD
1082,Non-Target,No,0,None,ADHD
1083,Target,Yes,897,None,ADHD
1084,Target,Yes,878,None,ADHD
1085,Target,Yes,651,None,ADHD
1086,Target,Yes,728,None,ADHD
1087,Non-Target,No,0,None,ADHD
1088,Non-Target,No,0,None,ADHD
1089,Non-Target,Yes,687,Commission,ADHD
1090,Non-Target,No,0,None,ADHD
1091,Target,Yes,810,None,ADHD
1092,Target,Yes,705,None,ADHD
1093,Target,No,0,Omission,ADHD
1094,Non-Target,No,0,None,ADHD
1095,Non-Target,No,0,None,ADHD
1096,Target,Yes,892,None,ADHD
1097,Non-Target,No,0,None,ADHD
1098,Non-Target,No,0,None,ADHD
1099,Target,Yes,608,None,ADHD
1100,Target,Yes,782,None,ADHD
1101,Target,Yes,777,None,ADHD
1102,Non-Target,No,0,None,ADHD
1103,Target,Yes,934,None,ADHD
1104,Non-Target,No,0,None,ADHD
1105,Non-Target,No,0,None,ADHD
1106,Non-Target,No,0,None,ADHD
1107,Non-Target,No,0,None,ADHD
1108,Non-Target,No,0,None,ADHD
1109,Non-Target,No,0,None,ADHD
1110,Target,Yes,943,None,ADHD
1111,Non-Target,No,0,None,ADHD
1112,Target,Yes,885,None,ADHD
1113,Non-Target,No,0,None,ADHD
1114,Target,Yes,606,None,ADHD
1115,Non-Target,Yes,602,Commission,ADHD
1116,Target,Yes,613,None,ADHD
1117,Non-Target,No,0,None,ADHD
1118,Target,Yes,759,None,ADHD
1119,Non-Target,No,0,None,ADHD
1120,Target,Yes,902,None,ADHD
1121,Non-Target,No,0,None,ADHD
1122,Non-Target,No,0,None,ADHD
1123,Non-Target,No,0,None,ADHD
1124,Non-Target,No,0,None,ADHD
1125,Target,Yes,1063,None,ADHD
1126,Target,Yes,768,None,ADHD
1127,Non-Target,No,0,None,ADHD
1128,Non-Target,No,0,None,ADHD
1129,Non-Target,Yes,540,Commission,ADHD
1130,Non-Target,No,0,None,ADHD
1131,Target,No,0,Omission,ADHD
1132,Target,Yes,759,None,ADHD
1133,Non-Target,No,0,None,ADHD
1134,Non-Target,No,0,None,ADHD
1135,Non-Target,No,0,None,ADHD
1136,Non-Target,No,0,None,ADHD
1137,Non-Target,No,0,None,ADHD
1138,Non-Target,No,0,None,ADHD
1139,Non-Target,No,0,None,ADHD
1140,Target,Yes,817,None,ADHD
1141,Non-Target,No,0,None,ADHD
1142,Non-Target,No,0,None,ADHD
1143,Target,Yes,638,None,ADHD
1144,Non-Target,No,0,None,ADHD
1145,Non-Target,No,0,None,ADHD
1146,Non-Target,No,0,None,ADHD
1147,Non-Target,No,0,None,ADHD
1148,Non-Target,Yes,642,Commission,ADHD
1149,Non-Target,No,0,None,ADHD
1150,Non-Target,No,0,None,ADHD
1151,Non-Target,No,0,None,ADHD
1152,Non-Target,No,0,None,ADHD
1153,Non-Target,No,0,None,ADHD
1154,Non-Target,No,0,None,ADHD
1155,Non-Target,No,0,None,ADHD
1156,Non-Target,No,0,None,ADHD
1157,Non-Target,No,0,None,ADHD
1158,Target,No,0,Omission,ADHD
1159,Target,Yes,740,None,ADHD
1160,Target,Yes,882,None,ADHD
1161,Non-Target,No,0,None,ADHD
1162,Non-Target,No,0,None,ADHD
1163,Non-Target,No,0,None,ADHD
1164,Non-Target,No,0,None,ADHD
1165,Non-Target,No,0,None,ADHD
1166,Target,Yes,650,None,ADHD
1167,Non-Target,No,0,None,ADHD
1168,Non-Target,No,0,None,ADHD
1169,Non-Target,No,0,None,ADHD
1170,Non-Target,No,0,None,ADHD
1171,Non-Target,No,0,None,ADHD
1172,Target,No,0,Omission,ADHD
1173,Target,Yes,897,None,ADHD
1174,Target,No,0,Omission,ADHD
1175,Target,Yes,970,None,ADHD
1176,Target,Yes,859,None,ADHD
1177,Non-Target,No,0,None,ADHD
1178,Non-Target,No,0,None,ADHD
1179,Non-Target,No,0,None,ADHD
1180,Target,Yes,968,None,ADHD
1181,Non-Target,No,0,None,ADHD
1182,Non-Target,No,0,None,ADHD
1183,Non-Target,No,0,None,ADHD
1184,Target,No,0,Omission,ADHD
1185,Target,No,0,Omission,ADHD
1186,Non-Target,No,0,None,ADHD
1187,Non-Target,No,0,None,ADHD
1188,Non-Target,No,0,None,ADHD
1189,Target,Yes,648,None,ADHD
1190,Target,Yes,551,None,ADHD
1191,Target,Yes,573,None,ADHD
1192,Target,Yes,757,None,ADHD
1193,Target,Yes,789,None,ADHD
1194,Non-Target,No,0,None,ADHD
1195,Non-Target,Yes,640,Commission,ADHD
1196,Non-Target,No,0,None,ADHD
1197,Non-Target,No,0,None,ADHD
1198,Non-Target,No,0,None,ADHD
1199,Non-Target,No,0,None,ADHD
1200,Non-Target,No,0,None,ADHD
