Trial,StimulusType,Reaction,ReactionTime(ms),ErrorType,Label
1,Target,Yes,541,None,ADHD
2,Non-Target,No,0,None,ADHD
3,Target,Yes,795,None,ADHD
4,Non-Target,No,0,None,ADHD
5,Non-Target,No,0,None,ADHD
6,Non-Target,Yes,773,Commission,ADHD
7,Non-Target,Yes,835,Commission,ADHD
8,Target,Yes,593,None,ADHD
9,Target,Yes,1071,None,ADHD
10,Non-Target,No,0,None,ADHD
11,Non-Target,Yes,732,Commission,ADHD
12,Non-Target,No,0,None,ADHD
13,Non-Target,No,0,None,ADHD
14,Non-Target,No,0,None,ADHD
15,Target,Yes,793,None,ADHD
16,Target,No,0,Omission,ADHD
17,Non-Target,No,0,None,ADHD
18,Non-Target,No,0,None,ADHD
19,Non-Target,No,0,None,ADHD
20,Non-Target,Yes,809,Commission,ADHD
21,Target,Yes,734,None,ADHD
22,Non-Target,No,0,None,ADHD
23,Non-Target,No,0,None,ADHD
24,Target,Yes,952,None,ADHD
25,Non-Target,No,0,None,ADHD
26,Non-Target,Yes,862,Commission,ADHD
27,Non-Target,Yes,742,Commission,ADHD
28,Non-Target,No,0,None,ADHD
29,Non-Target,No,0,None,ADHD
30,Target,Yes,638,None,ADHD
31,Non-Target,No,0,None,ADHD
32,Non-Target,No,0,None,ADHD
33,Non-Target,No,0,None,ADHD
34,Non-Target,No,0,None,ADHD
35,Non-Target,No,0,None,ADHD
36,Non-Target,No,0,None,ADHD
37,Non-Target,No,0,None,ADHD
38,Non-Target,No,0,None,ADHD
39,Non-Target,No,0,None,ADHD
40,Non-Target,Yes,795,Commission,ADHD
41,Target,Yes,821,None,ADHD
42,Target,Yes,691,None,ADHD
43,Target,Yes,785,None,ADHD
44,Non-Target,No,0,None,ADHD
45,Non-Target,No,0,None,ADHD
46,Non-Target,No,0,None,ADHD
47,Target,No,0,Omission,ADHD
48,Non-Target,Yes,712,Commission,ADHD
49,Non-Target,No,0,None,ADHD
50,Non-Target,No,0,None,ADHD
51,Non-Target,No,0,None,ADHD
52,Non-Target,No,0,None,ADHD
53,Non-Target,No,0,None,ADHD
54,Target,Yes,850,None,ADHD
55,Non-Target,No,0,None,ADHD
56,Non-Target,No,0,None,ADHD
57,Non-Target,No,0,None,ADHD
58,Non-Target,No,0,None,ADHD
59,Non-Target,No,0,None,ADHD
60,Non-Target,No,0,None,ADHD
61,Target,Yes,861,None,ADHD
62,Non-Target,No,0,None,ADHD
63,Target,Yes,593,None,ADHD
64,Non-Target,No,0,None,ADHD
65,Non-Target,No,0,None,ADHD
66,Target,Yes,606,None,ADHD
67,Non-Target,No,0,None,ADHD
68,Target,Yes,999,None,ADHD
69,Target,Yes,768,None,ADHD
70,Target,Yes,665,None,ADHD
71,Target,Yes,964,None,ADHD
72,Target,Yes,821,None,ADHD
73,Non-Target,No,0,None,ADHD
74,Non-Target,No,0,None,ADHD
75,Non-Target,No,0,None,ADHD
76,Non-Target,Yes,839,Commission,ADHD
77,Non-Target,No,0,None,ADHD
78,Non-Target,Yes,788,Commission,ADHD
79,Non-Target,No,0,None,ADHD
80,Non-Target,No,0,None,ADHD
81,Non-Target,No,0,None,ADHD
82,Non-Target,No,0,None,ADHD
83,Target,Yes,761,None,ADHD
84,Target,Yes,692,None,ADHD
85,Target,Yes,747,None,ADHD
86,Target,Yes,711,None,ADHD
87,Non-Target,No,0,None,ADHD
88,Non-Target,Yes,867,Commission,ADHD
89,Target,Yes,771,None,ADHD
90,Target,Yes,916,None,ADHD
91,Target,Yes,469,None,ADHD
92,Target,Yes,1069,None,ADHD
93,Non-Target,No,0,None,ADHD
94,Non-Target,Yes,1046,Commission,ADHD
95,Target,Yes,712,None,ADHD
96,Non-Target,No,0,None,ADHD
97,Non-Target,No,0,None,ADHD
98,Non-Target,No,0,None,ADHD
99,Non-Target,No,0,None,ADHD
100,Target,Yes,690,None,ADHD
101,Non-Target,Yes,670,Commission,ADHD
102,Target,Yes,784,None,ADHD
103,Target,Yes,792,None,ADHD
104,Target,Yes,751,None,ADHD
105,Non-Target,No,0,None,ADHD
106,Non-Target,No,0,None,ADHD
107,Non-Target,No,0,None,ADHD
108,Non-Target,No,0,None,ADHD
109,Non-Target,No,0,None,ADHD
110,Non-Target,No,0,None,ADHD
111,Non-Target,No,0,None,ADHD
112,Non-Target,No,0,None,ADHD
113,Non-Target,No,0,None,ADHD
114,Non-Target,Yes,947,Commission,ADHD
115,Non-Target,No,0,None,ADHD
116,Non-Target,No,0,None,ADHD
117,Target,Yes,889,None,ADHD
118,Non-Target,No,0,None,ADHD
119,Non-Target,Yes,773,Commission,ADHD
120,Non-Target,No,0,None,ADHD
121,Non-Target,No,0,None,ADHD
122,Non-Target,No,0,None,ADHD
123,Non-Target,Yes,833,Commission,ADHD
124,Non-Target,No,0,None,ADHD
125,Non-Target,No,0,None,ADHD
126,Target,No,0,Omission,ADHD
127,Non-Target,No,0,None,ADHD
128,Non-Target,Yes,884,Commission,ADHD
129,Non-Target,No,0,None,ADHD
130,Target,No,0,Omission,ADHD
131,Non-Target,No,0,None,ADHD
132,Non-Target,No,0,None,ADHD
133,Target,Yes,742,None,ADHD
134,Non-Target,No,0,None,ADHD
135,Target,No,0,Omission,ADHD
136,Non-Target,No,0,None,ADHD
137,Non-Target,No,0,None,ADHD
138,Non-Target,No,0,None,ADHD
139,Non-Target,Yes,746,Commission,ADHD
140,Non-Target,Yes,898,Commission,ADHD
141,Target,No,0,Omission,ADHD
142,Non-Target,No,0,None,ADHD
143,Non-Target,No,0,None,ADHD
144,Non-Target,Yes,870,Commission,ADHD
145,Non-Target,Yes,716,Commission,ADHD
146,Non-Target,No,0,None,ADHD
147,Target,Yes,813,None,ADHD
148,Target,Yes,745,None,ADHD
149,Target,Yes,806,None,ADHD
150,Non-Target,Yes,929,Commission,ADHD
151,Non-Target,Yes,943,Commission,ADHD
152,Non-Target,No,0,None,ADHD
153,Non-Target,Yes,844,Commission,ADHD
154,Non-Target,No,0,None,ADHD
155,Target,Yes,842,None,ADHD
156,Target,Yes,874,None,ADHD
157,Non-Target,No,0,None,ADHD
158,Target,Yes,899,None,ADHD
159,Non-Target,No,0,None,ADHD
160,Non-Target,No,0,None,ADHD
161,Non-Target,No,0,None,ADHD
162,Non-Target,No,0,None,ADHD
163,Non-Target,No,0,None,ADHD
164,Target,Yes,831,None,ADHD
165,Non-Target,No,0,None,ADHD
166,Non-Target,No,0,None,ADHD
167,Target,Yes,695,None,ADHD
168,Target,No,0,Omission,ADHD
169,Non-Target,No,0,None,ADHD
170,Non-Target,No,0,None,ADHD
171,Non-Target,Yes,887,Commission,ADHD
172,Non-Target,Yes,893,Commission,ADHD
173,Non-Target,No,0,None,ADHD
174,Non-Target,No,0,None,ADHD
175,Non-Target,Yes,747,Commission,ADHD
176,Non-Target,No,0,None,ADHD
177,Target,Yes,710,None,ADHD
178,Target,Yes,682,None,ADHD
179,Non-Target,No,0,None,ADHD
180,Non-Target,No,0,None,ADHD
181,Target,Yes,807,None,ADHD
182,Non-Target,No,0,None,ADHD
183,Non-Target,No,0,None,ADHD
184,Non-Target,Yes,709,Commission,ADHD
185,Non-Target,No,0,None,ADHD
186,Non-Target,No,0,None,ADHD
187,Target,Yes,719,None,ADHD
188,Non-Target,No,0,None,ADHD
189,Non-Target,No,0,None,ADHD
190,Non-Target,No,0,None,ADHD
191,Non-Target,No,0,None,ADHD
192,Non-Target,Yes,737,Commission,ADHD
193,Non-Target,Yes,938,Commission,ADHD
194,Non-Target,No,0,None,ADHD
195,Non-Target,No,0,None,ADHD
196,Non-Target,No,0,None,ADHD
197,Non-Target,No,0,None,ADHD
198,Non-Target,No,0,None,ADHD
199,Target,Yes,773,None,ADHD
200,Non-Target,Yes,680,Commission,ADHD
201,Non-Target,No,0,None,ADHD
202,Target,No,0,Omission,ADHD
203,Non-Target,No,0,None,ADHD
204,Non-Target,No,0,None,ADHD
205,Non-Target,No,0,None,ADHD
206,Non-Target,No,0,None,ADHD
207,Non-Target,Yes,781,Commission,ADHD
208,Non-Target,No,0,None,ADHD
209,Target,Yes,708,None,ADHD
210,Target,Yes,966,None,ADHD
211,Non-Target,No,0,None,ADHD
212,Non-Target,No,0,None,ADHD
213,Non-Target,No,0,None,ADHD
214,Target,Yes,892,None,ADHD
215,Non-Target,No,0,None,ADHD
216,Non-Target,No,0,None,ADHD
217,Non-Target,No,0,None,ADHD
218,Non-Target,No,0,None,ADHD
219,Non-Target,Yes,614,Commission,ADHD
220,Non-Target,No,0,None,ADHD
221,Target,Yes,712,None,ADHD
222,Target,Yes,878,None,ADHD
223,Non-Target,No,0,None,ADHD
224,Non-Target,No,0,None,ADHD
225,Non-Target,No,0,None,ADHD
226,Non-Target,No,0,None,ADHD
227,Target,No,0,Omission,ADHD
228,Non-Target,No,0,None,ADHD
229,Non-Target,No,0,None,ADHD
230,Non-Target,No,0,None,ADHD
231,Non-Target,Yes,774,Commission,ADHD
232,Non-Target,No,0,None,ADHD
233,Non-Target,No,0,None,ADHD
234,Non-Target,No,0,None,ADHD
235,Target,Yes,904,None,ADHD
236,Non-Target,No,0,None,ADHD
237,Target,Yes,690,None,ADHD
238,Non-Target,No,0,None,ADHD
239,Non-Target,Yes,533,Commission,ADHD
240,Non-Target,No,0,None,ADHD
241,Target,No,0,Omission,ADHD
242,Target,Yes,562,None,ADHD
243,Target,Yes,574,None,ADHD
244,Non-Target,No,0,None,ADHD
245,Target,Yes,694,None,ADHD
246,Non-Target,No,0,None,ADHD
247,Non-Target,No,0,None,ADHD
248,Non-Target,No,0,None,ADHD
249,Target,Yes,787,None,ADHD
250,Non-Target,Yes,697,Commission,ADHD
251,Non-Target,No,0,None,ADHD
252,Non-Target,Yes,918,Commission,ADHD
253,Non-Target,No,0,None,ADHD
254,Non-Target,No,0,None,ADHD
255,Target,No,0,Omission,ADHD
256,Non-Target,No,0,None,ADHD
257,Non-Target,No,0,None,ADHD
258,Target,Yes,875,None,ADHD
259,Non-Target,No,0,None,ADHD
260,Non-Target,Yes,846,Commission,ADHD
261,Target,No,0,Omission,ADHD
262,Target,Yes,645,None,ADHD
263,Non-Target,Yes,710,Commission,ADHD
264,Non-Target,No,0,None,ADHD
265,Non-Target,No,0,None,ADHD
266,Target,Yes,859,None,ADHD
267,Non-Target,No,0,None,ADHD
268,Non-Target,No,0,None,ADHD
269,Target,Yes,716,None,ADHD
270,Target,Yes,768,None,ADHD
271,Target,Yes,831,None,ADHD
272,Non-Target,No,0,None,ADHD
273,Non-Target,No,0,None,ADHD
274,Non-Target,Yes,829,Commission,ADHD
275,Target,Yes,731,None,ADHD
276,Non-Target,No,0,None,ADHD
277,Target,Yes,754,None,ADHD
278,Non-Target,No,0,None,ADHD
279,Non-Target,No,0,None,ADHD
280,Non-Target,No,0,None,ADHD
281,Target,No,0,Omission,ADHD
282,Non-Target,No,0,None,ADHD
283,Target,Yes,762,None,ADHD
284,Non-Target,No,0,None,ADHD
285,Target,No,0,Omission,ADHD
286,Non-Target,No,0,None,ADHD
287,Non-Target,No,0,None,ADHD
288,Target,Yes,989,None,ADHD
289,Non-Target,No,0,None,ADHD
290,Non-Target,No,0,None,ADHD
291,Non-Target,No,0,None,ADHD
292,Non-Target,No,0,None,ADHD
293,Non-Target,Yes,763,Commission,ADHD
294,Target,Yes,818,None,ADHD
295,Non-Target,Yes,927,Commission,ADHD
296,Target,No,0,Omission,ADHD
297,Non-Target,Yes,757,Commission,ADHD
298,Non-Target,No,0,None,ADHD
299,Target,No,0,Omission,ADHD
300,Non-Target,No,0,None,ADHD
301,Target,Yes,624,None,ADHD
302,Non-Target,No,0,None,ADHD
303,Target,Yes,837,None,ADHD
304,Non-Target,Yes,627,Commission,ADHD
305,Target,Yes,820,None,ADHD
306,Target,Yes,802,None,ADHD
307,Target,Yes,699,None,ADHD
308,Non-Target,No,0,None,ADHD
309,Target,Yes,703,None,ADHD
310,Target,Yes,1072,None,ADHD
311,Non-Target,No,0,None,ADHD
312,Non-Target,No,0,None,ADHD
313,Non-Target,No,0,None,ADHD
314,Non-Target,No,0,None,ADHD
315,Target,Yes,606,None,ADHD
316,Non-Target,No,0,None,ADHD
317,Non-Target,Yes,593,Commission,ADHD
318,Non-Target,Yes,878,Commission,ADHD
319,Non-Target,No,0,None,ADHD
320,Non-Target,No,0,None,ADHD
321,Non-Target,No,0,None,ADHD
322,Target,Yes,899,None,ADHD
323,Non-Target,Yes,785,Commission,ADHD
324,Non-Target,No,0,None,ADHD
325,Non-Target,No,0,None,ADHD
326,Target,Yes,927,None,ADHD
327,Non-Target,No,0,None,ADHD
328,Non-Target,No,0,None,ADHD
329,Target,Yes,987,None,ADHD
330,Non-Target,No,0,None,ADHD
331,Non-Target,Yes,924,Commission,ADHD
332,Non-Target,No,0,None,ADHD
333,Non-Target,Yes,681,Commission,ADHD
334,Non-Target,No,0,None,ADHD
335,Non-Target,No,0,None,ADHD
336,Non-Target,No,0,None,ADHD
337,Non-Target,Yes,771,Commission,ADHD
338,Non-Target,No,0,None,ADHD
339,Target,No,0,Omission,ADHD
340,Target,Yes,605,None,ADHD
341,Non-Target,No,0,None,ADHD
342,Non-Target,No,0,None,ADHD
343,Target,Yes,665,None,ADHD
344,Target,Yes,788,None,ADHD
345,Non-Target,No,0,None,ADHD
346,Non-Target,No,0,None,ADHD
347,Target,Yes,806,None,ADHD
348,Non-Target,No,0,None,ADHD
349,Target,Yes,822,None,ADHD
350,Non-Target,Yes,682,Commission,ADHD
351,Non-Target,No,0,None,ADHD
352,Non-Target,No,0,None,ADHD
353,Target,Yes,708,None,ADHD
354,Non-Target,No,0,None,ADHD
355,Non-Target,No,0,None,ADHD
356,Target,Yes,937,None,ADHD
357,Non-Target,No,0,None,ADHD
358,Non-Target,No,0,None,ADHD
359,Target,Yes,819,None,ADHD
360,Non-Target,No,0,None,ADHD
361,Non-Target,No,0,None,ADHD
362,Non-Target,No,0,None,ADHD
363,Non-Target,No,0,None,ADHD
364,Non-Target,Yes,868,Commission,ADHD
365,Target,Yes,863,None,ADHD
366,Non-Target,No,0,None,ADHD
367,Non-Target,No,0,None,ADHD
368,Non-Target,No,0,None,ADHD
369,Non-Target,No,0,None,ADHD
370,Non-Target,No,0,None,ADHD
371,Target,Yes,711,None,ADHD
372,Non-Target,No,0,None,ADHD
373,Non-Target,Yes,869,Commission,ADHD
374,Target,Yes,810,None,ADHD
375,Non-Target,No,0,None,ADHD
376,Non-Target,Yes,866,Commission,ADHD
377,Non-Target,No,0,None,ADHD
378,Non-Target,No,0,None,ADHD
379,Non-Target,No,0,None,ADHD
380,Non-Target,No,0,None,ADHD
381,Non-Target,Yes,928,Commission,ADHD
382,Target,No,0,Omission,ADHD
383,Target,Yes,780,None,ADHD
384,Target,Yes,888,None,ADHD
385,Non-Target,No,0,None,ADHD
386,Target,Yes,882,None,ADHD
387,Non-Target,No,0,None,ADHD
388,Non-Target,No,0,None,ADHD
389,Non-Target,No,0,None,ADHD
390,Non-Target,No,0,None,ADHD
391,Target,Yes,799,None,ADHD
392,Target,No,0,Omission,ADHD
393,Target,Yes,626,None,ADHD
394,Target,No,0,Omission,ADHD
395,Target,Yes,936,None,ADHD
396,Target,Yes,949,None,ADHD
397,Target,Yes,669,None,ADHD
398,Non-Target,No,0,None,ADHD
399,Non-Target,No,0,None,ADHD
400,Target,Yes,713,None,ADHD
401,Non-Target,No,0,None,ADHD
402,Non-Target,No,0,None,ADHD
403,Target,No,0,Omission,ADHD
404,Non-Target,No,0,None,ADHD
405,Non-Target,No,0,None,ADHD
406,Non-Target,No,0,None,ADHD
407,Non-Target,No,0,None,ADHD
408,Target,Yes,758,None,ADHD
409,Non-Target,No,0,None,ADHD
410,Target,Yes,825,None,ADHD
411,Target,Yes,744,None,ADHD
412,Non-Target,No,0,None,ADHD
413,Target,Yes,861,None,ADHD
414,Non-Target,No,0,None,ADHD
415,Non-Target,Yes,628,Commission,ADHD
416,Non-Target,No,0,None,ADHD
417,Non-Target,No,0,None,ADHD
418,Target,Yes,727,None,ADHD
419,Target,Yes,730,None,ADHD
420,Non-Target,No,0,None,ADHD
421,Non-Target,Yes,717,Commission,ADHD
422,Non-Target,No,0,None,ADHD
423,Non-Target,No,0,None,ADHD
424,Non-Target,No,0,None,ADHD
425,Target,Yes,793,None,ADHD
426,Non-Target,Yes,920,Commission,ADHD
427,Non-Target,No,0,None,ADHD
428,Non-Target,No,0,None,ADHD
429,Target,No,0,Omission,ADHD
430,Non-Target,No,0,None,ADHD
431,Target,Yes,648,None,ADHD
432,Non-Target,Yes,845,Commission,ADHD
433,Non-Target,No,0,None,ADHD
434,Non-Target,No,0,None,ADHD
435,Non-Target,No,0,None,ADHD
436,Non-Target,Yes,831,Commission,ADHD
437,Non-Target,Yes,862,Commission,ADHD
438,Non-Target,Yes,841,Commission,ADHD
439,Non-Target,No,0,None,ADHD
440,Non-Target,No,0,None,ADHD
441,Non-Target,No,0,None,ADHD
442,Target,Yes,619,None,ADHD
443,Non-Target,No,0,None,ADHD
444,Non-Target,No,0,None,ADHD
445,Target,Yes,779,None,ADHD
446,Non-Target,No,0,None,ADHD
447,Non-Target,No,0,None,ADHD
448,Non-Target,No,0,None,ADHD
449,Non-Target,No,0,None,ADHD
450,Non-Target,No,0,None,ADHD
451,Target,Yes,752,None,ADHD
452,Non-Target,No,0,None,ADHD
453,Non-Target,No,0,None,ADHD
454,Non-Target,No,0,None,ADHD
455,Non-Target,Yes,935,Commission,ADHD
456,Non-Target,Yes,838,Commission,ADHD
457,Non-Target,No,0,None,ADHD
458,Non-Target,No,0,None,ADHD
459,Target,Yes,639,None,ADHD
460,Non-Target,No,0,None,ADHD
461,Non-Target,Yes,868,Commission,ADHD
462,Non-Target,No,0,None,ADHD
463,Non-Target,Yes,460,Commission,ADHD
464,Non-Target,No,0,None,ADHD
465,Non-Target,No,0,None,ADHD
466,Target,No,0,Omission,ADHD
467,Non-Target,No,0,None,ADHD
468,Non-Target,Yes,731,Commission,ADHD
469,Non-Target,No,0,None,ADHD
470,Target,Yes,655,None,ADHD
471,Non-Target,No,0,None,ADHD
472,Non-Target,No,0,None,ADHD
473,Non-Target,No,0,None,ADHD
474,Non-Target,No,0,None,ADHD
475,Non-Target,No,0,None,ADHD
476,Non-Target,No,0,None,ADHD
477,Non-Target,No,0,None,ADHD
478,Target,Yes,708,None,ADHD
479,Non-Target,Yes,630,Commission,ADHD
480,Non-Target,No,0,None,ADHD
481,Non-Target,Yes,680,Commission,ADHD
482,Non-Target,Yes,954,Commission,ADHD
483,Non-Target,No,0,None,ADHD
484,Target,Yes,840,None,ADHD
485,Non-Target,No,0,None,ADHD
486,Non-Target,No,0,None,ADHD
487,Non-Target,No,0,None,ADHD
488,Non-Target,No,0,None,ADHD
489,Non-Target,No,0,None,ADHD
490,Non-Target,Yes,772,Commission,ADHD
491,Non-Target,No,0,None,ADHD
492,Non-Target,No,0,None,ADHD
493,Target,Yes,635,None,ADHD
494,Non-Target,No,0,None,ADHD
495,Non-Target,No,0,None,ADHD
496,Non-Target,No,0,None,ADHD
497,Non-Target,Yes,671,Commission,ADHD
498,Non-Target,No,0,None,ADHD
499,Target,Yes,896,None,ADHD
500,Target,Yes,785,None,ADHD
501,Non-Target,No,0,None,ADHD
502,Non-Target,No,0,None,ADHD
503,Non-Target,No,0,None,ADHD
504,Non-Target,No,0,None,ADHD
505,Non-Target,No,0,None,ADHD
506,Non-Target,No,0,None,ADHD
507,Non-Target,No,0,None,ADHD
508,Non-Target,No,0,None,ADHD
509,Non-Target,No,0,None,ADHD
510,Non-Target,No,0,None,ADHD
511,Non-Target,No,0,None,ADHD
512,Non-Target,No,0,None,ADHD
513,Target,No,0,Omission,ADHD
514,Non-Target,No,0,None,ADHD
515,Target,Yes,862,None,ADHD
516,Non-Target,No,0,None,ADHD
517,Non-Target,No,0,None,ADHD
518,Non-Target,Yes,1003,Commission,ADHD
519,Non-Target,No,0,None,ADHD
520,Target,Yes,860,None,ADHD
521,Non-Target,No,0,None,ADHD
522,Non-Target,No,0,None,ADHD
523,Non-Target,No,0,None,ADHD
524,Non-Target,No,0,None,ADHD
525,Non-Target,Yes,784,Commission,ADHD
526,Non-Target,No,0,None,ADHD
527,Target,Yes,744,None,ADHD
528,Non-Target,No,0,None,ADHD
529,Non-Target,No,0,None,ADHD
530,Non-Target,No,0,None,ADHD
531,Non-Target,No,0,None,ADHD
532,Non-Target,No,0,None,ADHD
533,Non-Target,No,0,None,ADHD
534,Non-Target,Yes,792,Commission,ADHD
535,Non-Target,No,0,None,ADHD
536,Target,Yes,682,None,ADHD
537,Target,Yes,937,None,ADHD
538,Non-Target,Yes,659,Commission,ADHD
539,Target,Yes,1024,None,ADHD
540,Non-Target,No,0,None,ADHD
541,Non-Target,No,0,None,ADHD
542,Non-Target,Yes,807,Commission,ADHD
543,Non-Target,No,0,None,ADHD
544,Non-Target,Yes,714,Commission,ADHD
545,Non-Target,No,0,None,ADHD
546,Non-Target,No,0,None,ADHD
547,Target,No,0,Omission,ADHD
548,Target,Yes,933,None,ADHD
549,Non-Target,No,0,None,ADHD
550,Target,Yes,646,None,ADHD
551,Target,No,0,Omission,ADHD
552,Target,Yes,913,None,ADHD
553,Target,Yes,700,None,ADHD
554,Target,Yes,763,None,ADHD
555,Non-Target,No,0,None,ADHD
556,Non-Target,No,0,None,ADHD
557,Target,Yes,736,None,ADHD
558,Non-Target,No,0,None,ADHD
559,Non-Target,Yes,966,Commission,ADHD
560,Target,Yes,616,None,ADHD
561,Target,No,0,Omission,ADHD
562,Non-Target,No,0,None,ADHD
563,Non-Target,No,0,None,ADHD
564,Non-Target,Yes,902,Commission,ADHD
565,Non-Target,No,0,None,ADHD
566,Non-Target,No,0,None,ADHD
567,Target,No,0,Omission,ADHD
568,Non-Target,No,0,None,ADHD
569,Non-Target,No,0,None,ADHD
570,Non-Target,Yes,911,Commission,ADHD
571,Non-Target,Yes,612,Commission,ADHD
572,Non-Target,No,0,None,ADHD
573,Non-Target,Yes,811,Commission,ADHD
574,Non-Target,No,0,None,ADHD
575,Non-Target,No,0,None,ADHD
576,Non-Target,No,0,None,ADHD
577,Non-Target,No,0,None,ADHD
578,Non-Target,No,0,None,ADHD
579,Non-Target,No,0,None,ADHD
580,Non-Target,No,0,None,ADHD
581,Non-Target,No,0,None,ADHD
582,Target,Yes,1099,None,ADHD
583,Non-Target,No,0,None,ADHD
584,Target,Yes,838,None,ADHD
585,Non-Target,No,0,None,ADHD
586,Non-Target,No,0,None,ADHD
587,Non-Target,No,0,None,ADHD
588,Non-Target,No,0,None,ADHD
589,Target,Yes,816,None,ADHD
590,Target,Yes,867,None,ADHD
591,Non-Target,No,0,None,ADHD
592,Non-Target,No,0,None,ADHD
593,Target,Yes,663,None,ADHD
594,Non-Target,No,0,None,ADHD
595,Non-Target,No,0,None,ADHD
596,Non-Target,No,0,None,ADHD
597,Target,Yes,860,None,ADHD
598,Target,Yes,887,None,ADHD
599,Non-Target,No,0,None,ADHD
600,Non-Target,Yes,884,Commission,ADHD
601,Non-Target,No,0,None,ADHD
602,Non-Target,No,0,None,ADHD
603,Non-Target,No,0,None,ADHD
604,Non-Target,No,0,None,ADHD
605,Non-Target,Yes,941,Commission,ADHD
606,Non-Target,No,0,None,ADHD
607,Non-Target,No,0,None,ADHD
608,Non-Target,Yes,832,Commission,ADHD
609,Target,No,0,Omission,ADHD
610,Non-Target,No,0,None,ADHD
611,Non-Target,No,0,None,ADHD
612,Target,Yes,640,None,ADHD
613,Target,Yes,472,None,ADHD
614,Non-Target,Yes,883,Commission,ADHD
615,Target,Yes,778,None,ADHD
616,Target,Yes,991,None,ADHD
617,Non-Target,Yes,956,Commission,ADHD
618,Non-Target,No,0,None,ADHD
619,Non-Target,No,0,None,ADHD
620,Non-Target,No,0,None,ADHD
621,Non-Target,No,0,None,ADHD
622,Non-Target,No,0,None,ADHD
623,Target,Yes,770,None,ADHD
624,Non-Target,No,0,None,ADHD
625,Non-Target,No,0,None,ADHD
626,Target,Yes,537,None,ADHD
627,Non-Target,No,0,None,ADHD
628,Non-Target,Yes,991,Commission,ADHD
629,Non-Target,No,0,None,ADHD
630,Non-Target,Yes,797,Commission,ADHD
631,Non-Target,Yes,787,Commission,ADHD
632,Non-Target,No,0,None,ADHD
633,Target,Yes,630,None,ADHD
634,Non-Target,No,0,None,ADHD
635,Non-Target,No,0,None,ADHD
636,Non-Target,No,0,None,ADHD
637,Non-Target,No,0,None,ADHD
638,Target,Yes,876,None,ADHD
639,Target,Yes,759,None,ADHD
640,Non-Target,No,0,None,ADHD
641,Non-Target,No,0,None,ADHD
642,Non-Target,No,0,None,ADHD
643,Non-Target,No,0,None,ADHD
644,Non-Target,No,0,None,ADHD
645,Non-Target,No,0,None,ADHD
646,Non-Target,No,0,None,ADHD
647,Non-Target,No,0,None,ADHD
648,Target,Yes,1008,None,ADHD
649,Non-Target,No,0,None,ADHD
650,Non-Target,No,0,None,ADHD
651,Target,Yes,724,None,ADHD
652,Target,Yes,796,None,ADHD
653,Non-Target,No,0,None,ADHD
654,Non-Target,No,0,None,ADHD
655,Target,Yes,872,None,ADHD
656,Non-Target,No,0,None,ADHD
657,Non-Target,Yes,531,Commission,ADHD
658,Non-Target,No,0,None,ADHD
659,Non-Target,No,0,None,ADHD
660,Non-Target,No,0,None,ADHD
661,Non-Target,Yes,753,Commission,ADHD
662,Target,Yes,830,None,ADHD
663,Non-Target,No,0,None,ADHD
664,Non-Target,No,0,None,ADHD
665,Non-Target,No,0,None,ADHD
666,Non-Target,No,0,None,ADHD
667,Non-Target,No,0,None,ADHD
668,Non-Target,No,0,None,ADHD
669,Non-Target,No,0,None,ADHD
670,Non-Target,No,0,None,ADHD
671,Non-Target,Yes,978,Commission,ADHD
672,Non-Target,No,0,None,ADHD
673,Non-Target,No,0,None,ADHD
674,Non-Target,No,0,None,ADHD
675,Non-Target,No,0,None,ADHD
676,Target,Yes,808,None,ADHD
677,Target,Yes,751,None,ADHD
678,Non-Target,Yes,828,Commission,ADHD
679,Non-Target,No,0,None,ADHD
680,Target,Yes,754,None,ADHD
681,Target,No,0,Omission,ADHD
682,Non-Target,No,0,None,ADHD
683,Non-Target,No,0,None,ADHD
684,Non-Target,Yes,899,Commission,ADHD
685,Non-Target,No,0,None,ADHD
686,Non-Target,No,0,None,ADHD
687,Target,Yes,874,None,ADHD
688,Non-Target,No,0,None,ADHD
689,Target,Yes,798,None,ADHD
690,Non-Target,No,0,None,ADHD
691,Non-Target,No,0,None,ADHD
692,Non-Target,No,0,None,ADHD
693,Non-Target,No,0,None,ADHD
694,Non-Target,No,0,None,ADHD
695,Non-Target,No,0,None,ADHD
696,Target,Yes,685,None,ADHD
697,Target,Yes,882,None,ADHD
698,Target,Yes,660,None,ADHD
699,Target,Yes,790,None,ADHD
700,Non-Target,No,0,None,ADHD
701,Target,Yes,780,None,ADHD
702,Non-Target,No,0,None,ADHD
703,Non-Target,No,0,None,ADHD
704,Non-Target,No,0,None,ADHD
705,Non-Target,Yes,999,Commission,ADHD
706,Target,No,0,Omission,ADHD
707,Target,Yes,1060,None,ADHD
708,Non-Target,No,0,None,ADHD
709,Target,Yes,719,None,ADHD
710,Non-Target,No,0,None,ADHD
711,Non-Target,Yes,909,Commission,ADHD
712,Non-Target,No,0,None,ADHD
713,Non-Target,Yes,864,Commission,ADHD
714,Non-Target,No,0,None,ADHD
715,Target,Yes,965,None,ADHD
716,Non-Target,No,0,None,ADHD
717,Non-Target,No,0,None,ADHD
718,Non-Target,No,0,None,ADHD
719,Non-Target,No,0,None,ADHD
720,Target,Yes,996,None,ADHD
721,Non-Target,Yes,768,Commission,ADHD
722,Non-Target,No,0,None,ADHD
723,Non-Target,Yes,854,Commission,ADHD
724,Target,No,0,Omission,ADHD
725,Non-Target,No,0,None,ADHD
726,Non-Target,No,0,None,ADHD
727,Non-Target,No,0,None,ADHD
728,Non-Target,No,0,None,ADHD
729,Non-Target,No,0,None,ADHD
730,Non-Target,No,0,None,ADHD
731,Target,No,0,Omission,ADHD
732,Non-Target,No,0,None,ADHD
733,Non-Target,Yes,718,Commission,ADHD
734,Non-Target,No,0,None,ADHD
735,Non-Target,No,0,None,ADHD
736,Non-Target,Yes,908,Commission,ADHD
737,Non-Target,No,0,None,ADHD
738,Non-Target,Yes,765,Commission,ADHD
739,Target,Yes,968,None,ADHD
740,Target,Yes,777,None,ADHD
741,Non-Target,No,0,None,ADHD
742,Non-Target,No,0,None,ADHD
743,Non-Target,No,0,None,ADHD
744,Target,Yes,815,None,ADHD
745,Non-Target,No,0,None,ADHD
746,Non-Target,No,0,None,ADHD
747,Target,Yes,977,None,ADHD
748,Non-Target,No,0,None,ADHD
749,Non-Target,No,0,None,ADHD
750,Target,Yes,807,None,ADHD
751,Non-Target,No,0,None,ADHD
752,Target,Yes,553,None,ADHD
753,Non-Target,No,0,None,ADHD
754,Non-Target,No,0,None,ADHD
755,Non-Target,No,0,None,ADHD
756,Non-Target,No,0,None,ADHD
757,Target,Yes,902,None,ADHD
758,Non-Target,No,0,None,ADHD
759,Non-Target,No,0,None,ADHD
760,Non-Target,No,0,None,ADHD
761,Non-Target,No,0,None,ADHD
762,Non-Target,No,0,None,ADHD
763,Non-Target,No,0,None,ADHD
764,Target,Yes,923,None,ADHD
765,Target,Yes,881,None,ADHD
766,Non-Target,No,0,None,ADHD
767,Non-Target,No,0,None,ADHD
768,Non-Target,Yes,634,Commission,ADHD
769,Non-Target,Yes,709,Commission,ADHD
770,Non-Target,No,0,None,ADHD
771,Target,Yes,744,None,ADHD
772,Non-Target,No,0,None,ADHD
773,Non-Target,No,0,None,ADHD
774,Non-Target,No,0,None,ADHD
775,Non-Target,No,0,None,ADHD
776,Target,Yes,819,None,ADHD
777,Target,Yes,855,None,ADHD
778,Target,Yes,801,None,ADHD
779,Non-Target,Yes,812,Commission,ADHD
780,Target,Yes,827,None,ADHD
781,Non-Target,No,0,None,ADHD
782,Target,Yes,613,None,ADHD
783,Non-Target,No,0,None,ADHD
784,Target,Yes,851,None,ADHD
785,Non-Target,No,0,None,ADHD
786,Target,Yes,618,None,ADHD
787,Non-Target,No,0,None,ADHD
788,Non-Target,Yes,646,Commission,ADHD
789,Non-Target,Yes,931,Commission,ADHD
790,Target,Yes,858,None,ADHD
791,Non-Target,No,0,None,ADHD
792,Non-Target,No,0,None,ADHD
793,Target,Yes,927,None,ADHD
794,Non-Target,No,0,None,ADHD
795,Target,Yes,695,None,ADHD
796,Target,Yes,944,None,ADHD
797,Non-Target,No,0,None,ADHD
798,Target,Yes,791,None,ADHD
799,Non-Target,No,0,None,ADHD
800,Non-Target,No,0,None,ADHD
801,Non-Target,No,0,None,ADHD
802,Non-Target,No,0,None,ADHD
803,Non-Target,No,0,None,ADHD
804,Non-Target,No,0,None,ADHD
805,Non-Target,Yes,843,Commission,ADHD
806,Non-Target,No,0,None,ADHD
807,Target,Yes,741,None,ADHD
808,Non-Target,No,0,None,ADHD
809,Non-Target,No,0,None,ADHD
810,Target,Yes,710,None,ADHD
811,Non-Target,Yes,901,Commission,ADHD
812,Non-Target,No,0,None,ADHD
813,Non-Target,No,0,None,ADHD
814,Non-Target,No,0,None,ADHD
815,Non-Target,No,0,None,ADHD
816,Non-Target,No,0,None,ADHD
817,Non-Target,No,0,None,ADHD
818,Non-Target,No,0,None,ADHD
819,Non-Target,Yes,570,Commission,ADHD
820,Non-Target,No,0,None,ADHD
821,Non-Target,No,0,None,ADHD
822,Non-Target,No,0,None,ADHD
823,Target,No,0,Omission,ADHD
824,Target,Yes,914,None,ADHD
825,Non-Target,Yes,799,Commission,ADHD
826,Target,Yes,809,None,ADHD
827,Target,Yes,867,None,ADHD
828,Target,Yes,778,None,ADHD
829,Target,Yes,656,None,ADHD
830,Non-Target,Yes,1094,Commission,ADHD
831,Target,Yes,779,None,ADHD
832,Non-Target,No,0,None,ADHD
833,Non-Target,Yes,662,Commission,ADHD
834,Target,Yes,721,None,ADHD
835,Non-Target,No,0,None,ADHD
836,Non-Target,No,0,None,ADHD
837,Non-Target,No,0,None,ADHD
838,Target,Yes,615,None,ADHD
839,Non-Target,Yes,918,Commission,ADHD
840,Target,Yes,753,None,ADHD
841,Non-Target,No,0,None,ADHD
842,Non-Target,No,0,None,ADHD
843,Non-Target,No,0,None,ADHD
844,Non-Target,No,0,None,ADHD
845,Non-Target,No,0,None,ADHD
846,Non-Target,No,0,None,ADHD
847,Non-Target,No,0,None,ADHD
848,Non-Target,No,0,None,ADHD
849,Non-Target,No,0,None,ADHD
850,Non-Target,No,0,None,ADHD
851,Target,Yes,676,None,ADHD
852,Target,No,0,Omission,ADHD
853,Non-Target,No,0,None,ADHD
854,Non-Target,No,0,None,ADHD
855,Target,No,0,Omission,ADHD
856,Non-Target,No,0,None,ADHD
857,Non-Target,No,0,None,ADHD
858,Non-Target,No,0,None,ADHD
859,Non-Target,No,0,None,ADHD
860,Non-Target,No,0,None,ADHD
861,Non-Target,No,0,None,ADHD
862,Non-Target,No,0,None,ADHD
863,Non-Target,No,0,None,ADHD
864,Target,Yes,777,None,ADHD
865,Non-Target,No,0,None,ADHD
866,Non-Target,No,0,None,ADHD
867,Non-Target,No,0,None,ADHD
868,Non-Target,Yes,879,Commission,ADHD
869,Target,Yes,840,None,ADHD
870,Target,Yes,610,None,ADHD
871,Non-Target,No,0,None,ADHD
872,Non-Target,No,0,None,ADHD
873,Non-Target,No,0,None,ADHD
874,Non-Target,No,0,None,ADHD
875,Target,No,0,Omission,ADHD
876,Non-Target,No,0,None,ADHD
877,Non-Target,No,0,None,ADHD
878,Non-Target,Yes,884,Commission,ADHD
879,Non-Target,No,0,None,ADHD
880,Non-Target,No,0,None,ADHD
881,Non-Target,No,0,None,ADHD
882,Target,Yes,667,None,ADHD
883,Target,Yes,590,None,ADHD
884,Non-Target,No,0,None,ADHD
885,Non-Target,No,0,None,ADHD
886,Non-Target,No,0,None,ADHD
887,Non-Target,No,0,None,ADHD
888,Non-Target,No,0,None,ADHD
889,Non-Target,Yes,616,Commission,ADHD
890,Non-Target,Yes,947,Commission,ADHD
891,Non-Target,No,0,None,ADHD
892,Target,Yes,886,None,ADHD
893,Non-Target,Yes,773,Commission,ADHD
894,Non-Target,Yes,620,Commission,ADHD
895,Target,Yes,725,None,ADHD
896,Non-Target,Yes,574,Commission,ADHD
897,Non-Target,No,0,None,ADHD
898,Target,Yes,790,None,ADHD
899,Non-Target,No,0,None,ADHD
900,Non-Target,No,0,None,ADHD
901,Non-Target,Yes,868,Commission,ADHD
902,Non-Target,Yes,939,Commission,ADHD
903,Non-Target,No,0,None,ADHD
904,Non-Target,Yes,660,Commission,ADHD
905,Non-Target,Yes,928,Commission,ADHD
906,Target,Yes,830,None,ADHD
907,Non-Target,No,0,None,ADHD
908,Non-Target,No,0,None,ADHD
909,Non-Target,No,0,None,ADHD
910,Target,Yes,713,None,ADHD
911,Target,Yes,729,None,ADHD
912,Non-Target,No,0,None,ADHD
913,Non-Target,No,0,None,ADHD
914,Target,Yes,761,None,ADHD
915,Non-Target,Yes,510,Commission,ADHD
916,Non-Target,No,0,None,ADHD
917,Non-Target,Yes,660,Commission,ADHD
918,Non-Target,No,0,None,ADHD
919,Non-Target,No,0,None,ADHD
920,Non-Target,No,0,None,ADHD
921,Target,No,0,Omission,ADHD
922,Non-Target,No,0,None,ADHD
923,Non-Target,Yes,825,Commission,ADHD
924,Non-Target,No,0,None,ADHD
925,Non-Target,Yes,874,Commission,ADHD
926,Non-Target,No,0,None,ADHD
927,Non-Target,No,0,None,ADHD
928,Non-Target,No,0,None,ADHD
929,Non-Target,Yes,670,Commission,ADHD
930,Non-Target,No,0,None,ADHD
931,Non-Target,No,0,None,ADHD
932,Target,Yes,917,None,ADHD
933,Non-Target,No,0,None,ADHD
934,Target,No,0,Omission,ADHD
935,Non-Target,No,0,None,ADHD
936,Non-Target,No,0,None,ADHD
937,Target,Yes,802,None,ADHD
938,Non-Target,No,0,None,ADHD
939,Target,No,0,Omission,ADHD
940,Target,Yes,765,None,ADHD
941,Non-Target,Yes,785,Commission,ADHD
942,Target,Yes,744,None,ADHD
943,Non-Target,No,0,None,ADHD
944,Non-Target,Yes,762,Commission,ADHD
945,Non-Target,Yes,663,Commission,ADHD
946,Non-Target,Yes,995,Commission,ADHD
947,Non-Target,No,0,None,ADHD
948,Non-Target,Yes,704,Commission,ADHD
949,Non-Target,No,0,None,ADHD
950,Target,Yes,733,None,ADHD
951,Non-Target,No,0,None,ADHD
952,Non-Target,No,0,None,ADHD
953,Non-Target,No,0,None,ADHD
954,Non-Target,No,0,None,ADHD
955,Target,No,0,Omission,ADHD
956,Non-Target,No,0,None,ADHD
957,Target,Yes,722,None,ADHD
958,Non-Target,Yes,862,Commission,ADHD
959,Non-Target,No,0,None,ADHD
960,Non-Target,No,0,None,ADHD
961,Non-Target,No,0,None,ADHD
962,Non-Target,No,0,None,ADHD
963,Non-Target,No,0,None,ADHD
964,Non-Target,No,0,None,ADHD
965,Non-Target,No,0,None,ADHD
966,Non-Target,No,0,None,ADHD
967,Non-Target,No,0,None,ADHD
968,Target,Yes,690,None,ADHD
969,Target,No,0,Omission,ADHD
970,Non-Target,No,0,None,ADHD
971,Non-Target,Yes,700,Commission,ADHD
972,Non-Target,No,0,None,ADHD
973,Non-Target,No,0,None,ADHD
974,Target,Yes,897,None,ADHD
975,Non-Target,Yes,654,Commission,ADHD
976,Target,Yes,693,None,ADHD
977,Non-Target,Yes,716,Commission,ADHD
978,Non-Target,No,0,None,ADHD
979,Non-Target,No,0,None,ADHD
980,Non-Target,No,0,None,ADHD
981,Non-Target,Yes,861,Commission,ADHD
982,Non-Target,No,0,None,ADHD
983,Non-Target,No,0,None,ADHD
984,Non-Target,No,0,None,ADHD
985,Non-Target,No,0,None,ADHD
986,Target,Yes,532,None,ADHD
987,Target,Yes,834,None,ADHD
988,Target,Yes,787,None,ADHD
989,Non-Target,No,0,None,ADHD
990,Non-Target,No,0,None,ADHD
991,Target,Yes,721,None,ADHD
992,Non-Target,No,0,None,ADHD
993,Non-Target,No,0,None,ADHD
994,Target,No,0,Omission,ADHD
995,Non-Target,No,0,None,ADHD
996,Non-Target,No,0,None,ADHD
997,Non-Target,No,0,None,ADHD
998,Target,Yes,934,None,ADHD
999,Non-Target,Yes,677,Commission,ADHD
1000,Non-Target,No,0,None,ADHD
1001,Non-Target,No,0,None,ADHD
1002,Target,Yes,676,None,ADHD
1003,Non-Target,No,0,None,ADHD
1004,Target,Yes,832,None,ADHD
1005,Target,No,0,Omission,ADHD
1006,Non-Target,No,0,None,ADHD
1007,Target,Yes,457,None,ADHD
1008,Non-Target,No,0,None,ADHD
1009,Target,Yes,666,None,ADHD
1010,Non-Target,No,0,None,ADHD
1011,Non-Target,No,0,None,ADHD
1012,Non-Target,No,0,None,ADHD
1013,Non-Target,No,0,None,ADHD
1014,Target,No,0,Omission,ADHD
1015,Non-Target,No,0,None,ADHD
1016,Target,Yes,636,None,ADHD
1017,Non-Target,No,0,None,ADHD
1018,Target,Yes,858,None,ADHD
1019,Non-Target,No,0,None,ADHD
1020,Target,Yes,758,None,ADHD
1021,Non-Target,No,0,None,ADHD
1022,Non-Target,No,0,None,ADHD
1023,Non-Target,No,0,None,ADHD
1024,Target,Yes,721,None,ADHD
1025,Non-Target,Yes,860,Commission,ADHD
1026,Non-Target,Yes,516,Commission,ADHD
1027,Non-Target,No,0,None,ADHD
1028,Non-Target,No,0,None,ADHD
1029,Non-Target,Yes,816,Commission,ADHD
1030,Target,Yes,865,None,ADHD
1031,Non-Target,No,0,None,ADHD
1032,Non-Target,No,0,None,ADHD
1033,Target,Yes,856,None,ADHD
1034,Non-Target,No,0,None,ADHD
1035,Target,Yes,958,None,ADHD
1036,Non-Target,No,0,None,ADHD
1037,Non-Target,No,0,None,ADHD
1038,Non-Target,No,0,None,ADHD
1039,Non-Target,No,0,None,ADHD
1040,Non-Target,No,0,None,ADHD
1041,Non-Target,Yes,766,Commission,ADHD
1042,Target,Yes,847,None,ADHD
1043,Non-Target,Yes,930,Commission,ADHD
1044,Non-Target,No,0,None,ADHD
1045,Non-Target,Yes,826,Commission,ADHD
1046,Non-Target,Yes,861,Commission,ADHD
1047,Non-Target,No,0,None,ADHD
1048,Target,No,0,Omission,ADHD
1049,Target,Yes,911,None,ADHD
1050,Non-Target,No,0,None,ADHD
1051,Target,Yes,648,None,ADHD
1052,Non-Target,No,0,None,ADHD
1053,Non-Target,Yes,804,Commission,ADHD
1054,Non-Target,No,0,None,ADHD
1055,Target,Yes,692,None,ADHD
1056,Target,Yes,835,None,ADHD
1057,Non-Target,No,0,None,ADHD
1058,Non-Target,No,0,None,ADHD
1059,Target,Yes,761,None,ADHD
1060,Non-Target,No,0,None,ADHD
1061,Target,Yes,774,None,ADHD
1062,Target,No,0,Omission,ADHD
1063,Non-Target,No,0,None,ADHD
1064,Non-Target,No,0,None,ADHD
1065,Non-Target,Yes,1013,Commission,ADHD
1066,Target,Yes,820,None,ADHD
1067,Non-Target,Yes,809,Commission,ADHD
1068,Non-Target,No,0,None,ADHD
1069,Non-Target,No,0,None,ADHD
1070,Non-Target,Yes,811,Commission,ADHD
1071,Non-Target,No,0,None,ADHD
1072,Target,No,0,Omission,ADHD
1073,Non-Target,No,0,None,ADHD
1074,Non-Target,No,0,None,ADHD
1075,Non-Target,Yes,997,Commission,ADHD
1076,Target,Yes,927,None,ADHD
1077,Non-Target,No,0,None,ADHD
1078,Non-Target,No,0,None,ADHD
1079,Non-Target,No,0,None,ADHD
1080,Non-Target,Yes,948,Commission,ADHD
1081,Target,Yes,934,None,ADHD
1082,Non-Target,Yes,863,Commission,ADHD
1083,Non-Target,No,0,None,ADHD
1084,Non-Target,Yes,839,Commission,ADHD
1085,Non-Target,Yes,1038,Commission,ADHD
1086,Non-Target,No,0,None,ADHD
1087,Non-Target,No,0,None,ADHD
1088,Non-Target,No,0,None,ADHD
1089,Target,Yes,839,None,ADHD
1090,Non-Target,No,0,None,ADHD
1091,Target,Yes,920,None,ADHD
1092,Target,Yes,740,None,ADHD
1093,Non-Target,No,0,None,ADHD
1094,Target,Yes,727,None,ADHD
1095,Non-Target,No,0,None,ADHD
1096,Non-Target,No,0,None,ADHD
1097,Non-Target,No,0,None,ADHD
1098,Target,Yes,788,None,ADHD
1099,Non-Target,No,0,None,ADHD
1100,Target,Yes,783,None,ADHD
1101,Target,Yes,830,None,ADHD
1102,Non-Target,No,0,None,ADHD
1103,Target,Yes,607,None,ADHD
1104,Target,Yes,769,None,ADHD
1105,Non-Target,No,0,None,ADHD
1106,Non-Target,No,0,None,ADHD
1107,Non-Target,No,0,None,ADHD
1108,Target,Yes,905,None,ADHD
1109,Non-Target,Yes,711,Commission,ADHD
1110,Non-Target,Yes,834,Commission,ADHD
1111,Target,Yes,781,None,ADHD
1112,Non-Target,No,0,None,ADHD
1113,Target,No,0,Omission,ADHD
1114,Target,Yes,980,None,ADHD
1115,Non-Target,No,0,None,ADHD
1116,Non-Target,No,0,None,ADHD
1117,Non-Target,No,0,None,ADHD
1118,Non-Target,No,0,None,ADHD
1119,Non-Target,No,0,None,ADHD
1120,Target,Yes,857,None,ADHD
1121,Target,No,0,Omission,ADHD
1122,Target,No,0,Omission,ADHD
1123,Non-Target,No,0,None,ADHD
1124,Non-Target,Yes,656,Commission,ADHD
1125,Non-Target,No,0,None,ADHD
1126,Non-Target,No,0,None,ADHD
1127,Non-Target,No,0,None,ADHD
1128,Non-Target,No,0,None,ADHD
1129,Non-Target,No,0,None,ADHD
1130,Non-Target,No,0,None,ADHD
1131,Non-Target,No,0,None,ADHD
1132,Target,Yes,799,None,ADHD
1133,Non-Target,No,0,None,ADHD
1134,Target,Yes,809,None,ADHD
1135,Non-Target,Yes,848,Commission,ADHD
1136,Non-Target,No,0,None,ADHD
1137,Target,Yes,644,None,ADHD
1138,Target,Yes,797,None,ADHD
1139,Non-Target,Yes,901,Commission,ADHD
1140,Non-Target,No,0,None,ADHD
1141,Non-Target,No,0,None,ADHD
1142,Non-Target,No,0,None,ADHD
1143,Non-Target,No,0,None,ADHD
1144,Non-Target,No,0,None,ADHD
1145,Non-Target,No,0,None,ADHD
1146,Non-Target,No,0,None,ADHD
1147,Target,No,0,Omission,ADHD
1148,Non-Target,No,0,None,ADHD
1149,Non-Target,No,0,None,ADHD
1150,Non-Target,Yes,845,Commission,ADHD
1151,Non-Target,No,0,None,ADHD
1152,Non-Target,Yes,818,Commission,ADHD
1153,Non-Target,No,0,None,ADHD
1154,Non-Target,Yes,745,Commission,ADHD
1155,Non-Target,No,0,None,ADHD
1156,Non-Target,Yes,983,Commission,ADHD
1157,Target,Yes,966,None,ADHD
1158,Non-Target,No,0,None,ADHD
1159,Non-Target,Yes,733,Commission,ADHD
1160,Non-Target,No,0,None,ADHD
1161,Target,Yes,743,None,ADHD
1162,Target,Yes,895,None,ADHD
1163,Non-Target,No,0,None,ADHD
1164,Target,No,0,Omission,ADHD
1165,Non-Target,No,0,None,ADHD
1166,Target,No,0,Omission,ADHD
1167,Target,Yes,826,None,ADHD
1168,Target,Yes,744,None,ADHD
1169,Non-Target,No,0,None,ADHD
1170,Non-Target,No,0,None,ADHD
1171,Non-Target,No,0,None,ADHD
1172,Non-Target,No,0,None,ADHD
1173,Target,Yes,701,None,ADHD
1174,Target,Yes,761,None,ADHD
1175,Non-Target,No,0,None,ADHD
1176,Target,Yes,882,None,ADHD
1177,Target,Yes,615,None,ADHD
1178,Non-Target,No,0,None,ADHD
1179,Target,Yes,800,None,ADHD
1180,Target,Yes,687,None,ADHD
1181,Non-Target,No,0,None,ADHD
1182,Non-Target,No,0,None,ADHD
1183,Non-Target,Yes,892,Commission,ADHD
1184,Non-Target,No,0,None,ADHD
1185,Non-Target,Yes,904,Commission,ADHD
1186,Target,Yes,862,None,ADHD
1187,Non-Target,No,0,None,ADHD
1188,Non-Target,No,0,None,ADHD
1189,Non-Target,No,0,None,ADHD
1190,Non-Target,No,0,None,ADHD
1191,Non-Target,No,0,None,ADHD
1192,Non-Target,No,0,None,ADHD
1193,Non-Target,Yes,813,Commission,ADHD
1194,Non-Target,No,0,None,ADHD
1195,Non-Target,No,0,None,ADHD
1196,Non-Target,No,0,None,ADHD
1197,Non-Target,No,0,None,ADHD
1198,Non-Target,Yes,944,Commission,ADHD
1199,Non-Target,No,0,None,ADHD
1200,Non-Target,No,0,None,ADHD
