Trial,StimulusType,Reaction,ReactionTime(ms),ErrorType,Label
1,Non-Target,No,0,None,ADHD
2,Non-Target,No,0,None,ADHD
3,Target,Yes,864,None,ADHD
4,Non-Target,Yes,812,Commission,ADHD
5,Target,Yes,752,None,ADHD
6,Non-Target,No,0,None,ADHD
7,Non-Target,No,0,None,ADHD
8,Non-Target,Yes,699,Commission,ADHD
9,Non-Target,No,0,None,ADHD
10,Non-Target,No,0,None,ADHD
11,Non-Target,No,0,None,ADHD
12,Target,Yes,549,None,ADHD
13,Non-Target,No,0,None,ADHD
14,Non-Target,No,0,None,ADHD
15,Non-Target,No,0,None,ADHD
16,Target,Yes,583,None,ADHD
17,Non-Target,No,0,None,ADHD
18,Non-Target,No,0,None,ADHD
19,Non-Target,No,0,None,ADHD
20,Target,Yes,752,None,ADHD
21,Target,No,0,Omission,ADHD
22,Non-Target,No,0,None,ADHD
23,Target,Yes,922,None,ADHD
24,Non-Target,No,0,None,ADHD
25,Non-Target,No,0,None,ADHD
26,Target,No,0,Omission,ADHD
27,Target,No,0,Omission,ADHD
28,Non-Target,No,0,None,ADHD
29,Non-Target,No,0,None,ADHD
30,Non-Target,No,0,None,ADHD
31,Non-Target,No,0,None,ADHD
32,Non-Target,No,0,None,ADHD
33,Non-Target,No,0,None,ADHD
34,Non-Target,No,0,None,ADHD
35,Non-Target,No,0,None,ADHD
36,Non-Target,Yes,785,Commission,ADHD
37,Non-Target,No,0,None,ADHD
38,Target,Yes,715,None,ADHD
39,Non-Target,Yes,726,Commission,ADHD
40,Non-Target,Yes,804,Commission,ADHD
41,Non-Target,No,0,None,ADHD
42,Non-Target,Yes,735,Commission,ADHD
43,Non-Target,No,0,None,ADHD
44,Target,No,0,Omission,ADHD
45,Target,Yes,866,None,ADHD
46,Non-Target,No,0,None,ADHD
47,Non-Target,No,0,None,ADHD
48,Non-Target,No,0,None,ADHD
49,Non-Target,No,0,None,ADHD
50,Target,Yes,686,None,ADHD
51,Non-Target,No,0,None,ADHD
52,Target,No,0,Omission,ADHD
53,Non-Target,No,0,None,ADHD
54,Non-Target,No,0,None,ADHD
55,Target,Yes,685,None,ADHD
56,Target,Yes,606,None,ADHD
57,Non-Target,No,0,None,ADHD
58,Non-Target,No,0,None,ADHD
59,Target,Yes,678,None,ADHD
60,Target,Yes,610,None,ADHD
61,Target,Yes,853,None,ADHD
62,Target,Yes,751,None,ADHD
63,Non-Target,Yes,795,Commission,ADHD
64,Target,Yes,725,None,ADHD
65,Target,Yes,813,None,ADHD
66,Non-Target,No,0,None,ADHD
67,Non-Target,No,0,None,ADHD
68,Non-Target,No,0,None,ADHD
69,Non-Target,No,0,None,ADHD
70,Non-Target,No,0,None,ADHD
71,Non-Target,No,0,None,ADHD
72,Non-Target,No,0,None,ADHD
73,Non-Target,No,0,None,ADHD
74,Target,Yes,684,None,ADHD
75,Non-Target,No,0,None,ADHD
76,Non-Target,Yes,636,Commission,ADHD
77,Non-Target,No,0,None,ADHD
78,Non-Target,Yes,962,Commission,ADHD
79,Non-Target,No,0,None,ADHD
80,Non-Target,No,0,None,ADHD
81,Non-Target,No,0,None,ADHD
82,Non-Target,No,0,None,ADHD
83,Target,Yes,1014,None,ADHD
84,Non-Target,No,0,None,ADHD
85,Non-Target,No,0,None,ADHD
86,Non-Target,No,0,None,ADHD
87,Non-Target,Yes,528,Commission,ADHD
88,Target,Yes,803,None,ADHD
89,Non-Target,No,0,None,ADHD
90,Non-Target,No,0,None,ADHD
91,Non-Target,No,0,None,ADHD
92,Non-Target,Yes,755,Commission,ADHD
93,Non-Target,No,0,None,ADHD
94,Non-Target,No,0,None,ADHD
95,Non-Target,No,0,None,ADHD
96,Non-Target,No,0,None,ADHD
97,Non-Target,Yes,884,Commission,ADHD
98,Target,Yes,617,None,ADHD
99,Non-Target,No,0,None,ADHD
100,Non-Target,Yes,899,Commission,ADHD
101,Non-Target,Yes,614,Commission,ADHD
102,Non-Target,No,0,None,ADHD
103,Non-Target,No,0,None,ADHD
104,Non-Target,No,0,None,ADHD
105,Non-Target,Yes,741,Commission,ADHD
106,Non-Target,Yes,664,Commission,ADHD
107,Target,Yes,641,None,ADHD
108,Target,No,0,Omission,ADHD
109,Target,Yes,814,None,ADHD
110,Target,Yes,446,None,ADHD
111,Non-Target,No,0,None,ADHD
112,Non-Target,Yes,953,Commission,ADHD
113,Target,Yes,525,None,ADHD
114,Non-Target,No,0,None,ADHD
115,Non-Target,Yes,803,Commission,ADHD
116,Target,No,0,Omission,ADHD
117,Non-Target,No,0,None,ADHD
118,Non-Target,No,0,None,ADHD
119,Target,No,0,Omission,ADHD
120,Non-Target,No,0,None,ADHD
121,Non-Target,No,0,None,ADHD
122,Target,No,0,Omission,ADHD
123,Target,No,0,Omission,ADHD
124,Non-Target,No,0,None,ADHD
125,Target,Yes,778,None,ADHD
126,Non-Target,No,0,None,ADHD
127,Non-Target,No,0,None,ADHD
128,Non-Target,No,0,None,ADHD
129,Non-Target,Yes,813,Commission,ADHD
130,Target,Yes,991,None,ADHD
131,Non-Target,No,0,None,ADHD
132,Non-Target,No,0,None,ADHD
133,Non-Target,No,0,None,ADHD
134,Target,Yes,694,None,ADHD
135,Target,Yes,727,None,ADHD
136,Non-Target,No,0,None,ADHD
137,Non-Target,No,0,None,ADHD
138,Non-Target,No,0,None,ADHD
139,Target,Yes,697,None,ADHD
140,Non-Target,No,0,None,ADHD
141,Target,Yes,773,None,ADHD
142,Non-Target,Yes,840,Commission,ADHD
143,Target,Yes,631,None,ADHD
144,Target,Yes,289,None,ADHD
145,Target,No,0,Omission,ADHD
146,Target,Yes,828,None,ADHD
147,Non-Target,No,0,None,ADHD
148,Non-Target,Yes,753,Commission,ADHD
149,Non-Target,No,0,None,ADHD
150,Non-Target,Yes,676,Commission,ADHD
151,Target,Yes,528,None,ADHD
152,Non-Target,No,0,None,ADHD
153,Non-Target,Yes,524,Commission,ADHD
154,Non-Target,No,0,None,ADHD
155,Target,No,0,Omission,ADHD
156,Target,No,0,Omission,ADHD
157,Non-Target,Yes,763,Commission,ADHD
158,Target,Yes,758,None,ADHD
159,Non-Target,Yes,742,Commission,ADHD
160,Non-Target,Yes,777,Commission,ADHD
161,Non-Target,Yes,658,Commission,ADHD
162,Target,Yes,872,None,ADHD
163,Non-Target,No,0,None,ADHD
164,Non-Target,No,0,None,ADHD
165,Non-Target,No,0,None,ADHD
166,Target,Yes,830,None,ADHD
167,Non-Target,No,0,None,ADHD
168,Non-Target,No,0,None,ADHD
169,Non-Target,No,0,None,ADHD
170,Non-Target,No,0,None,ADHD
171,Non-Target,Yes,769,Commission,ADHD
172,Non-Target,No,0,None,ADHD
173,Non-Target,No,0,None,ADHD
174,Non-Target,No,0,None,ADHD
175,Target,Yes,738,None,ADHD
176,Non-Target,Yes,562,Commission,ADHD
177,Target,Yes,626,None,ADHD
178,Non-Target,No,0,None,ADHD
179,Non-Target,No,0,None,ADHD
180,Non-Target,No,0,None,ADHD
181,Non-Target,No,0,None,ADHD
182,Non-Target,Yes,959,Commission,ADHD
183,Non-Target,Yes,789,Commission,ADHD
184,Target,Yes,995,None,ADHD
185,Non-Target,No,0,None,ADHD
186,Non-Target,No,0,None,ADHD
187,Non-Target,No,0,None,ADHD
188,Non-Target,Yes,651,Commission,ADHD
189,Non-Target,No,0,None,ADHD
190,Non-Target,No,0,None,ADHD
191,Target,Yes,723,None,ADHD
192,Target,No,0,Omission,ADHD
193,Non-Target,No,0,None,ADHD
194,Non-Target,No,0,None,ADHD
195,Target,Yes,670,None,ADHD
196,Target,Yes,752,None,ADHD
197,Target,No,0,Omission,ADHD
198,Non-Target,Yes,737,Commission,ADHD
199,Non-Target,No,0,None,ADHD
200,Non-Target,No,0,None,ADHD
201,Non-Target,Yes,706,Commission,ADHD
202,Non-Target,Yes,749,Commission,ADHD
203,Non-Target,Yes,824,Commission,ADHD
204,Non-Target,Yes,704,Commission,ADHD
205,Non-Target,No,0,None,ADHD
206,Target,Yes,648,None,ADHD
207,Non-Target,No,0,None,ADHD
208,Target,Yes,691,None,ADHD
209,Non-Target,No,0,None,ADHD
210,Non-Target,Yes,616,Commission,ADHD
211,Non-Target,No,0,None,ADHD
212,Target,Yes,701,None,ADHD
213,Target,Yes,787,None,ADHD
214,Target,Yes,577,None,ADHD
215,Target,Yes,811,None,ADHD
216,Non-Target,No,0,None,ADHD
217,Non-Target,No,0,None,ADHD
218,Non-Target,No,0,None,ADHD
219,Non-Target,No,0,None,ADHD
220,Non-Target,No,0,None,ADHD
221,Non-Target,Yes,625,Commission,ADHD
222,Non-Target,No,0,None,ADHD
223,Target,Yes,543,None,ADHD
224,Non-Target,No,0,None,ADHD
225,Non-Target,No,0,None,ADHD
226,Non-Target,No,0,None,ADHD
227,Non-Target,No,0,None,ADHD
228,Target,Yes,735,None,ADHD
229,Non-Target,No,0,None,ADHD
230,Non-Target,Yes,621,Commission,ADHD
231,Non-Target,No,0,None,ADHD
232,Non-Target,No,0,None,ADHD
233,Non-Target,No,0,None,ADHD
234,Non-Target,No,0,None,ADHD
235,Non-Target,Yes,853,Commission,ADHD
236,Non-Target,Yes,715,Commission,ADHD
237,Non-Target,No,0,None,ADHD
238,Target,Yes,786,None,ADHD
239,Non-Target,No,0,None,ADHD
240,Non-Target,Yes,478,Commission,ADHD
241,Non-Target,No,0,None,ADHD
242,Target,Yes,848,None,ADHD
243,Non-Target,No,0,None,ADHD
244,Non-Target,No,0,None,ADHD
245,Non-Target,No,0,None,ADHD
246,Target,Yes,840,None,ADHD
247,Non-Target,Yes,662,Commission,ADHD
248,Non-Target,No,0,None,ADHD
249,Non-Target,No,0,None,ADHD
250,Non-Target,No,0,None,ADHD
251,Non-Target,No,0,None,ADHD
252,Non-Target,No,0,None,ADHD
253,Non-Target,No,0,None,ADHD
254,Target,Yes,814,None,ADHD
255,Non-Target,No,0,None,ADHD
256,Non-Target,No,0,None,ADHD
257,Non-Target,No,0,None,ADHD
258,Target,Yes,898,None,ADHD
259,Non-Target,Yes,682,Commission,ADHD
260,Non-Target,Yes,649,Commission,ADHD
261,Non-Target,Yes,894,Commission,ADHD
262,Target,No,0,Omission,ADHD
263,Non-Target,No,0,None,ADHD
264,Non-Target,No,0,None,ADHD
265,Non-Target,No,0,None,ADHD
266,Non-Target,No,0,None,ADHD
267,Target,Yes,759,None,ADHD
268,Target,Yes,810,None,ADHD
269,Non-Target,No,0,None,ADHD
270,Non-Target,No,0,None,ADHD
271,Non-Target,Yes,871,Commission,ADHD
272,Target,No,0,Omission,ADHD
273,Non-Target,No,0,None,ADHD
274,Non-Target,No,0,None,ADHD
275,Non-Target,No,0,None,ADHD
276,Non-Target,Yes,704,Commission,ADHD
277,Non-Target,No,0,None,ADHD
278,Non-Target,No,0,None,ADHD
279,Non-Target,Yes,547,Commission,ADHD
280,Non-Target,No,0,None,ADHD
281,Non-Target,No,0,None,ADHD
282,Target,Yes,562,None,ADHD
283,Target,Yes,596,None,ADHD
284,Non-Target,No,0,None,ADHD
285,Non-Target,No,0,None,ADHD
286,Target,Yes,804,None,ADHD
287,Non-Target,No,0,None,ADHD
288,Target,Yes,719,None,ADHD
289,Non-Target,No,0,None,ADHD
290,Non-Target,Yes,856,Commission,ADHD
291,Target,Yes,761,None,ADHD
292,Non-Target,No,0,None,ADHD
293,Non-Target,No,0,None,ADHD
294,Non-Target,No,0,None,ADHD
295,Non-Target,No,0,None,ADHD
296,Non-Target,No,0,None,ADHD
297,Non-Target,Yes,863,Commission,ADHD
298,Non-Target,No,0,None,ADHD
299,Non-Target,No,0,None,ADHD
300,Target,Yes,766,None,ADHD
301,Target,No,0,Omission,ADHD
302,Non-Target,No,0,None,ADHD
303,Non-Target,Yes,656,Commission,ADHD
304,Non-Target,No,0,None,ADHD
305,Non-Target,No,0,None,ADHD
306,Non-Target,No,0,None,ADHD
307,Non-Target,No,0,None,ADHD
308,Non-Target,No,0,None,ADHD
309,Non-Target,No,0,None,ADHD
310,Non-Target,No,0,None,ADHD
311,Non-Target,No,0,None,ADHD
312,Non-Target,Yes,631,Commission,ADHD
313,Target,No,0,Omission,ADHD
314,Non-Target,Yes,727,Commission,ADHD
315,Non-Target,No,0,None,ADHD
316,Non-Target,Yes,890,Commission,ADHD
317,Non-Target,No,0,None,ADHD
318,Non-Target,No,0,None,ADHD
319,Non-Target,No,0,None,ADHD
320,Non-Target,No,0,None,ADHD
321,Target,Yes,690,None,ADHD
322,Target,No,0,Omission,ADHD
323,Target,Yes,697,None,ADHD
324,Non-Target,No,0,None,ADHD
325,Non-Target,No,0,None,ADHD
326,Non-Target,No,0,None,ADHD
327,Non-Target,No,0,None,ADHD
328,Non-Target,No,0,None,ADHD
329,Non-Target,No,0,None,ADHD
330,Non-Target,No,0,None,ADHD
331,Target,Yes,659,None,ADHD
332,Non-Target,No,0,None,ADHD
333,Non-Target,No,0,None,ADHD
334,Non-Target,No,0,None,ADHD
335,Non-Target,No,0,None,ADHD
336,Non-Target,No,0,None,ADHD
337,Target,Yes,827,None,ADHD
338,Non-Target,Yes,737,Commission,ADHD
339,Non-Target,No,0,None,ADHD
340,Non-Target,No,0,None,ADHD
341,Non-Target,No,0,None,ADHD
342,Target,Yes,496,None,ADHD
343,Non-Target,No,0,None,ADHD
344,Target,No,0,Omission,ADHD
345,Target,Yes,635,None,ADHD
346,Target,No,0,Omission,ADHD
347,Non-Target,No,0,None,ADHD
348,Non-Target,Yes,613,Commission,ADHD
349,Target,No,0,Omission,ADHD
350,Non-Target,No,0,None,ADHD
351,Target,Yes,704,None,ADHD
352,Non-Target,No,0,None,ADHD
353,Non-Target,No,0,None,ADHD
354,Target,Yes,748,None,ADHD
355,Non-Target,No,0,None,ADHD
356,Non-Target,No,0,None,ADHD
357,Target,Yes,881,None,ADHD
358,Non-Target,Yes,492,Commission,ADHD
359,Non-Target,No,0,None,ADHD
360,Target,Yes,895,None,ADHD
361,Non-Target,No,0,None,ADHD
362,Non-Target,No,0,None,ADHD
363,Non-Target,No,0,None,ADHD
364,Target,Yes,700,None,ADHD
365,Non-Target,No,0,None,ADHD
366,Non-Target,No,0,None,ADHD
367,Non-Target,No,0,None,ADHD
368,Non-Target,No,0,None,ADHD
369,Non-Target,No,0,None,ADHD
370,Non-Target,No,0,None,ADHD
371,Non-Target,No,0,None,ADHD
372,Target,Yes,818,None,ADHD
373,Target,No,0,Omission,ADHD
374,Non-Target,No,0,None,ADHD
375,Non-Target,No,0,None,ADHD
376,Non-Target,No,0,None,ADHD
377,Non-Target,No,0,None,ADHD
378,Non-Target,Yes,385,Commission,ADHD
379,Target,Yes,688,None,ADHD
380,Target,No,0,Omission,ADHD
381,Non-Target,Yes,666,Commission,ADHD
382,Target,No,0,Omission,ADHD
383,Target,Yes,612,None,ADHD
384,Non-Target,No,0,None,ADHD
385,Target,Yes,769,None,ADHD
386,Target,No,0,Omission,ADHD
387,Non-Target,No,0,None,ADHD
388,Target,Yes,675,None,ADHD
389,Target,Yes,758,None,ADHD
390,Non-Target,No,0,None,ADHD
391,Target,Yes,772,None,ADHD
392,Non-Target,No,0,None,ADHD
393,Non-Target,Yes,885,Commission,ADHD
394,Non-Target,No,0,None,ADHD
395,Non-Target,No,0,None,ADHD
396,Non-Target,No,0,None,ADHD
397,Non-Target,No,0,None,ADHD
398,Non-Target,No,0,None,ADHD
399,Non-Target,No,0,None,ADHD
400,Non-Target,No,0,None,ADHD
401,Non-Target,No,0,None,ADHD
402,Non-Target,No,0,None,ADHD
403,Target,Yes,657,None,ADHD
404,Non-Target,No,0,None,ADHD
405,Non-Target,Yes,640,Commission,ADHD
406,Target,Yes,747,None,ADHD
407,Non-Target,No,0,None,ADHD
408,Target,Yes,810,None,ADHD
409,Target,Yes,714,None,ADHD
410,Non-Target,No,0,None,ADHD
411,Non-Target,No,0,None,ADHD
412,Non-Target,No,0,None,ADHD
413,Target,Yes,585,None,ADHD
414,Non-Target,Yes,745,Commission,ADHD
415,Non-Target,Yes,640,Commission,ADHD
416,Target,Yes,695,None,ADHD
417,Non-Target,No,0,None,ADHD
418,Non-Target,No,0,None,ADHD
419,Non-Target,No,0,None,ADHD
420,Target,Yes,716,None,ADHD
421,Target,Yes,798,None,ADHD
422,Non-Target,No,0,None,ADHD
423,Non-Target,No,0,None,ADHD
424,Target,Yes,807,None,ADHD
425,Non-Target,No,0,None,ADHD
426,Non-Target,No,0,None,ADHD
427,Non-Target,No,0,None,ADHD
428,Non-Target,Yes,806,Commission,ADHD
429,Non-Target,No,0,None,ADHD
430,Target,Yes,562,None,ADHD
431,Non-Target,No,0,None,ADHD
432,Target,No,0,Omission,ADHD
433,Non-Target,Yes,662,Commission,ADHD
434,Target,Yes,847,None,ADHD
435,Target,Yes,804,None,ADHD
436,Non-Target,No,0,None,ADHD
437,Non-Target,No,0,None,ADHD
438,Target,No,0,Omission,ADHD
439,Non-Target,No,0,None,ADHD
440,Non-Target,No,0,None,ADHD
441,Non-Target,No,0,None,ADHD
442,Non-Target,No,0,None,ADHD
443,Target,Yes,649,None,ADHD
444,Non-Target,No,0,None,ADHD
445,Non-Target,No,0,None,ADHD
446,Non-Target,No,0,None,ADHD
447,Non-Target,No,0,None,ADHD
448,Target,Yes,751,None,ADHD
449,Target,No,0,Omission,ADHD
450,Non-Target,No,0,None,ADHD
451,Non-Target,No,0,None,ADHD
452,Target,Yes,479,None,ADHD
453,Target,Yes,684,None,ADHD
454,Target,Yes,595,None,ADHD
455,Non-Target,No,0,None,ADHD
456,Non-Target,No,0,None,ADHD
457,Target,Yes,752,None,ADHD
458,Non-Target,No,0,None,ADHD
459,Non-Target,No,0,None,ADHD
460,Target,Yes,819,None,ADHD
461,Target,Yes,618,None,ADHD
462,Non-Target,No,0,None,ADHD
463,Non-Target,Yes,831,Commission,ADHD
464,Non-Target,No,0,None,ADHD
465,Non-Target,No,0,None,ADHD
466,Non-Target,Yes,777,Commission,ADHD
467,Non-Target,No,0,None,ADHD
468,Non-Target,Yes,693,Commission,ADHD
469,Non-Target,Yes,760,Commission,ADHD
470,Target,Yes,624,None,ADHD
471,Non-Target,No,0,None,ADHD
472,Target,Yes,824,None,ADHD
473,Target,Yes,608,None,ADHD
474,Non-Target,No,0,None,ADHD
475,Non-Target,Yes,679,Commission,ADHD
476,Target,Yes,596,None,ADHD
477,Non-Target,No,0,None,ADHD
478,Non-Target,No,0,None,ADHD
479,Target,Yes,578,None,ADHD
480,Non-Target,No,0,None,ADHD
481,Non-Target,No,0,None,ADHD
482,Non-Target,No,0,None,ADHD
483,Target,Yes,686,None,ADHD
484,Non-Target,No,0,None,ADHD
485,Target,Yes,610,None,ADHD
486,Non-Target,No,0,None,ADHD
487,Non-Target,No,0,None,ADHD
488,Non-Target,No,0,None,ADHD
489,Target,Yes,595,None,ADHD
490,Target,Yes,795,None,ADHD
491,Target,Yes,616,None,ADHD
492,Non-Target,No,0,None,ADHD
493,Non-Target,No,0,None,ADHD
494,Non-Target,No,0,None,ADHD
495,Non-Target,No,0,None,ADHD
496,Non-Target,No,0,None,ADHD
497,Non-Target,Yes,696,Commission,ADHD
498,Non-Target,No,0,None,ADHD
499,Non-Target,No,0,None,ADHD
500,Non-Target,No,0,None,ADHD
501,Target,Yes,815,None,ADHD
502,Non-Target,No,0,None,ADHD
503,Non-Target,No,0,None,ADHD
504,Non-Target,No,0,None,ADHD
505,Target,Yes,628,None,ADHD
506,Non-Target,Yes,805,Commission,ADHD
507,Non-Target,No,0,None,ADHD
508,Non-Target,No,0,None,ADHD
509,Non-Target,No,0,None,ADHD
510,Non-Target,Yes,990,Commission,ADHD
511,Target,No,0,Omission,ADHD
512,Target,Yes,485,None,ADHD
513,Non-Target,No,0,None,ADHD
514,Non-Target,No,0,None,ADHD
515,Target,Yes,1027,None,ADHD
516,Non-Target,No,0,None,ADHD
517,Non-Target,Yes,635,Commission,ADHD
518,Target,Yes,627,None,ADHD
519,Non-Target,No,0,None,ADHD
520,Non-Target,No,0,None,ADHD
521,Non-Target,No,0,None,ADHD
522,Target,Yes,871,None,ADHD
523,Target,No,0,Omission,ADHD
524,Non-Target,No,0,None,ADHD
525,Target,Yes,793,None,ADHD
526,Target,Yes,699,None,ADHD
527,Non-Target,Yes,665,Commission,ADHD
528,Non-Target,No,0,None,ADHD
529,Non-Target,No,0,None,ADHD
530,Non-Target,No,0,None,ADHD
531,Non-Target,No,0,None,ADHD
532,Target,Yes,770,None,ADHD
533,Target,No,0,Omission,ADHD
534,Target,Yes,723,None,ADHD
535,Non-Target,Yes,621,Commission,ADHD
536,Non-Target,No,0,None,ADHD
537,Non-Target,No,0,None,ADHD
538,Non-Target,No,0,None,ADHD
539,Target,No,0,Omission,ADHD
540,Target,Yes,695,None,ADHD
541,Non-Target,No,0,None,ADHD
542,Non-Target,Yes,705,Commission,ADHD
543,Non-Target,No,0,None,ADHD
544,Non-Target,Yes,644,Commission,ADHD
545,Target,Yes,871,None,ADHD
546,Non-Target,No,0,None,ADHD
547,Non-Target,No,0,None,ADHD
548,Target,Yes,686,None,ADHD
549,Non-Target,No,0,None,ADHD
550,Non-Target,No,0,None,ADHD
551,Non-Target,No,0,None,ADHD
552,Non-Target,No,0,None,ADHD
553,Non-Target,No,0,None,ADHD
554,Non-Target,No,0,None,ADHD
555,Non-Target,Yes,767,Commission,ADHD
556,Non-Target,No,0,None,ADHD
557,Non-Target,No,0,None,ADHD
558,Target,Yes,596,None,ADHD
559,Target,No,0,Omission,ADHD
560,Non-Target,No,0,None,ADHD
561,Non-Target,Yes,771,Commission,ADHD
562,Non-Target,No,0,None,ADHD
563,Target,Yes,729,None,ADHD
564,Target,Yes,591,None,ADHD
565,Non-Target,No,0,None,ADHD
566,Non-Target,No,0,None,ADHD
567,Non-Target,No,0,None,ADHD
568,Non-Target,No,0,None,ADHD
569,Non-Target,No,0,None,ADHD
570,Non-Target,No,0,None,ADHD
571,Non-Target,No,0,None,ADHD
572,Non-Target,No,0,None,ADHD
573,Non-Target,Yes,748,Commission,ADHD
574,Non-Target,Yes,726,Commission,ADHD
575,Target,Yes,652,None,ADHD
576,Target,Yes,684,None,ADHD
577,Non-Target,Yes,775,Commission,ADHD
578,Target,Yes,715,None,ADHD
579,Non-Target,Yes,808,Commission,ADHD
580,Non-Target,Yes,796,Commission,ADHD
581,Non-Target,No,0,None,ADHD
582,Non-Target,No,0,None,ADHD
583,Target,Yes,660,None,ADHD
584,Target,Yes,668,None,ADHD
585,Non-Target,No,0,None,ADHD
586,Non-Target,No,0,None,ADHD
587,Non-Target,No,0,None,ADHD
588,Non-Target,Yes,700,Commission,ADHD
589,Non-Target,No,0,None,ADHD
590,Target,Yes,661,None,ADHD
591,Non-Target,Yes,838,Commission,ADHD
592,Non-Target,No,0,None,ADHD
593,Target,Yes,618,None,ADHD
594,Target,No,0,Omission,ADHD
595,Target,Yes,734,None,ADHD
596,Non-Target,No,0,None,ADHD
597,Non-Target,Yes,771,Commission,ADHD
598,Target,Yes,780,None,ADHD
599,Target,Yes,994,None,ADHD
600,Target,Yes,776,None,ADHD
601,Non-Target,No,0,None,ADHD
602,Non-Target,No,0,None,ADHD
603,Non-Target,No,0,None,ADHD
604,Target,No,0,Omission,ADHD
605,Non-Target,No,0,None,ADHD
606,Target,Yes,562,None,ADHD
607,Target,No,0,Omission,ADHD
608,Target,Yes,895,None,ADHD
609,Non-Target,Yes,635,Commission,ADHD
610,Non-Target,No,0,None,ADHD
611,Non-Target,No,0,None,ADHD
612,Non-Target,No,0,None,ADHD
613,Non-Target,No,0,None,ADHD
614,Target,Yes,722,None,ADHD
615,Non-Target,No,0,None,ADHD
616,Non-Target,No,0,None,ADHD
617,Non-Target,Yes,550,Commission,ADHD
618,Non-Target,No,0,None,ADHD
619,Non-Target,No,0,None,ADHD
620,Non-Target,No,0,None,ADHD
621,Non-Target,Yes,835,Commission,ADHD
622,Non-Target,No,0,None,ADHD
623,Target,Yes,687,None,ADHD
624,Non-Target,No,0,None,ADHD
625,Target,No,0,Omission,ADHD
626,Target,No,0,Omission,ADHD
627,Non-Target,Yes,743,Commission,ADHD
628,Non-Target,No,0,None,ADHD
629,Non-Target,No,0,None,ADHD
630,Non-Target,No,0,None,ADHD
631,Non-Target,No,0,None,ADHD
632,Non-Target,No,0,None,ADHD
633,Non-Target,No,0,None,ADHD
634,Non-Target,Yes,745,Commission,ADHD
635,Non-Target,No,0,None,ADHD
636,Non-Target,Yes,631,Commission,ADHD
637,Non-Target,No,0,None,ADHD
638,Target,Yes,567,None,ADHD
639,Non-Target,Yes,781,Commission,ADHD
640,Non-Target,No,0,None,ADHD
641,Non-Target,No,0,None,ADHD
642,Target,No,0,Omission,ADHD
643,Target,Yes,653,None,ADHD
644,Target,Yes,786,None,ADHD
645,Non-Target,No,0,None,ADHD
646,Target,No,0,Omission,ADHD
647,Non-Target,No,0,None,ADHD
648,Non-Target,No,0,None,ADHD
649,Target,Yes,720,None,ADHD
650,Non-Target,No,0,None,ADHD
651,Non-Target,No,0,None,ADHD
652,Target,Yes,677,None,ADHD
653,Non-Target,No,0,None,ADHD
654,Non-Target,No,0,None,ADHD
655,Non-Target,No,0,None,ADHD
656,Non-Target,Yes,672,Commission,ADHD
657,Non-Target,No,0,None,ADHD
658,Non-Target,No,0,None,ADHD
659,Non-Target,No,0,None,ADHD
660,Non-Target,No,0,None,ADHD
661,Target,Yes,712,None,ADHD
662,Target,Yes,332,None,ADHD
663,Target,Yes,564,None,ADHD
664,Non-Target,Yes,676,Commission,ADHD
665,Non-Target,No,0,None,ADHD
666,Non-Target,No,0,None,ADHD
667,Target,No,0,Omission,ADHD
668,Non-Target,No,0,None,ADHD
669,Target,Yes,746,None,ADHD
670,Non-Target,No,0,None,ADHD
671,Non-Target,Yes,687,Commission,ADHD
672,Target,No,0,Omission,ADHD
673,Target,No,0,Omission,ADHD
674,Target,Yes,789,None,ADHD
675,Non-Target,No,0,None,ADHD
676,Target,Yes,847,None,ADHD
677,Non-Target,No,0,None,ADHD
678,Non-Target,No,0,None,ADHD
679,Non-Target,No,0,None,ADHD
680,Non-Target,Yes,842,Commission,ADHD
681,Target,Yes,795,None,ADHD
682,Target,No,0,Omission,ADHD
683,Non-Target,Yes,578,Commission,ADHD
684,Non-Target,No,0,None,ADHD
685,Non-Target,No,0,None,ADHD
686,Non-Target,No,0,None,ADHD
687,Non-Target,Yes,879,Commission,ADHD
688,Non-Target,No,0,None,ADHD
689,Target,Yes,628,None,ADHD
690,Non-Target,No,0,None,ADHD
691,Non-Target,No,0,None,ADHD
692,Target,Yes,825,None,ADHD
693,Target,Yes,680,None,ADHD
694,Non-Target,Yes,833,Commission,ADHD
695,Non-Target,No,0,None,ADHD
696,Non-Target,No,0,None,ADHD
697,Target,Yes,704,None,ADHD
698,Target,Yes,710,None,ADHD
699,Non-Target,No,0,None,ADHD
700,Non-Target,No,0,None,ADHD
701,Target,No,0,Omission,ADHD
702,Non-Target,No,0,None,ADHD
703,Non-Target,No,0,None,ADHD
704,Target,Yes,617,None,ADHD
705,Target,No,0,Omission,ADHD
706,Target,No,0,Omission,ADHD
707,Non-Target,Yes,787,Commission,ADHD
708,Target,Yes,694,None,ADHD
709,Non-Target,No,0,None,ADHD
710,Non-Target,No,0,None,ADHD
711,Target,Yes,784,None,ADHD
712,Target,Yes,819,None,ADHD
713,Non-Target,No,0,None,ADHD
714,Non-Target,No,0,None,ADHD
715,Non-Target,No,0,None,ADHD
716,Non-Target,No,0,None,ADHD
717,Non-Target,No,0,None,ADHD
718,Non-Target,No,0,None,ADHD
719,Target,Yes,737,None,ADHD
720,Non-Target,No,0,None,ADHD
721,Non-Target,Yes,656,Commission,ADHD
722,Non-Target,Yes,684,Commission,ADHD
723,Non-Target,No,0,None,ADHD
724,Target,Yes,653,None,ADHD
725,Non-Target,No,0,None,ADHD
726,Non-Target,No,0,None,ADHD
727,Non-Target,No,0,None,ADHD
728,Non-Target,No,0,None,ADHD
729,Non-Target,No,0,None,ADHD
730,Non-Target,Yes,802,Commission,ADHD
731,Target,Yes,586,None,ADHD
732,Non-Target,No,0,None,ADHD
733,Non-Target,Yes,793,Commission,ADHD
734,Non-Target,No,0,None,ADHD
735,Target,Yes,795,None,ADHD
736,Non-Target,No,0,None,ADHD
737,Non-Target,No,0,None,ADHD
738,Non-Target,No,0,None,ADHD
739,Target,Yes,733,None,ADHD
740,Non-Target,No,0,None,ADHD
741,Target,Yes,724,None,ADHD
742,Non-Target,No,0,None,ADHD
743,Non-Target,No,0,None,ADHD
744,Non-Target,No,0,None,ADHD
745,Non-Target,No,0,None,ADHD
746,Non-Target,No,0,None,ADHD
747,Non-Target,No,0,None,ADHD
748,Non-Target,No,0,None,ADHD
749,Non-Target,No,0,None,ADHD
750,Non-Target,No,0,None,ADHD
751,Non-Target,No,0,None,ADHD
752,Non-Target,No,0,None,ADHD
753,Target,Yes,727,None,ADHD
754,Non-Target,No,0,None,ADHD
755,Non-Target,No,0,None,ADHD
756,Target,No,0,Omission,ADHD
757,Non-Target,Yes,738,Commission,ADHD
758,Non-Target,No,0,None,ADHD
759,Non-Target,No,0,None,ADHD
760,Target,Yes,633,None,ADHD
761,Non-Target,Yes,703,Commission,ADHD
762,Non-Target,No,0,None,ADHD
763,Non-Target,No,0,None,ADHD
764,Target,Yes,651,None,ADHD
765,Non-Target,No,0,None,ADHD
766,Target,No,0,Omission,ADHD
767,Target,Yes,807,None,ADHD
768,Target,Yes,725,None,ADHD
769,Non-Target,Yes,686,Commission,ADHD
770,Non-Target,No,0,None,ADHD
771,Non-Target,No,0,None,ADHD
772,Target,No,0,Omission,ADHD
773,Non-Target,No,0,None,ADHD
774,Non-Target,No,0,None,ADHD
775,Target,Yes,818,None,ADHD
776,Non-Target,No,0,None,ADHD
777,Non-Target,No,0,None,ADHD
778,Target,Yes,706,None,ADHD
779,Target,Yes,706,None,ADHD
780,Non-Target,Yes,489,Commission,ADHD
781,Target,No,0,Omission,ADHD
782,Non-Target,No,0,None,ADHD
783,Non-Target,No,0,None,ADHD
784,Non-Target,No,0,None,ADHD
785,Non-Target,No,0,None,ADHD
786,Non-Target,Yes,835,Commission,ADHD
787,Non-Target,Yes,724,Commission,ADHD
788,Non-Target,Yes,846,Commission,ADHD
789,Non-Target,No,0,None,ADHD
790,Target,No,0,Omission,ADHD
791,Non-Target,Yes,837,Commission,ADHD
792,Non-Target,No,0,None,ADHD
793,Target,Yes,743,None,ADHD
794,Target,Yes,601,None,ADHD
795,Target,Yes,768,None,ADHD
796,Target,Yes,795,None,ADHD
797,Target,Yes,861,None,ADHD
798,Non-Target,No,0,None,ADHD
799,Non-Target,No,0,None,ADHD
800,Non-Target,No,0,None,ADHD
801,Non-Target,No,0,None,ADHD
802,Non-Target,No,0,None,ADHD
803,Non-Target,Yes,720,Commission,ADHD
804,Target,Yes,578,None,ADHD
805,Target,Yes,650,None,ADHD
806,Non-Target,No,0,None,ADHD
807,Target,Yes,814,None,ADHD
808,Target,Yes,675,None,ADHD
809,Non-Target,No,0,None,ADHD
810,Non-Target,Yes,829,Commission,ADHD
811,Non-Target,No,0,None,ADHD
812,Non-Target,No,0,None,ADHD
813,Non-Target,No,0,None,ADHD
814,Non-Target,No,0,None,ADHD
815,Target,Yes,680,None,ADHD
816,Non-Target,No,0,None,ADHD
817,Non-Target,No,0,None,ADHD
818,Non-Target,No,0,None,ADHD
819,Non-Target,No,0,None,ADHD
820,Non-Target,No,0,None,ADHD
821,Target,Yes,716,None,ADHD
822,Non-Target,No,0,None,ADHD
823,Non-Target,No,0,None,ADHD
824,Non-Target,No,0,None,ADHD
825,Target,Yes,561,None,ADHD
826,Non-Target,No,0,None,ADHD
827,Non-Target,No,0,None,ADHD
828,Non-Target,No,0,None,ADHD
829,Non-Target,No,0,None,ADHD
830,Target,No,0,Omission,ADHD
831,Target,Yes,685,None,ADHD
832,Non-Target,No,0,None,ADHD
833,Non-Target,No,0,None,ADHD
834,Target,No,0,Omission,ADHD
835,Non-Target,No,0,None,ADHD
836,Non-Target,No,0,None,ADHD
837,Non-Target,Yes,629,Commission,ADHD
838,Non-Target,No,0,None,ADHD
839,Non-Target,Yes,623,Commission,ADHD
840,Non-Target,No,0,None,ADHD
841,Target,Yes,714,None,ADHD
842,Non-Target,Yes,710,Commission,ADHD
843,Non-Target,No,0,None,ADHD
844,Non-Target,No,0,None,ADHD
845,Non-Target,No,0,None,ADHD
846,Non-Target,No,0,None,ADHD
847,Non-Target,No,0,None,ADHD
848,Non-Target,No,0,None,ADHD
849,Target,Yes,583,None,ADHD
850,Non-Target,No,0,None,ADHD
851,Target,Yes,832,None,ADHD
852,Target,No,0,Omission,ADHD
853,Target,No,0,Omission,ADHD
854,Non-Target,No,0,None,ADHD
855,Non-Target,Yes,508,Commission,ADHD
856,Target,Yes,764,None,ADHD
857,Non-Target,No,0,None,ADHD
858,Non-Target,Yes,693,Commission,ADHD
859,Non-Target,No,0,None,ADHD
860,Non-Target,No,0,None,ADHD
861,Non-Target,Yes,491,Commission,ADHD
862,Non-Target,No,0,None,ADHD
863,Target,Yes,753,None,ADHD
864,Target,No,0,Omission,ADHD
865,Non-Target,No,0,None,ADHD
866,Target,Yes,751,None,ADHD
867,Non-Target,Yes,606,Commission,ADHD
868,Non-Target,No,0,None,ADHD
869,Target,Yes,804,None,ADHD
870,Target,No,0,Omission,ADHD
871,Non-Target,No,0,None,ADHD
872,Non-Target,Yes,856,Commission,ADHD
873,Non-Target,No,0,None,ADHD
874,Non-Target,No,0,None,ADHD
875,Non-Target,No,0,None,ADHD
876,Non-Target,No,0,None,ADHD
877,Non-Target,No,0,None,ADHD
878,Target,Yes,785,None,ADHD
879,Target,Yes,653,None,ADHD
880,Non-Target,Yes,639,Commission,ADHD
881,Non-Target,Yes,591,Commission,ADHD
882,Non-Target,No,0,None,ADHD
883,Target,Yes,645,None,ADHD
884,Non-Target,No,0,None,ADHD
885,Non-Target,No,0,None,ADHD
886,Non-Target,No,0,None,ADHD
887,Non-Target,No,0,None,ADHD
888,Non-Target,No,0,None,ADHD
889,Non-Target,No,0,None,ADHD
890,Target,Yes,776,None,ADHD
891,Non-Target,No,0,None,ADHD
892,Non-Target,No,0,None,ADHD
893,Target,No,0,Omission,ADHD
894,Target,No,0,Omission,ADHD
895,Target,No,0,Omission,ADHD
896,Non-Target,No,0,None,ADHD
897,Non-Target,No,0,None,ADHD
898,Target,Yes,665,None,ADHD
899,Non-Target,No,0,None,ADHD
900,Non-Target,No,0,None,ADHD
901,Non-Target,Yes,913,Commission,ADHD
902,Target,Yes,693,None,ADHD
903,Non-Target,No,0,None,ADHD
904,Target,Yes,759,None,ADHD
905,Non-Target,No,0,None,ADHD
906,Non-Target,No,0,None,ADHD
907,Non-Target,Yes,823,Commission,ADHD
908,Non-Target,No,0,None,ADHD
909,Non-Target,No,0,None,ADHD
910,Non-Target,No,0,None,ADHD
911,Non-Target,No,0,None,ADHD
912,Target,Yes,840,None,ADHD
913,Target,Yes,695,None,ADHD
914,Target,Yes,680,None,ADHD
915,Non-Target,No,0,None,ADHD
916,Non-Target,No,0,None,ADHD
917,Non-Target,No,0,None,ADHD
918,Target,No,0,Omission,ADHD
919,Non-Target,No,0,None,ADHD
920,Non-Target,No,0,None,ADHD
921,Non-Target,No,0,None,ADHD
922,Non-Target,No,0,None,ADHD
923,Non-Target,No,0,None,ADHD
924,Non-Target,No,0,None,ADHD
925,Target,Yes,762,None,ADHD
926,Non-Target,No,0,None,ADHD
927,Non-Target,No,0,None,ADHD
928,Non-Target,No,0,None,ADHD
929,Non-Target,Yes,766,Commission,ADHD
930,Target,Yes,969,None,ADHD
931,Non-Target,No,0,None,ADHD
932,Non-Target,No,0,None,ADHD
933,Target,Yes,727,None,ADHD
934,Non-Target,No,0,None,ADHD
935,Non-Target,No,0,None,ADHD
936,Non-Target,No,0,None,ADHD
937,Non-Target,No,0,None,ADHD
938,Target,Yes,874,None,ADHD
939,Non-Target,No,0,None,ADHD
940,Non-Target,No,0,None,ADHD
941,Non-Target,Yes,839,Commission,ADHD
942,Target,Yes,658,None,ADHD
943,Non-Target,No,0,None,ADHD
944,Non-Target,No,0,None,ADHD
945,Non-Target,No,0,None,ADHD
946,Target,Yes,775,None,ADHD
947,Non-Target,No,0,None,ADHD
948,Non-Target,No,0,None,ADHD
949,Non-Target,No,0,None,ADHD
950,Target,Yes,656,None,ADHD
951,Non-Target,No,0,None,ADHD
952,Target,Yes,772,None,ADHD
953,Non-Target,No,0,None,ADHD
954,Target,Yes,658,None,ADHD
955,Non-Target,No,0,None,ADHD
956,Target,Yes,698,None,ADHD
957,Target,Yes,602,None,ADHD
958,Target,Yes,589,None,ADHD
959,Non-Target,No,0,None,ADHD
960,Non-Target,No,0,None,ADHD
961,Non-Target,No,0,None,ADHD
962,Non-Target,No,0,None,ADHD
963,Non-Target,Yes,619,Commission,ADHD
964,Target,No,0,Omission,ADHD
965,Non-Target,No,0,None,ADHD
966,Target,No,0,Omission,ADHD
967,Non-Target,Yes,627,Commission,ADHD
968,Target,Yes,626,None,ADHD
969,Target,Yes,783,None,ADHD
970,Non-Target,Yes,726,Commission,ADHD
971,Non-Target,No,0,None,ADHD
972,Non-Target,No,0,None,ADHD
973,Non-Target,No,0,None,ADHD
974,Non-Target,No,0,None,ADHD
975,Non-Target,No,0,None,ADHD
976,Non-Target,No,0,None,ADHD
977,Non-Target,No,0,None,ADHD
978,Non-Target,No,0,None,ADHD
979,Non-Target,No,0,None,ADHD
980,Non-Target,Yes,718,Commission,ADHD
981,Target,Yes,582,None,ADHD
982,Target,Yes,901,None,ADHD
983,Target,Yes,804,None,ADHD
984,Non-Target,Yes,728,Commission,ADHD
985,Target,Yes,573,None,ADHD
986,Target,Yes,631,None,ADHD
987,Non-Target,Yes,622,Commission,ADHD
988,Non-Target,No,0,None,ADHD
989,Non-Target,No,0,None,ADHD
990,Non-Target,No,0,None,ADHD
991,Target,Yes,848,None,ADHD
992,Target,Yes,732,None,ADHD
993,Target,Yes,751,None,ADHD
994,Non-Target,No,0,None,ADHD
995,Non-Target,No,0,None,ADHD
996,Non-Target,No,0,None,ADHD
997,Target,Yes,770,None,ADHD
998,Target,Yes,778,None,ADHD
999,Non-Target,No,0,None,ADHD
1000,Non-Target,Yes,674,Commission,ADHD
1001,Non-Target,No,0,None,ADHD
1002,Non-Target,No,0,None,ADHD
1003,Non-Target,No,0,None,ADHD
1004,Target,No,0,Omission,ADHD
1005,Non-Target,No,0,None,ADHD
1006,Non-Target,No,0,None,ADHD
1007,Non-Target,Yes,676,Commission,ADHD
1008,Non-Target,No,0,None,ADHD
1009,Target,Yes,626,None,ADHD
1010,Non-Target,No,0,None,ADHD
1011,Non-Target,No,0,None,ADHD
1012,Non-Target,No,0,None,ADHD
1013,Target,Yes,851,None,ADHD
1014,Non-Target,No,0,None,ADHD
1015,Non-Target,No,0,None,ADHD
1016,Non-Target,No,0,None,ADHD
1017,Target,Yes,570,None,ADHD
1018,Target,Yes,689,None,ADHD
1019,Target,No,0,Omission,ADHD
1020,Non-Target,No,0,None,ADHD
1021,Target,Yes,678,None,ADHD
1022,Non-Target,No,0,None,ADHD
1023,Non-Target,No,0,None,ADHD
1024,Non-Target,No,0,None,ADHD
1025,Target,Yes,744,None,ADHD
1026,Non-Target,Yes,698,Commission,ADHD
1027,Non-Target,No,0,None,ADHD
1028,Target,No,0,Omission,ADHD
1029,Non-Target,Yes,937,Commission,ADHD
1030,Non-Target,No,0,None,ADHD
1031,Target,Yes,640,None,ADHD
1032,Target,Yes,674,None,ADHD
1033,Non-Target,No,0,None,ADHD
1034,Non-Target,Yes,590,Commission,ADHD
1035,Target,Yes,754,None,ADHD
1036,Non-Target,No,0,None,ADHD
1037,Non-Target,No,0,None,ADHD
1038,Target,Yes,835,None,ADHD
1039,Target,No,0,Omission,ADHD
1040,Target,Yes,699,None,ADHD
1041,Target,No,0,Omission,ADHD
1042,Non-Target,Yes,812,Commission,ADHD
1043,Non-Target,No,0,None,ADHD
1044,Target,Yes,766,None,ADHD
1045,Target,Yes,710,None,ADHD
1046,Target,No,0,Omission,ADHD
1047,Non-Target,No,0,None,ADHD
1048,Non-Target,No,0,None,ADHD
1049,Non-Target,Yes,642,Commission,ADHD
1050,Target,Yes,494,None,ADHD
1051,Target,No,0,Omission,ADHD
1052,Target,No,0,Omission,ADHD
1053,Target,No,0,Omission,ADHD
1054,Non-Target,No,0,None,ADHD
1055,Target,No,0,Omission,ADHD
1056,Non-Target,No,0,None,ADHD
1057,Non-Target,No,0,None,ADHD
1058,Non-Target,No,0,None,ADHD
1059,Non-Target,No,0,None,ADHD
1060,Target,Yes,738,None,ADHD
1061,Non-Target,No,0,None,ADHD
1062,Non-Target,No,0,None,ADHD
1063,Non-Target,No,0,None,ADHD
1064,Target,Yes,899,None,ADHD
1065,Target,No,0,Omission,ADHD
1066,Non-Target,No,0,None,ADHD
1067,Non-Target,No,0,None,ADHD
1068,Target,Yes,712,None,ADHD
1069,Target,Yes,744,None,ADHD
1070,Target,Yes,888,None,ADHD
1071,Non-Target,Yes,852,Commission,ADHD
1072,Non-Target,No,0,None,ADHD
1073,Non-Target,No,0,None,ADHD
1074,Non-Target,No,0,None,ADHD
1075,Non-Target,No,0,None,ADHD
1076,Non-Target,No,0,None,ADHD
1077,Non-Target,No,0,None,ADHD
1078,Non-Target,Yes,777,Commission,ADHD
1079,Non-Target,No,0,None,ADHD
1080,Non-Target,No,0,None,ADHD
1081,Non-Target,No,0,None,ADHD
1082,Non-Target,No,0,None,ADHD
1083,Non-Target,Yes,634,Commission,ADHD
1084,Non-Target,No,0,None,ADHD
1085,Non-Target,No,0,None,ADHD
1086,Target,Yes,600,None,ADHD
1087,Non-Target,No,0,None,ADHD
1088,Target,Yes,604,None,ADHD
1089,Non-Target,No,0,None,ADHD
1090,Non-Target,Yes,578,Commission,ADHD
1091,Non-Target,Yes,703,Commission,ADHD
1092,Target,Yes,734,None,ADHD
1093,Non-Target,No,0,None,ADHD
1094,Non-Target,No,0,None,ADHD
1095,Target,Yes,570,None,ADHD
1096,Non-Target,Yes,680,Commission,ADHD
1097,Non-Target,No,0,None,ADHD
1098,Non-Target,No,0,None,ADHD
1099,Non-Target,Yes,755,Commission,ADHD
1100,Non-Target,Yes,725,Commission,ADHD
1101,Non-Target,No,0,None,ADHD
1102,Non-Target,Yes,680,Commission,ADHD
1103,Non-Target,No,0,None,ADHD
1104,Non-Target,No,0,None,ADHD
1105,Target,Yes,729,None,ADHD
1106,Non-Target,No,0,None,ADHD
1107,Target,No,0,Omission,ADHD
1108,Non-Target,Yes,849,Commission,ADHD
1109,Target,No,0,Omission,ADHD
1110,Target,Yes,655,None,ADHD
1111,Non-Target,Yes,810,Commission,ADHD
1112,Non-Target,No,0,None,ADHD
1113,Target,No,0,Omission,ADHD
1114,Non-Target,No,0,None,ADHD
1115,Non-Target,No,0,None,ADHD
1116,Non-Target,No,0,None,ADHD
1117,Target,Yes,556,None,ADHD
1118,Non-Target,No,0,None,ADHD
1119,Target,Yes,809,None,ADHD
1120,Non-Target,Yes,407,Commission,ADHD
1121,Non-Target,No,0,None,ADHD
1122,Non-Target,No,0,None,ADHD
1123,Target,Yes,605,None,ADHD
1124,Non-Target,No,0,None,ADHD
1125,Non-Target,No,0,None,ADHD
1126,Non-Target,No,0,None,ADHD
1127,Non-Target,No,0,None,ADHD
1128,Non-Target,No,0,None,ADHD
1129,Non-Target,No,0,None,ADHD
1130,Target,No,0,Omission,ADHD
1131,Non-Target,No,0,None,ADHD
1132,Target,No,0,Omission,ADHD
1133,Non-Target,No,0,None,ADHD
1134,Non-Target,No,0,None,ADHD
1135,Non-Target,No,0,None,ADHD
1136,Non-Target,No,0,None,ADHD
1137,Non-Target,No,0,None,ADHD
1138,Target,Yes,784,None,ADHD
1139,Non-Target,No,0,None,ADHD
1140,Non-Target,No,0,None,ADHD
1141,Non-Target,No,0,None,ADHD
1142,Non-Target,No,0,None,ADHD
1143,Non-Target,No,0,None,ADHD
1144,Non-Target,No,0,None,ADHD
1145,Non-Target,No,0,None,ADHD
1146,Target,No,0,Omission,ADHD
1147,Non-Target,No,0,None,ADHD
1148,Target,Yes,650,None,ADHD
1149,Target,Yes,697,None,ADHD
1150,Non-Target,No,0,None,ADHD
1151,Target,Yes,555,None,ADHD
1152,Non-Target,No,0,None,ADHD
1153,Non-Target,No,0,None,ADHD
1154,Non-Target,No,0,None,ADHD
1155,Non-Target,No,0,None,ADHD
1156,Target,Yes,930,None,ADHD
1157,Target,No,0,Omission,ADHD
1158,Non-Target,No,0,None,ADHD
1159,Target,No,0,Omission,ADHD
1160,Non-Target,Yes,510,Commission,ADHD
1161,Non-Target,Yes,768,Commission,ADHD
1162,Non-Target,Yes,676,Commission,ADHD
1163,Non-Target,Yes,755,Commission,ADHD
1164,Non-Target,No,0,None,ADHD
1165,Non-Target,No,0,None,ADHD
1166,Non-Target,No,0,None,ADHD
1167,Non-Target,No,0,None,ADHD
1168,Target,Yes,802,None,ADHD
1169,Target,Yes,665,None,ADHD
1170,Non-Target,No,0,None,ADHD
1171,Non-Target,No,0,None,ADHD
1172,Non-Target,No,0,None,ADHD
1173,Non-Target,No,0,None,ADHD
1174,Non-Target,No,0,None,ADHD
1175,Non-Target,No,0,None,ADHD
1176,Target,No,0,Omission,ADHD
1177,Non-Target,Yes,694,Commission,ADHD
1178,Target,Yes,718,None,ADHD
1179,Non-Target,No,0,None,ADHD
1180,Non-Target,No,0,None,ADHD
1181,Non-Target,No,0,None,ADHD
1182,Target,Yes,736,None,ADHD
1183,Non-Target,No,0,None,ADHD
1184,Non-Target,No,0,None,ADHD
1185,Non-Target,No,0,None,ADHD
1186,Target,No,0,Omission,ADHD
1187,Target,Yes,898,None,ADHD
1188,Non-Target,Yes,770,Commission,ADHD
1189,Non-Target,No,0,None,ADHD
1190,Non-Target,No,0,None,ADHD
1191,Non-Target,No,0,None,ADHD
1192,Non-Target,No,0,None,ADHD
1193,Non-Target,No,0,None,ADHD
1194,Non-Target,No,0,None,ADHD
1195,Non-Target,No,0,None,ADHD
1196,Non-Target,No,0,None,ADHD
1197,Target,Yes,753,None,ADHD
1198,Non-Target,No,0,None,ADHD
1199,Non-Target,Yes,882,Commission,ADHD
1200,Non-Target,No,0,None,ADHD
