Trial,StimulusType,Reaction,ReactionTime(ms),ErrorType,Label
1,Non-Target,No,0,None,ADHD
2,Non-Target,No,0,None,ADHD
3,Non-Target,No,0,None,ADHD
4,Non-Target,No,0,None,ADHD
5,Target,No,0,Omission,ADHD
6,Target,Yes,713,None,ADHD
7,Non-Target,No,0,None,ADHD
8,Non-Target,No,0,None,ADHD
9,Target,Yes,760,None,ADHD
10,Target,Yes,866,None,ADHD
11,Non-Target,No,0,None,ADHD
12,Non-Target,No,0,None,ADHD
13,Non-Target,No,0,None,ADHD
14,Non-Target,No,0,None,ADHD
15,Target,Yes,811,None,ADHD
16,Target,No,0,Omission,ADHD
17,Non-Target,No,0,None,ADHD
18,Target,Yes,967,None,ADHD
19,Non-Target,No,0,None,ADHD
20,Target,Yes,556,None,ADHD
21,Target,Yes,858,None,ADHD
22,Non-Target,Yes,648,Commission,ADHD
23,Non-Target,No,0,None,ADHD
24,Target,Yes,651,None,ADHD
25,Target,Yes,890,None,ADHD
26,Non-Target,No,0,None,ADHD
27,Non-Target,Yes,832,Commission,ADHD
28,Non-Target,No,0,None,ADHD
29,Non-Target,Yes,993,Commission,ADHD
30,Non-Target,No,0,None,ADHD
31,Non-Target,No,0,None,ADHD
32,Non-Target,No,0,None,ADHD
33,Non-Target,Yes,828,Commission,ADHD
34,Target,Yes,632,None,ADHD
35,Non-Target,No,0,None,ADHD
36,Non-Target,Yes,664,Commission,ADHD
37,Non-Target,Yes,1064,Commission,ADHD
38,Non-Target,No,0,None,ADHD
39,Target,No,0,Omission,ADHD
40,Non-Target,No,0,None,ADHD
41,Target,Yes,795,None,ADHD
42,Non-Target,No,0,None,ADHD
43,Target,Yes,693,None,ADHD
44,Target,Yes,575,None,ADHD
45,Target,Yes,847,None,ADHD
46,Target,Yes,706,None,ADHD
47,Target,Yes,950,None,ADHD
48,Non-Target,No,0,None,ADHD
49,Non-Target,Yes,945,Commission,ADHD
50,Non-Target,No,0,None,ADHD
51,Target,Yes,1051,None,ADHD
52,Target,Yes,895,None,ADHD
53,Non-Target,No,0,None,ADHD
54,Non-Target,No,0,None,ADHD
55,Target,Yes,1030,None,ADHD
56,Target,Yes,795,None,ADHD
57,Non-Target,No,0,None,ADHD
58,Non-Target,No,0,None,ADHD
59,Target,Yes,1056,None,ADHD
60,Non-Target,Yes,721,Commission,ADHD
61,Non-Target,No,0,None,ADHD
62,Non-Target,No,0,None,ADHD
63,Non-Target,No,0,None,ADHD
64,Non-Target,No,0,None,ADHD
65,Non-Target,No,0,None,ADHD
66,Non-Target,No,0,None,ADHD
67,Non-Target,No,0,None,ADHD
68,Non-Target,Yes,663,Commission,ADHD
69,Non-Target,No,0,None,ADHD
70,Target,Yes,521,None,ADHD
71,Target,No,0,Omission,ADHD
72,Non-Target,No,0,None,ADHD
73,Non-Target,No,0,None,ADHD
74,Non-Target,No,0,None,ADHD
75,Non-Target,No,0,None,ADHD
76,Target,Yes,614,None,ADHD
77,Non-Target,Yes,1031,Commission,ADHD
78,Target,Yes,781,None,ADHD
79,Non-Target,No,0,None,ADHD
80,Non-Target,No,0,None,ADHD
81,Target,Yes,733,None,ADHD
82,Non-Target,No,0,None,ADHD
83,Non-Target,No,0,None,ADHD
84,Non-Target,No,0,None,ADHD
85,Non-Target,No,0,None,ADHD
86,Non-Target,No,0,None,ADHD
87,Non-Target,No,0,None,ADHD
88,Non-Target,No,0,None,ADHD
89,Target,Yes,671,None,ADHD
90,Target,Yes,697,None,ADHD
91,Target,Yes,827,None,ADHD
92,Target,Yes,718,None,ADHD
93,Non-Target,No,0,None,ADHD
94,Non-Target,No,0,None,ADHD
95,Non-Target,No,0,None,ADHD
96,Non-Target,Yes,843,Commission,ADHD
97,Non-Target,No,0,None,ADHD
98,Non-Target,No,0,None,ADHD
99,Target,Yes,836,None,ADHD
100,Non-Target,No,0,None,ADHD
101,Target,Yes,753,None,ADHD
102,Non-Target,No,0,None,ADHD
103,Non-Target,No,0,None,ADHD
104,Non-Target,No,0,None,ADHD
105,Non-Target,No,0,None,ADHD
106,Non-Target,No,0,None,ADHD
107,Non-Target,No,0,None,ADHD
108,Non-Target,No,0,None,ADHD
109,Non-Target,No,0,None,ADHD
110,Non-Target,No,0,None,ADHD
111,Non-Target,No,0,None,ADHD
112,Target,Yes,759,None,ADHD
113,Non-Target,No,0,None,ADHD
114,Non-Target,No,0,None,ADHD
115,Target,Yes,1144,None,ADHD
116,Non-Target,No,0,None,ADHD
117,Non-Target,Yes,717,Commission,ADHD
118,Target,Yes,864,None,ADHD
119,Non-Target,Yes,695,Commission,ADHD
120,Target,Yes,678,None,ADHD
121,Non-Target,No,0,None,ADHD
122,Target,Yes,947,None,ADHD
123,Non-Target,No,0,None,ADHD
124,Target,Yes,961,None,ADHD
125,Non-Target,No,0,None,ADHD
126,Target,Yes,825,None,ADHD
127,Non-Target,No,0,None,ADHD
128,Non-Target,No,0,None,ADHD
129,Non-Target,No,0,None,ADHD
130,Non-Target,No,0,None,ADHD
131,Non-Target,No,0,None,ADHD
132,Target,Yes,937,None,ADHD
133,Non-Target,No,0,None,ADHD
134,Target,Yes,596,None,ADHD
135,Non-Target,No,0,None,ADHD
136,Non-Target,Yes,549,Commission,ADHD
137,Target,No,0,Omission,ADHD
138,Non-Target,No,0,None,ADHD
139,Non-Target,No,0,None,ADHD
140,Non-Target,No,0,None,ADHD
141,Non-Target,Yes,1050,Commission,ADHD
142,Target,Yes,922,None,ADHD
143,Non-Target,No,0,None,ADHD
144,Non-Target,No,0,None,ADHD
145,Target,Yes,922,None,ADHD
146,Target,Yes,723,None,ADHD
147,Non-Target,Yes,843,Commission,ADHD
148,Non-Target,No,0,None,ADHD
149,Target,Yes,937,None,ADHD
150,Non-Target,No,0,None,ADHD
151,Non-Target,No,0,None,ADHD
152,Non-Target,No,0,None,ADHD
153,Non-Target,No,0,None,ADHD
154,Non-Target,No,0,None,ADHD
155,Non-Target,No,0,None,ADHD
156,Non-Target,No,0,None,ADHD
157,Non-Target,No,0,None,ADHD
158,Non-Target,No,0,None,ADHD
159,Target,Yes,824,None,ADHD
160,Target,Yes,685,None,ADHD
161,Non-Target,No,0,None,ADHD
162,Non-Target,No,0,None,ADHD
163,Non-Target,No,0,None,ADHD
164,Non-Target,No,0,None,ADHD
165,Non-Target,No,0,None,ADHD
166,Target,Yes,598,None,ADHD
167,Non-Target,No,0,None,ADHD
168,Non-Target,No,0,None,ADHD
169,Non-Target,No,0,None,ADHD
170,Non-Target,Yes,823,Commission,ADHD
171,Non-Target,Yes,601,Commission,ADHD
172,Target,Yes,559,None,ADHD
173,Non-Target,No,0,None,ADHD
174,Target,Yes,914,None,ADHD
175,Non-Target,No,0,None,ADHD
176,Non-Target,No,0,None,ADHD
177,Non-Target,No,0,None,ADHD
178,Non-Target,No,0,None,ADHD
179,Target,Yes,700,None,ADHD
180,Non-Target,No,0,None,ADHD
181,Non-Target,No,0,None,ADHD
182,Non-Target,No,0,None,ADHD
183,Target,Yes,808,None,ADHD
184,Non-Target,No,0,None,ADHD
185,Non-Target,No,0,None,ADHD
186,Target,Yes,811,None,ADHD
187,Non-Target,Yes,758,Commission,ADHD
188,Non-Target,Yes,887,Commission,ADHD
189,Target,Yes,548,None,ADHD
190,Non-Target,No,0,None,ADHD
191,Non-Target,No,0,None,ADHD
192,Non-Target,No,0,None,ADHD
193,Non-Target,No,0,None,ADHD
194,Non-Target,No,0,None,ADHD
195,Non-Target,No,0,None,ADHD
196,Target,Yes,701,None,ADHD
197,Non-Target,No,0,None,ADHD
198,Non-Target,No,0,None,ADHD
199,Non-Target,No,0,None,ADHD
200,Non-Target,No,0,None,ADHD
201,Non-Target,No,0,None,ADHD
202,Target,Yes,894,None,ADHD
203,Non-Target,No,0,None,ADHD
204,Non-Target,No,0,None,ADHD
205,Non-Target,No,0,None,ADHD
206,Target,Yes,903,None,ADHD
207,Target,Yes,1157,None,ADHD
208,Non-Target,No,0,None,ADHD
209,Non-Target,No,0,None,ADHD
210,Target,No,0,Omission,ADHD
211,Non-Target,No,0,None,ADHD
212,Non-Target,No,0,None,ADHD
213,Non-Target,No,0,None,ADHD
214,Non-Target,No,0,None,ADHD
215,Non-Target,No,0,None,ADHD
216,Target,Yes,782,None,ADHD
217,Non-Target,No,0,None,ADHD
218,Non-Target,No,0,None,ADHD
219,Target,No,0,Omission,ADHD
220,Non-Target,No,0,None,ADHD
221,Target,Yes,736,None,ADHD
222,Non-Target,No,0,None,ADHD
223,Target,No,0,Omission,ADHD
224,Target,Yes,634,None,ADHD
225,Target,Yes,732,None,ADHD
226,Non-Target,No,0,None,ADHD
227,Non-Target,No,0,None,ADHD
228,Target,Yes,668,None,ADHD
229,Non-Target,No,0,None,ADHD
230,Non-Target,Yes,681,Commission,ADHD
231,Target,Yes,892,None,ADHD
232,Non-Target,No,0,None,ADHD
233,Target,Yes,779,None,ADHD
234,Target,Yes,873,None,ADHD
235,Non-Target,No,0,None,ADHD
236,Non-Target,No,0,None,ADHD
237,Non-Target,No,0,None,ADHD
238,Non-Target,No,0,None,ADHD
239,Target,No,0,Omission,ADHD
240,Target,Yes,863,None,ADHD
241,Target,No,0,Omission,ADHD
242,Target,Yes,984,None,ADHD
243,Target,Yes,979,None,ADHD
244,Non-Target,No,0,None,ADHD
245,Non-Target,No,0,None,ADHD
246,Non-Target,Yes,711,Commission,ADHD
247,Non-Target,Yes,749,Commission,ADHD
248,Target,Yes,687,None,ADHD
249,Target,Yes,810,None,ADHD
250,Non-Target,No,0,None,ADHD
251,Target,Yes,904,None,ADHD
252,Non-Target,No,0,None,ADHD
253,Non-Target,No,0,None,ADHD
254,Target,Yes,797,None,ADHD
255,Non-Target,No,0,None,ADHD
256,Target,No,0,Omission,ADHD
257,Non-Target,Yes,517,Commission,ADHD
258,Target,Yes,742,None,ADHD
259,Non-Target,No,0,None,ADHD
260,Non-Target,Yes,702,Commission,ADHD
261,Non-Target,Yes,753,Commission,ADHD
262,Non-Target,Yes,822,Commission,ADHD
263,Target,Yes,623,None,ADHD
264,Non-Target,No,0,None,ADHD
265,Non-Target,No,0,None,ADHD
266,Non-Target,No,0,None,ADHD
267,Target,No,0,Omission,ADHD
268,Non-Target,Yes,922,Commission,ADHD
269,Non-Target,No,0,None,ADHD
270,Non-Target,No,0,None,ADHD
271,Non-Target,No,0,None,ADHD
272,Target,Yes,814,None,ADHD
273,Target,Yes,865,None,ADHD
274,Target,Yes,607,None,ADHD
275,Non-Target,No,0,None,ADHD
276,Non-Target,No,0,None,ADHD
277,Non-Target,No,0,None,ADHD
278,Target,Yes,755,None,ADHD
279,Target,Yes,555,None,ADHD
280,Target,Yes,912,None,ADHD
281,Non-Target,No,0,None,ADHD
282,Non-Target,No,0,None,ADHD
283,Target,Yes,662,None,ADHD
284,Non-Target,No,0,None,ADHD
285,Target,Yes,1096,None,ADHD
286,Non-Target,No,0,None,ADHD
287,Target,No,0,Omission,ADHD
288,Non-Target,No,0,None,ADHD
289,Non-Target,No,0,None,ADHD
290,Non-Target,No,0,None,ADHD
291,Target,Yes,522,None,ADHD
292,Non-Target,No,0,None,ADHD
293,Non-Target,No,0,None,ADHD
294,Non-Target,No,0,None,ADHD
295,Non-Target,No,0,None,ADHD
296,Non-Target,No,0,None,ADHD
297,Non-Target,No,0,None,ADHD
298,Non-Target,No,0,None,ADHD
299,Target,Yes,862,None,ADHD
300,Target,Yes,725,None,ADHD
301,Non-Target,No,0,None,ADHD
302,Non-Target,No,0,None,ADHD
303,Non-Target,No,0,None,ADHD
304,Non-Target,No,0,None,ADHD
305,Non-Target,No,0,None,ADHD
306,Non-Target,No,0,None,ADHD
307,Non-Target,No,0,None,ADHD
308,Target,No,0,Omission,ADHD
309,Non-Target,No,0,None,ADHD
310,Target,Yes,808,None,ADHD
311,Non-Target,Yes,602,Commission,ADHD
312,Target,Yes,664,None,ADHD
313,Non-Target,No,0,None,ADHD
314,Non-Target,No,0,None,ADHD
315,Non-Target,No,0,None,ADHD
316,Target,Yes,703,None,ADHD
317,Target,Yes,656,None,ADHD
318,Non-Target,No,0,None,ADHD
319,Non-Target,No,0,None,ADHD
320,Target,Yes,431,None,ADHD
321,Non-Target,No,0,None,ADHD
322,Non-Target,No,0,None,ADHD
323,Non-Target,No,0,None,ADHD
324,Target,Yes,574,None,ADHD
325,Non-Target,No,0,None,ADHD
326,Non-Target,No,0,None,ADHD
327,Non-Target,No,0,None,ADHD
328,Target,Yes,744,None,ADHD
329,Target,No,0,Omission,ADHD
330,Non-Target,No,0,None,ADHD
331,Non-Target,No,0,None,ADHD
332,Non-Target,No,0,None,ADHD
333,Non-Target,No,0,None,ADHD
334,Target,Yes,995,None,ADHD
335,Non-Target,No,0,None,ADHD
336,Target,Yes,930,None,ADHD
337,Non-Target,No,0,None,ADHD
338,Target,Yes,502,None,ADHD
339,Target,No,0,Omission,ADHD
340,Non-Target,No,0,None,ADHD
341,Non-Target,No,0,None,ADHD
342,Non-Target,No,0,None,ADHD
343,Non-Target,No,0,None,ADHD
344,Non-Target,No,0,None,ADHD
345,Target,Yes,722,None,ADHD
346,Non-Target,No,0,None,ADHD
347,Target,Yes,1048,None,ADHD
348,Non-Target,No,0,None,ADHD
349,Non-Target,No,0,None,ADHD
350,Non-Target,No,0,None,ADHD
351,Target,Yes,762,None,ADHD
352,Non-Target,No,0,None,ADHD
353,Non-Target,No,0,None,ADHD
354,Non-Target,Yes,752,Commission,ADHD
355,Non-Target,Yes,646,Commission,ADHD
356,Non-Target,No,0,None,ADHD
357,Non-Target,No,0,None,ADHD
358,Non-Target,Yes,835,Commission,ADHD
359,Target,Yes,956,None,ADHD
360,Target,Yes,689,None,ADHD
361,Non-Target,No,0,None,ADHD
362,Non-Target,No,0,None,ADHD
363,Target,Yes,810,None,ADHD
364,Non-Target,No,0,None,ADHD
365,Non-Target,No,0,None,ADHD
366,Non-Target,No,0,None,ADHD
367,Non-Target,No,0,None,ADHD
368,Target,No,0,Omission,ADHD
369,Non-Target,No,0,None,ADHD
370,Non-Target,No,0,None,ADHD
371,Non-Target,No,0,None,ADHD
372,Target,Yes,603,None,ADHD
373,Target,Yes,731,None,ADHD
374,Non-Target,No,0,None,ADHD
375,Non-Target,No,0,None,ADHD
376,Target,Yes,778,None,ADHD
377,Non-Target,No,0,None,ADHD
378,Non-Target,No,0,None,ADHD
379,Target,Yes,636,None,ADHD
380,Target,No,0,Omission,ADHD
381,Target,No,0,Omission,ADHD
382,Target,No,0,Omission,ADHD
383,Non-Target,No,0,None,ADHD
384,Non-Target,Yes,933,Commission,ADHD
385,Non-Target,No,0,None,ADHD
386,Non-Target,No,0,None,ADHD
387,Target,Yes,693,None,ADHD
388,Non-Target,No,0,None,ADHD
389,Non-Target,No,0,None,ADHD
390,Target,Yes,756,None,ADHD
391,Non-Target,No,0,None,ADHD
392,Non-Target,No,0,None,ADHD
393,Target,No,0,Omission,ADHD
394,Non-Target,No,0,None,ADHD
395,Non-Target,No,0,None,ADHD
396,Non-Target,No,0,None,ADHD
397,Non-Target,Yes,578,Commission,ADHD
398,Non-Target,Yes,497,Commission,ADHD
399,Non-Target,No,0,None,ADHD
400,Non-Target,No,0,None,ADHD
401,Non-Target,No,0,None,ADHD
402,Non-Target,No,0,None,ADHD
403,Target,Yes,970,None,ADHD
404,Non-Target,Yes,340,Commission,ADHD
405,Target,Yes,621,None,ADHD
406,Non-Target,No,0,None,ADHD
407,Target,Yes,717,None,ADHD
408,Non-Target,Yes,737,Commission,ADHD
409,Non-Target,No,0,None,ADHD
410,Non-Target,No,0,None,ADHD
411,Non-Target,No,0,None,ADHD
412,Non-Target,No,0,None,ADHD
413,Target,Yes,734,None,ADHD
414,Non-Target,Yes,881,Commission,ADHD
415,Non-Target,No,0,None,ADHD
416,Non-Target,No,0,None,ADHD
417,Non-Target,No,0,None,ADHD
418,Non-Target,No,0,None,ADHD
419,Non-Target,No,0,None,ADHD
420,Non-Target,No,0,None,ADHD
421,Non-Target,No,0,None,ADHD
422,Target,Yes,649,None,ADHD
423,Non-Target,No,0,None,ADHD
424,Target,Yes,314,None,ADHD
425,Target,No,0,Omission,ADHD
426,Target,No,0,Omission,ADHD
427,Non-Target,No,0,None,ADHD
428,Non-Target,No,0,None,ADHD
429,Target,Yes,669,None,ADHD
430,Target,Yes,828,None,ADHD
431,Non-Target,No,0,None,ADHD
432,Non-Target,No,0,None,ADHD
433,Non-Target,No,0,None,ADHD
434,Non-Target,No,0,None,ADHD
435,Non-Target,No,0,None,ADHD
436,Non-Target,No,0,None,ADHD
437,Non-Target,No,0,None,ADHD
438,Non-Target,No,0,None,ADHD
439,Non-Target,No,0,None,ADHD
440,Non-Target,No,0,None,ADHD
441,Target,Yes,716,None,ADHD
442,Target,Yes,841,None,ADHD
443,Non-Target,No,0,None,ADHD
444,Non-Target,No,0,None,ADHD
445,Non-Target,No,0,None,ADHD
446,Non-Target,No,0,None,ADHD
447,Target,Yes,648,None,ADHD
448,Non-Target,Yes,805,Commission,ADHD
449,Non-Target,No,0,None,ADHD
450,Non-Target,No,0,None,ADHD
451,Non-Target,No,0,None,ADHD
452,Target,No,0,Omission,ADHD
453,Non-Target,Yes,917,Commission,ADHD
454,Non-Target,No,0,None,ADHD
455,Non-Target,No,0,None,ADHD
456,Target,No,0,Omission,ADHD
457,Non-Target,No,0,None,ADHD
458,Target,Yes,875,None,ADHD
459,Non-Target,No,0,None,ADHD
460,Non-Target,No,0,None,ADHD
461,Non-Target,No,0,None,ADHD
462,Non-Target,No,0,None,ADHD
463,Non-Target,No,0,None,ADHD
464,Non-Target,No,0,None,ADHD
465,Non-Target,No,0,None,ADHD
466,Non-Target,No,0,None,ADHD
467,Non-Target,No,0,None,ADHD
468,Target,No,0,Omission,ADHD
469,Non-Target,No,0,None,ADHD
470,Non-Target,No,0,None,ADHD
471,Non-Target,No,0,None,ADHD
472,Non-Target,No,0,None,ADHD
473,Non-Target,No,0,None,ADHD
474,Non-Target,No,0,None,ADHD
475,Non-Target,No,0,None,ADHD
476,Non-Target,No,0,None,ADHD
477,Target,Yes,896,None,ADHD
478,Non-Target,No,0,None,ADHD
479,Non-Target,No,0,None,ADHD
480,Non-Target,Yes,881,Commission,ADHD
481,Non-Target,No,0,None,ADHD
482,Non-Target,No,0,None,ADHD
483,Non-Target,Yes,770,Commission,ADHD
484,Non-Target,No,0,None,ADHD
485,Non-Target,No,0,None,ADHD
486,Non-Target,No,0,None,ADHD
487,Target,No,0,Omission,ADHD
488,Non-Target,No,0,None,ADHD
489,Non-Target,No,0,None,ADHD
490,Non-Target,No,0,None,ADHD
491,Target,No,0,Omission,ADHD
492,Non-Target,No,0,None,ADHD
493,Non-Target,Yes,715,Commission,ADHD
494,Target,Yes,515,None,ADHD
495,Non-Target,No,0,None,ADHD
496,Non-Target,No,0,None,ADHD
497,Non-Target,No,0,None,ADHD
498,Non-Target,No,0,None,ADHD
499,Non-Target,No,0,None,ADHD
500,Non-Target,No,0,None,ADHD
501,Non-Target,No,0,None,ADHD
502,Non-Target,No,0,None,ADHD
503,Non-Target,No,0,None,ADHD
504,Non-Target,No,0,None,ADHD
505,Non-Target,No,0,None,ADHD
506,Non-Target,Yes,793,Commission,ADHD
507,Non-Target,No,0,None,ADHD
508,Non-Target,No,0,None,ADHD
509,Non-Target,No,0,None,ADHD
510,Target,Yes,677,None,ADHD
511,Non-Target,No,0,None,ADHD
512,Non-Target,No,0,None,ADHD
513,Target,Yes,759,None,ADHD
514,Non-Target,Yes,1103,Commission,ADHD
515,Target,Yes,639,None,ADHD
516,Non-Target,No,0,None,ADHD
517,Non-Target,No,0,None,ADHD
518,Non-Target,No,0,None,ADHD
519,Target,Yes,720,None,ADHD
520,Non-Target,No,0,None,ADHD
521,Non-Target,No,0,None,ADHD
522,Non-Target,No,0,None,ADHD
523,Target,Yes,574,None,ADHD
524,Non-Target,Yes,594,Commission,ADHD
525,Non-Target,No,0,None,ADHD
526,Non-Target,No,0,None,ADHD
527,Non-Target,No,0,None,ADHD
528,Non-Target,Yes,639,Commission,ADHD
529,Target,Yes,897,None,ADHD
530,Non-Target,No,0,None,ADHD
531,Non-Target,No,0,None,ADHD
532,Non-Target,No,0,None,ADHD
533,Non-Target,No,0,None,ADHD
534,Target,Yes,718,None,ADHD
535,Target,No,0,Omission,ADHD
536,Target,Yes,517,None,ADHD
537,Non-Target,No,0,None,ADHD
538,Non-Target,No,0,None,ADHD
539,Target,Yes,991,None,ADHD
540,Non-Target,No,0,None,ADHD
541,Non-Target,No,0,None,ADHD
542,Non-Target,No,0,None,ADHD
543,Target,Yes,562,None,ADHD
544,Non-Target,No,0,None,ADHD
545,Non-Target,No,0,None,ADHD
546,Target,Yes,881,None,ADHD
547,Target,No,0,Omission,ADHD
548,Non-Target,No,0,None,ADHD
549,Non-Target,No,0,None,ADHD
550,Non-Target,No,0,None,ADHD
551,Non-Target,No,0,None,ADHD
552,Target,Yes,946,None,ADHD
553,Target,Yes,691,None,ADHD
554,Non-Target,No,0,None,ADHD
555,Non-Target,No,0,None,ADHD
556,Non-Target,No,0,None,ADHD
557,Non-Target,No,0,None,ADHD
558,Non-Target,No,0,None,ADHD
559,Non-Target,No,0,None,ADHD
560,Target,Yes,879,None,ADHD
561,Target,No,0,Omission,ADHD
562,Non-Target,No,0,None,ADHD
563,Non-Target,No,0,None,ADHD
564,Non-Target,No,0,None,ADHD
565,Target,Yes,605,None,ADHD
566,Non-Target,No,0,None,ADHD
567,Non-Target,No,0,None,ADHD
568,Non-Target,Yes,938,Commission,ADHD
569,Non-Target,No,0,None,ADHD
570,Non-Target,No,0,None,ADHD
571,Non-Target,No,0,None,ADHD
572,Non-Target,No,0,None,ADHD
573,Non-Target,No,0,None,ADHD
574,Non-Target,No,0,None,ADHD
575,Non-Target,No,0,None,ADHD
576,Non-Target,No,0,None,ADHD
577,Non-Target,No,0,None,ADHD
578,Target,Yes,540,None,ADHD
579,Target,Yes,567,None,ADHD
580,Non-Target,No,0,None,ADHD
581,Target,Yes,639,None,ADHD
582,Non-Target,No,0,None,ADHD
583,Non-Target,No,0,None,ADHD
584,Non-Target,No,0,None,ADHD
585,Non-Target,No,0,None,ADHD
586,Target,Yes,799,None,ADHD
587,Non-Target,No,0,None,ADHD
588,Target,Yes,650,None,ADHD
589,Non-Target,No,0,None,ADHD
590,Non-Target,No,0,None,ADHD
591,Target,Yes,765,None,ADHD
592,Target,Yes,738,None,ADHD
593,Non-Target,No,0,None,ADHD
594,Non-Target,No,0,None,ADHD
595,Non-Target,No,0,None,ADHD
596,Non-Target,No,0,None,ADHD
597,Non-Target,No,0,None,ADHD
598,Non-Target,No,0,None,ADHD
599,Non-Target,No,0,None,ADHD
600,Non-Target,No,0,None,ADHD
601,Non-Target,No,0,None,ADHD
602,Non-Target,No,0,None,ADHD
603,Target,Yes,735,None,ADHD
604,Non-Target,No,0,None,ADHD
605,Target,Yes,961,None,ADHD
606,Non-Target,Yes,754,Commission,ADHD
607,Target,Yes,844,None,ADHD
608,Non-Target,No,0,None,ADHD
609,Non-Target,No,0,None,ADHD
610,Non-Target,No,0,None,ADHD
611,Non-Target,No,0,None,ADHD
612,Target,Yes,688,None,ADHD
613,Target,Yes,831,None,ADHD
614,Target,Yes,919,None,ADHD
615,Target,No,0,Omission,ADHD
616,Target,Yes,935,None,ADHD
617,Non-Target,No,0,None,ADHD
618,Target,Yes,888,None,ADHD
619,Non-Target,No,0,None,ADHD
620,Target,No,0,Omission,ADHD
621,Non-Target,No,0,None,ADHD
622,Target,Yes,767,None,ADHD
623,Non-Target,No,0,None,ADHD
624,Non-Target,No,0,None,ADHD
625,Target,Yes,793,None,ADHD
626,Non-Target,No,0,None,ADHD
627,Non-Target,No,0,None,ADHD
628,Target,Yes,955,None,ADHD
629,Non-Target,No,0,None,ADHD
630,Non-Target,No,0,None,ADHD
631,Non-Target,No,0,None,ADHD
632,Non-Target,No,0,None,ADHD
633,Non-Target,No,0,None,ADHD
634,Non-Target,No,0,None,ADHD
635,Target,Yes,866,None,ADHD
636,Target,Yes,706,None,ADHD
637,Non-Target,No,0,None,ADHD
638,Non-Target,No,0,None,ADHD
639,Target,Yes,682,None,ADHD
640,Non-Target,No,0,None,ADHD
641,Non-Target,No,0,None,ADHD
642,Target,Yes,589,None,ADHD
643,Non-Target,No,0,None,ADHD
644,Non-Target,No,0,None,ADHD
645,Non-Target,No,0,None,ADHD
646,Target,Yes,719,None,ADHD
647,Non-Target,No,0,None,ADHD
648,Non-Target,No,0,None,ADHD
649,Target,Yes,604,None,ADHD
650,Non-Target,No,0,None,ADHD
651,Non-Target,No,0,None,ADHD
652,Non-Target,No,0,None,ADHD
653,Non-Target,No,0,None,ADHD
654,Target,Yes,693,None,ADHD
655,Non-Target,No,0,None,ADHD
656,Non-Target,No,0,None,ADHD
657,Non-Target,No,0,None,ADHD
658,Target,No,0,Omission,ADHD
659,Non-Target,Yes,808,Commission,ADHD
660,Non-Target,No,0,None,ADHD
661,Target,Yes,885,None,ADHD
662,Non-Target,Yes,526,Commission,ADHD
663,Non-Target,No,0,None,ADHD
664,Non-Target,No,0,None,ADHD
665,Target,No,0,Omission,ADHD
666,Non-Target,No,0,None,ADHD
667,Non-Target,No,0,None,ADHD
668,Target,Yes,823,None,ADHD
669,Non-Target,No,0,None,ADHD
670,Non-Target,No,0,None,ADHD
671,Target,Yes,773,None,ADHD
672,Non-Target,No,0,None,ADHD
673,Non-Target,No,0,None,ADHD
674,Non-Target,No,0,None,ADHD
675,Non-Target,No,0,None,ADHD
676,Non-Target,No,0,None,ADHD
677,Non-Target,No,0,None,ADHD
678,Non-Target,No,0,None,ADHD
679,Target,No,0,Omission,ADHD
680,Non-Target,No,0,None,ADHD
681,Target,Yes,847,None,ADHD
682,Non-Target,No,0,None,ADHD
683,Non-Target,No,0,None,ADHD
684,Non-Target,No,0,None,ADHD
685,Non-Target,No,0,None,ADHD
686,Non-Target,No,0,None,ADHD
687,Non-Target,No,0,None,ADHD
688,Non-Target,No,0,None,ADHD
689,Non-Target,No,0,None,ADHD
690,Non-Target,Yes,959,Commission,ADHD
691,Non-Target,No,0,None,ADHD
692,Non-Target,No,0,None,ADHD
693,Non-Target,No,0,None,ADHD
694,Target,Yes,1052,None,ADHD
695,Non-Target,No,0,None,ADHD
696,Non-Target,No,0,None,ADHD
697,Non-Target,Yes,807,Commission,ADHD
698,Target,Yes,618,None,ADHD
699,Target,Yes,1049,None,ADHD
700,Non-Target,No,0,None,ADHD
701,Target,Yes,718,None,ADHD
702,Target,Yes,776,None,ADHD
703,Non-Target,No,0,None,ADHD
704,Target,Yes,842,None,ADHD
705,Target,Yes,578,None,ADHD
706,Non-Target,Yes,707,Commission,ADHD
707,Target,Yes,642,None,ADHD
708,Non-Target,No,0,None,ADHD
709,Non-Target,No,0,None,ADHD
710,Non-Target,No,0,None,ADHD
711,Non-Target,Yes,704,Commission,ADHD
712,Non-Target,No,0,None,ADHD
713,Non-Target,No,0,None,ADHD
714,Target,Yes,1080,None,ADHD
715,Non-Target,No,0,None,ADHD
716,Target,Yes,614,None,ADHD
717,Non-Target,No,0,None,ADHD
718,Target,Yes,662,None,ADHD
719,Non-Target,Yes,765,Commission,ADHD
720,Non-Target,No,0,None,ADHD
721,Target,No,0,Omission,ADHD
722,Non-Target,No,0,None,ADHD
723,Non-Target,No,0,None,ADHD
724,Non-Target,No,0,None,ADHD
725,Target,Yes,696,None,ADHD
726,Non-Target,No,0,None,ADHD
727,Target,Yes,615,None,ADHD
728,Target,Yes,914,None,ADHD
729,Non-Target,Yes,852,Commission,ADHD
730,Non-Target,No,0,None,ADHD
731,Non-Target,No,0,None,ADHD
732,Non-Target,Yes,608,Commission,ADHD
733,Non-Target,No,0,None,ADHD
734,Non-Target,Yes,1048,Commission,ADHD
735,Non-Target,No,0,None,ADHD
736,Target,Yes,676,None,ADHD
737,Non-Target,No,0,None,ADHD
738,Non-Target,No,0,None,ADHD
739,Non-Target,Yes,738,Commission,ADHD
740,Target,Yes,711,None,ADHD
741,Non-Target,No,0,None,ADHD
742,Target,No,0,Omission,ADHD
743,Non-Target,No,0,None,ADHD
744,Non-Target,No,0,None,ADHD
745,Target,Yes,1010,None,ADHD
746,Non-Target,No,0,None,ADHD
747,Non-Target,No,0,None,ADHD
748,Non-Target,No,0,None,ADHD
749,Target,No,0,Omission,ADHD
750,Non-Target,No,0,None,ADHD
751,Non-Target,No,0,None,ADHD
752,Non-Target,No,0,None,ADHD
753,Non-Target,Yes,707,Commission,ADHD
754,Non-Target,No,0,None,ADHD
755,Target,Yes,822,None,ADHD
756,Non-Target,No,0,None,ADHD
757,Non-Target,No,0,None,ADHD
758,Target,Yes,960,None,ADHD
759,Target,Yes,904,None,ADHD
760,Non-Target,No,0,None,ADHD
761,Non-Target,No,0,None,ADHD
762,Target,No,0,Omission,ADHD
763,Target,Yes,750,None,ADHD
764,Target,Yes,858,None,ADHD
765,Non-Target,No,0,None,ADHD
766,Non-Target,No,0,None,ADHD
767,Non-Target,No,0,None,ADHD
768,Target,Yes,849,None,ADHD
769,Target,Yes,753,None,ADHD
770,Target,Yes,762,None,ADHD
771,Target,Yes,690,None,ADHD
772,Non-Target,No,0,None,ADHD
773,Non-Target,No,0,None,ADHD
774,Target,Yes,846,None,ADHD
775,Non-Target,No,0,None,ADHD
776,Non-Target,No,0,None,ADHD
777,Non-Target,No,0,None,ADHD
778,Non-Target,Yes,561,Commission,ADHD
779,Target,Yes,815,None,ADHD
780,Non-Target,No,0,None,ADHD
781,Non-Target,No,0,None,ADHD
782,Target,Yes,862,None,ADHD
783,Non-Target,No,0,None,ADHD
784,Non-Target,No,0,None,ADHD
785,Target,Yes,750,None,ADHD
786,Non-Target,No,0,None,ADHD
787,Target,Yes,1040,None,ADHD
788,Non-Target,No,0,None,ADHD
789,Non-Target,No,0,None,ADHD
790,Non-Target,Yes,855,Commission,ADHD
791,Non-Target,No,0,None,ADHD
792,Non-Target,No,0,None,ADHD
793,Non-Target,Yes,485,Commission,ADHD
794,Non-Target,No,0,None,ADHD
795,Target,Yes,777,None,ADHD
796,Non-Target,No,0,None,ADHD
797,Non-Target,No,0,None,ADHD
798,Non-Target,No,0,None,ADHD
799,Target,Yes,644,None,ADHD
800,Non-Target,No,0,None,ADHD
801,Target,Yes,973,None,ADHD
802,Target,Yes,747,None,ADHD
803,Target,No,0,Omission,ADHD
804,Non-Target,No,0,None,ADHD
805,Non-Target,No,0,None,ADHD
806,Non-Target,No,0,None,ADHD
807,Non-Target,No,0,None,ADHD
808,Non-Target,Yes,804,Commission,ADHD
809,Non-Target,No,0,None,ADHD
810,Non-Target,Yes,632,Commission,ADHD
811,Non-Target,No,0,None,ADHD
812,Non-Target,No,0,None,ADHD
813,Non-Target,No,0,None,ADHD
814,Non-Target,No,0,None,ADHD
815,Target,Yes,778,None,ADHD
816,Non-Target,No,0,None,ADHD
817,Non-Target,No,0,None,ADHD
818,Non-Target,No,0,None,ADHD
819,Non-Target,No,0,None,ADHD
820,Non-Target,No,0,None,ADHD
821,Non-Target,No,0,None,ADHD
822,Non-Target,No,0,None,ADHD
823,Non-Target,No,0,None,ADHD
824,Target,Yes,602,None,ADHD
825,Non-Target,No,0,None,ADHD
826,Non-Target,No,0,None,ADHD
827,Non-Target,No,0,None,ADHD
828,Non-Target,No,0,None,ADHD
829,Non-Target,No,0,None,ADHD
830,Non-Target,No,0,None,ADHD
831,Non-Target,No,0,None,ADHD
832,Non-Target,No,0,None,ADHD
833,Non-Target,No,0,None,ADHD
834,Non-Target,No,0,None,ADHD
835,Non-Target,No,0,None,ADHD
836,Non-Target,No,0,None,ADHD
837,Non-Target,No,0,None,ADHD
838,Target,Yes,946,None,ADHD
839,Non-Target,No,0,None,ADHD
840,Non-Target,Yes,742,Commission,ADHD
841,Non-Target,No,0,None,ADHD
842,Non-Target,No,0,None,ADHD
843,Non-Target,No,0,None,ADHD
844,Target,Yes,731,None,ADHD
845,Non-Target,No,0,None,ADHD
846,Target,No,0,Omission,ADHD
847,Non-Target,No,0,None,ADHD
848,Non-Target,No,0,None,ADHD
849,Non-Target,Yes,676,Commission,ADHD
850,Target,Yes,753,None,ADHD
851,Target,Yes,719,None,ADHD
852,Non-Target,No,0,None,ADHD
853,Non-Target,No,0,None,ADHD
854,Non-Target,No,0,None,ADHD
855,Non-Target,No,0,None,ADHD
856,Non-Target,No,0,None,ADHD
857,Target,No,0,Omission,ADHD
858,Non-Target,No,0,None,ADHD
859,Non-Target,No,0,None,ADHD
860,Non-Target,No,0,None,ADHD
861,Non-Target,No,0,None,ADHD
862,Non-Target,No,0,None,ADHD
863,Target,Yes,689,None,ADHD
864,Target,Yes,818,None,ADHD
865,Target,Yes,800,None,ADHD
866,Target,Yes,799,None,ADHD
867,Non-Target,Yes,852,Commission,ADHD
868,Non-Target,No,0,None,ADHD
869,Target,No,0,Omission,ADHD
870,Target,Yes,796,None,ADHD
871,Non-Target,No,0,None,ADHD
872,Non-Target,No,0,None,ADHD
873,Target,Yes,696,None,ADHD
874,Non-Target,No,0,None,ADHD
875,Non-Target,No,0,None,ADHD
876,Non-Target,No,0,None,ADHD
877,Non-Target,No,0,None,ADHD
878,Non-Target,No,0,None,ADHD
879,Non-Target,No,0,None,ADHD
880,Non-Target,No,0,None,ADHD
881,Non-Target,No,0,None,ADHD
882,Target,Yes,723,None,ADHD
883,Non-Target,No,0,None,ADHD
884,Non-Target,No,0,None,ADHD
885,Non-Target,No,0,None,ADHD
886,Non-Target,No,0,None,ADHD
887,Non-Target,No,0,None,ADHD
888,Non-Target,No,0,None,ADHD
889,Target,Yes,892,None,ADHD
890,Target,Yes,835,None,ADHD
891,Non-Target,No,0,None,ADHD
892,Non-Target,No,0,None,ADHD
893,Target,Yes,901,None,ADHD
894,Target,Yes,555,None,ADHD
895,Target,Yes,742,None,ADHD
896,Non-Target,No,0,None,ADHD
897,Target,Yes,895,None,ADHD
898,Non-Target,No,0,None,ADHD
899,Non-Target,No,0,None,ADHD
900,Non-Target,No,0,None,ADHD
901,Target,No,0,Omission,ADHD
902,Target,Yes,830,None,ADHD
903,Target,Yes,788,None,ADHD
904,Non-Target,No,0,None,ADHD
905,Non-Target,No,0,None,ADHD
906,Non-Target,Yes,648,Commission,ADHD
907,Non-Target,No,0,None,ADHD
908,Target,Yes,720,None,ADHD
909,Target,Yes,779,None,ADHD
910,Target,Yes,400,None,ADHD
911,Target,Yes,1053,None,ADHD
912,Non-Target,No,0,None,ADHD
913,Non-Target,No,0,None,ADHD
914,Non-Target,No,0,None,ADHD
915,Non-Target,No,0,None,ADHD
916,Non-Target,No,0,None,ADHD
917,Non-Target,No,0,None,ADHD
918,Target,Yes,839,None,ADHD
919,Non-Target,No,0,None,ADHD
920,Target,Yes,786,None,ADHD
921,Target,Yes,972,None,ADHD
922,Non-Target,No,0,None,ADHD
923,Non-Target,No,0,None,ADHD
924,Non-Target,No,0,None,ADHD
925,Non-Target,No,0,None,ADHD
926,Non-Target,No,0,None,ADHD
927,Target,Yes,807,None,ADHD
928,Target,Yes,835,None,ADHD
929,Target,Yes,838,None,ADHD
930,Target,Yes,930,None,ADHD
931,Target,Yes,824,None,ADHD
932,Non-Target,No,0,None,ADHD
933,Non-Target,No,0,None,ADHD
934,Non-Target,Yes,895,Commission,ADHD
935,Non-Target,No,0,None,ADHD
936,Target,Yes,730,None,ADHD
937,Non-Target,No,0,None,ADHD
938,Non-Target,No,0,None,ADHD
939,Non-Target,No,0,None,ADHD
940,Non-Target,No,0,None,ADHD
941,Target,Yes,759,None,ADHD
942,Target,Yes,739,None,ADHD
943,Non-Target,No,0,None,ADHD
944,Non-Target,No,0,None,ADHD
945,Non-Target,No,0,None,ADHD
946,Target,Yes,728,None,ADHD
947,Target,Yes,680,None,ADHD
948,Non-Target,No,0,None,ADHD
949,Target,Yes,768,None,ADHD
950,Target,Yes,606,None,ADHD
951,Non-Target,Yes,856,Commission,ADHD
952,Non-Target,Yes,996,Commission,ADHD
953,Non-Target,No,0,None,ADHD
954,Non-Target,No,0,None,ADHD
955,Non-Target,No,0,None,ADHD
956,Non-Target,No,0,None,ADHD
957,Non-Target,Yes,1062,Commission,ADHD
958,Non-Target,Yes,645,Commission,ADHD
959,Target,Yes,675,None,ADHD
960,Non-Target,No,0,None,ADHD
961,Non-Target,No,0,None,ADHD
962,Non-Target,No,0,None,ADHD
963,Non-Target,No,0,None,ADHD
964,Non-Target,No,0,None,ADHD
965,Non-Target,Yes,538,Commission,ADHD
966,Non-Target,No,0,None,ADHD
967,Non-Target,No,0,None,ADHD
968,Non-Target,Yes,869,Commission,ADHD
969,Non-Target,No,0,None,ADHD
970,Target,Yes,763,None,ADHD
971,Non-Target,Yes,886,Commission,ADHD
972,Target,Yes,600,None,ADHD
973,Non-Target,No,0,None,ADHD
974,Non-Target,No,0,None,ADHD
975,Non-Target,No,0,None,ADHD
976,Non-Target,No,0,None,ADHD
977,Non-Target,Yes,793,Commission,ADHD
978,Non-Target,No,0,None,ADHD
979,Non-Target,No,0,None,ADHD
980,Non-Target,No,0,None,ADHD
981,Non-Target,No,0,None,ADHD
982,Target,Yes,775,None,ADHD
983,Non-Target,No,0,None,ADHD
984,Non-Target,No,0,None,ADHD
985,Non-Target,No,0,None,ADHD
986,Non-Target,No,0,None,ADHD
987,Non-Target,No,0,None,ADHD
988,Target,Yes,531,None,ADHD
989,Non-Target,No,0,None,ADHD
990,Target,Yes,851,None,ADHD
991,Non-Target,No,0,None,ADHD
992,Target,No,0,Omission,ADHD
993,Non-Target,No,0,None,ADHD
994,Target,Yes,575,None,ADHD
995,Target,Yes,845,None,ADHD
996,Target,Yes,822,None,ADHD
997,Non-Target,No,0,None,ADHD
998,Non-Target,Yes,910,Commission,ADHD
999,Non-Target,No,0,None,ADHD
1000,Non-Target,No,0,None,ADHD
1001,Non-Target,No,0,None,ADHD
1002,Target,No,0,Omission,ADHD
1003,Non-Target,No,0,None,ADHD
1004,Target,Yes,836,None,ADHD
1005,Non-Target,No,0,None,ADHD
1006,Target,Yes,820,None,ADHD
1007,Target,Yes,931,None,ADHD
1008,Target,Yes,948,None,ADHD
1009,Non-Target,No,0,None,ADHD
1010,Target,Yes,970,None,ADHD
1011,Non-Target,No,0,None,ADHD
1012,Non-Target,No,0,None,ADHD
1013,Non-Target,No,0,None,ADHD
1014,Non-Target,No,0,None,ADHD
1015,Target,No,0,Omission,ADHD
1016,Target,Yes,527,None,ADHD
1017,Target,Yes,842,None,ADHD
1018,Non-Target,No,0,None,ADHD
1019,Target,Yes,886,None,ADHD
1020,Non-Target,No,0,None,ADHD
1021,Target,No,0,Omission,ADHD
1022,Non-Target,No,0,None,ADHD
1023,Non-Target,No,0,None,ADHD
1024,Non-Target,No,0,None,ADHD
1025,Target,Yes,856,None,ADHD
1026,Non-Target,No,0,None,ADHD
1027,Target,Yes,549,None,ADHD
1028,Non-Target,No,0,None,ADHD
1029,Non-Target,No,0,None,ADHD
1030,Non-Target,Yes,578,Commission,ADHD
1031,Non-Target,No,0,None,ADHD
1032,Target,No,0,Omission,ADHD
1033,Non-Target,No,0,None,ADHD
1034,Non-Target,No,0,None,ADHD
1035,Non-Target,No,0,None,ADHD
1036,Target,Yes,778,None,ADHD
1037,Non-Target,No,0,None,ADHD
1038,Non-Target,No,0,None,ADHD
1039,Non-Target,No,0,None,ADHD
1040,Non-Target,No,0,None,ADHD
1041,Target,No,0,Omission,ADHD
1042,Target,Yes,865,None,ADHD
1043,Non-Target,No,0,None,ADHD
1044,Non-Target,Yes,639,Commission,ADHD
1045,Non-Target,No,0,None,ADHD
1046,Non-Target,No,0,None,ADHD
1047,Non-Target,No,0,None,ADHD
1048,Non-Target,No,0,None,ADHD
1049,Non-Target,No,0,None,ADHD
1050,Target,Yes,517,None,ADHD
1051,Non-Target,No,0,None,ADHD
1052,Non-Target,No,0,None,ADHD
1053,Non-Target,No,0,None,ADHD
1054,Non-Target,No,0,None,ADHD
1055,Non-Target,No,0,None,ADHD
1056,Non-Target,No,0,None,ADHD
1057,Target,Yes,785,None,ADHD
1058,Target,Yes,785,None,ADHD
1059,Target,Yes,658,None,ADHD
1060,Non-Target,Yes,880,Commission,ADHD
1061,Non-Target,No,0,None,ADHD
1062,Target,Yes,902,None,ADHD
1063,Target,Yes,968,None,ADHD
1064,Non-Target,Yes,809,Commission,ADHD
1065,Non-Target,Yes,1047,Commission,ADHD
1066,Non-Target,No,0,None,ADHD
1067,Non-Target,No,0,None,ADHD
1068,Non-Target,No,0,None,ADHD
1069,Non-Target,Yes,857,Commission,ADHD
1070,Non-Target,No,0,None,ADHD
1071,Non-Target,No,0,None,ADHD
1072,Target,Yes,912,None,ADHD
1073,Non-Target,Yes,714,Commission,ADHD
1074,Non-Target,No,0,None,ADHD
1075,Target,Yes,872,None,ADHD
1076,Non-Target,No,0,None,ADHD
1077,Target,Yes,675,None,ADHD
1078,Non-Target,No,0,None,ADHD
1079,Non-Target,No,0,None,ADHD
1080,Target,Yes,741,None,ADHD
1081,Non-Target,No,0,None,ADHD
1082,Non-Target,No,0,None,ADHD
1083,Target,Yes,662,None,ADHD
1084,Non-Target,Yes,880,Commission,ADHD
1085,Non-Target,No,0,None,ADHD
1086,Non-Target,No,0,None,ADHD
1087,Non-Target,No,0,None,ADHD
1088,Non-Target,No,0,None,ADHD
1089,Non-Target,No,0,None,ADHD
1090,Non-Target,No,0,None,ADHD
1091,Non-Target,No,0,None,ADHD
1092,Target,Yes,784,None,ADHD
1093,Non-Target,No,0,None,ADHD
1094,Non-Target,No,0,None,ADHD
1095,Non-Target,No,0,None,ADHD
1096,Target,Yes,708,None,ADHD
1097,Non-Target,No,0,None,ADHD
1098,Target,Yes,803,None,ADHD
1099,Non-Target,No,0,None,ADHD
1100,Target,Yes,1016,None,ADHD
1101,Target,Yes,840,None,ADHD
1102,Non-Target,Yes,856,Commission,ADHD
1103,Non-Target,No,0,None,ADHD
1104,Target,Yes,951,None,ADHD
1105,Non-Target,No,0,None,ADHD
1106,Non-Target,No,0,None,ADHD
1107,Target,No,0,Omission,ADHD
1108,Non-Target,No,0,None,ADHD
1109,Non-Target,No,0,None,ADHD
1110,Non-Target,No,0,None,ADHD
1111,Target,Yes,737,None,ADHD
1112,Non-Target,No,0,None,ADHD
1113,Target,Yes,660,None,ADHD
1114,Non-Target,No,0,None,ADHD
1115,Non-Target,Yes,756,Commission,ADHD
1116,Non-Target,No,0,None,ADHD
1117,Target,Yes,823,None,ADHD
1118,Non-Target,No,0,None,ADHD
1119,Target,Yes,813,None,ADHD
1120,Target,Yes,671,None,ADHD
1121,Non-Target,No,0,None,ADHD
1122,Non-Target,No,0,None,ADHD
1123,Non-Target,No,0,None,ADHD
1124,Non-Target,No,0,None,ADHD
1125,Non-Target,Yes,705,Commission,ADHD
1126,Non-Target,No,0,None,ADHD
1127,Non-Target,No,0,None,ADHD
1128,Non-Target,No,0,None,ADHD
1129,Non-Target,No,0,None,ADHD
1130,Target,Yes,750,None,ADHD
1131,Non-Target,No,0,None,ADHD
1132,Non-Target,No,0,None,ADHD
1133,Non-Target,No,0,None,ADHD
1134,Non-Target,No,0,None,ADHD
1135,Target,No,0,Omission,ADHD
1136,Non-Target,No,0,None,ADHD
1137,Non-Target,Yes,823,Commission,ADHD
1138,Non-Target,No,0,None,ADHD
1139,Non-Target,No,0,None,ADHD
1140,Non-Target,No,0,None,ADHD
1141,Non-Target,No,0,None,ADHD
1142,Target,Yes,911,None,ADHD
1143,Target,Yes,1033,None,ADHD
1144,Non-Target,No,0,None,ADHD
1145,Non-Target,No,0,None,ADHD
1146,Target,Yes,828,None,ADHD
1147,Non-Target,No,0,None,ADHD
1148,Non-Target,No,0,None,ADHD
1149,Target,Yes,970,None,ADHD
1150,Non-Target,No,0,None,ADHD
1151,Target,Yes,832,None,ADHD
1152,Non-Target,No,0,None,ADHD
1153,Target,Yes,612,None,ADHD
1154,Non-Target,No,0,None,ADHD
1155,Target,Yes,894,None,ADHD
1156,Non-Target,No,0,None,ADHD
1157,Target,Yes,802,None,ADHD
1158,Non-Target,No,0,None,ADHD
1159,Non-Target,No,0,None,ADHD
1160,Non-Target,No,0,None,ADHD
1161,Non-Target,No,0,None,ADHD
1162,Non-Target,No,0,None,ADHD
1163,Target,Yes,820,None,ADHD
1164,Target,Yes,895,None,ADHD
1165,Non-Target,No,0,None,ADHD
1166,Non-Target,No,0,None,ADHD
1167,Non-Target,Yes,529,Commission,ADHD
1168,Non-Target,No,0,None,ADHD
1169,Non-Target,No,0,None,ADHD
1170,Non-Target,No,0,None,ADHD
1171,Target,No,0,Omission,ADHD
1172,Non-Target,No,0,None,ADHD
1173,Target,Yes,780,None,ADHD
1174,Target,Yes,806,None,ADHD
1175,Target,Yes,896,None,ADHD
1176,Non-Target,No,0,None,ADHD
1177,Non-Target,No,0,None,ADHD
1178,Non-Target,No,0,None,ADHD
1179,Non-Target,No,0,None,ADHD
1180,Non-Target,No,0,None,ADHD
1181,Non-Target,No,0,None,ADHD
1182,Target,Yes,961,None,ADHD
1183,Non-Target,Yes,918,Commission,ADHD
1184,Target,Yes,853,None,ADHD
1185,Non-Target,Yes,924,Commission,ADHD
1186,Target,Yes,720,None,ADHD
1187,Non-Target,No,0,None,ADHD
1188,Non-Target,No,0,None,ADHD
1189,Target,Yes,848,None,ADHD
1190,Target,Yes,601,None,ADHD
1191,Target,Yes,1089,None,ADHD
1192,Target,Yes,885,None,ADHD
1193,Non-Target,Yes,748,Commission,ADHD
1194,Non-Target,No,0,None,ADHD
1195,Non-Target,No,0,None,ADHD
1196,Target,Yes,988,None,ADHD
1197,Target,Yes,863,None,ADHD
1198,Non-Target,No,0,None,ADHD
1199,Target,Yes,750,None,ADHD
1200,Non-Target,No,0,None,ADHD
