Trial,StimulusType,Reaction,ReactionTime(ms),ErrorType,Label
1,Target,No,0,Omission,ADHD
2,Non-Target,Yes,739,Commission,ADHD
3,Non-Target,No,0,None,ADHD
4,Non-Target,No,0,None,ADHD
5,Target,Yes,629,None,ADHD
6,Non-Target,No,0,None,ADHD
7,Non-Target,No,0,None,ADHD
8,Non-Target,Yes,752,Commission,ADHD
9,Non-Target,No,0,None,ADHD
10,Non-Target,No,0,None,ADHD
11,Non-Target,No,0,None,ADHD
12,Non-Target,No,0,None,ADHD
13,Non-Target,No,0,None,ADHD
14,Non-Target,No,0,None,ADHD
15,Target,Yes,765,None,ADHD
16,Non-Target,No,0,None,ADHD
17,Non-Target,No,0,None,ADHD
18,Non-Target,Yes,620,Commission,ADHD
19,Target,Yes,872,None,ADHD
20,Non-Target,No,0,None,ADHD
21,Non-Target,No,0,None,ADHD
22,Non-Target,No,0,None,ADHD
23,Target,Yes,753,None,ADHD
24,Non-Target,No,0,None,ADHD
25,Target,Yes,796,None,ADHD
26,Target,Yes,710,None,ADHD
27,Non-Target,No,0,None,ADHD
28,Non-Target,No,0,None,ADHD
29,Non-Target,Yes,732,Commission,ADHD
30,Non-Target,No,0,None,ADHD
31,Non-Target,No,0,None,ADHD
32,Target,Yes,821,None,ADHD
33,Target,Yes,619,None,ADHD
34,Target,Yes,849,None,ADHD
35,Non-Target,Yes,500,Commission,ADHD
36,Non-Target,No,0,None,ADHD
37,Non-Target,Yes,608,Commission,ADHD
38,Non-Target,No,0,None,ADHD
39,Target,Yes,903,None,ADHD
40,Target,Yes,1030,None,ADHD
41,Non-Target,No,0,None,ADHD
42,Target,Yes,623,None,ADHD
43,Non-Target,Yes,759,Commission,ADHD
44,Target,Yes,849,None,ADHD
45,Target,Yes,734,None,ADHD
46,Non-Target,Yes,573,Commission,ADHD
47,Non-Target,No,0,None,ADHD
48,Non-Target,No,0,None,ADHD
49,Non-Target,Yes,637,Commission,ADHD
50,Non-Target,No,0,None,ADHD
51,Non-Target,No,0,None,ADHD
52,Non-Target,Yes,553,Commission,ADHD
53,Non-Target,No,0,None,ADHD
54,Non-Target,No,0,None,ADHD
55,Target,No,0,Omission,ADHD
56,Non-Target,No,0,None,ADHD
57,Non-Target,No,0,None,ADHD
58,Target,Yes,735,None,ADHD
59,Non-Target,No,0,None,ADHD
60,Non-Target,No,0,None,ADHD
61,Target,Yes,535,None,ADHD
62,Non-Target,No,0,None,ADHD
63,Non-Target,No,0,None,ADHD
64,Target,Yes,808,None,ADHD
65,Non-Target,No,0,None,ADHD
66,Non-Target,No,0,None,ADHD
67,Target,Yes,749,None,ADHD
68,Non-Target,Yes,522,Commission,ADHD
69,Non-Target,No,0,None,ADHD
70,Non-Target,No,0,None,ADHD
71,Target,Yes,758,None,ADHD
72,Target,Yes,676,None,ADHD
73,Non-Target,No,0,None,ADHD
74,Non-Target,No,0,None,ADHD
75,Non-Target,Yes,726,Commission,ADHD
76,Target,Yes,918,None,ADHD
77,Target,No,0,Omission,ADHD
78,Target,Yes,764,None,ADHD
79,Non-Target,No,0,None,ADHD
80,Non-Target,No,0,None,ADHD
81,Non-Target,No,0,None,ADHD
82,Non-Target,No,0,None,ADHD
83,Non-Target,No,0,None,ADHD
84,Target,No,0,Omission,ADHD
85,Target,Yes,710,None,ADHD
86,Non-Target,No,0,None,ADHD
87,Non-Target,Yes,694,Commission,ADHD
88,Non-Target,No,0,None,ADHD
89,Non-Target,No,0,None,ADHD
90,Non-Target,No,0,None,ADHD
91,Non-Target,Yes,862,Commission,ADHD
92,Non-Target,No,0,None,ADHD
93,Target,No,0,Omission,ADHD
94,Non-Target,Yes,673,Commission,ADHD
95,Non-Target,No,0,None,ADHD
96,Non-Target,No,0,None,ADHD
97,Target,Yes,1008,None,ADHD
98,Non-Target,No,0,None,ADHD
99,Non-Target,No,0,None,ADHD
100,Non-Target,No,0,None,ADHD
101,Target,Yes,672,None,ADHD
102,Non-Target,No,0,None,ADHD
103,Target,Yes,849,None,ADHD
104,Non-Target,No,0,None,ADHD
105,Non-Target,Yes,851,Commission,ADHD
106,Non-Target,No,0,None,ADHD
107,Non-Target,No,0,None,ADHD
108,Non-Target,No,0,None,ADHD
109,Non-Target,Yes,733,Commission,ADHD
110,Target,No,0,Omission,ADHD
111,Non-Target,No,0,None,ADHD
112,Non-Target,No,0,None,ADHD
113,Non-Target,No,0,None,ADHD
114,Non-Target,No,0,None,ADHD
115,Non-Target,No,0,None,ADHD
116,Target,Yes,546,None,ADHD
117,Target,Yes,469,None,ADHD
118,Non-Target,No,0,None,ADHD
119,Non-Target,No,0,None,ADHD
120,Non-Target,No,0,None,ADHD
121,Non-Target,No,0,None,ADHD
122,Non-Target,No,0,None,ADHD
123,Non-Target,No,0,None,ADHD
124,Non-Target,No,0,None,ADHD
125,Target,Yes,865,None,ADHD
126,Non-Target,No,0,None,ADHD
127,Non-Target,No,0,None,ADHD
128,Non-Target,No,0,None,ADHD
129,Non-Target,No,0,None,ADHD
130,Non-Target,Yes,838,Commission,ADHD
131,Non-Target,No,0,None,ADHD
132,Non-Target,Yes,600,Commission,ADHD
133,Non-Target,No,0,None,ADHD
134,Non-Target,No,0,None,ADHD
135,Non-Target,No,0,None,ADHD
136,Non-Target,No,0,None,ADHD
137,Non-Target,Yes,527,Commission,ADHD
138,Non-Target,No,0,None,ADHD
139,Non-Target,No,0,None,ADHD
140,Non-Target,No,0,None,ADHD
141,Target,Yes,650,None,ADHD
142,Non-Target,No,0,None,ADHD
143,Non-Target,No,0,None,ADHD
144,Non-Target,No,0,None,ADHD
145,Non-Target,No,0,None,ADHD
146,Target,No,0,Omission,ADHD
147,Non-Target,Yes,784,Commission,ADHD
148,Target,Yes,756,None,ADHD
149,Non-Target,No,0,None,ADHD
150,Non-Target,No,0,None,ADHD
151,Target,Yes,739,None,ADHD
152,Non-Target,Yes,820,Commission,ADHD
153,Target,Yes,808,None,ADHD
154,Non-Target,Yes,786,Commission,ADHD
155,Non-Target,No,0,None,ADHD
156,Non-Target,No,0,None,ADHD
157,Non-Target,No,0,None,ADHD
158,Target,Yes,368,None,ADHD
159,Non-Target,No,0,None,ADHD
160,Non-Target,Yes,589,Commission,ADHD
161,Non-Target,Yes,654,Commission,ADHD
162,Non-Target,No,0,None,ADHD
163,Non-Target,No,0,None,ADHD
164,Non-Target,Yes,293,Commission,ADHD
165,Non-Target,No,0,None,ADHD
166,Non-Target,No,0,None,ADHD
167,Target,Yes,841,None,ADHD
168,Non-Target,No,0,None,ADHD
169,Target,Yes,628,None,ADHD
170,Target,Yes,513,None,ADHD
171,Non-Target,No,0,None,ADHD
172,Non-Target,No,0,None,ADHD
173,Non-Target,No,0,None,ADHD
174,Non-Target,No,0,None,ADHD
175,Non-Target,Yes,765,Commission,ADHD
176,Non-Target,No,0,None,ADHD
177,Non-Target,No,0,None,ADHD
178,Non-Target,No,0,None,ADHD
179,Non-Target,No,0,None,ADHD
180,Target,Yes,692,None,ADHD
181,Non-Target,No,0,None,ADHD
182,Non-Target,No,0,None,ADHD
183,Target,Yes,979,None,ADHD
184,Target,Yes,547,None,ADHD
185,Non-Target,Yes,682,Commission,ADHD
186,Non-Target,No,0,None,ADHD
187,Non-Target,Yes,611,Commission,ADHD
188,Target,Yes,839,None,ADHD
189,Target,Yes,626,None,ADHD
190,Non-Target,No,0,None,ADHD
191,Non-Target,No,0,None,ADHD
192,Non-Target,No,0,None,ADHD
193,Target,No,0,Omission,ADHD
194,Non-Target,No,0,None,ADHD
195,Non-Target,No,0,None,ADHD
196,Non-Target,No,0,None,ADHD
197,Non-Target,No,0,None,ADHD
198,Target,Yes,612,None,ADHD
199,Non-Target,No,0,None,ADHD
200,Non-Target,No,0,None,ADHD
201,Non-Target,No,0,None,ADHD
202,Non-Target,Yes,585,Commission,ADHD
203,Non-Target,No,0,None,ADHD
204,Target,Yes,532,None,ADHD
205,Non-Target,No,0,None,ADHD
206,Non-Target,No,0,None,ADHD
207,Non-Target,No,0,None,ADHD
208,Target,Yes,599,None,ADHD
209,Non-Target,No,0,None,ADHD
210,Non-Target,No,0,None,ADHD
211,Non-Target,No,0,None,ADHD
212,Non-Target,No,0,None,ADHD
213,Non-Target,No,0,None,ADHD
214,Non-Target,No,0,None,ADHD
215,Target,Yes,687,None,ADHD
216,Non-Target,No,0,None,ADHD
217,Non-Target,No,0,None,ADHD
218,Non-Target,No,0,None,ADHD
219,Non-Target,No,0,None,ADHD
220,Non-Target,No,0,None,ADHD
221,Non-Target,Yes,664,Commission,ADHD
222,Non-Target,No,0,None,ADHD
223,Target,Yes,628,None,ADHD
224,Target,Yes,625,None,ADHD
225,Non-Target,No,0,None,ADHD
226,Non-Target,No,0,None,ADHD
227,Non-Target,No,0,None,ADHD
228,Non-Target,No,0,None,ADHD
229,Target,Yes,660,None,ADHD
230,Non-Target,No,0,None,ADHD
231,Non-Target,No,0,None,ADHD
232,Non-Target,No,0,None,ADHD
233,Non-Target,No,0,None,ADHD
234,Target,Yes,694,None,ADHD
235,Non-Target,No,0,None,ADHD
236,Non-Target,No,0,None,ADHD
237,Non-Target,No,0,None,ADHD
238,Non-Target,No,0,None,ADHD
239,Non-Target,No,0,None,ADHD
240,Non-Target,No,0,None,ADHD
241,Non-Target,No,0,None,ADHD
242,Target,Yes,620,None,ADHD
243,Target,No,0,Omission,ADHD
244,Target,Yes,470,None,ADHD
245,Non-Target,No,0,None,ADHD
246,Target,Yes,813,None,ADHD
247,Non-Target,No,0,None,ADHD
248,Non-Target,No,0,None,ADHD
249,Target,Yes,604,None,ADHD
250,Non-Target,No,0,None,ADHD
251,Non-Target,No,0,None,ADHD
252,Target,Yes,734,None,ADHD
253,Non-Target,No,0,None,ADHD
254,Non-Target,No,0,None,ADHD
255,Target,Yes,759,None,ADHD
256,Target,Yes,769,None,ADHD
257,Non-Target,No,0,None,ADHD
258,Target,Yes,943,None,ADHD
259,Non-Target,Yes,699,Commission,ADHD
260,Non-Target,No,0,None,ADHD
261,Non-Target,No,0,None,ADHD
262,Target,Yes,830,None,ADHD
263,Non-Target,Yes,662,Commission,ADHD
264,Non-Target,Yes,431,Commission,ADHD
265,Target,Yes,706,None,ADHD
266,Target,Yes,897,None,ADHD
267,Non-Target,No,0,None,ADHD
268,Target,Yes,751,None,ADHD
269,Target,Yes,696,None,ADHD
270,Non-Target,Yes,668,Commission,ADHD
271,Target,Yes,651,None,ADHD
272,Non-Target,No,0,None,ADHD
273,Non-Target,No,0,None,ADHD
274,Target,Yes,791,None,ADHD
275,Target,Yes,631,None,ADHD
276,Non-Target,No,0,None,ADHD
277,Non-Target,No,0,None,ADHD
278,Non-Target,Yes,719,Commission,ADHD
279,Non-Target,No,0,None,ADHD
280,Target,Yes,682,None,ADHD
281,Non-Target,No,0,None,ADHD
282,Target,Yes,697,None,ADHD
283,Non-Target,No,0,None,ADHD
284,Non-Target,No,0,None,ADHD
285,Non-Target,No,0,None,ADHD
286,Non-Target,No,0,None,ADHD
287,Non-Target,No,0,None,ADHD
288,Non-Target,No,0,None,ADHD
289,Non-Target,No,0,None,ADHD
290,Non-Target,No,0,None,ADHD
291,Target,Yes,805,None,ADHD
292,Non-Target,No,0,None,ADHD
293,Non-Target,Yes,423,Commission,ADHD
294,Non-Target,No,0,None,ADHD
295,Target,Yes,897,None,ADHD
296,Non-Target,No,0,None,ADHD
297,Non-Target,No,0,None,ADHD
298,Non-Target,No,0,None,ADHD
299,Non-Target,No,0,None,ADHD
300,Target,Yes,799,None,ADHD
301,Non-Target,No,0,None,ADHD
302,Non-Target,No,0,None,ADHD
303,Non-Target,No,0,None,ADHD
304,Target,Yes,590,None,ADHD
305,Target,No,0,Omission,ADHD
306,Non-Target,No,0,None,ADHD
307,Target,Yes,746,None,ADHD
308,Target,Yes,612,None,ADHD
309,Non-Target,No,0,None,ADHD
310,Target,No,0,Omission,ADHD
311,Non-Target,Yes,640,Commission,ADHD
312,Non-Target,No,0,None,ADHD
313,Non-Target,No,0,None,ADHD
314,Target,Yes,862,None,ADHD
315,Non-Target,No,0,None,ADHD
316,Non-Target,No,0,None,ADHD
317,Target,Yes,678,None,ADHD
318,Non-Target,No,0,None,ADHD
319,Non-Target,No,0,None,ADHD
320,Target,Yes,679,None,ADHD
321,Non-Target,Yes,658,Commission,ADHD
322,Non-Target,No,0,None,ADHD
323,Non-Target,No,0,None,ADHD
324,Target,Yes,775,None,ADHD
325,Target,Yes,605,None,ADHD
326,Non-Target,No,0,None,ADHD
327,Non-Target,No,0,None,ADHD
328,Target,Yes,575,None,ADHD
329,Target,Yes,818,None,ADHD
330,Non-Target,No,0,None,ADHD
331,Non-Target,Yes,833,Commission,ADHD
332,Non-Target,No,0,None,ADHD
333,Non-Target,No,0,None,ADHD
334,Target,Yes,850,None,ADHD
335,Non-Target,No,0,None,ADHD
336,Non-Target,No,0,None,ADHD
337,Target,Yes,477,None,ADHD
338,Target,Yes,440,None,ADHD
339,Non-Target,No,0,None,ADHD
340,Non-Target,No,0,None,ADHD
341,Non-Target,No,0,None,ADHD
342,Non-Target,No,0,None,ADHD
343,Target,Yes,663,None,ADHD
344,Non-Target,No,0,None,ADHD
345,Target,Yes,852,None,ADHD
346,Non-Target,No,0,None,ADHD
347,Non-Target,No,0,None,ADHD
348,Non-Target,No,0,None,ADHD
349,Target,Yes,963,None,ADHD
350,Non-Target,Yes,720,Commission,ADHD
351,Non-Target,No,0,None,ADHD
352,Target,Yes,612,None,ADHD
353,Non-Target,No,0,None,ADHD
354,Non-Target,No,0,None,ADHD
355,Non-Target,No,0,None,ADHD
356,Non-Target,No,0,None,ADHD
357,Non-Target,Yes,604,Commission,ADHD
358,Non-Target,No,0,None,ADHD
359,Target,Yes,563,None,ADHD
360,Target,No,0,Omission,ADHD
361,Non-Target,No,0,None,ADHD
362,Target,Yes,404,None,ADHD
363,Non-Target,No,0,None,ADHD
364,Non-Target,No,0,None,ADHD
365,Target,Yes,548,None,ADHD
366,Non-Target,Yes,709,Commission,ADHD
367,Non-Target,No,0,None,ADHD
368,Non-Target,No,0,None,ADHD
369,Non-Target,No,0,None,ADHD
370,Non-Target,Yes,916,Commission,ADHD
371,Non-Target,No,0,None,ADHD
372,Non-Target,No,0,None,ADHD
373,Non-Target,No,0,None,ADHD
374,Target,Yes,606,None,ADHD
375,Non-Target,Yes,457,Commission,ADHD
376,Non-Target,No,0,None,ADHD
377,Non-Target,Yes,821,Commission,ADHD
378,Target,No,0,Omission,ADHD
379,Non-Target,No,0,None,ADHD
380,Non-Target,No,0,None,ADHD
381,Non-Target,Yes,743,Commission,ADHD
382,Non-Target,No,0,None,ADHD
383,Non-Target,Yes,816,Commission,ADHD
384,Target,Yes,657,None,ADHD
385,Non-Target,Yes,692,Commission,ADHD
386,Non-Target,No,0,None,ADHD
387,Non-Target,No,0,None,ADHD
388,Non-Target,Yes,674,Commission,ADHD
389,Target,Yes,667,None,ADHD
390,Non-Target,Yes,680,Commission,ADHD
391,Non-Target,No,0,None,ADHD
392,Target,Yes,907,None,ADHD
393,Non-Target,No,0,None,ADHD
394,Target,Yes,640,None,ADHD
395,Non-Target,No,0,None,ADHD
396,Target,Yes,648,None,ADHD
397,Target,Yes,614,None,ADHD
398,Non-Target,No,0,None,ADHD
399,Target,Yes,683,None,ADHD
400,Non-Target,Yes,728,Commission,ADHD
401,Non-Target,No,0,None,ADHD
402,Non-Target,No,0,None,ADHD
403,Non-Target,No,0,None,ADHD
404,Non-Target,No,0,None,ADHD
405,Target,Yes,634,None,ADHD
406,Non-Target,No,0,None,ADHD
407,Target,Yes,536,None,ADHD
408,Non-Target,Yes,675,Commission,ADHD
409,Target,No,0,Omission,ADHD
410,Non-Target,No,0,None,ADHD
411,Non-Target,No,0,None,ADHD
412,Non-Target,Yes,811,Commission,ADHD
413,Non-Target,No,0,None,ADHD
414,Non-Target,No,0,None,ADHD
415,Target,Yes,894,None,ADHD
416,Target,Yes,619,None,ADHD
417,Non-Target,No,0,None,ADHD
418,Target,Yes,805,None,ADHD
419,Non-Target,No,0,None,ADHD
420,Target,Yes,688,None,ADHD
421,Non-Target,No,0,None,ADHD
422,Non-Target,Yes,580,Commission,ADHD
423,Non-Target,No,0,None,ADHD
424,Non-Target,No,0,None,ADHD
425,Non-Target,No,0,None,ADHD
426,Non-Target,No,0,None,ADHD
427,Non-Target,No,0,None,ADHD
428,Non-Target,No,0,None,ADHD
429,Non-Target,Yes,921,Commission,ADHD
430,Non-Target,No,0,None,ADHD
431,Non-Target,No,0,None,ADHD
432,Non-Target,Yes,243,Commission,ADHD
433,Non-Target,No,0,None,ADHD
434,Non-Target,Yes,631,Commission,ADHD
435,Non-Target,No,0,None,ADHD
436,Target,Yes,478,None,ADHD
437,Target,No,0,Omission,ADHD
438,Non-Target,No,0,None,ADHD
439,Non-Target,No,0,None,ADHD
440,Non-Target,No,0,None,ADHD
441,Non-Target,No,0,None,ADHD
442,Non-Target,No,0,None,ADHD
443,Non-Target,Yes,792,Commission,ADHD
444,Target,Yes,654,None,ADHD
445,Non-Target,Yes,616,Commission,ADHD
446,Target,Yes,693,None,ADHD
447,Target,Yes,786,None,ADHD
448,Non-Target,No,0,None,ADHD
449,Target,Yes,465,None,ADHD
450,Target,Yes,731,None,ADHD
451,Non-Target,No,0,None,ADHD
452,Non-Target,No,0,None,ADHD
453,Target,Yes,853,None,ADHD
454,Non-Target,No,0,None,ADHD
455,Non-Target,No,0,None,ADHD
456,Target,Yes,554,None,ADHD
457,Non-Target,No,0,None,ADHD
458,Non-Target,No,0,None,ADHD
459,Non-Target,No,0,None,ADHD
460,Target,Yes,748,None,ADHD
461,Non-Target,Yes,974,Commission,ADHD
462,Target,Yes,731,None,ADHD
463,Non-Target,No,0,None,ADHD
464,Target,Yes,803,None,ADHD
465,Target,Yes,682,None,ADHD
466,Non-Target,Yes,916,Commission,ADHD
467,Non-Target,No,0,None,ADHD
468,Target,Yes,709,None,ADHD
469,Non-Target,No,0,None,ADHD
470,Target,Yes,837,None,ADHD
471,Non-Target,No,0,None,ADHD
472,Non-Target,No,0,None,ADHD
473,Non-Target,No,0,None,ADHD
474,Non-Target,No,0,None,ADHD
475,Non-Target,No,0,None,ADHD
476,Non-Target,No,0,None,ADHD
477,Non-Target,Yes,672,Commission,ADHD
478,Target,Yes,613,None,ADHD
479,Non-Target,No,0,None,ADHD
480,Non-Target,No,0,None,ADHD
481,Target,Yes,764,None,ADHD
482,Non-Target,No,0,None,ADHD
483,Non-Target,No,0,None,ADHD
484,Non-Target,Yes,615,Commission,ADHD
485,Non-Target,No,0,None,ADHD
486,Non-Target,No,0,None,ADHD
487,Non-Target,No,0,None,ADHD
488,Target,Yes,636,None,ADHD
489,Non-Target,No,0,None,ADHD
490,Non-Target,No,0,None,ADHD
491,Target,Yes,693,None,ADHD
492,Non-Target,No,0,None,ADHD
493,Target,Yes,412,None,ADHD
494,Non-Target,No,0,None,ADHD
495,Non-Target,No,0,None,ADHD
496,Target,Yes,917,None,ADHD
497,Non-Target,No,0,None,ADHD
498,Non-Target,Yes,269,Commission,ADHD
499,Target,Yes,785,None,ADHD
500,Target,Yes,976,None,ADHD
501,Non-Target,No,0,None,ADHD
502,Non-Target,No,0,None,ADHD
503,Non-Target,No,0,None,ADHD
504,Non-Target,No,0,None,ADHD
505,Target,Yes,773,None,ADHD
506,Target,Yes,545,None,ADHD
507,Non-Target,No,0,None,ADHD
508,Non-Target,No,0,None,ADHD
509,Non-Target,No,0,None,ADHD
510,Non-Target,No,0,None,ADHD
511,Non-Target,No,0,None,ADHD
512,Target,No,0,Omission,ADHD
513,Non-Target,No,0,None,ADHD
514,Non-Target,No,0,None,ADHD
515,Non-Target,No,0,None,ADHD
516,Non-Target,Yes,725,Commission,ADHD
517,Target,Yes,671,None,ADHD
518,Non-Target,No,0,None,ADHD
519,Non-Target,No,0,None,ADHD
520,Non-Target,Yes,760,Commission,ADHD
521,Non-Target,No,0,None,ADHD
522,Non-Target,No,0,None,ADHD
523,Non-Target,No,0,None,ADHD
524,Non-Target,No,0,None,ADHD
525,Non-Target,No,0,None,ADHD
526,Non-Target,No,0,None,ADHD
527,Non-Target,No,0,None,ADHD
528,Non-Target,No,0,None,ADHD
529,Target,Yes,693,None,ADHD
530,Non-Target,No,0,None,ADHD
531,Non-Target,No,0,None,ADHD
532,Non-Target,No,0,None,ADHD
533,Target,Yes,627,None,ADHD
534,Target,Yes,809,None,ADHD
535,Non-Target,No,0,None,ADHD
536,Target,Yes,730,None,ADHD
537,Target,Yes,509,None,ADHD
538,Non-Target,No,0,None,ADHD
539,Non-Target,Yes,750,Commission,ADHD
540,Non-Target,Yes,526,Commission,ADHD
541,Non-Target,Yes,758,Commission,ADHD
542,Non-Target,No,0,None,ADHD
543,Non-Target,No,0,None,ADHD
544,Non-Target,No,0,None,ADHD
545,Non-Target,No,0,None,ADHD
546,Target,Yes,711,None,ADHD
547,Non-Target,No,0,None,ADHD
548,Non-Target,No,0,None,ADHD
549,Non-Target,No,0,None,ADHD
550,Non-Target,No,0,None,ADHD
551,Non-Target,No,0,None,ADHD
552,Non-Target,No,0,None,ADHD
553,Non-Target,No,0,None,ADHD
554,Target,Yes,630,None,ADHD
555,Target,Yes,707,None,ADHD
556,Non-Target,No,0,None,ADHD
557,Non-Target,Yes,546,Commission,ADHD
558,Target,Yes,854,None,ADHD
559,Non-Target,No,0,None,ADHD
560,Non-Target,Yes,655,Commission,ADHD
561,Target,Yes,542,None,ADHD
562,Target,Yes,729,None,ADHD
563,Non-Target,No,0,None,ADHD
564,Non-Target,Yes,825,Commission,ADHD
565,Non-Target,No,0,None,ADHD
566,Non-Target,No,0,None,ADHD
567,Non-Target,No,0,None,ADHD
568,Non-Target,No,0,None,ADHD
569,Target,Yes,423,None,ADHD
570,Target,Yes,790,None,ADHD
571,Target,Yes,697,None,ADHD
572,Non-Target,No,0,None,ADHD
573,Non-Target,No,0,None,ADHD
574,Non-Target,No,0,None,ADHD
575,Target,Yes,792,None,ADHD
576,Non-Target,No,0,None,ADHD
577,Non-Target,No,0,None,ADHD
578,Non-Target,No,0,None,ADHD
579,Non-Target,No,0,None,ADHD
580,Non-Target,No,0,None,ADHD
581,Non-Target,No,0,None,ADHD
582,Non-Target,No,0,None,ADHD
583,Non-Target,No,0,None,ADHD
584,Target,Yes,991,None,ADHD
585,Non-Target,No,0,None,ADHD
586,Non-Target,No,0,None,ADHD
587,Target,Yes,738,None,ADHD
588,Target,No,0,Omission,ADHD
589,Non-Target,Yes,537,Commission,ADHD
590,Non-Target,No,0,None,ADHD
591,Target,Yes,690,None,ADHD
592,Non-Target,No,0,None,ADHD
593,Non-Target,Yes,847,Commission,ADHD
594,Non-Target,Yes,563,Commission,ADHD
595,Non-Target,No,0,None,ADHD
596,Target,Yes,747,None,ADHD
597,Target,Yes,794,None,ADHD
598,Non-Target,No,0,None,ADHD
599,Target,Yes,346,None,ADHD
600,Target,Yes,828,None,ADHD
601,Non-Target,No,0,None,ADHD
602,Non-Target,No,0,None,ADHD
603,Non-Target,No,0,None,ADHD
604,Non-Target,Yes,386,Commission,ADHD
605,Non-Target,No,0,None,ADHD
606,Target,Yes,859,None,ADHD
607,Non-Target,No,0,None,ADHD
608,Non-Target,No,0,None,ADHD
609,Target,Yes,450,None,ADHD
610,Non-Target,No,0,None,ADHD
611,Non-Target,No,0,None,ADHD
612,Non-Target,No,0,None,ADHD
613,Non-Target,No,0,None,ADHD
614,Non-Target,No,0,None,ADHD
615,Non-Target,No,0,None,ADHD
616,Target,Yes,814,None,ADHD
617,Non-Target,No,0,None,ADHD
618,Non-Target,No,0,None,ADHD
619,Non-Target,No,0,None,ADHD
620,Non-Target,No,0,None,ADHD
621,Non-Target,No,0,None,ADHD
622,Target,No,0,Omission,ADHD
623,Non-Target,No,0,None,ADHD
624,Non-Target,No,0,None,ADHD
625,Non-Target,No,0,None,ADHD
626,Target,Yes,816,None,ADHD
627,Non-Target,No,0,None,ADHD
628,Target,No,0,Omission,ADHD
629,Non-Target,Yes,732,Commission,ADHD
630,Non-Target,No,0,None,ADHD
631,Non-Target,No,0,None,ADHD
632,Non-Target,Yes,530,Commission,ADHD
633,Non-Target,No,0,None,ADHD
634,Non-Target,No,0,None,ADHD
635,Non-Target,No,0,None,ADHD
636,Non-Target,No,0,None,ADHD
637,Non-Target,No,0,None,ADHD
638,Target,No,0,Omission,ADHD
639,Non-Target,No,0,None,ADHD
640,Non-Target,No,0,None,ADHD
641,Target,Yes,783,None,ADHD
642,Target,No,0,Omission,ADHD
643,Non-Target,No,0,None,ADHD
644,Non-Target,No,0,None,ADHD
645,Target,Yes,945,None,ADHD
646,Non-Target,No,0,None,ADHD
647,Non-Target,No,0,None,ADHD
648,Non-Target,Yes,683,Commission,ADHD
649,Non-Target,No,0,None,ADHD
650,Non-Target,No,0,None,ADHD
651,Non-Target,No,0,None,ADHD
652,Non-Target,No,0,None,ADHD
653,Target,Yes,471,None,ADHD
654,Non-Target,No,0,None,ADHD
655,Non-Target,No,0,None,ADHD
656,Non-Target,No,0,None,ADHD
657,Non-Target,Yes,783,Commission,ADHD
658,Non-Target,No,0,None,ADHD
659,Non-Target,No,0,None,ADHD
660,Target,No,0,Omission,ADHD
661,Non-Target,No,0,None,ADHD
662,Non-Target,No,0,None,ADHD
663,Non-Target,Yes,582,Commission,ADHD
664,Target,Yes,614,None,ADHD
665,Non-Target,No,0,None,ADHD
666,Target,Yes,585,None,ADHD
667,Non-Target,Yes,692,Commission,ADHD
668,Non-Target,No,0,None,ADHD
669,Non-Target,Yes,548,Commission,ADHD
670,Target,Yes,652,None,ADHD
671,Non-Target,No,0,None,ADHD
672,Non-Target,No,0,None,ADHD
673,Non-Target,No,0,None,ADHD
674,Non-Target,No,0,None,ADHD
675,Non-Target,No,0,None,ADHD
676,Target,No,0,Omission,ADHD
677,Non-Target,No,0,None,ADHD
678,Non-Target,No,0,None,ADHD
679,Non-Target,No,0,None,ADHD
680,Non-Target,No,0,None,ADHD
681,Non-Target,No,0,None,ADHD
682,Non-Target,Yes,667,Commission,ADHD
683,Target,Yes,690,None,ADHD
684,Target,Yes,665,None,ADHD
685,Non-Target,No,0,None,ADHD
686,Non-Target,No,0,None,ADHD
687,Non-Target,Yes,912,Commission,ADHD
688,Non-Target,No,0,None,ADHD
689,Target,Yes,679,None,ADHD
690,Non-Target,Yes,541,Commission,ADHD
691,Non-Target,No,0,None,ADHD
692,Non-Target,Yes,595,Commission,ADHD
693,Non-Target,No,0,None,ADHD
694,Non-Target,No,0,None,ADHD
695,Non-Target,No,0,None,ADHD
696,Target,Yes,691,None,ADHD
697,Target,No,0,Omission,ADHD
698,Target,Yes,809,None,ADHD
699,Non-Target,No,0,None,ADHD
700,Non-Target,No,0,None,ADHD
701,Non-Target,Yes,594,Commission,ADHD
702,Non-Target,Yes,786,Commission,ADHD
703,Target,Yes,864,None,ADHD
704,Target,Yes,855,None,ADHD
705,Non-Target,No,0,None,ADHD
706,Non-Target,No,0,None,ADHD
707,Non-Target,No,0,None,ADHD
708,Non-Target,No,0,None,ADHD
709,Non-Target,No,0,None,ADHD
710,Non-Target,No,0,None,ADHD
711,Non-Target,No,0,None,ADHD
712,Target,Yes,725,None,ADHD
713,Non-Target,No,0,None,ADHD
714,Non-Target,Yes,567,Commission,ADHD
715,Non-Target,No,0,None,ADHD
716,Non-Target,Yes,980,Commission,ADHD
717,Target,Yes,694,None,ADHD
718,Non-Target,Yes,616,Commission,ADHD
719,Non-Target,Yes,725,Commission,ADHD
720,Non-Target,No,0,None,ADHD
721,Target,Yes,539,None,ADHD
722,Non-Target,No,0,None,ADHD
723,Target,Yes,736,None,ADHD
724,Non-Target,No,0,None,ADHD
725,Target,Yes,660,None,ADHD
726,Target,Yes,800,None,ADHD
727,Non-Target,No,0,None,ADHD
728,Target,Yes,862,None,ADHD
729,Non-Target,No,0,None,ADHD
730,Non-Target,No,0,None,ADHD
731,Non-Target,No,0,None,ADHD
732,Non-Target,No,0,None,ADHD
733,Non-Target,No,0,None,ADHD
734,Non-Target,No,0,None,ADHD
735,Target,Yes,698,None,ADHD
736,Target,No,0,Omission,ADHD
737,Non-Target,No,0,None,ADHD
738,Target,Yes,493,None,ADHD
739,Non-Target,No,0,None,ADHD
740,Target,Yes,443,None,ADHD
741,Non-Target,No,0,None,ADHD
742,Non-Target,No,0,None,ADHD
743,Target,Yes,712,None,ADHD
744,Target,Yes,783,None,ADHD
745,Target,Yes,942,None,ADHD
746,Target,No,0,Omission,ADHD
747,Non-Target,No,0,None,ADHD
748,Non-Target,No,0,None,ADHD
749,Non-Target,No,0,None,ADHD
750,Target,Yes,603,None,ADHD
751,Target,No,0,Omission,ADHD
752,Target,Yes,684,None,ADHD
753,Target,Yes,610,None,ADHD
754,Target,No,0,Omission,ADHD
755,Non-Target,Yes,643,Commission,ADHD
756,Target,Yes,688,None,ADHD
757,Target,No,0,Omission,ADHD
758,Non-Target,No,0,None,ADHD
759,Non-Target,No,0,None,ADHD
760,Non-Target,No,0,None,ADHD
761,Non-Target,No,0,None,ADHD
762,Target,Yes,481,None,ADHD
763,Non-Target,No,0,None,ADHD
764,Target,No,0,Omission,ADHD
765,Non-Target,No,0,None,ADHD
766,Non-Target,Yes,827,Commission,ADHD
767,Non-Target,No,0,None,ADHD
768,Non-Target,Yes,755,Commission,ADHD
769,Target,Yes,588,None,ADHD
770,Non-Target,No,0,None,ADHD
771,Non-Target,Yes,617,Commission,ADHD
772,Non-Target,No,0,None,ADHD
773,Target,Yes,621,None,ADHD
774,Non-Target,No,0,None,ADHD
775,Non-Target,No,0,None,ADHD
776,Target,Yes,492,None,ADHD
777,Non-Target,No,0,None,ADHD
778,Non-Target,No,0,None,ADHD
779,Non-Target,No,0,None,ADHD
780,Non-Target,No,0,None,ADHD
781,Non-Target,No,0,None,ADHD
782,Non-Target,No,0,None,ADHD
783,Target,Yes,871,None,ADHD
784,Target,No,0,Omission,ADHD
785,Target,Yes,605,None,ADHD
786,Non-Target,No,0,None,ADHD
787,Non-Target,No,0,None,ADHD
788,Non-Target,No,0,None,ADHD
789,Non-Target,No,0,None,ADHD
790,Non-Target,No,0,None,ADHD
791,Non-Target,No,0,None,ADHD
792,Non-Target,No,0,None,ADHD
793,Non-Target,No,0,None,ADHD
794,Non-Target,No,0,None,ADHD
795,Non-Target,No,0,None,ADHD
796,Non-Target,No,0,None,ADHD
797,Non-Target,Yes,837,Commission,ADHD
798,Target,Yes,727,None,ADHD
799,Non-Target,No,0,None,ADHD
800,Non-Target,No,0,None,ADHD
801,Target,Yes,699,None,ADHD
802,Non-Target,No,0,None,ADHD
803,Non-Target,No,0,None,ADHD
804,Target,Yes,520,None,ADHD
805,Non-Target,Yes,864,Commission,ADHD
806,Non-Target,No,0,None,ADHD
807,Target,No,0,Omission,ADHD
808,Non-Target,No,0,None,ADHD
809,Non-Target,No,0,None,ADHD
810,Target,Yes,466,None,ADHD
811,Non-Target,No,0,None,ADHD
812,Target,Yes,647,None,ADHD
813,Non-Target,No,0,None,ADHD
814,Target,Yes,666,None,ADHD
815,Non-Target,No,0,None,ADHD
816,Non-Target,Yes,567,Commission,ADHD
817,Non-Target,No,0,None,ADHD
818,Non-Target,No,0,None,ADHD
819,Non-Target,Yes,730,Commission,ADHD
820,Non-Target,No,0,None,ADHD
821,Non-Target,No,0,None,ADHD
822,Target,Yes,693,None,ADHD
823,Target,No,0,Omission,ADHD
824,Non-Target,Yes,538,Commission,ADHD
825,Non-Target,No,0,None,ADHD
826,Non-Target,Yes,638,Commission,ADHD
827,Non-Target,No,0,None,ADHD
828,Target,No,0,Omission,ADHD
829,Target,Yes,688,None,ADHD
830,Target,Yes,882,None,ADHD
831,Non-Target,No,0,None,ADHD
832,Non-Target,No,0,None,ADHD
833,Non-Target,No,0,None,ADHD
834,Target,No,0,Omission,ADHD
835,Target,Yes,982,None,ADHD
836,Target,No,0,Omission,ADHD
837,Non-Target,No,0,None,ADHD
838,Non-Target,No,0,None,ADHD
839,Target,Yes,819,None,ADHD
840,Non-Target,No,0,None,ADHD
841,Target,No,0,Omission,ADHD
842,Non-Target,No,0,None,ADHD
843,Non-Target,No,0,None,ADHD
844,Target,No,0,Omission,ADHD
845,Non-Target,No,0,None,ADHD
846,Target,Yes,523,None,ADHD
847,Non-Target,No,0,None,ADHD
848,Target,No,0,Omission,ADHD
849,Non-Target,No,0,None,ADHD
850,Non-Target,No,0,None,ADHD
851,Non-Target,No,0,None,ADHD
852,Target,Yes,487,None,ADHD
853,Target,Yes,717,None,ADHD
854,Target,Yes,524,None,ADHD
855,Non-Target,No,0,None,ADHD
856,Non-Target,No,0,None,ADHD
857,Non-Target,No,0,None,ADHD
858,Non-Target,No,0,None,ADHD
859,Non-Target,No,0,None,ADHD
860,Non-Target,No,0,None,ADHD
861,Non-Target,Yes,639,Commission,ADHD
862,Non-Target,No,0,None,ADHD
863,Non-Target,Yes,746,Commission,ADHD
864,Non-Target,No,0,None,ADHD
865,Non-Target,No,0,None,ADHD
866,Non-Target,No,0,None,ADHD
867,Non-Target,No,0,None,ADHD
868,Target,Yes,622,None,ADHD
869,Non-Target,No,0,None,ADHD
870,Target,Yes,455,None,ADHD
871,Non-Target,No,0,None,ADHD
872,Target,Yes,766,None,ADHD
873,Non-Target,Yes,598,Commission,ADHD
874,Non-Target,No,0,None,ADHD
875,Target,Yes,686,None,ADHD
876,Non-Target,No,0,None,ADHD
877,Target,Yes,558,None,ADHD
878,Non-Target,No,0,None,ADHD
879,Non-Target,Yes,759,Commission,ADHD
880,Non-Target,Yes,671,Commission,ADHD
881,Non-Target,No,0,None,ADHD
882,Non-Target,No,0,None,ADHD
883,Non-Target,No,0,None,ADHD
884,Non-Target,No,0,None,ADHD
885,Target,Yes,805,None,ADHD
886,Non-Target,No,0,None,ADHD
887,Target,No,0,Omission,ADHD
888,Non-Target,No,0,None,ADHD
889,Non-Target,Yes,860,Commission,ADHD
890,Non-Target,No,0,None,ADHD
891,Non-Target,No,0,None,ADHD
892,Non-Target,No,0,None,ADHD
893,Target,Yes,911,None,ADHD
894,Non-Target,Yes,537,Commission,ADHD
895,Non-Target,No,0,None,ADHD
896,Non-Target,No,0,None,ADHD
897,Target,No,0,Omission,ADHD
898,Target,Yes,995,None,ADHD
899,Target,Yes,799,None,ADHD
900,Non-Target,No,0,None,ADHD
901,Non-Target,No,0,None,ADHD
902,Target,Yes,799,None,ADHD
903,Target,Yes,633,None,ADHD
904,Target,Yes,744,None,ADHD
905,Non-Target,No,0,None,ADHD
906,Target,Yes,1003,None,ADHD
907,Non-Target,No,0,None,ADHD
908,Non-Target,No,0,None,ADHD
909,Target,Yes,663,None,ADHD
910,Non-Target,No,0,None,ADHD
911,Non-Target,Yes,931,Commission,ADHD
912,Non-Target,No,0,None,ADHD
913,Non-Target,Yes,657,Commission,ADHD
914,Non-Target,No,0,None,ADHD
915,Non-Target,No,0,None,ADHD
916,Non-Target,No,0,None,ADHD
917,Non-Target,No,0,None,ADHD
918,Non-Target,No,0,None,ADHD
919,Non-Target,No,0,None,ADHD
920,Target,No,0,Omission,ADHD
921,Non-Target,No,0,None,ADHD
922,Non-Target,No,0,None,ADHD
923,Non-Target,No,0,None,ADHD
924,Non-Target,No,0,None,ADHD
925,Non-Target,No,0,None,ADHD
926,Non-Target,No,0,None,ADHD
927,Non-Target,No,0,None,ADHD
928,Target,Yes,559,None,ADHD
929,Non-Target,No,0,None,ADHD
930,Non-Target,No,0,None,ADHD
931,Non-Target,No,0,None,ADHD
932,Non-Target,No,0,None,ADHD
933,Non-Target,No,0,None,ADHD
934,Non-Target,Yes,867,Commission,ADHD
935,Target,Yes,753,None,ADHD
936,Non-Target,No,0,None,ADHD
937,Target,Yes,807,None,ADHD
938,Non-Target,No,0,None,ADHD
939,Non-Target,No,0,None,ADHD
940,Target,Yes,479,None,ADHD
941,Non-Target,No,0,None,ADHD
942,Non-Target,No,0,None,ADHD
943,Non-Target,No,0,None,ADHD
944,Target,Yes,565,None,ADHD
945,Non-Target,No,0,None,ADHD
946,Target,Yes,723,None,ADHD
947,Non-Target,No,0,None,ADHD
948,Non-Target,No,0,None,ADHD
949,Non-Target,Yes,749,Commission,ADHD
950,Target,No,0,Omission,ADHD
951,Non-Target,Yes,940,Commission,ADHD
952,Non-Target,No,0,None,ADHD
953,Non-Target,No,0,None,ADHD
954,Non-Target,No,0,None,ADHD
955,Non-Target,No,0,None,ADHD
956,Non-Target,No,0,None,ADHD
957,Non-Target,No,0,None,ADHD
958,Target,Yes,815,None,ADHD
959,Non-Target,No,0,None,ADHD
960,Non-Target,No,0,None,ADHD
961,Non-Target,No,0,None,ADHD
962,Non-Target,Yes,563,Commission,ADHD
963,Target,Yes,783,None,ADHD
964,Non-Target,No,0,None,ADHD
965,Target,Yes,934,None,ADHD
966,Non-Target,No,0,None,ADHD
967,Non-Target,No,0,None,ADHD
968,Non-Target,No,0,None,ADHD
969,Target,Yes,616,None,ADHD
970,Target,Yes,484,None,ADHD
971,Target,Yes,513,None,ADHD
972,Non-Target,No,0,None,ADHD
973,Non-Target,No,0,None,ADHD
974,Non-Target,No,0,None,ADHD
975,Non-Target,No,0,None,ADHD
976,Non-Target,No,0,None,ADHD
977,Target,Yes,165,None,ADHD
978,Non-Target,No,0,None,ADHD
979,Non-Target,No,0,None,ADHD
980,Non-Target,No,0,None,ADHD
981,Target,Yes,476,None,ADHD
982,Non-Target,Yes,1028,Commission,ADHD
983,Target,Yes,600,None,ADHD
984,Non-Target,No,0,None,ADHD
985,Target,Yes,694,None,ADHD
986,Target,Yes,507,None,ADHD
987,Target,Yes,751,None,ADHD
988,Target,Yes,728,None,ADHD
989,Non-Target,No,0,None,ADHD
990,Non-Target,No,0,None,ADHD
991,Non-Target,No,0,None,ADHD
992,Non-Target,No,0,None,ADHD
993,Non-Target,No,0,None,ADHD
994,Target,Yes,674,None,ADHD
995,Non-Target,Yes,754,Commission,ADHD
996,Non-Target,No,0,None,ADHD
997,Non-Target,Yes,849,Commission,ADHD
998,Non-Target,No,0,None,ADHD
999,Non-Target,No,0,None,ADHD
1000,Target,Yes,487,None,ADHD
1001,Non-Target,No,0,None,ADHD
1002,Non-Target,No,0,None,ADHD
1003,Non-Target,No,0,None,ADHD
1004,Target,Yes,694,None,ADHD
1005,Non-Target,No,0,None,ADHD
1006,Non-Target,Yes,645,Commission,ADHD
1007,Target,Yes,945,None,ADHD
1008,Non-Target,No,0,None,ADHD
1009,Non-Target,No,0,None,ADHD
1010,Non-Target,No,0,None,ADHD
1011,Target,Yes,519,None,ADHD
1012,Non-Target,Yes,674,Commission,ADHD
1013,Non-Target,No,0,None,ADHD
1014,Target,Yes,688,None,ADHD
1015,Non-Target,No,0,None,ADHD
1016,Non-Target,No,0,None,ADHD
1017,Non-Target,No,0,None,ADHD
1018,Non-Target,No,0,None,ADHD
1019,Non-Target,No,0,None,ADHD
1020,Non-Target,Yes,705,Commission,ADHD
1021,Non-Target,No,0,None,ADHD
1022,Target,Yes,776,None,ADHD
1023,Non-Target,No,0,None,ADHD
1024,Non-Target,No,0,None,ADHD
1025,Target,Yes,478,None,ADHD
1026,Target,No,0,Omission,ADHD
1027,Non-Target,Yes,711,Commission,ADHD
1028,Non-Target,No,0,None,ADHD
1029,Non-Target,No,0,None,ADHD
1030,Non-Target,No,0,None,ADHD
1031,Target,Yes,828,None,ADHD
1032,Non-Target,Yes,578,Commission,ADHD
1033,Target,Yes,598,None,ADHD
1034,Non-Target,No,0,None,ADHD
1035,Non-Target,No,0,None,ADHD
1036,Non-Target,No,0,None,ADHD
1037,Non-Target,No,0,None,ADHD
1038,Non-Target,No,0,None,ADHD
1039,Non-Target,No,0,None,ADHD
1040,Target,Yes,682,None,ADHD
1041,Non-Target,No,0,None,ADHD
1042,Non-Target,No,0,None,ADHD
1043,Target,Yes,577,None,ADHD
1044,Target,Yes,887,None,ADHD
1045,Target,Yes,604,None,ADHD
1046,Non-Target,No,0,None,ADHD
1047,Non-Target,Yes,568,Commission,ADHD
1048,Non-Target,No,0,None,ADHD
1049,Non-Target,No,0,None,ADHD
1050,Non-Target,No,0,None,ADHD
1051,Non-Target,No,0,None,ADHD
1052,Non-Target,No,0,None,ADHD
1053,Non-Target,Yes,519,Commission,ADHD
1054,Non-Target,No,0,None,ADHD
1055,Non-Target,No,0,None,ADHD
1056,Target,Yes,771,None,ADHD
1057,Non-Target,No,0,None,ADHD
1058,Non-Target,No,0,None,ADHD
1059,Non-Target,No,0,None,ADHD
1060,Non-Target,No,0,None,ADHD
1061,Target,Yes,626,None,ADHD
1062,Non-Target,No,0,None,ADHD
1063,Target,Yes,538,None,ADHD
1064,Non-Target,Yes,802,Commission,ADHD
1065,Non-Target,No,0,None,ADHD
1066,Target,Yes,189,None,ADHD
1067,Non-Target,Yes,495,Commission,ADHD
1068,Target,Yes,822,None,ADHD
1069,Non-Target,No,0,None,ADHD
1070,Non-Target,No,0,None,ADHD
1071,Non-Target,Yes,724,Commission,ADHD
1072,Target,Yes,948,None,ADHD
1073,Non-Target,No,0,None,ADHD
1074,Non-Target,Yes,858,Commission,ADHD
1075,Non-Target,No,0,None,ADHD
1076,Non-Target,No,0,None,ADHD
1077,Target,Yes,911,None,ADHD
1078,Non-Target,No,0,None,ADHD
1079,Non-Target,No,0,None,ADHD
1080,Target,Yes,399,None,ADHD
1081,Target,Yes,589,None,ADHD
1082,Non-Target,No,0,None,ADHD
1083,Non-Target,No,0,None,ADHD
1084,Target,Yes,689,None,ADHD
1085,Target,No,0,Omission,ADHD
1086,Target,Yes,580,None,ADHD
1087,Target,Yes,849,None,ADHD
1088,Non-Target,Yes,880,Commission,ADHD
1089,Non-Target,No,0,None,ADHD
1090,Non-Target,No,0,None,ADHD
1091,Non-Target,No,0,None,ADHD
1092,Non-Target,No,0,None,ADHD
1093,Non-Target,No,0,None,ADHD
1094,Non-Target,No,0,None,ADHD
1095,Target,Yes,688,None,ADHD
1096,Target,No,0,Omission,ADHD
1097,Non-Target,No,0,None,ADHD
1098,Target,Yes,779,None,ADHD
1099,Target,No,0,Omission,ADHD
1100,Non-Target,No,0,None,ADHD
1101,Non-Target,No,0,None,ADHD
1102,Non-Target,No,0,None,ADHD
1103,Non-Target,No,0,None,ADHD
1104,Non-Target,Yes,584,Commission,ADHD
1105,Target,Yes,308,None,ADHD
1106,Non-Target,No,0,None,ADHD
1107,Non-Target,No,0,None,ADHD
1108,Target,Yes,536,None,ADHD
1109,Non-Target,Yes,553,Commission,ADHD
1110,Non-Target,Yes,566,Commission,ADHD
1111,Non-Target,No,0,None,ADHD
1112,Target,Yes,648,None,ADHD
1113,Target,Yes,960,None,ADHD
1114,Non-Target,No,0,None,ADHD
1115,Non-Target,No,0,None,ADHD
1116,Non-Target,No,0,None,ADHD
1117,Non-Target,No,0,None,ADHD
1118,Non-Target,No,0,None,ADHD
1119,Target,Yes,912,None,ADHD
1120,Non-Target,No,0,None,ADHD
1121,Non-Target,Yes,547,Commission,ADHD
1122,Non-Target,No,0,None,ADHD
1123,Target,Yes,525,None,ADHD
1124,Target,No,0,Omission,ADHD
1125,Non-Target,No,0,None,ADHD
1126,Non-Target,No,0,None,ADHD
1127,Non-Target,Yes,899,Commission,ADHD
1128,Non-Target,No,0,None,ADHD
1129,Target,Yes,292,None,ADHD
1130,Non-Target,No,0,None,ADHD
1131,Non-Target,No,0,None,ADHD
1132,Non-Target,No,0,None,ADHD
1133,Non-Target,No,0,None,ADHD
1134,Non-Target,No,0,None,ADHD
1135,Non-Target,No,0,None,ADHD
1136,Non-Target,No,0,None,ADHD
1137,Non-Target,No,0,None,ADHD
1138,Non-Target,Yes,957,Commission,ADHD
1139,Non-Target,No,0,None,ADHD
1140,Non-Target,No,0,None,ADHD
1141,Non-Target,No,0,None,ADHD
1142,Non-Target,Yes,722,Commission,ADHD
1143,Target,Yes,659,None,ADHD
1144,Non-Target,No,0,None,ADHD
1145,Non-Target,No,0,None,ADHD
1146,Non-Target,No,0,None,ADHD
1147,Target,Yes,664,None,ADHD
1148,Non-Target,No,0,None,ADHD
1149,Non-Target,No,0,None,ADHD
1150,Non-Target,No,0,None,ADHD
1151,Non-Target,No,0,None,ADHD
1152,Target,Yes,581,None,ADHD
1153,Target,Yes,1036,None,ADHD
1154,Non-Target,Yes,902,Commission,ADHD
1155,Target,Yes,452,None,ADHD
1156,Non-Target,Yes,581,Commission,ADHD
1157,Non-Target,No,0,None,ADHD
1158,Target,Yes,820,None,ADHD
1159,Non-Target,Yes,669,Commission,ADHD
1160,Non-Target,No,0,None,ADHD
1161,Non-Target,Yes,543,Commission,ADHD
1162,Non-Target,No,0,None,ADHD
1163,Non-Target,No,0,None,ADHD
1164,Non-Target,Yes,531,Commission,ADHD
1165,Non-Target,Yes,897,Commission,ADHD
1166,Target,Yes,640,None,ADHD
1167,Non-Target,No,0,None,ADHD
1168,Non-Target,Yes,774,Commission,ADHD
1169,Target,Yes,729,None,ADHD
1170,Non-Target,No,0,None,ADHD
1171,Non-Target,No,0,None,ADHD
1172,Non-Target,No,0,None,ADHD
1173,Non-Target,No,0,None,ADHD
1174,Target,Yes,934,None,ADHD
1175,Non-Target,Yes,694,Commission,ADHD
1176,Non-Target,No,0,None,ADHD
1177,Non-Target,No,0,None,ADHD
1178,Non-Target,No,0,None,ADHD
1179,Non-Target,No,0,None,ADHD
1180,Non-Target,Yes,779,Commission,ADHD
1181,Non-Target,No,0,None,ADHD
1182,Non-Target,No,0,None,ADHD
1183,Non-Target,No,0,None,ADHD
1184,Non-Target,Yes,419,Commission,ADHD
1185,Target,Yes,598,None,ADHD
1186,Non-Target,No,0,None,ADHD
1187,Non-Target,No,0,None,ADHD
1188,Non-Target,No,0,None,ADHD
1189,Non-Target,No,0,None,ADHD
1190,Target,Yes,700,None,ADHD
1191,Non-Target,No,0,None,ADHD
1192,Non-Target,No,0,None,ADHD
1193,Non-Target,No,0,None,ADHD
1194,Non-Target,No,0,None,ADHD
1195,Non-Target,Yes,664,Commission,ADHD
1196,Non-Target,Yes,687,Commission,ADHD
1197,Non-Target,No,0,None,ADHD
1198,Non-Target,No,0,None,ADHD
1199,Target,Yes,680,None,ADHD
1200,Non-Target,No,0,None,ADHD
