Trial,StimulusType,Reaction,ReactionTime(ms),ErrorType,Label
1,Non-Target,No,0,None,ADHD
2,Target,Yes,1034,None,ADHD
3,Non-Target,No,0,None,ADHD
4,Non-Target,No,0,None,ADHD
5,Non-Target,No,0,None,ADHD
6,Target,No,0,Omission,ADHD
7,Non-Target,No,0,None,ADHD
8,Target,Yes,426,None,ADHD
9,Target,No,0,Omission,ADHD
10,Non-Target,No,0,None,ADHD
11,Non-Target,Yes,786,Commission,ADHD
12,Non-Target,No,0,None,ADHD
13,Target,No,0,Omission,ADHD
14,Non-Target,No,0,None,ADHD
15,Non-Target,Yes,762,Commission,ADHD
16,Non-Target,Yes,561,Commission,ADHD
17,Non-Target,No,0,None,ADHD
18,Non-Target,No,0,None,ADHD
19,Non-Target,No,0,None,ADHD
20,Non-Target,No,0,None,ADHD
21,Non-Target,No,0,None,ADHD
22,Non-Target,Yes,440,Commission,ADHD
23,Non-Target,No,0,None,ADHD
24,Target,Yes,669,None,ADHD
25,Target,Yes,301,None,ADHD
26,Non-Target,No,0,None,ADHD
27,Target,Yes,401,None,ADHD
28,Non-Target,No,0,None,ADHD
29,Non-Target,No,0,None,ADHD
30,Target,No,0,Omission,ADHD
31,Target,Yes,743,None,ADHD
32,Target,Yes,698,None,ADHD
33,Non-Target,No,0,None,ADHD
34,Non-Target,No,0,None,ADHD
35,Non-Target,Yes,634,Commission,ADHD
36,Non-Target,No,0,None,ADHD
37,Non-Target,No,0,None,ADHD
38,Target,Yes,798,None,ADHD
39,Target,Yes,691,None,ADHD
40,Target,No,0,Omission,ADHD
41,Non-Target,No,0,None,ADHD
42,Non-Target,No,0,None,ADHD
43,Non-Target,No,0,None,ADHD
44,Non-Target,No,0,None,ADHD
45,Non-Target,No,0,None,ADHD
46,Target,Yes,908,None,ADHD
47,Non-Target,No,0,None,ADHD
48,Non-Target,No,0,None,ADHD
49,Non-Target,No,0,None,ADHD
50,Target,No,0,Omission,ADHD
51,Non-Target,No,0,None,ADHD
52,Target,Yes,786,None,ADHD
53,Target,No,0,Omission,ADHD
54,Non-Target,No,0,None,ADHD
55,Non-Target,No,0,None,ADHD
56,Target,Yes,779,None,ADHD
57,Target,No,0,Omission,ADHD
58,Non-Target,No,0,None,ADHD
59,Non-Target,No,0,None,ADHD
60,Non-Target,No,0,None,ADHD
61,Non-Target,No,0,None,ADHD
62,Non-Target,No,0,None,ADHD
63,Non-Target,Yes,696,Commission,ADHD
64,Non-Target,Yes,710,Commission,ADHD
65,Target,Yes,494,None,ADHD
66,Non-Target,Yes,572,Commission,ADHD
67,Non-Target,No,0,None,ADHD
68,Target,No,0,Omission,ADHD
69,Non-Target,Yes,559,Commission,ADHD
70,Target,Yes,527,None,ADHD
71,Non-Target,No,0,None,ADHD
72,Non-Target,No,0,None,ADHD
73,Non-Target,No,0,None,ADHD
74,Target,No,0,Omission,ADHD
75,Target,Yes,597,None,ADHD
76,Non-Target,No,0,None,ADHD
77,Non-Target,No,0,None,ADHD
78,Non-Target,No,0,None,ADHD
79,Non-Target,No,0,None,ADHD
80,Non-Target,No,0,None,ADHD
81,Non-Target,No,0,None,ADHD
82,Non-Target,No,0,None,ADHD
83,Non-Target,No,0,None,ADHD
84,Non-Target,No,0,None,ADHD
85,Target,Yes,562,None,ADHD
86,Target,Yes,466,None,ADHD
87,Non-Target,No,0,None,ADHD
88,Target,No,0,Omission,ADHD
89,Non-Target,No,0,None,ADHD
90,Non-Target,No,0,None,ADHD
91,Target,Yes,713,None,ADHD
92,Non-Target,No,0,None,ADHD
93,Non-Target,No,0,None,ADHD
94,Non-Target,No,0,None,ADHD
95,Non-Target,No,0,None,ADHD
96,Non-Target,No,0,None,ADHD
97,Non-Target,No,0,None,ADHD
98,Non-Target,No,0,None,ADHD
99,Non-Target,No,0,None,ADHD
100,Target,Yes,508,None,ADHD
101,Target,Yes,548,None,ADHD
102,Non-Target,No,0,None,ADHD
103,Non-Target,No,0,None,ADHD
104,Target,Yes,577,None,ADHD
105,Non-Target,No,0,None,ADHD
106,Non-Target,No,0,None,ADHD
107,Non-Target,No,0,None,ADHD
108,Non-Target,No,0,None,ADHD
109,Non-Target,Yes,479,Commission,ADHD
110,Target,Yes,746,None,ADHD
111,Non-Target,No,0,None,ADHD
112,Target,Yes,486,None,ADHD
113,Target,Yes,531,None,ADHD
114,Non-Target,No,0,None,ADHD
115,Non-Target,No,0,None,ADHD
116,Non-Target,No,0,None,ADHD
117,Non-Target,No,0,None,ADHD
118,Non-Target,No,0,None,ADHD
119,Non-Target,No,0,None,ADHD
120,Non-Target,No,0,None,ADHD
121,Non-Target,Yes,624,Commission,ADHD
122,Non-Target,No,0,None,ADHD
123,Target,Yes,504,None,ADHD
124,Target,Yes,609,None,ADHD
125,Target,Yes,646,None,ADHD
126,Non-Target,Yes,598,Commission,ADHD
127,Non-Target,No,0,None,ADHD
128,Non-Target,No,0,None,ADHD
129,Target,Yes,647,None,ADHD
130,Non-Target,No,0,None,ADHD
131,Non-Target,No,0,None,ADHD
132,Non-Target,No,0,None,ADHD
133,Non-Target,No,0,None,ADHD
134,Target,Yes,676,None,ADHD
135,Non-Target,Yes,598,Commission,ADHD
136,Non-Target,No,0,None,ADHD
137,Target,Yes,622,None,ADHD
138,Non-Target,No,0,None,ADHD
139,Target,Yes,689,None,ADHD
140,Non-Target,No,0,None,ADHD
141,Non-Target,No,0,None,ADHD
142,Non-Target,Yes,638,Commission,ADHD
143,Non-Target,No,0,None,ADHD
144,Target,Yes,679,None,ADHD
145,Target,Yes,835,None,ADHD
146,Target,No,0,Omission,ADHD
147,Non-Target,No,0,None,ADHD
148,Non-Target,No,0,None,ADHD
149,Non-Target,No,0,None,ADHD
150,Non-Target,No,0,None,ADHD
151,Non-Target,Yes,725,Commission,ADHD
152,Non-Target,No,0,None,ADHD
153,Target,Yes,474,None,ADHD
154,Non-Target,No,0,None,ADHD
155,Target,Yes,682,None,ADHD
156,Non-Target,No,0,None,ADHD
157,Non-Target,No,0,None,ADHD
158,Target,Yes,902,None,ADHD
159,Target,Yes,865,None,ADHD
160,Non-Target,No,0,None,ADHD
161,Non-Target,No,0,None,ADHD
162,Non-Target,Yes,659,Commission,ADHD
163,Non-Target,No,0,None,ADHD
164,Non-Target,No,0,None,ADHD
165,Non-Target,Yes,598,Commission,ADHD
166,Non-Target,No,0,None,ADHD
167,Non-Target,Yes,579,Commission,ADHD
168,Non-Target,No,0,None,ADHD
169,Target,Yes,688,None,ADHD
170,Target,Yes,604,None,ADHD
171,Target,No,0,Omission,ADHD
172,Target,Yes,893,None,ADHD
173,Target,Yes,1023,None,ADHD
174,Non-Target,No,0,None,ADHD
175,Target,Yes,540,None,ADHD
176,Non-Target,No,0,None,ADHD
177,Non-Target,No,0,None,ADHD
178,Non-Target,No,0,None,ADHD
179,Non-Target,No,0,None,ADHD
180,Non-Target,No,0,None,ADHD
181,Non-Target,No,0,None,ADHD
182,Non-Target,No,0,None,ADHD
183,Target,Yes,633,None,ADHD
184,Target,No,0,Omission,ADHD
185,Non-Target,No,0,None,ADHD
186,Non-Target,No,0,None,ADHD
187,Non-Target,No,0,None,ADHD
188,Non-Target,No,0,None,ADHD
189,Target,Yes,500,None,ADHD
190,Non-Target,No,0,None,ADHD
191,Non-Target,No,0,None,ADHD
192,Non-Target,No,0,None,ADHD
193,Non-Target,No,0,None,ADHD
194,Non-Target,No,0,None,ADHD
195,Non-Target,Yes,656,Commission,ADHD
196,Non-Target,No,0,None,ADHD
197,Target,Yes,615,None,ADHD
198,Target,Yes,663,None,ADHD
199,Target,Yes,505,None,ADHD
200,Non-Target,No,0,None,ADHD
201,Non-Target,No,0,None,ADHD
202,Target,Yes,648,None,ADHD
203,Target,Yes,740,None,ADHD
204,Non-Target,No,0,None,ADHD
205,Target,Yes,495,None,ADHD
206,Non-Target,No,0,None,ADHD
207,Target,No,0,Omission,ADHD
208,Non-Target,No,0,None,ADHD
209,Target,Yes,736,None,ADHD
210,Non-Target,Yes,281,Commission,ADHD
211,Non-Target,No,0,None,ADHD
212,Non-Target,No,0,None,ADHD
213,Non-Target,No,0,None,ADHD
214,Target,Yes,602,None,ADHD
215,Non-Target,No,0,None,ADHD
216,Non-Target,No,0,None,ADHD
217,Non-Target,No,0,None,ADHD
218,Non-Target,No,0,None,ADHD
219,Non-Target,No,0,None,ADHD
220,Non-Target,No,0,None,ADHD
221,Non-Target,No,0,None,ADHD
222,Non-Target,No,0,None,ADHD
223,Non-Target,No,0,None,ADHD
224,Non-Target,No,0,None,ADHD
225,Non-Target,No,0,None,ADHD
226,Non-Target,No,0,None,ADHD
227,Non-Target,No,0,None,ADHD
228,Target,Yes,720,None,ADHD
229,Non-Target,No,0,None,ADHD
230,Non-Target,No,0,None,ADHD
231,Non-Target,No,0,None,ADHD
232,Non-Target,Yes,632,Commission,ADHD
233,Non-Target,Yes,618,Commission,ADHD
234,Non-Target,No,0,None,ADHD
235,Non-Target,No,0,None,ADHD
236,Non-Target,No,0,None,ADHD
237,Non-Target,No,0,None,ADHD
238,Non-Target,No,0,None,ADHD
239,Target,Yes,339,None,ADHD
240,Target,Yes,721,None,ADHD
241,Non-Target,No,0,None,ADHD
242,Non-Target,No,0,None,ADHD
243,Target,Yes,439,None,ADHD
244,Non-Target,No,0,None,ADHD
245,Non-Target,No,0,None,ADHD
246,Target,Yes,678,None,ADHD
247,Non-Target,No,0,None,ADHD
248,Target,Yes,536,None,ADHD
249,Non-Target,No,0,None,ADHD
250,Non-Target,No,0,None,ADHD
251,Non-Target,No,0,None,ADHD
252,Non-Target,No,0,None,ADHD
253,Non-Target,No,0,None,ADHD
254,Non-Target,No,0,None,ADHD
255,Non-Target,No,0,None,ADHD
256,Non-Target,No,0,None,ADHD
257,Target,No,0,Omission,ADHD
258,Target,Yes,526,None,ADHD
259,Non-Target,No,0,None,ADHD
260,Non-Target,No,0,None,ADHD
261,Target,Yes,641,None,ADHD
262,Target,No,0,Omission,ADHD
263,Target,Yes,624,None,ADHD
264,Non-Target,No,0,None,ADHD
265,Non-Target,No,0,None,ADHD
266,Non-Target,No,0,None,ADHD
267,Non-Target,No,0,None,ADHD
268,Non-Target,No,0,None,ADHD
269,Non-Target,Yes,555,Commission,ADHD
270,Non-Target,No,0,None,ADHD
271,Non-Target,No,0,None,ADHD
272,Target,Yes,532,None,ADHD
273,Non-Target,No,0,None,ADHD
274,Non-Target,No,0,None,ADHD
275,Non-Target,No,0,None,ADHD
276,Target,Yes,696,None,ADHD
277,Non-Target,No,0,None,ADHD
278,Non-Target,No,0,None,ADHD
279,Non-Target,No,0,None,ADHD
280,Non-Target,No,0,None,ADHD
281,Non-Target,No,0,None,ADHD
282,Non-Target,No,0,None,ADHD
283,Non-Target,No,0,None,ADHD
284,Non-Target,Yes,786,Commission,ADHD
285,Non-Target,Yes,847,Commission,ADHD
286,Target,Yes,537,None,ADHD
287,Non-Target,No,0,None,ADHD
288,Non-Target,No,0,None,ADHD
289,Non-Target,No,0,None,ADHD
290,Non-Target,No,0,None,ADHD
291,Target,Yes,580,None,ADHD
292,Target,No,0,Omission,ADHD
293,Non-Target,No,0,None,ADHD
294,Non-Target,No,0,None,ADHD
295,Target,No,0,Omission,ADHD
296,Non-Target,No,0,None,ADHD
297,Target,No,0,Omission,ADHD
298,Non-Target,No,0,None,ADHD
299,Non-Target,No,0,None,ADHD
300,Target,Yes,571,None,ADHD
301,Non-Target,No,0,None,ADHD
302,Non-Target,Yes,425,Commission,ADHD
303,Non-Target,No,0,None,ADHD
304,Non-Target,No,0,None,ADHD
305,Target,Yes,766,None,ADHD
306,Non-Target,No,0,None,ADHD
307,Non-Target,No,0,None,ADHD
308,Non-Target,No,0,None,ADHD
309,Non-Target,No,0,None,ADHD
310,Non-Target,No,0,None,ADHD
311,Non-Target,No,0,None,ADHD
312,Non-Target,No,0,None,ADHD
313,Non-Target,No,0,None,ADHD
314,Non-Target,No,0,None,ADHD
315,Non-Target,No,0,None,ADHD
316,Target,Yes,705,None,ADHD
317,Non-Target,No,0,None,ADHD
318,Non-Target,No,0,None,ADHD
319,Non-Target,No,0,None,ADHD
320,Non-Target,No,0,None,ADHD
321,Target,Yes,570,None,ADHD
322,Target,No,0,Omission,ADHD
323,Non-Target,No,0,None,ADHD
324,Non-Target,No,0,None,ADHD
325,Non-Target,No,0,None,ADHD
326,Target,Yes,969,None,ADHD
327,Non-Target,No,0,None,ADHD
328,Target,Yes,264,None,ADHD
329,Target,Yes,578,None,ADHD
330,Non-Target,No,0,None,ADHD
331,Target,Yes,673,None,ADHD
332,Non-Target,No,0,None,ADHD
333,Non-Target,No,0,None,ADHD
334,Non-Target,No,0,None,ADHD
335,Non-Target,No,0,None,ADHD
336,Non-Target,No,0,None,ADHD
337,Non-Target,Yes,497,Commission,ADHD
338,Non-Target,No,0,None,ADHD
339,Non-Target,No,0,None,ADHD
340,Non-Target,No,0,None,ADHD
341,Non-Target,No,0,None,ADHD
342,Target,No,0,Omission,ADHD
343,Non-Target,No,0,None,ADHD
344,Non-Target,No,0,None,ADHD
345,Non-Target,No,0,None,ADHD
346,Non-Target,No,0,None,ADHD
347,Non-Target,No,0,None,ADHD
348,Non-Target,No,0,None,ADHD
349,Non-Target,No,0,None,ADHD
350,Target,Yes,896,None,ADHD
351,Target,Yes,592,None,ADHD
352,Non-Target,No,0,None,ADHD
353,Target,Yes,874,None,ADHD
354,Non-Target,No,0,None,ADHD
355,Target,No,0,Omission,ADHD
356,Target,No,0,Omission,ADHD
357,Non-Target,No,0,None,ADHD
358,Non-Target,No,0,None,ADHD
359,Non-Target,No,0,None,ADHD
360,Target,No,0,Omission,ADHD
361,Target,Yes,526,None,ADHD
362,Target,Yes,644,None,ADHD
363,Non-Target,Yes,785,Commission,ADHD
364,Non-Target,No,0,None,ADHD
365,Non-Target,No,0,None,ADHD
366,Non-Target,No,0,None,ADHD
367,Non-Target,No,0,None,ADHD
368,Non-Target,No,0,None,ADHD
369,Non-Target,No,0,None,ADHD
370,Non-Target,No,0,None,ADHD
371,Target,Yes,797,None,ADHD
372,Non-Target,No,0,None,ADHD
373,Non-Target,Yes,670,Commission,ADHD
374,Target,Yes,988,None,ADHD
375,Non-Target,No,0,None,ADHD
376,Target,Yes,734,None,ADHD
377,Non-Target,No,0,None,ADHD
378,Target,Yes,480,None,ADHD
379,Target,Yes,717,None,ADHD
380,Target,No,0,Omission,ADHD
381,Target,Yes,705,None,ADHD
382,Non-Target,No,0,None,ADHD
383,Non-Target,No,0,None,ADHD
384,Non-Target,No,0,None,ADHD
385,Non-Target,Yes,817,Commission,ADHD
386,Non-Target,No,0,None,ADHD
387,Non-Target,Yes,673,Commission,ADHD
388,Non-Target,Yes,365,Commission,ADHD
389,Non-Target,No,0,None,ADHD
390,Non-Target,No,0,None,ADHD
391,Non-Target,No,0,None,ADHD
392,Non-Target,No,0,None,ADHD
393,Non-Target,No,0,None,ADHD
394,Non-Target,No,0,None,ADHD
395,Non-Target,Yes,756,Commission,ADHD
396,Non-Target,Yes,484,Commission,ADHD
397,Non-Target,No,0,None,ADHD
398,Non-Target,No,0,None,ADHD
399,Non-Target,Yes,936,Commission,ADHD
400,Non-Target,No,0,None,ADHD
401,Non-Target,No,0,None,ADHD
402,Target,Yes,694,None,ADHD
403,Non-Target,No,0,None,ADHD
404,Target,Yes,970,None,ADHD
405,Non-Target,No,0,None,ADHD
406,Non-Target,No,0,None,ADHD
407,Target,Yes,790,None,ADHD
408,Non-Target,No,0,None,ADHD
409,Non-Target,Yes,775,Commission,ADHD
410,Target,Yes,789,None,ADHD
411,Target,Yes,496,None,ADHD
412,Non-Target,No,0,None,ADHD
413,Non-Target,No,0,None,ADHD
414,Target,Yes,680,None,ADHD
415,Non-Target,No,0,None,ADHD
416,Non-Target,No,0,None,ADHD
417,Non-Target,Yes,805,Commission,ADHD
418,Non-Target,No,0,None,ADHD
419,Non-Target,No,0,None,ADHD
420,Non-Target,No,0,None,ADHD
421,Target,Yes,678,None,ADHD
422,Target,Yes,701,None,ADHD
423,Non-Target,No,0,None,ADHD
424,Target,No,0,Omission,ADHD
425,Non-Target,No,0,None,ADHD
426,Non-Target,Yes,630,Commission,ADHD
427,Non-Target,No,0,None,ADHD
428,Non-Target,No,0,None,ADHD
429,Non-Target,No,0,None,ADHD
430,Non-Target,No,0,None,ADHD
431,Non-Target,No,0,None,ADHD
432,Target,Yes,703,None,ADHD
433,Non-Target,No,0,None,ADHD
434,Non-Target,No,0,None,ADHD
435,Non-Target,No,0,None,ADHD
436,Target,Yes,552,None,ADHD
437,Non-Target,No,0,None,ADHD
438,Non-Target,No,0,None,ADHD
439,Non-Target,No,0,None,ADHD
440,Non-Target,No,0,None,ADHD
441,Non-Target,No,0,None,ADHD
442,Non-Target,No,0,None,ADHD
443,Non-Target,No,0,None,ADHD
444,Non-Target,No,0,None,ADHD
445,Target,No,0,Omission,ADHD
446,Target,Yes,518,None,ADHD
447,Target,Yes,654,None,ADHD
448,Target,Yes,816,None,ADHD
449,Non-Target,No,0,None,ADHD
450,Target,Yes,737,None,ADHD
451,Non-Target,No,0,None,ADHD
452,Target,Yes,340,None,ADHD
453,Non-Target,No,0,None,ADHD
454,Non-Target,No,0,None,ADHD
455,Non-Target,Yes,721,Commission,ADHD
456,Non-Target,No,0,None,ADHD
457,Target,Yes,540,None,ADHD
458,Non-Target,No,0,None,ADHD
459,Non-Target,No,0,None,ADHD
460,Non-Target,No,0,None,ADHD
461,Target,Yes,820,None,ADHD
462,Target,Yes,687,None,ADHD
463,Non-Target,No,0,None,ADHD
464,Non-Target,No,0,None,ADHD
465,Non-Target,No,0,None,ADHD
466,Target,Yes,712,None,ADHD
467,Non-Target,No,0,None,ADHD
468,Non-Target,No,0,None,ADHD
469,Non-Target,No,0,None,ADHD
470,Target,Yes,513,None,ADHD
471,Non-Target,No,0,None,ADHD
472,Non-Target,No,0,None,ADHD
473,Non-Target,No,0,None,ADHD
474,Non-Target,No,0,None,ADHD
475,Non-Target,No,0,None,ADHD
476,Non-Target,No,0,None,ADHD
477,Non-Target,No,0,None,ADHD
478,Target,Yes,643,None,ADHD
479,Non-Target,No,0,None,ADHD
480,Non-Target,Yes,650,Commission,ADHD
481,Target,Yes,566,None,ADHD
482,Target,Yes,690,None,ADHD
483,Non-Target,Yes,540,Commission,ADHD
484,Non-Target,No,0,None,ADHD
485,Non-Target,No,0,None,ADHD
486,Target,Yes,568,None,ADHD
487,Non-Target,No,0,None,ADHD
488,Non-Target,No,0,None,ADHD
489,Target,Yes,615,None,ADHD
490,Non-Target,No,0,None,ADHD
491,Non-Target,No,0,None,ADHD
492,Non-Target,No,0,None,ADHD
493,Non-Target,No,0,None,ADHD
494,Non-Target,No,0,None,ADHD
495,Non-Target,No,0,None,ADHD
496,Non-Target,No,0,None,ADHD
497,Non-Target,No,0,None,ADHD
498,Target,Yes,594,None,ADHD
499,Non-Target,No,0,None,ADHD
500,Non-Target,No,0,None,ADHD
501,Target,Yes,587,None,ADHD
502,Non-Target,No,0,None,ADHD
503,Non-Target,No,0,None,ADHD
504,Non-Target,No,0,None,ADHD
505,Non-Target,No,0,None,ADHD
506,Non-Target,No,0,None,ADHD
507,Non-Target,No,0,None,ADHD
508,Non-Target,No,0,None,ADHD
509,Non-Target,No,0,None,ADHD
510,Target,Yes,625,None,ADHD
511,Non-Target,No,0,None,ADHD
512,Non-Target,No,0,None,ADHD
513,Non-Target,Yes,438,Commission,ADHD
514,Target,Yes,562,None,ADHD
515,Non-Target,No,0,None,ADHD
516,Non-Target,No,0,None,ADHD
517,Target,Yes,965,None,ADHD
518,Non-Target,No,0,None,ADHD
519,Non-Target,No,0,None,ADHD
520,Target,No,0,Omission,ADHD
521,Non-Target,No,0,None,ADHD
522,Target,Yes,698,None,ADHD
523,Non-Target,Yes,630,Commission,ADHD
524,Target,Yes,465,None,ADHD
525,Non-Target,No,0,None,ADHD
526,Target,Yes,575,None,ADHD
527,Non-Target,No,0,None,ADHD
528,Target,Yes,625,None,ADHD
529,Non-Target,No,0,None,ADHD
530,Non-Target,No,0,None,ADHD
531,Non-Target,No,0,None,ADHD
532,Target,No,0,Omission,ADHD
533,Target,Yes,744,None,ADHD
534,Target,No,0,Omission,ADHD
535,Non-Target,No,0,None,ADHD
536,Non-Target,No,0,None,ADHD
537,Target,No,0,Omission,ADHD
538,Non-Target,No,0,None,ADHD
539,Target,Yes,526,None,ADHD
540,Non-Target,No,0,None,ADHD
541,Non-Target,No,0,None,ADHD
542,Non-Target,No,0,None,ADHD
543,Target,Yes,808,None,ADHD
544,Non-Target,No,0,None,ADHD
545,Non-Target,No,0,None,ADHD
546,Non-Target,No,0,None,ADHD
547,Target,Yes,716,None,ADHD
548,Non-Target,No,0,None,ADHD
549,Non-Target,No,0,None,ADHD
550,Target,Yes,896,None,ADHD
551,Target,Yes,712,None,ADHD
552,Target,Yes,683,None,ADHD
553,Target,Yes,660,None,ADHD
554,Target,Yes,501,None,ADHD
555,Non-Target,No,0,None,ADHD
556,Non-Target,No,0,None,ADHD
557,Non-Target,No,0,None,ADHD
558,Non-Target,No,0,None,ADHD
559,Non-Target,No,0,None,ADHD
560,Non-Target,No,0,None,ADHD
561,Non-Target,No,0,None,ADHD
562,Target,Yes,753,None,ADHD
563,Non-Target,No,0,None,ADHD
564,Non-Target,No,0,None,ADHD
565,Non-Target,No,0,None,ADHD
566,Target,Yes,712,None,ADHD
567,Target,Yes,657,None,ADHD
568,Non-Target,Yes,754,Commission,ADHD
569,Target,Yes,538,None,ADHD
570,Non-Target,No,0,None,ADHD
571,Non-Target,No,0,None,ADHD
572,Non-Target,No,0,None,ADHD
573,Target,No,0,Omission,ADHD
574,Non-Target,No,0,None,ADHD
575,Non-Target,No,0,None,ADHD
576,Non-Target,No,0,None,ADHD
577,Target,Yes,799,None,ADHD
578,Target,Yes,824,None,ADHD
579,Target,Yes,487,None,ADHD
580,Non-Target,No,0,None,ADHD
581,Non-Target,Yes,593,Commission,ADHD
582,Target,No,0,Omission,ADHD
583,Target,Yes,737,None,ADHD
584,Non-Target,No,0,None,ADHD
585,Target,No,0,Omission,ADHD
586,Non-Target,No,0,None,ADHD
587,Non-Target,No,0,None,ADHD
588,Non-Target,No,0,None,ADHD
589,Non-Target,No,0,None,ADHD
590,Target,Yes,841,None,ADHD
591,Non-Target,No,0,None,ADHD
592,Non-Target,No,0,None,ADHD
593,Non-Target,No,0,None,ADHD
594,Non-Target,No,0,None,ADHD
595,Non-Target,No,0,None,ADHD
596,Target,Yes,598,None,ADHD
597,Target,Yes,644,None,ADHD
598,Non-Target,No,0,None,ADHD
599,Non-Target,Yes,697,Commission,ADHD
600,Non-Target,No,0,None,ADHD
601,Non-Target,No,0,None,ADHD
602,Non-Target,No,0,None,ADHD
603,Non-Target,No,0,None,ADHD
604,Non-Target,No,0,None,ADHD
605,Target,Yes,709,None,ADHD
606,Non-Target,No,0,None,ADHD
607,Non-Target,No,0,None,ADHD
608,Non-Target,No,0,None,ADHD
609,Non-Target,Yes,507,Commission,ADHD
610,Non-Target,No,0,None,ADHD
611,Target,Yes,791,None,ADHD
612,Non-Target,Yes,602,Commission,ADHD
613,Target,Yes,535,None,ADHD
614,Non-Target,No,0,None,ADHD
615,Target,Yes,765,None,ADHD
616,Target,Yes,359,None,ADHD
617,Non-Target,No,0,None,ADHD
618,Target,Yes,654,None,ADHD
619,Non-Target,No,0,None,ADHD
620,Non-Target,No,0,None,ADHD
621,Non-Target,No,0,None,ADHD
622,Non-Target,No,0,None,ADHD
623,Target,Yes,642,None,ADHD
624,Non-Target,No,0,None,ADHD
625,Target,Yes,580,None,ADHD
626,Non-Target,No,0,None,ADHD
627,Non-Target,No,0,None,ADHD
628,Non-Target,No,0,None,ADHD
629,Non-Target,No,0,None,ADHD
630,Target,Yes,570,None,ADHD
631,Non-Target,No,0,None,ADHD
632,Target,Yes,612,None,ADHD
633,Non-Target,No,0,None,ADHD
634,Target,Yes,385,None,ADHD
635,Non-Target,Yes,643,Commission,ADHD
636,Non-Target,No,0,None,ADHD
637,Non-Target,No,0,None,ADHD
638,Non-Target,No,0,None,ADHD
639,Target,Yes,538,None,ADHD
640,Target,Yes,565,None,ADHD
641,Non-Target,No,0,None,ADHD
642,Target,No,0,Omission,ADHD
643,Non-Target,No,0,None,ADHD
644,Non-Target,No,0,None,ADHD
645,Non-Target,No,0,None,ADHD
646,Non-Target,No,0,None,ADHD
647,Non-Target,No,0,None,ADHD
648,Non-Target,Yes,748,Commission,ADHD
649,Target,Yes,448,None,ADHD
650,Target,Yes,728,None,ADHD
651,Target,No,0,Omission,ADHD
652,Target,Yes,523,None,ADHD
653,Non-Target,No,0,None,ADHD
654,Target,Yes,577,None,ADHD
655,Non-Target,No,0,None,ADHD
656,Non-Target,Yes,582,Commission,ADHD
657,Target,No,0,Omission,ADHD
658,Non-Target,No,0,None,ADHD
659,Non-Target,Yes,602,Commission,ADHD
660,Non-Target,No,0,None,ADHD
661,Target,Yes,707,None,ADHD
662,Non-Target,No,0,None,ADHD
663,Target,Yes,624,None,ADHD
664,Non-Target,No,0,None,ADHD
665,Non-Target,No,0,None,ADHD
666,Target,Yes,705,None,ADHD
667,Non-Target,No,0,None,ADHD
668,Non-Target,No,0,None,ADHD
669,Non-Target,No,0,None,ADHD
670,Non-Target,No,0,None,ADHD
671,Target,Yes,583,None,ADHD
672,Non-Target,No,0,None,ADHD
673,Non-Target,No,0,None,ADHD
674,Non-Target,Yes,628,Commission,ADHD
675,Target,No,0,Omission,ADHD
676,Non-Target,Yes,700,Commission,ADHD
677,Non-Target,Yes,574,Commission,ADHD
678,Non-Target,No,0,None,ADHD
679,Non-Target,No,0,None,ADHD
680,Non-Target,No,0,None,ADHD
681,Non-Target,No,0,None,ADHD
682,Target,Yes,468,None,ADHD
683,Target,Yes,506,None,ADHD
684,Non-Target,No,0,None,ADHD
685,Target,No,0,Omission,ADHD
686,Non-Target,No,0,None,ADHD
687,Non-Target,No,0,None,ADHD
688,Non-Target,No,0,None,ADHD
689,Target,Yes,708,None,ADHD
690,Non-Target,No,0,None,ADHD
691,Target,Yes,647,None,ADHD
692,Target,Yes,778,None,ADHD
693,Non-Target,No,0,None,ADHD
694,Target,Yes,609,None,ADHD
695,Non-Target,Yes,339,Commission,ADHD
696,Non-Target,No,0,None,ADHD
697,Non-Target,No,0,None,ADHD
698,Target,Yes,1036,None,ADHD
699,Target,No,0,Omission,ADHD
700,Target,Yes,747,None,ADHD
701,Non-Target,No,0,None,ADHD
702,Non-Target,No,0,None,ADHD
703,Target,Yes,471,None,ADHD
704,Non-Target,No,0,None,ADHD
705,Target,Yes,590,None,ADHD
706,Target,Yes,703,None,ADHD
707,Non-Target,No,0,None,ADHD
708,Non-Target,No,0,None,ADHD
709,Non-Target,No,0,None,ADHD
710,Non-Target,No,0,None,ADHD
711,Non-Target,No,0,None,ADHD
712,Non-Target,No,0,None,ADHD
713,Non-Target,No,0,None,ADHD
714,Non-Target,No,0,None,ADHD
715,Target,No,0,Omission,ADHD
716,Non-Target,No,0,None,ADHD
717,Target,Yes,622,None,ADHD
718,Non-Target,No,0,None,ADHD
719,Non-Target,No,0,None,ADHD
720,Non-Target,No,0,None,ADHD
721,Non-Target,No,0,None,ADHD
722,Non-Target,No,0,None,ADHD
723,Non-Target,No,0,None,ADHD
724,Non-Target,No,0,None,ADHD
725,Non-Target,No,0,None,ADHD
726,Target,Yes,829,None,ADHD
727,Target,No,0,Omission,ADHD
728,Target,No,0,Omission,ADHD
729,Non-Target,No,0,None,ADHD
730,Target,Yes,429,None,ADHD
731,Target,Yes,441,None,ADHD
732,Non-Target,No,0,None,ADHD
733,Non-Target,No,0,None,ADHD
734,Non-Target,Yes,894,Commission,ADHD
735,Non-Target,No,0,None,ADHD
736,Non-Target,No,0,None,ADHD
737,Non-Target,No,0,None,ADHD
738,Non-Target,No,0,None,ADHD
739,Non-Target,No,0,None,ADHD
740,Target,Yes,804,None,ADHD
741,Target,Yes,611,None,ADHD
742,Target,Yes,892,None,ADHD
743,Non-Target,No,0,None,ADHD
744,Non-Target,No,0,None,ADHD
745,Non-Target,No,0,None,ADHD
746,Non-Target,No,0,None,ADHD
747,Non-Target,No,0,None,ADHD
748,Non-Target,No,0,None,ADHD
749,Target,No,0,Omission,ADHD
750,Non-Target,No,0,None,ADHD
751,Non-Target,No,0,None,ADHD
752,Target,Yes,699,None,ADHD
753,Non-Target,No,0,None,ADHD
754,Non-Target,No,0,None,ADHD
755,Target,Yes,389,None,ADHD
756,Non-Target,No,0,None,ADHD
757,Target,Yes,677,None,ADHD
758,Non-Target,No,0,None,ADHD
759,Non-Target,Yes,688,Commission,ADHD
760,Target,Yes,604,None,ADHD
761,Target,Yes,546,None,ADHD
762,Non-Target,Yes,648,Commission,ADHD
763,Target,Yes,742,None,ADHD
764,Non-Target,No,0,None,ADHD
765,Non-Target,No,0,None,ADHD
766,Non-Target,No,0,None,ADHD
767,Non-Target,No,0,None,ADHD
768,Non-Target,No,0,None,ADHD
769,Non-Target,No,0,None,ADHD
770,Non-Target,No,0,None,ADHD
771,Target,Yes,710,None,ADHD
772,Non-Target,No,0,None,ADHD
773,Non-Target,No,0,None,ADHD
774,Non-Target,No,0,None,ADHD
775,Non-Target,No,0,None,ADHD
776,Target,Yes,792,None,ADHD
777,Non-Target,No,0,None,ADHD
778,Non-Target,No,0,None,ADHD
779,Non-Target,Yes,400,Commission,ADHD
780,Non-Target,No,0,None,ADHD
781,Target,Yes,822,None,ADHD
782,Target,Yes,827,None,ADHD
783,Non-Target,No,0,None,ADHD
784,Non-Target,No,0,None,ADHD
785,Non-Target,No,0,None,ADHD
786,Non-Target,No,0,None,ADHD
787,Non-Target,No,0,None,ADHD
788,Non-Target,No,0,None,ADHD
789,Target,Yes,559,None,ADHD
790,Non-Target,No,0,None,ADHD
791,Non-Target,No,0,None,ADHD
792,Target,Yes,658,None,ADHD
793,Non-Target,No,0,None,ADHD
794,Non-Target,No,0,None,ADHD
795,Non-Target,No,0,None,ADHD
796,Non-Target,Yes,667,Commission,ADHD
797,Non-Target,No,0,None,ADHD
798,Non-Target,Yes,613,Commission,ADHD
799,Target,No,0,Omission,ADHD
800,Non-Target,Yes,568,Commission,ADHD
801,Target,Yes,570,None,ADHD
802,Non-Target,No,0,None,ADHD
803,Target,Yes,591,None,ADHD
804,Non-Target,No,0,None,ADHD
805,Target,Yes,840,None,ADHD
806,Non-Target,No,0,None,ADHD
807,Non-Target,No,0,None,ADHD
808,Target,No,0,Omission,ADHD
809,Target,Yes,716,None,ADHD
810,Target,Yes,772,None,ADHD
811,Non-Target,No,0,None,ADHD
812,Non-Target,No,0,None,ADHD
813,Non-Target,No,0,None,ADHD
814,Non-Target,No,0,None,ADHD
815,Target,No,0,Omission,ADHD
816,Non-Target,No,0,None,ADHD
817,Non-Target,No,0,None,ADHD
818,Target,No,0,Omission,ADHD
819,Non-Target,No,0,None,ADHD
820,Target,No,0,Omission,ADHD
821,Target,Yes,626,None,ADHD
822,Target,No,0,Omission,ADHD
823,Target,Yes,787,None,ADHD
824,Target,Yes,377,None,ADHD
825,Non-Target,No,0,None,ADHD
826,Target,Yes,564,None,ADHD
827,Non-Target,No,0,None,ADHD
828,Target,Yes,685,None,ADHD
829,Target,Yes,750,None,ADHD
830,Target,Yes,796,None,ADHD
831,Non-Target,No,0,None,ADHD
832,Target,Yes,691,None,ADHD
833,Non-Target,Yes,752,Commission,ADHD
834,Target,Yes,641,None,ADHD
835,Target,Yes,626,None,ADHD
836,Non-Target,No,0,None,ADHD
837,Non-Target,No,0,None,ADHD
838,Target,Yes,527,None,ADHD
839,Non-Target,No,0,None,ADHD
840,Non-Target,No,0,None,ADHD
841,Non-Target,No,0,None,ADHD
842,Non-Target,No,0,None,ADHD
843,Target,Yes,495,None,ADHD
844,Target,Yes,525,None,ADHD
845,Non-Target,No,0,None,ADHD
846,Non-Target,No,0,None,ADHD
847,Non-Target,No,0,None,ADHD
848,Non-Target,No,0,None,ADHD
849,Target,No,0,Omission,ADHD
850,Non-Target,Yes,611,Commission,ADHD
851,Non-Target,No,0,None,ADHD
852,Non-Target,Yes,536,Commission,ADHD
853,Non-Target,No,0,None,ADHD
854,Target,Yes,724,None,ADHD
855,Non-Target,No,0,None,ADHD
856,Non-Target,No,0,None,ADHD
857,Non-Target,No,0,None,ADHD
858,Target,Yes,516,None,ADHD
859,Non-Target,No,0,None,ADHD
860,Non-Target,No,0,None,ADHD
861,Non-Target,No,0,None,ADHD
862,Non-Target,No,0,None,ADHD
863,Non-Target,No,0,None,ADHD
864,Target,Yes,589,None,ADHD
865,Target,Yes,966,None,ADHD
866,Target,Yes,529,None,ADHD
867,Target,Yes,765,None,ADHD
868,Target,Yes,638,None,ADHD
869,Non-Target,Yes,647,Commission,ADHD
870,Non-Target,No,0,None,ADHD
871,Non-Target,No,0,None,ADHD
872,Non-Target,No,0,None,ADHD
873,Non-Target,No,0,None,ADHD
874,Non-Target,No,0,None,ADHD
875,Non-Target,No,0,None,ADHD
876,Target,Yes,579,None,ADHD
877,Non-Target,No,0,None,ADHD
878,Non-Target,Yes,576,Commission,ADHD
879,Non-Target,No,0,None,ADHD
880,Non-Target,No,0,None,ADHD
881,Target,Yes,430,None,ADHD
882,Non-Target,No,0,None,ADHD
883,Non-Target,No,0,None,ADHD
884,Non-Target,No,0,None,ADHD
885,Non-Target,No,0,None,ADHD
886,Non-Target,No,0,None,ADHD
887,Non-Target,No,0,None,ADHD
888,Non-Target,No,0,None,ADHD
889,Target,Yes,452,None,ADHD
890,Target,Yes,799,None,ADHD
891,Target,No,0,Omission,ADHD
892,Non-Target,No,0,None,ADHD
893,Non-Target,No,0,None,ADHD
894,Non-Target,No,0,None,ADHD
895,Target,Yes,602,None,ADHD
896,Non-Target,No,0,None,ADHD
897,Non-Target,No,0,None,ADHD
898,Non-Target,No,0,None,ADHD
899,Non-Target,No,0,None,ADHD
900,Non-Target,No,0,None,ADHD
901,Target,Yes,720,None,ADHD
902,Target,Yes,587,None,ADHD
903,Non-Target,Yes,658,Commission,ADHD
904,Target,Yes,255,None,ADHD
905,Non-Target,No,0,None,ADHD
906,Non-Target,No,0,None,ADHD
907,Non-Target,No,0,None,ADHD
908,Target,Yes,605,None,ADHD
909,Non-Target,No,0,None,ADHD
910,Target,Yes,562,None,ADHD
911,Target,Yes,542,None,ADHD
912,Non-Target,Yes,460,Commission,ADHD
913,Target,Yes,769,None,ADHD
914,Target,Yes,679,None,ADHD
915,Target,Yes,655,None,ADHD
916,Non-Target,Yes,375,Commission,ADHD
917,Non-Target,Yes,868,Commission,ADHD
918,Non-Target,No,0,None,ADHD
919,Target,No,0,Omission,ADHD
920,Non-Target,No,0,None,ADHD
921,Target,No,0,Omission,ADHD
922,Non-Target,No,0,None,ADHD
923,Non-Target,No,0,None,ADHD
924,Non-Target,No,0,None,ADHD
925,Non-Target,No,0,None,ADHD
926,Non-Target,No,0,None,ADHD
927,Non-Target,No,0,None,ADHD
928,Non-Target,Yes,624,Commission,ADHD
929,Non-Target,No,0,None,ADHD
930,Non-Target,No,0,None,ADHD
931,Non-Target,No,0,None,ADHD
932,Non-Target,Yes,646,Commission,ADHD
933,Non-Target,No,0,None,ADHD
934,Target,Yes,348,None,ADHD
935,Non-Target,No,0,None,ADHD
936,Non-Target,No,0,None,ADHD
937,Target,Yes,573,None,ADHD
938,Non-Target,No,0,None,ADHD
939,Non-Target,No,0,None,ADHD
940,Non-Target,No,0,None,ADHD
941,Non-Target,Yes,736,Commission,ADHD
942,Non-Target,Yes,414,Commission,ADHD
943,Target,No,0,Omission,ADHD
944,Target,No,0,Omission,ADHD
945,Non-Target,Yes,501,Commission,ADHD
946,Non-Target,No,0,None,ADHD
947,Non-Target,Yes,930,Commission,ADHD
948,Non-Target,No,0,None,ADHD
949,Target,Yes,674,None,ADHD
950,Target,Yes,411,None,ADHD
951,Non-Target,No,0,None,ADHD
952,Non-Target,No,0,None,ADHD
953,Non-Target,No,0,None,ADHD
954,Non-Target,Yes,484,Commission,ADHD
955,Non-Target,No,0,None,ADHD
956,Non-Target,No,0,None,ADHD
957,Target,Yes,442,None,ADHD
958,Non-Target,No,0,None,ADHD
959,Non-Target,No,0,None,ADHD
960,Non-Target,No,0,None,ADHD
961,Non-Target,No,0,None,ADHD
962,Non-Target,No,0,None,ADHD
963,Non-Target,No,0,None,ADHD
964,Non-Target,No,0,None,ADHD
965,Target,Yes,358,None,ADHD
966,Target,Yes,402,None,ADHD
967,Non-Target,No,0,None,ADHD
968,Target,No,0,Omission,ADHD
969,Target,Yes,398,None,ADHD
970,Non-Target,No,0,None,ADHD
971,Target,Yes,671,None,ADHD
972,Non-Target,No,0,None,ADHD
973,Non-Target,Yes,742,Commission,ADHD
974,Non-Target,No,0,None,ADHD
975,Non-Target,No,0,None,ADHD
976,Non-Target,Yes,554,Commission,ADHD
977,Non-Target,No,0,None,ADHD
978,Target,Yes,650,None,ADHD
979,Target,No,0,Omission,ADHD
980,Non-Target,No,0,None,ADHD
981,Target,Yes,453,None,ADHD
982,Non-Target,No,0,None,ADHD
983,Non-Target,No,0,None,ADHD
984,Non-Target,No,0,None,ADHD
985,Target,No,0,Omission,ADHD
986,Target,No,0,Omission,ADHD
987,Target,Yes,651,None,ADHD
988,Target,Yes,569,None,ADHD
989,Non-Target,No,0,None,ADHD
990,Non-Target,No,0,None,ADHD
991,Non-Target,No,0,None,ADHD
992,Non-Target,No,0,None,ADHD
993,Non-Target,No,0,None,ADHD
994,Non-Target,Yes,484,Commission,ADHD
995,Non-Target,No,0,None,ADHD
996,Non-Target,No,0,None,ADHD
997,Non-Target,No,0,None,ADHD
998,Non-Target,No,0,None,ADHD
999,Non-Target,No,0,None,ADHD
1000,Non-Target,No,0,None,ADHD
1001,Non-Target,No,0,None,ADHD
1002,Non-Target,No,0,None,ADHD
1003,Non-Target,No,0,None,ADHD
1004,Target,No,0,Omission,ADHD
1005,Target,Yes,616,None,ADHD
1006,Non-Target,No,0,None,ADHD
1007,Non-Target,No,0,None,ADHD
1008,Target,Yes,465,None,ADHD
1009,Non-Target,No,0,None,ADHD
1010,Non-Target,No,0,None,ADHD
1011,Non-Target,No,0,None,ADHD
1012,Non-Target,No,0,None,ADHD
1013,Non-Target,No,0,None,ADHD
1014,Non-Target,No,0,None,ADHD
1015,Non-Target,No,0,None,ADHD
1016,Non-Target,No,0,None,ADHD
1017,Non-Target,No,0,None,ADHD
1018,Non-Target,No,0,None,ADHD
1019,Target,Yes,502,None,ADHD
1020,Non-Target,No,0,None,ADHD
1021,Non-Target,No,0,None,ADHD
1022,Non-Target,No,0,None,ADHD
1023,Non-Target,No,0,None,ADHD
1024,Target,Yes,418,None,ADHD
1025,Non-Target,No,0,None,ADHD
1026,Target,Yes,609,None,ADHD
1027,Target,Yes,628,None,ADHD
1028,Non-Target,No,0,None,ADHD
1029,Non-Target,No,0,None,ADHD
1030,Non-Target,No,0,None,ADHD
1031,Non-Target,No,0,None,ADHD
1032,Non-Target,No,0,None,ADHD
1033,Non-Target,No,0,None,ADHD
1034,Non-Target,No,0,None,ADHD
1035,Non-Target,No,0,None,ADHD
1036,Non-Target,No,0,None,ADHD
1037,Target,Yes,649,None,ADHD
1038,Non-Target,No,0,None,ADHD
1039,Non-Target,No,0,None,ADHD
1040,Non-Target,No,0,None,ADHD
1041,Target,Yes,652,None,ADHD
1042,Non-Target,No,0,None,ADHD
1043,Non-Target,No,0,None,ADHD
1044,Non-Target,No,0,None,ADHD
1045,Target,Yes,593,None,ADHD
1046,Target,Yes,505,None,ADHD
1047,Target,Yes,679,None,ADHD
1048,Target,Yes,822,None,ADHD
1049,Non-Target,No,0,None,ADHD
1050,Non-Target,No,0,None,ADHD
1051,Non-Target,No,0,None,ADHD
1052,Non-Target,No,0,None,ADHD
1053,Non-Target,No,0,None,ADHD
1054,Target,Yes,683,None,ADHD
1055,Non-Target,Yes,860,Commission,ADHD
1056,Non-Target,No,0,None,ADHD
1057,Target,Yes,576,None,ADHD
1058,Target,No,0,Omission,ADHD
1059,Non-Target,No,0,None,ADHD
1060,Non-Target,No,0,None,ADHD
1061,Target,Yes,711,None,ADHD
1062,Target,Yes,646,None,ADHD
1063,Target,Yes,459,None,ADHD
1064,Non-Target,No,0,None,ADHD
1065,Target,Yes,502,None,ADHD
1066,Non-Target,No,0,None,ADHD
1067,Target,Yes,571,None,ADHD
1068,Non-Target,No,0,None,ADHD
1069,Non-Target,No,0,None,ADHD
1070,Non-Target,No,0,None,ADHD
1071,Non-Target,No,0,None,ADHD
1072,Non-Target,No,0,None,ADHD
1073,Non-Target,No,0,None,ADHD
1074,Non-Target,No,0,None,ADHD
1075,Non-Target,No,0,None,ADHD
1076,Target,Yes,369,None,ADHD
1077,Target,No,0,Omission,ADHD
1078,Target,Yes,550,None,ADHD
1079,Non-Target,No,0,None,ADHD
1080,Non-Target,No,0,None,ADHD
1081,Non-Target,No,0,None,ADHD
1082,Target,Yes,562,None,ADHD
1083,Non-Target,No,0,None,ADHD
1084,Target,Yes,747,None,ADHD
1085,Non-Target,No,0,None,ADHD
1086,Non-Target,No,0,None,ADHD
1087,Non-Target,No,0,None,ADHD
1088,Non-Target,No,0,None,ADHD
1089,Non-Target,No,0,None,ADHD
1090,Non-Target,Yes,924,Commission,ADHD
1091,Non-Target,No,0,None,ADHD
1092,Non-Target,No,0,None,ADHD
1093,Non-Target,No,0,None,ADHD
1094,Non-Target,No,0,None,ADHD
1095,Target,Yes,579,None,ADHD
1096,Non-Target,No,0,None,ADHD
1097,Non-Target,No,0,None,ADHD
1098,Non-Target,No,0,None,ADHD
1099,Non-Target,No,0,None,ADHD
1100,Non-Target,No,0,None,ADHD
1101,Non-Target,No,0,None,ADHD
1102,Target,Yes,606,None,ADHD
1103,Non-Target,No,0,None,ADHD
1104,Non-Target,Yes,562,Commission,ADHD
1105,Non-Target,No,0,None,ADHD
1106,Non-Target,No,0,None,ADHD
1107,Target,Yes,753,None,ADHD
1108,Target,Yes,458,None,ADHD
1109,Non-Target,No,0,None,ADHD
1110,Target,Yes,840,None,ADHD
1111,Non-Target,No,0,None,ADHD
1112,Non-Target,No,0,None,ADHD
1113,Non-Target,No,0,None,ADHD
1114,Non-Target,No,0,None,ADHD
1115,Non-Target,No,0,None,ADHD
1116,Target,Yes,577,None,ADHD
1117,Non-Target,No,0,None,ADHD
1118,Target,Yes,600,None,ADHD
1119,Target,No,0,Omission,ADHD
1120,Non-Target,No,0,None,ADHD
1121,Non-Target,Yes,569,Commission,ADHD
1122,Non-Target,No,0,None,ADHD
1123,Non-Target,No,0,None,ADHD
1124,Non-Target,No,0,None,ADHD
1125,Non-Target,No,0,None,ADHD
1126,Non-Target,No,0,None,ADHD
1127,Target,Yes,611,None,ADHD
1128,Non-Target,No,0,None,ADHD
1129,Non-Target,No,0,None,ADHD
1130,Non-Target,No,0,None,ADHD
1131,Non-Target,No,0,None,ADHD
1132,Target,No,0,Omission,ADHD
1133,Non-Target,No,0,None,ADHD
1134,Target,No,0,Omission,ADHD
1135,Non-Target,No,0,None,ADHD
1136,Non-Target,No,0,None,ADHD
1137,Non-Target,No,0,None,ADHD
1138,Non-Target,No,0,None,ADHD
1139,Non-Target,No,0,None,ADHD
1140,Non-Target,Yes,577,Commission,ADHD
1141,Target,No,0,Omission,ADHD
1142,Target,Yes,391,None,ADHD
1143,Non-Target,No,0,None,ADHD
1144,Non-Target,No,0,None,ADHD
1145,Non-Target,No,0,None,ADHD
1146,Non-Target,Yes,674,Commission,ADHD
1147,Non-Target,No,0,None,ADHD
1148,Target,Yes,616,None,ADHD
1149,Non-Target,No,0,None,ADHD
1150,Non-Target,No,0,None,ADHD
1151,Non-Target,No,0,None,ADHD
1152,Non-Target,No,0,None,ADHD
1153,Non-Target,No,0,None,ADHD
1154,Non-Target,No,0,None,ADHD
1155,Non-Target,No,0,None,ADHD
1156,Non-Target,No,0,None,ADHD
1157,Target,Yes,534,None,ADHD
1158,Non-Target,Yes,740,Commission,ADHD
1159,Non-Target,No,0,None,ADHD
1160,Target,Yes,662,None,ADHD
1161,Target,Yes,487,None,ADHD
1162,Target,Yes,501,None,ADHD
1163,Non-Target,No,0,None,ADHD
1164,Non-Target,Yes,569,Commission,ADHD
1165,Target,Yes,814,None,ADHD
1166,Non-Target,No,0,None,ADHD
1167,Target,Yes,796,None,ADHD
1168,Target,Yes,609,None,ADHD
1169,Target,Yes,579,None,ADHD
1170,Non-Target,No,0,None,ADHD
1171,Target,Yes,648,None,ADHD
1172,Non-Target,No,0,None,ADHD
1173,Non-Target,No,0,None,ADHD
1174,Non-Target,No,0,None,ADHD
1175,Target,Yes,755,None,ADHD
1176,Non-Target,No,0,None,ADHD
1177,Target,No,0,Omission,ADHD
1178,Non-Target,No,0,None,ADHD
1179,Non-Target,No,0,None,ADHD
1180,Non-Target,No,0,None,ADHD
1181,Non-Target,Yes,322,Commission,ADHD
1182,Target,No,0,Omission,ADHD
1183,Non-Target,Yes,736,Commission,ADHD
1184,Non-Target,No,0,None,ADHD
1185,Non-Target,No,0,None,ADHD
1186,Non-Target,No,0,None,ADHD
1187,Non-Target,No,0,None,ADHD
1188,Non-Target,No,0,None,ADHD
1189,Non-Target,No,0,None,ADHD
1190,Target,Yes,809,None,ADHD
1191,Non-Target,No,0,None,ADHD
1192,Target,Yes,755,None,ADHD
1193,Non-Target,No,0,None,ADHD
1194,Target,Yes,715,None,ADHD
1195,Non-Target,No,0,None,ADHD
1196,Non-Target,No,0,None,ADHD
1197,Target,Yes,959,None,ADHD
1198,Non-Target,No,0,None,ADHD
1199,Target,Yes,735,None,ADHD
1200,Target,No,0,Omission,ADHD
