Trial,StimulusType,Reaction,ReactionTime(ms),ErrorType,Label
1,Target,Yes,753,None,ADHD
2,Target,No,0,Omission,ADHD
3,Non-Target,No,0,None,ADHD
4,Target,No,0,Omission,ADHD
5,Non-Target,Yes,768,Commission,ADHD
6,Non-Target,No,0,None,ADHD
7,Non-Target,No,0,None,ADHD
8,Non-Target,No,0,None,ADHD
9,Non-Target,No,0,None,ADHD
10,Non-Target,Yes,517,Commission,ADHD
11,Non-Target,No,0,None,ADHD
12,Non-Target,No,0,None,ADHD
13,Non-Target,No,0,None,ADHD
14,Non-Target,No,0,None,ADHD
15,Non-Target,No,0,None,ADHD
16,Target,Yes,575,None,ADHD
17,Non-Target,Yes,691,Commission,ADHD
18,Non-Target,No,0,None,ADHD
19,Non-Target,No,0,None,ADHD
20,Target,No,0,Omission,ADHD
21,Non-Target,No,0,None,ADHD
22,Non-Target,No,0,None,ADHD
23,Non-Target,No,0,None,ADHD
24,Non-Target,No,0,None,ADHD
25,Target,Yes,588,None,ADHD
26,Target,Yes,636,None,ADHD
27,Non-Target,No,0,None,ADHD
28,Non-Target,No,0,None,ADHD
29,Non-Target,No,0,None,ADHD
30,Non-Target,No,0,None,ADHD
31,Non-Target,Yes,774,Commission,ADHD
32,Target,Yes,783,None,ADHD
33,Non-Target,No,0,None,ADHD
34,Non-Target,No,0,None,ADHD
35,Non-Target,No,0,None,ADHD
36,Non-Target,No,0,None,ADHD
37,Target,No,0,Omission,ADHD
38,Target,Yes,576,None,ADHD
39,Target,Yes,444,None,ADHD
40,Target,Yes,892,None,ADHD
41,Target,Yes,662,None,ADHD
42,Target,Yes,824,None,ADHD
43,Non-Target,No,0,None,ADHD
44,Non-Target,No,0,None,ADHD
45,Non-Target,No,0,None,ADHD
46,Target,Yes,788,None,ADHD
47,Non-Target,No,0,None,ADHD
48,Non-Target,No,0,None,ADHD
49,Non-Target,No,0,None,ADHD
50,Target,Yes,786,None,ADHD
51,Non-Target,No,0,None,ADHD
52,Non-Target,Yes,639,Commission,ADHD
53,Non-Target,No,0,None,ADHD
54,Non-Target,Yes,730,Commission,ADHD
55,Non-Target,No,0,None,ADHD
56,Target,Yes,388,None,ADHD
57,Target,Yes,642,None,ADHD
58,Target,No,0,Omission,ADHD
59,Non-Target,Yes,711,Commission,ADHD
60,Non-Target,Yes,548,Commission,ADHD
61,Target,Yes,622,None,ADHD
62,Non-Target,No,0,None,ADHD
63,Non-Target,No,0,None,ADHD
64,Non-Target,No,0,None,ADHD
65,Non-Target,No,0,None,ADHD
66,Non-Target,No,0,None,ADHD
67,Target,Yes,583,None,ADHD
68,Non-Target,No,0,None,ADHD
69,Target,Yes,708,None,ADHD
70,Target,No,0,Omission,ADHD
71,Non-Target,No,0,None,ADHD
72,Non-Target,No,0,None,ADHD
73,Target,Yes,739,None,ADHD
74,Target,Yes,706,None,ADHD
75,Non-Target,Yes,577,Commission,ADHD
76,Non-Target,No,0,None,ADHD
77,Non-Target,No,0,None,ADHD
78,Non-Target,No,0,None,ADHD
79,Target,Yes,487,None,ADHD
80,Non-Target,No,0,None,ADHD
81,Non-Target,No,0,None,ADHD
82,Non-Target,No,0,None,ADHD
83,Target,No,0,Omission,ADHD
84,Non-Target,No,0,None,ADHD
85,Non-Target,No,0,None,ADHD
86,Non-Target,No,0,None,ADHD
87,Target,No,0,Omission,ADHD
88,Target,Yes,481,None,ADHD
89,Non-Target,No,0,None,ADHD
90,Non-Target,No,0,None,ADHD
91,Non-Target,Yes,632,Commission,ADHD
92,Non-Target,No,0,None,ADHD
93,Non-Target,No,0,None,ADHD
94,Non-Target,Yes,534,Commission,ADHD
95,Target,Yes,468,None,ADHD
96,Target,Yes,551,None,ADHD
97,Non-Target,No,0,None,ADHD
98,Non-Target,No,0,None,ADHD
99,Non-Target,No,0,None,ADHD
100,Non-Target,No,0,None,ADHD
101,Target,No,0,Omission,ADHD
102,Non-Target,No,0,None,ADHD
103,Non-Target,Yes,505,Commission,ADHD
104,Non-Target,No,0,None,ADHD
105,Non-Target,No,0,None,ADHD
106,Target,Yes,769,None,ADHD
107,Target,No,0,Omission,ADHD
108,Target,Yes,812,None,ADHD
109,Non-Target,No,0,None,ADHD
110,Non-Target,No,0,None,ADHD
111,Non-Target,No,0,None,ADHD
112,Target,Yes,515,None,ADHD
113,Non-Target,No,0,None,ADHD
114,Non-Target,No,0,None,ADHD
115,Non-Target,No,0,None,ADHD
116,Target,No,0,Omission,ADHD
117,Non-Target,No,0,None,ADHD
118,Non-Target,No,0,None,ADHD
119,Non-Target,No,0,None,ADHD
120,Non-Target,No,0,None,ADHD
121,Non-Target,No,0,None,ADHD
122,Non-Target,No,0,None,ADHD
123,Non-Target,No,0,None,ADHD
124,Non-Target,Yes,600,Commission,ADHD
125,Non-Target,No,0,None,ADHD
126,Non-Target,No,0,None,ADHD
127,Target,Yes,822,None,ADHD
128,Target,Yes,615,None,ADHD
129,Non-Target,No,0,None,ADHD
130,Target,Yes,571,None,ADHD
131,Non-Target,Yes,529,Commission,ADHD
132,Target,Yes,780,None,ADHD
133,Target,No,0,Omission,ADHD
134,Non-Target,No,0,None,ADHD
135,Non-Target,No,0,None,ADHD
136,Non-Target,No,0,None,ADHD
137,Target,Yes,686,None,ADHD
138,Target,Yes,609,None,ADHD
139,Non-Target,No,0,None,ADHD
140,Target,Yes,878,None,ADHD
141,Non-Target,No,0,None,ADHD
142,Target,Yes,617,None,ADHD
143,Non-Target,No,0,None,ADHD
144,Non-Target,No,0,None,ADHD
145,Non-Target,No,0,None,ADHD
146,Non-Target,Yes,744,Commission,ADHD
147,Non-Target,No,0,None,ADHD
148,Non-Target,No,0,None,ADHD
149,Non-Target,No,0,None,ADHD
150,Target,No,0,Omission,ADHD
151,Target,Yes,884,None,ADHD
152,Target,Yes,725,None,ADHD
153,Target,No,0,Omission,ADHD
154,Target,Yes,646,None,ADHD
155,Non-Target,Yes,788,Commission,ADHD
156,Non-Target,No,0,None,ADHD
157,Non-Target,Yes,510,Commission,ADHD
158,Non-Target,No,0,None,ADHD
159,Non-Target,No,0,None,ADHD
160,Non-Target,No,0,None,ADHD
161,Non-Target,No,0,None,ADHD
162,Non-Target,No,0,None,ADHD
163,Non-Target,No,0,None,ADHD
164,Non-Target,No,0,None,ADHD
165,Non-Target,No,0,None,ADHD
166,Non-Target,No,0,None,ADHD
167,Non-Target,No,0,None,ADHD
168,Non-Target,No,0,None,ADHD
169,Non-Target,No,0,None,ADHD
170,Non-Target,No,0,None,ADHD
171,Non-Target,No,0,None,ADHD
172,Target,Yes,701,None,ADHD
173,Non-Target,No,0,None,ADHD
174,Target,Yes,543,None,ADHD
175,Target,Yes,787,None,ADHD
176,Target,Yes,774,None,ADHD
177,Target,Yes,480,None,ADHD
178,Target,Yes,624,None,ADHD
179,Target,Yes,308,None,ADHD
180,Non-Target,No,0,None,ADHD
181,Non-Target,No,0,None,ADHD
182,Non-Target,No,0,None,ADHD
183,Non-Target,No,0,None,ADHD
184,Non-Target,No,0,None,ADHD
185,Non-Target,No,0,None,ADHD
186,Target,Yes,581,None,ADHD
187,Target,No,0,Omission,ADHD
188,Target,Yes,387,None,ADHD
189,Non-Target,No,0,None,ADHD
190,Target,No,0,Omission,ADHD
191,Target,Yes,701,None,ADHD
192,Target,Yes,642,None,ADHD
193,Target,Yes,532,None,ADHD
194,Target,No,0,Omission,ADHD
195,Target,Yes,759,None,ADHD
196,Non-Target,No,0,None,ADHD
197,Target,Yes,775,None,ADHD
198,Target,Yes,864,None,ADHD
199,Non-Target,Yes,474,Commission,ADHD
200,Target,No,0,Omission,ADHD
201,Target,No,0,Omission,ADHD
202,Non-Target,No,0,None,ADHD
203,Non-Target,No,0,None,ADHD
204,Target,Yes,661,None,ADHD
205,Target,Yes,673,None,ADHD
206,Non-Target,No,0,None,ADHD
207,Non-Target,No,0,None,ADHD
208,Non-Target,No,0,None,ADHD
209,Non-Target,No,0,None,ADHD
210,Non-Target,No,0,None,ADHD
211,Non-Target,No,0,None,ADHD
212,Target,Yes,501,None,ADHD
213,Non-Target,No,0,None,ADHD
214,Non-Target,No,0,None,ADHD
215,Non-Target,No,0,None,ADHD
216,Non-Target,No,0,None,ADHD
217,Non-Target,Yes,429,Commission,ADHD
218,Target,Yes,828,None,ADHD
219,Non-Target,No,0,None,ADHD
220,Non-Target,Yes,733,Commission,ADHD
221,Non-Target,No,0,None,ADHD
222,Non-Target,No,0,None,ADHD
223,Target,No,0,Omission,ADHD
224,Target,Yes,555,None,ADHD
225,Non-Target,No,0,None,ADHD
226,Non-Target,No,0,None,ADHD
227,Target,Yes,564,None,ADHD
228,Non-Target,No,0,None,ADHD
229,Non-Target,No,0,None,ADHD
230,Non-Target,No,0,None,ADHD
231,Non-Target,No,0,None,ADHD
232,Non-Target,No,0,None,ADHD
233,Non-Target,No,0,None,ADHD
234,Non-Target,No,0,None,ADHD
235,Non-Target,No,0,None,ADHD
236,Non-Target,No,0,None,ADHD
237,Non-Target,No,0,None,ADHD
238,Non-Target,No,0,None,ADHD
239,Target,Yes,702,None,ADHD
240,Target,Yes,488,None,ADHD
241,Non-Target,No,0,None,ADHD
242,Target,Yes,584,None,ADHD
243,Non-Target,Yes,589,Commission,ADHD
244,Non-Target,No,0,None,ADHD
245,Non-Target,No,0,None,ADHD
246,Target,Yes,660,None,ADHD
247,Non-Target,No,0,None,ADHD
248,Non-Target,No,0,None,ADHD
249,Non-Target,No,0,None,ADHD
250,Non-Target,No,0,None,ADHD
251,Target,Yes,552,None,ADHD
252,Non-Target,No,0,None,ADHD
253,Non-Target,No,0,None,ADHD
254,Non-Target,No,0,None,ADHD
255,Non-Target,Yes,874,Commission,ADHD
256,Non-Target,No,0,None,ADHD
257,Non-Target,No,0,None,ADHD
258,Target,No,0,Omission,ADHD
259,Non-Target,Yes,438,Commission,ADHD
260,Non-Target,No,0,None,ADHD
261,Non-Target,No,0,None,ADHD
262,Non-Target,No,0,None,ADHD
263,Target,Yes,898,None,ADHD
264,Target,Yes,756,None,ADHD
265,Target,Yes,449,None,ADHD
266,Non-Target,No,0,None,ADHD
267,Non-Target,No,0,None,ADHD
268,Target,Yes,278,None,ADHD
269,Non-Target,No,0,None,ADHD
270,Non-Target,No,0,None,ADHD
271,Non-Target,No,0,None,ADHD
272,Non-Target,No,0,None,ADHD
273,Non-Target,No,0,None,ADHD
274,Non-Target,No,0,None,ADHD
275,Target,Yes,537,None,ADHD
276,Non-Target,No,0,None,ADHD
277,Non-Target,No,0,None,ADHD
278,Non-Target,Yes,512,Commission,ADHD
279,Non-Target,No,0,None,ADHD
280,Non-Target,No,0,None,ADHD
281,Non-Target,No,0,None,ADHD
282,Target,Yes,603,None,ADHD
283,Target,Yes,706,None,ADHD
284,Non-Target,No,0,None,ADHD
285,Non-Target,No,0,None,ADHD
286,Non-Target,No,0,None,ADHD
287,Non-Target,No,0,None,ADHD
288,Non-Target,No,0,None,ADHD
289,Non-Target,No,0,None,ADHD
290,Non-Target,No,0,None,ADHD
291,Non-Target,No,0,None,ADHD
292,Non-Target,No,0,None,ADHD
293,Target,Yes,576,None,ADHD
294,Target,Yes,964,None,ADHD
295,Non-Target,No,0,None,ADHD
296,Target,Yes,571,None,ADHD
297,Non-Target,No,0,None,ADHD
298,Non-Target,No,0,None,ADHD
299,Non-Target,No,0,None,ADHD
300,Target,Yes,563,None,ADHD
301,Non-Target,No,0,None,ADHD
302,Non-Target,No,0,None,ADHD
303,Non-Target,No,0,None,ADHD
304,Non-Target,No,0,None,ADHD
305,Non-Target,No,0,None,ADHD
306,Target,Yes,481,None,ADHD
307,Target,No,0,Omission,ADHD
308,Target,No,0,Omission,ADHD
309,Target,Yes,624,None,ADHD
310,Non-Target,No,0,None,ADHD
311,Non-Target,No,0,None,ADHD
312,Target,Yes,738,None,ADHD
313,Target,Yes,650,None,ADHD
314,Target,No,0,Omission,ADHD
315,Non-Target,No,0,None,ADHD
316,Non-Target,No,0,None,ADHD
317,Non-Target,No,0,None,ADHD
318,Non-Target,No,0,None,ADHD
319,Non-Target,No,0,None,ADHD
320,Target,Yes,483,None,ADHD
321,Target,Yes,453,None,ADHD
322,Target,No,0,Omission,ADHD
323,Non-Target,No,0,None,ADHD
324,Target,Yes,447,None,ADHD
325,Target,Yes,391,None,ADHD
326,Target,Yes,449,None,ADHD
327,Non-Target,No,0,None,ADHD
328,Non-Target,No,0,None,ADHD
329,Target,Yes,849,None,ADHD
330,Non-Target,No,0,None,ADHD
331,Non-Target,No,0,None,ADHD
332,Non-Target,No,0,None,ADHD
333,Non-Target,No,0,None,ADHD
334,Non-Target,No,0,None,ADHD
335,Non-Target,No,0,None,ADHD
336,Target,Yes,739,None,ADHD
337,Non-Target,No,0,None,ADHD
338,Non-Target,No,0,None,ADHD
339,Non-Target,No,0,None,ADHD
340,Non-Target,No,0,None,ADHD
341,Non-Target,No,0,None,ADHD
342,Non-Target,No,0,None,ADHD
343,Non-Target,Yes,683,Commission,ADHD
344,Non-Target,No,0,None,ADHD
345,Non-Target,No,0,None,ADHD
346,Target,Yes,505,None,ADHD
347,Non-Target,No,0,None,ADHD
348,Non-Target,No,0,None,ADHD
349,Target,Yes,686,None,ADHD
350,Non-Target,No,0,None,ADHD
351,Non-Target,No,0,None,ADHD
352,Non-Target,No,0,None,ADHD
353,Non-Target,No,0,None,ADHD
354,Non-Target,No,0,None,ADHD
355,Target,No,0,Omission,ADHD
356,Target,No,0,Omission,ADHD
357,Non-Target,No,0,None,ADHD
358,Non-Target,No,0,None,ADHD
359,Non-Target,No,0,None,ADHD
360,Non-Target,No,0,None,ADHD
361,Non-Target,No,0,None,ADHD
362,Non-Target,No,0,None,ADHD
363,Target,Yes,837,None,ADHD
364,Target,No,0,Omission,ADHD
365,Non-Target,No,0,None,ADHD
366,Target,Yes,805,None,ADHD
367,Target,Yes,760,None,ADHD
368,Non-Target,Yes,607,Commission,ADHD
369,Non-Target,No,0,None,ADHD
370,Non-Target,No,0,None,ADHD
371,Target,Yes,416,None,ADHD
372,Non-Target,Yes,419,Commission,ADHD
373,Target,No,0,Omission,ADHD
374,Non-Target,No,0,None,ADHD
375,Non-Target,No,0,None,ADHD
376,Non-Target,No,0,None,ADHD
377,Target,Yes,838,None,ADHD
378,Target,Yes,561,None,ADHD
379,Non-Target,No,0,None,ADHD
380,Non-Target,No,0,None,ADHD
381,Non-Target,No,0,None,ADHD
382,Non-Target,No,0,None,ADHD
383,Non-Target,No,0,None,ADHD
384,Target,Yes,705,None,ADHD
385,Non-Target,No,0,None,ADHD
386,Target,No,0,Omission,ADHD
387,Non-Target,Yes,733,Commission,ADHD
388,Target,Yes,760,None,ADHD
389,Target,Yes,790,None,ADHD
390,Non-Target,No,0,None,ADHD
391,Target,Yes,727,None,ADHD
392,Non-Target,No,0,None,ADHD
393,Non-Target,No,0,None,ADHD
394,Non-Target,No,0,None,ADHD
395,Non-Target,Yes,833,Commission,ADHD
396,Non-Target,No,0,None,ADHD
397,Target,Yes,661,None,ADHD
398,Non-Target,No,0,None,ADHD
399,Non-Target,No,0,None,ADHD
400,Non-Target,No,0,None,ADHD
401,Non-Target,No,0,None,ADHD
402,Non-Target,No,0,None,ADHD
403,Non-Target,No,0,None,ADHD
404,Non-Target,No,0,None,ADHD
405,Non-Target,No,0,None,ADHD
406,Target,Yes,506,None,ADHD
407,Non-Target,No,0,None,ADHD
408,Target,Yes,909,None,ADHD
409,Target,Yes,617,None,ADHD
410,Non-Target,No,0,None,ADHD
411,Target,No,0,Omission,ADHD
412,Target,Yes,754,None,ADHD
413,Non-Target,No,0,None,ADHD
414,Non-Target,No,0,None,ADHD
415,Non-Target,No,0,None,ADHD
416,Non-Target,Yes,530,Commission,ADHD
417,Non-Target,Yes,655,Commission,ADHD
418,Non-Target,No,0,None,ADHD
419,Non-Target,No,0,None,ADHD
420,Non-Target,No,0,None,ADHD
421,Non-Target,No,0,None,ADHD
422,Target,Yes,578,None,ADHD
423,Target,Yes,516,None,ADHD
424,Target,No,0,Omission,ADHD
425,Non-Target,No,0,None,ADHD
426,Non-Target,No,0,None,ADHD
427,Target,Yes,546,None,ADHD
428,Non-Target,No,0,None,ADHD
429,Non-Target,No,0,None,ADHD
430,Non-Target,No,0,None,ADHD
431,Non-Target,No,0,None,ADHD
432,Target,Yes,810,None,ADHD
433,Target,Yes,780,None,ADHD
434,Target,Yes,581,None,ADHD
435,Target,No,0,Omission,ADHD
436,Non-Target,No,0,None,ADHD
437,Target,Yes,681,None,ADHD
438,Non-Target,No,0,None,ADHD
439,Non-Target,No,0,None,ADHD
440,Non-Target,No,0,None,ADHD
441,Non-Target,No,0,None,ADHD
442,Target,Yes,418,None,ADHD
443,Non-Target,No,0,None,ADHD
444,Non-Target,No,0,None,ADHD
445,Non-Target,No,0,None,ADHD
446,Target,Yes,475,None,ADHD
447,Non-Target,No,0,None,ADHD
448,Target,Yes,671,None,ADHD
449,Non-Target,No,0,None,ADHD
450,Non-Target,Yes,576,Commission,ADHD
451,Target,Yes,517,None,ADHD
452,Non-Target,No,0,None,ADHD
453,Non-Target,No,0,None,ADHD
454,Non-Target,No,0,None,ADHD
455,Non-Target,No,0,None,ADHD
456,Non-Target,No,0,None,ADHD
457,Target,Yes,929,None,ADHD
458,Non-Target,No,0,None,ADHD
459,Target,No,0,Omission,ADHD
460,Non-Target,No,0,None,ADHD
461,Target,Yes,942,None,ADHD
462,Non-Target,No,0,None,ADHD
463,Non-Target,No,0,None,ADHD
464,Non-Target,No,0,None,ADHD
465,Non-Target,No,0,None,ADHD
466,Target,Yes,550,None,ADHD
467,Non-Target,Yes,512,Commission,ADHD
468,Non-Target,No,0,None,ADHD
469,Non-Target,No,0,None,ADHD
470,Target,No,0,Omission,ADHD
471,Non-Target,No,0,None,ADHD
472,Non-Target,Yes,575,Commission,ADHD
473,Non-Target,No,0,None,ADHD
474,Target,Yes,651,None,ADHD
475,Non-Target,Yes,844,Commission,ADHD
476,Target,Yes,676,None,ADHD
477,Non-Target,No,0,None,ADHD
478,Non-Target,No,0,None,ADHD
479,Non-Target,No,0,None,ADHD
480,Target,Yes,857,None,ADHD
481,Non-Target,Yes,541,Commission,ADHD
482,Non-Target,No,0,None,ADHD
483,Non-Target,No,0,None,ADHD
484,Target,Yes,868,None,ADHD
485,Non-Target,No,0,None,ADHD
486,Target,No,0,Omission,ADHD
487,Non-Target,No,0,None,ADHD
488,Non-Target,No,0,None,ADHD
489,Non-Target,No,0,None,ADHD
490,Non-Target,No,0,None,ADHD
491,Non-Target,No,0,None,ADHD
492,Non-Target,No,0,None,ADHD
493,Non-Target,Yes,814,Commission,ADHD
494,Non-Target,No,0,None,ADHD
495,Non-Target,No,0,None,ADHD
496,Non-Target,No,0,None,ADHD
497,Target,Yes,435,None,ADHD
498,Non-Target,Yes,594,Commission,ADHD
499,Non-Target,No,0,None,ADHD
500,Non-Target,No,0,None,ADHD
501,Non-Target,No,0,None,ADHD
502,Target,Yes,789,None,ADHD
503,Non-Target,No,0,None,ADHD
504,Non-Target,No,0,None,ADHD
505,Non-Target,Yes,587,Commission,ADHD
506,Non-Target,No,0,None,ADHD
507,Non-Target,No,0,None,ADHD
508,Non-Target,No,0,None,ADHD
509,Non-Target,No,0,None,ADHD
510,Target,Yes,546,None,ADHD
511,Non-Target,No,0,None,ADHD
512,Non-Target,No,0,None,ADHD
513,Non-Target,No,0,None,ADHD
514,Target,Yes,590,None,ADHD
515,Target,Yes,680,None,ADHD
516,Non-Target,No,0,None,ADHD
517,Non-Target,Yes,641,Commission,ADHD
518,Non-Target,No,0,None,ADHD
519,Target,Yes,502,None,ADHD
520,Non-Target,No,0,None,ADHD
521,Non-Target,No,0,None,ADHD
522,Target,Yes,439,None,ADHD
523,Non-Target,No,0,None,ADHD
524,Non-Target,No,0,None,ADHD
525,Non-Target,No,0,None,ADHD
526,Non-Target,No,0,None,ADHD
527,Non-Target,No,0,None,ADHD
528,Non-Target,No,0,None,ADHD
529,Non-Target,Yes,672,Commission,ADHD
530,Target,No,0,Omission,ADHD
531,Non-Target,No,0,None,ADHD
532,Non-Target,No,0,None,ADHD
533,Non-Target,No,0,None,ADHD
534,Target,Yes,537,None,ADHD
535,Non-Target,Yes,761,Commission,ADHD
536,Target,No,0,Omission,ADHD
537,Non-Target,No,0,None,ADHD
538,Target,Yes,414,None,ADHD
539,Non-Target,No,0,None,ADHD
540,Non-Target,No,0,None,ADHD
541,Target,Yes,781,None,ADHD
542,Target,Yes,498,None,ADHD
543,Target,Yes,549,None,ADHD
544,Non-Target,No,0,None,ADHD
545,Non-Target,No,0,None,ADHD
546,Target,Yes,779,None,ADHD
547,Non-Target,No,0,None,ADHD
548,Non-Target,No,0,None,ADHD
549,Target,Yes,524,None,ADHD
550,Target,Yes,584,None,ADHD
551,Target,Yes,778,None,ADHD
552,Non-Target,Yes,687,Commission,ADHD
553,Target,No,0,Omission,ADHD
554,Non-Target,No,0,None,ADHD
555,Target,No,0,Omission,ADHD
556,Non-Target,No,0,None,ADHD
557,Non-Target,No,0,None,ADHD
558,Target,Yes,325,None,ADHD
559,Non-Target,No,0,None,ADHD
560,Target,No,0,Omission,ADHD
561,Target,Yes,784,None,ADHD
562,Target,Yes,844,None,ADHD
563,Non-Target,No,0,None,ADHD
564,Non-Target,Yes,761,Commission,ADHD
565,Target,Yes,653,None,ADHD
566,Non-Target,No,0,None,ADHD
567,Non-Target,No,0,None,ADHD
568,Non-Target,No,0,None,ADHD
569,Target,Yes,755,None,ADHD
570,Target,Yes,828,None,ADHD
571,Non-Target,Yes,593,Commission,ADHD
572,Non-Target,No,0,None,ADHD
573,Non-Target,No,0,None,ADHD
574,Target,Yes,791,None,ADHD
575,Non-Target,No,0,None,ADHD
576,Target,No,0,Omission,ADHD
577,Non-Target,No,0,None,ADHD
578,Non-Target,No,0,None,ADHD
579,Non-Target,No,0,None,ADHD
580,Target,Yes,573,None,ADHD
581,Non-Target,No,0,None,ADHD
582,Non-Target,Yes,913,Commission,ADHD
583,Non-Target,No,0,None,ADHD
584,Target,No,0,Omission,ADHD
585,Non-Target,No,0,None,ADHD
586,Target,No,0,Omission,ADHD
587,Non-Target,Yes,788,Commission,ADHD
588,Target,Yes,531,None,ADHD
589,Non-Target,No,0,None,ADHD
590,Target,Yes,634,None,ADHD
591,Target,No,0,Omission,ADHD
592,Non-Target,No,0,None,ADHD
593,Target,Yes,805,None,ADHD
594,Target,Yes,381,None,ADHD
595,Non-Target,No,0,None,ADHD
596,Target,Yes,698,None,ADHD
597,Non-Target,No,0,None,ADHD
598,Non-Target,No,0,None,ADHD
599,Non-Target,No,0,None,ADHD
600,Non-Target,No,0,None,ADHD
601,Non-Target,No,0,None,ADHD
602,Non-Target,No,0,None,ADHD
603,Target,Yes,446,None,ADHD
604,Target,Yes,437,None,ADHD
605,Target,Yes,671,None,ADHD
606,Non-Target,No,0,None,ADHD
607,Target,Yes,729,None,ADHD
608,Target,Yes,625,None,ADHD
609,Non-Target,No,0,None,ADHD
610,Non-Target,No,0,None,ADHD
611,Non-Target,No,0,None,ADHD
612,Target,Yes,867,None,ADHD
613,Non-Target,No,0,None,ADHD
614,Non-Target,No,0,None,ADHD
615,Non-Target,No,0,None,ADHD
616,Non-Target,Yes,720,Commission,ADHD
617,Target,Yes,800,None,ADHD
618,Non-Target,No,0,None,ADHD
619,Target,Yes,609,None,ADHD
620,Non-Target,No,0,None,ADHD
621,Non-Target,No,0,None,ADHD
622,Non-Target,No,0,None,ADHD
623,Non-Target,No,0,None,ADHD
624,Non-Target,No,0,None,ADHD
625,Non-Target,No,0,None,ADHD
626,Non-Target,No,0,None,ADHD
627,Non-Target,No,0,None,ADHD
628,Target,Yes,493,None,ADHD
629,Target,Yes,643,None,ADHD
630,Target,No,0,Omission,ADHD
631,Non-Target,No,0,None,ADHD
632,Non-Target,No,0,None,ADHD
633,Non-Target,No,0,None,ADHD
634,Non-Target,No,0,None,ADHD
635,Target,Yes,387,None,ADHD
636,Non-Target,No,0,None,ADHD
637,Non-Target,Yes,756,Commission,ADHD
638,Non-Target,No,0,None,ADHD
639,Target,Yes,692,None,ADHD
640,Non-Target,No,0,None,ADHD
641,Non-Target,No,0,None,ADHD
642,Non-Target,No,0,None,ADHD
643,Non-Target,No,0,None,ADHD
644,Non-Target,No,0,None,ADHD
645,Non-Target,No,0,None,ADHD
646,Target,Yes,701,None,ADHD
647,Non-Target,No,0,None,ADHD
648,Non-Target,No,0,None,ADHD
649,Target,Yes,755,None,ADHD
650,Non-Target,No,0,None,ADHD
651,Non-Target,No,0,None,ADHD
652,Target,Yes,587,None,ADHD
653,Non-Target,No,0,None,ADHD
654,Non-Target,No,0,None,ADHD
655,Non-Target,No,0,None,ADHD
656,Target,Yes,650,None,ADHD
657,Non-Target,No,0,None,ADHD
658,Non-Target,No,0,None,ADHD
659,Non-Target,No,0,None,ADHD
660,Target,Yes,518,None,ADHD
661,Target,Yes,749,None,ADHD
662,Non-Target,No,0,None,ADHD
663,Non-Target,No,0,None,ADHD
664,Target,Yes,554,None,ADHD
665,Non-Target,No,0,None,ADHD
666,Target,Yes,683,None,ADHD
667,Non-Target,No,0,None,ADHD
668,Target,No,0,Omission,ADHD
669,Target,Yes,368,None,ADHD
670,Non-Target,Yes,543,Commission,ADHD
671,Target,Yes,544,None,ADHD
672,Non-Target,No,0,None,ADHD
673,Target,Yes,414,None,ADHD
674,Non-Target,No,0,None,ADHD
675,Target,Yes,714,None,ADHD
676,Non-Target,No,0,None,ADHD
677,Target,Yes,454,None,ADHD
678,Non-Target,Yes,786,Commission,ADHD
679,Non-Target,No,0,None,ADHD
680,Non-Target,No,0,None,ADHD
681,Non-Target,No,0,None,ADHD
682,Target,Yes,690,None,ADHD
683,Non-Target,No,0,None,ADHD
684,Non-Target,No,0,None,ADHD
685,Target,No,0,Omission,ADHD
686,Non-Target,No,0,None,ADHD
687,Non-Target,No,0,None,ADHD
688,Non-Target,No,0,None,ADHD
689,Target,No,0,Omission,ADHD
690,Non-Target,No,0,None,ADHD
691,Non-Target,No,0,None,ADHD
692,Non-Target,No,0,None,ADHD
693,Non-Target,No,0,None,ADHD
694,Non-Target,No,0,None,ADHD
695,Target,No,0,Omission,ADHD
696,Non-Target,No,0,None,ADHD
697,Non-Target,No,0,None,ADHD
698,Non-Target,No,0,None,ADHD
699,Non-Target,No,0,None,ADHD
700,Non-Target,No,0,None,ADHD
701,Non-Target,No,0,None,ADHD
702,Non-Target,No,0,None,ADHD
703,Non-Target,No,0,None,ADHD
704,Target,Yes,672,None,ADHD
705,Non-Target,No,0,None,ADHD
706,Non-Target,No,0,None,ADHD
707,Target,Yes,542,None,ADHD
708,Non-Target,No,0,None,ADHD
709,Non-Target,No,0,None,ADHD
710,Non-Target,No,0,None,ADHD
711,Non-Target,No,0,None,ADHD
712,Non-Target,Yes,336,Commission,ADHD
713,Non-Target,No,0,None,ADHD
714,Non-Target,No,0,None,ADHD
715,Non-Target,No,0,None,ADHD
716,Non-Target,Yes,491,Commission,ADHD
717,Non-Target,Yes,687,Commission,ADHD
718,Non-Target,No,0,None,ADHD
719,Target,Yes,654,None,ADHD
720,Target,No,0,Omission,ADHD
721,Target,Yes,809,None,ADHD
722,Target,Yes,560,None,ADHD
723,Target,Yes,546,None,ADHD
724,Non-Target,No,0,None,ADHD
725,Non-Target,No,0,None,ADHD
726,Non-Target,No,0,None,ADHD
727,Target,Yes,802,None,ADHD
728,Target,Yes,690,None,ADHD
729,Non-Target,No,0,None,ADHD
730,Non-Target,Yes,686,Commission,ADHD
731,Target,No,0,Omission,ADHD
732,Target,No,0,Omission,ADHD
733,Non-Target,Yes,725,Commission,ADHD
734,Target,No,0,Omission,ADHD
735,Non-Target,No,0,None,ADHD
736,Non-Target,No,0,None,ADHD
737,Non-Target,No,0,None,ADHD
738,Target,No,0,Omission,ADHD
739,Non-Target,No,0,None,ADHD
740,Target,Yes,740,None,ADHD
741,Non-Target,No,0,None,ADHD
742,Non-Target,No,0,None,ADHD
743,Non-Target,No,0,None,ADHD
744,Non-Target,Yes,499,Commission,ADHD
745,Non-Target,No,0,None,ADHD
746,Non-Target,No,0,None,ADHD
747,Non-Target,No,0,None,ADHD
748,Non-Target,No,0,None,ADHD
749,Non-Target,No,0,None,ADHD
750,Target,Yes,654,None,ADHD
751,Non-Target,No,0,None,ADHD
752,Non-Target,No,0,None,ADHD
753,Non-Target,No,0,None,ADHD
754,Non-Target,No,0,None,ADHD
755,Non-Target,No,0,None,ADHD
756,Non-Target,No,0,None,ADHD
757,Non-Target,No,0,None,ADHD
758,Non-Target,No,0,None,ADHD
759,Non-Target,No,0,None,ADHD
760,Target,Yes,529,None,ADHD
761,Non-Target,Yes,611,Commission,ADHD
762,Non-Target,No,0,None,ADHD
763,Target,Yes,743,None,ADHD
764,Target,Yes,353,None,ADHD
765,Target,Yes,552,None,ADHD
766,Target,Yes,647,None,ADHD
767,Target,No,0,Omission,ADHD
768,Non-Target,Yes,763,Commission,ADHD
769,Non-Target,No,0,None,ADHD
770,Non-Target,No,0,None,ADHD
771,Non-Target,No,0,None,ADHD
772,Non-Target,No,0,None,ADHD
773,Non-Target,No,0,None,ADHD
774,Non-Target,No,0,None,ADHD
775,Target,Yes,667,None,ADHD
776,Non-Target,No,0,None,ADHD
777,Non-Target,No,0,None,ADHD
778,Non-Target,No,0,None,ADHD
779,Target,No,0,Omission,ADHD
780,Non-Target,Yes,745,Commission,ADHD
781,Non-Target,No,0,None,ADHD
782,Non-Target,Yes,681,Commission,ADHD
783,Non-Target,No,0,None,ADHD
784,Non-Target,No,0,None,ADHD
785,Non-Target,No,0,None,ADHD
786,Non-Target,No,0,None,ADHD
787,Target,Yes,377,None,ADHD
788,Target,Yes,602,None,ADHD
789,Non-Target,Yes,529,Commission,ADHD
790,Non-Target,No,0,None,ADHD
791,Non-Target,No,0,None,ADHD
792,Non-Target,No,0,None,ADHD
793,Non-Target,No,0,None,ADHD
794,Non-Target,Yes,448,Commission,ADHD
795,Non-Target,Yes,790,Commission,ADHD
796,Non-Target,No,0,None,ADHD
797,Non-Target,No,0,None,ADHD
798,Non-Target,No,0,None,ADHD
799,Non-Target,No,0,None,ADHD
800,Non-Target,No,0,None,ADHD
801,Target,Yes,489,None,ADHD
802,Target,Yes,677,None,ADHD
803,Non-Target,No,0,None,ADHD
804,Non-Target,Yes,622,Commission,ADHD
805,Non-Target,No,0,None,ADHD
806,Target,Yes,637,None,ADHD
807,Non-Target,No,0,None,ADHD
808,Non-Target,No,0,None,ADHD
809,Non-Target,Yes,469,Commission,ADHD
810,Target,Yes,585,None,ADHD
811,Non-Target,No,0,None,ADHD
812,Target,Yes,701,None,ADHD
813,Target,Yes,791,None,ADHD
814,Non-Target,No,0,None,ADHD
815,Non-Target,No,0,None,ADHD
816,Non-Target,No,0,None,ADHD
817,Target,No,0,Omission,ADHD
818,Target,Yes,679,None,ADHD
819,Non-Target,No,0,None,ADHD
820,Target,Yes,650,None,ADHD
821,Non-Target,No,0,None,ADHD
822,Non-Target,No,0,None,ADHD
823,Non-Target,No,0,None,ADHD
824,Non-Target,No,0,None,ADHD
825,Target,Yes,613,None,ADHD
826,Target,Yes,521,None,ADHD
827,Non-Target,No,0,None,ADHD
828,Target,Yes,656,None,ADHD
829,Target,No,0,Omission,ADHD
830,Non-Target,No,0,None,ADHD
831,Non-Target,No,0,None,ADHD
832,Non-Target,No,0,None,ADHD
833,Non-Target,Yes,538,Commission,ADHD
834,Target,Yes,708,None,ADHD
835,Non-Target,No,0,None,ADHD
836,Target,Yes,676,None,ADHD
837,Non-Target,No,0,None,ADHD
838,Target,Yes,589,None,ADHD
839,Non-Target,Yes,570,Commission,ADHD
840,Non-Target,No,0,None,ADHD
841,Non-Target,No,0,None,ADHD
842,Non-Target,No,0,None,ADHD
843,Non-Target,No,0,None,ADHD
844,Non-Target,No,0,None,ADHD
845,Non-Target,No,0,None,ADHD
846,Non-Target,No,0,None,ADHD
847,Non-Target,No,0,None,ADHD
848,Non-Target,No,0,None,ADHD
849,Non-Target,No,0,None,ADHD
850,Non-Target,No,0,None,ADHD
851,Non-Target,No,0,None,ADHD
852,Target,Yes,701,None,ADHD
853,Target,Yes,823,None,ADHD
854,Target,Yes,599,None,ADHD
855,Non-Target,No,0,None,ADHD
856,Non-Target,No,0,None,ADHD
857,Target,Yes,859,None,ADHD
858,Target,No,0,Omission,ADHD
859,Non-Target,No,0,None,ADHD
860,Non-Target,No,0,None,ADHD
861,Non-Target,No,0,None,ADHD
862,Non-Target,No,0,None,ADHD
863,Non-Target,No,0,None,ADHD
864,Non-Target,No,0,None,ADHD
865,Non-Target,No,0,None,ADHD
866,Target,Yes,627,None,ADHD
867,Non-Target,No,0,None,ADHD
868,Target,Yes,556,None,ADHD
869,Non-Target,No,0,None,ADHD
870,Non-Target,No,0,None,ADHD
871,Non-Target,No,0,None,ADHD
872,Target,Yes,742,None,ADHD
873,Target,Yes,338,None,ADHD
874,Target,Yes,845,None,ADHD
875,Target,Yes,728,None,ADHD
876,Target,Yes,417,None,ADHD
877,Target,Yes,569,None,ADHD
878,Non-Target,No,0,None,ADHD
879,Target,Yes,683,None,ADHD
880,Non-Target,No,0,None,ADHD
881,Non-Target,No,0,None,ADHD
882,Non-Target,No,0,None,ADHD
883,Non-Target,No,0,None,ADHD
884,Target,Yes,636,None,ADHD
885,Non-Target,No,0,None,ADHD
886,Non-Target,No,0,None,ADHD
887,Non-Target,No,0,None,ADHD
888,Non-Target,No,0,None,ADHD
889,Non-Target,No,0,None,ADHD
890,Target,Yes,482,None,ADHD
891,Non-Target,No,0,None,ADHD
892,Target,Yes,634,None,ADHD
893,Non-Target,No,0,None,ADHD
894,Non-Target,No,0,None,ADHD
895,Non-Target,No,0,None,ADHD
896,Non-Target,No,0,None,ADHD
897,Non-Target,No,0,None,ADHD
898,Non-Target,No,0,None,ADHD
899,Non-Target,No,0,None,ADHD
900,Non-Target,No,0,None,ADHD
901,Non-Target,No,0,None,ADHD
902,Non-Target,No,0,None,ADHD
903,Non-Target,No,0,None,ADHD
904,Target,Yes,687,None,ADHD
905,Non-Target,No,0,None,ADHD
906,Non-Target,No,0,None,ADHD
907,Non-Target,No,0,None,ADHD
908,Non-Target,No,0,None,ADHD
909,Target,Yes,610,None,ADHD
910,Target,No,0,Omission,ADHD
911,Target,Yes,787,None,ADHD
912,Non-Target,No,0,None,ADHD
913,Target,Yes,775,None,ADHD
914,Target,Yes,487,None,ADHD
915,Non-Target,No,0,None,ADHD
916,Non-Target,No,0,None,ADHD
917,Non-Target,No,0,None,ADHD
918,Non-Target,No,0,None,ADHD
919,Non-Target,No,0,None,ADHD
920,Non-Target,Yes,499,Commission,ADHD
921,Non-Target,No,0,None,ADHD
922,Non-Target,No,0,None,ADHD
923,Non-Target,No,0,None,ADHD
924,Non-Target,No,0,None,ADHD
925,Non-Target,No,0,None,ADHD
926,Non-Target,No,0,None,ADHD
927,Non-Target,Yes,468,Commission,ADHD
928,Non-Target,No,0,None,ADHD
929,Non-Target,No,0,None,ADHD
930,Target,No,0,Omission,ADHD
931,Target,No,0,Omission,ADHD
932,Non-Target,No,0,None,ADHD
933,Non-Target,No,0,None,ADHD
934,Non-Target,Yes,361,Commission,ADHD
935,Target,Yes,673,None,ADHD
936,Non-Target,No,0,None,ADHD
937,Non-Target,No,0,None,ADHD
938,Non-Target,No,0,None,ADHD
939,Non-Target,No,0,None,ADHD
940,Non-Target,Yes,619,Commission,ADHD
941,Non-Target,No,0,None,ADHD
942,Target,Yes,632,None,ADHD
943,Non-Target,No,0,None,ADHD
944,Target,Yes,695,None,ADHD
945,Non-Target,No,0,None,ADHD
946,Non-Target,No,0,None,ADHD
947,Non-Target,Yes,392,Commission,ADHD
948,Non-Target,No,0,None,ADHD
949,Non-Target,Yes,767,Commission,ADHD
950,Target,Yes,634,None,ADHD
951,Non-Target,No,0,None,ADHD
952,Non-Target,Yes,517,Commission,ADHD
953,Non-Target,No,0,None,ADHD
954,Non-Target,No,0,None,ADHD
955,Non-Target,No,0,None,ADHD
956,Non-Target,Yes,745,Commission,ADHD
957,Target,Yes,563,None,ADHD
958,Non-Target,No,0,None,ADHD
959,Target,Yes,822,None,ADHD
960,Non-Target,No,0,None,ADHD
961,Target,No,0,Omission,ADHD
962,Target,Yes,798,None,ADHD
963,Non-Target,No,0,None,ADHD
964,Non-Target,No,0,None,ADHD
965,Non-Target,No,0,None,ADHD
966,Non-Target,No,0,None,ADHD
967,Target,Yes,709,None,ADHD
968,Target,Yes,814,None,ADHD
969,Non-Target,No,0,None,ADHD
970,Non-Target,No,0,None,ADHD
971,Target,Yes,582,None,ADHD
972,Non-Target,No,0,None,ADHD
973,Target,Yes,516,None,ADHD
974,Non-Target,No,0,None,ADHD
975,Target,Yes,499,None,ADHD
976,Non-Target,No,0,None,ADHD
977,Non-Target,No,0,None,ADHD
978,Target,Yes,717,None,ADHD
979,Non-Target,No,0,None,ADHD
980,Target,Yes,820,None,ADHD
981,Non-Target,No,0,None,ADHD
982,Non-Target,No,0,None,ADHD
983,Non-Target,No,0,None,ADHD
984,Target,Yes,784,None,ADHD
985,Non-Target,No,0,None,ADHD
986,Non-Target,No,0,None,ADHD
987,Non-Target,No,0,None,ADHD
988,Target,Yes,795,None,ADHD
989,Target,Yes,726,None,ADHD
990,Non-Target,No,0,None,ADHD
991,Target,Yes,662,None,ADHD
992,Target,Yes,690,None,ADHD
993,Target,Yes,520,None,ADHD
994,Non-Target,No,0,None,ADHD
995,Non-Target,No,0,None,ADHD
996,Non-Target,Yes,685,Commission,ADHD
997,Non-Target,No,0,None,ADHD
998,Non-Target,No,0,None,ADHD
999,Non-Target,No,0,None,ADHD
1000,Non-Target,No,0,None,ADHD
1001,Target,Yes,865,None,ADHD
1002,Target,Yes,462,None,ADHD
1003,Non-Target,No,0,None,ADHD
1004,Non-Target,No,0,None,ADHD
1005,Non-Target,No,0,None,ADHD
1006,Target,Yes,653,None,ADHD
1007,Target,Yes,589,None,ADHD
1008,Non-Target,No,0,None,ADHD
1009,Target,Yes,783,None,ADHD
1010,Non-Target,No,0,None,ADHD
1011,Non-Target,Yes,628,Commission,ADHD
1012,Target,Yes,649,None,ADHD
1013,Non-Target,No,0,None,ADHD
1014,Target,Yes,884,None,ADHD
1015,Target,No,0,Omission,ADHD
1016,Target,Yes,481,None,ADHD
1017,Target,Yes,306,None,ADHD
1018,Target,Yes,693,None,ADHD
1019,Target,Yes,653,None,ADHD
1020,Non-Target,No,0,None,ADHD
1021,Non-Target,No,0,None,ADHD
1022,Target,Yes,719,None,ADHD
1023,Non-Target,No,0,None,ADHD
1024,Non-Target,No,0,None,ADHD
1025,Non-Target,No,0,None,ADHD
1026,Non-Target,No,0,None,ADHD
1027,Non-Target,No,0,None,ADHD
1028,Non-Target,No,0,None,ADHD
1029,Non-Target,No,0,None,ADHD
1030,Non-Target,No,0,None,ADHD
1031,Non-Target,No,0,None,ADHD
1032,Target,Yes,761,None,ADHD
1033,Non-Target,Yes,641,Commission,ADHD
1034,Target,No,0,Omission,ADHD
1035,Non-Target,No,0,None,ADHD
1036,Target,No,0,Omission,ADHD
1037,Target,Yes,750,None,ADHD
1038,Non-Target,No,0,None,ADHD
1039,Non-Target,No,0,None,ADHD
1040,Non-Target,No,0,None,ADHD
1041,Target,Yes,659,None,ADHD
1042,Non-Target,No,0,None,ADHD
1043,Target,Yes,781,None,ADHD
1044,Target,No,0,Omission,ADHD
1045,Non-Target,Yes,463,Commission,ADHD
1046,Target,Yes,564,None,ADHD
1047,Non-Target,No,0,None,ADHD
1048,Target,No,0,Omission,ADHD
1049,Target,Yes,652,None,ADHD
1050,Target,Yes,784,None,ADHD
1051,Non-Target,No,0,None,ADHD
1052,Target,Yes,738,None,ADHD
1053,Non-Target,No,0,None,ADHD
1054,Non-Target,No,0,None,ADHD
1055,Non-Target,No,0,None,ADHD
1056,Non-Target,Yes,359,Commission,ADHD
1057,Non-Target,No,0,None,ADHD
1058,Target,Yes,652,None,ADHD
1059,Non-Target,No,0,None,ADHD
1060,Non-Target,No,0,None,ADHD
1061,Non-Target,No,0,None,ADHD
1062,Non-Target,No,0,None,ADHD
1063,Non-Target,No,0,None,ADHD
1064,Non-Target,No,0,None,ADHD
1065,Non-Target,No,0,None,ADHD
1066,Non-Target,No,0,None,ADHD
1067,Target,Yes,929,None,ADHD
1068,Non-Target,No,0,None,ADHD
1069,Non-Target,No,0,None,ADHD
1070,Target,Yes,497,None,ADHD
1071,Non-Target,No,0,None,ADHD
1072,Non-Target,No,0,None,ADHD
1073,Target,Yes,788,None,ADHD
1074,Target,Yes,757,None,ADHD
1075,Non-Target,Yes,583,Commission,ADHD
1076,Non-Target,No,0,None,ADHD
1077,Non-Target,No,0,None,ADHD
1078,Non-Target,No,0,None,ADHD
1079,Non-Target,No,0,None,ADHD
1080,Non-Target,No,0,None,ADHD
1081,Non-Target,No,0,None,ADHD
1082,Target,Yes,512,None,ADHD
1083,Non-Target,No,0,None,ADHD
1084,Non-Target,No,0,None,ADHD
1085,Non-Target,No,0,None,ADHD
1086,Non-Target,No,0,None,ADHD
1087,Non-Target,No,0,None,ADHD
1088,Target,Yes,600,None,ADHD
1089,Target,Yes,565,None,ADHD
1090,Non-Target,No,0,None,ADHD
1091,Non-Target,No,0,None,ADHD
1092,Target,No,0,Omission,ADHD
1093,Target,No,0,Omission,ADHD
1094,Non-Target,No,0,None,ADHD
1095,Non-Target,No,0,None,ADHD
1096,Target,No,0,Omission,ADHD
1097,Target,Yes,603,None,ADHD
1098,Non-Target,No,0,None,ADHD
1099,Non-Target,No,0,None,ADHD
1100,Non-Target,No,0,None,ADHD
1101,Non-Target,No,0,None,ADHD
1102,Target,No,0,Omission,ADHD
1103,Target,Yes,726,None,ADHD
1104,Non-Target,No,0,None,ADHD
1105,Non-Target,No,0,None,ADHD
1106,Non-Target,No,0,None,ADHD
1107,Target,Yes,739,None,ADHD
1108,Non-Target,No,0,None,ADHD
1109,Non-Target,No,0,None,ADHD
1110,Non-Target,No,0,None,ADHD
1111,Target,Yes,794,None,ADHD
1112,Target,Yes,982,None,ADHD
1113,Non-Target,Yes,725,Commission,ADHD
1114,Target,Yes,704,None,ADHD
1115,Target,Yes,600,None,ADHD
1116,Non-Target,No,0,None,ADHD
1117,Non-Target,No,0,None,ADHD
1118,Target,Yes,764,None,ADHD
1119,Target,Yes,775,None,ADHD
1120,Non-Target,No,0,None,ADHD
1121,Non-Target,No,0,None,ADHD
1122,Non-Target,No,0,None,ADHD
1123,Non-Target,No,0,None,ADHD
1124,Non-Target,No,0,None,ADHD
1125,Non-Target,Yes,558,Commission,ADHD
1126,Non-Target,No,0,None,ADHD
1127,Non-Target,No,0,None,ADHD
1128,Non-Target,No,0,None,ADHD
1129,Non-Target,No,0,None,ADHD
1130,Non-Target,No,0,None,ADHD
1131,Non-Target,No,0,None,ADHD
1132,Non-Target,Yes,670,Commission,ADHD
1133,Target,Yes,465,None,ADHD
1134,Non-Target,Yes,620,Commission,ADHD
1135,Non-Target,No,0,None,ADHD
1136,Target,Yes,613,None,ADHD
1137,Target,Yes,823,None,ADHD
1138,Non-Target,Yes,674,Commission,ADHD
1139,Non-Target,No,0,None,ADHD
1140,Non-Target,No,0,None,ADHD
1141,Non-Target,Yes,573,Commission,ADHD
1142,Target,No,0,Omission,ADHD
1143,Non-Target,No,0,None,ADHD
1144,Target,Yes,506,None,ADHD
1145,Non-Target,No,0,None,ADHD
1146,Non-Target,No,0,None,ADHD
1147,Non-Target,No,0,None,ADHD
1148,Target,Yes,702,None,ADHD
1149,Target,Yes,751,None,ADHD
1150,Non-Target,No,0,None,ADHD
1151,Non-Target,Yes,689,Commission,ADHD
1152,Target,No,0,Omission,ADHD
1153,Target,Yes,746,None,ADHD
1154,Target,Yes,1008,None,ADHD
1155,Non-Target,No,0,None,ADHD
1156,Non-Target,No,0,None,ADHD
1157,Non-Target,No,0,None,ADHD
1158,Target,No,0,Omission,ADHD
1159,Non-Target,No,0,None,ADHD
1160,Non-Target,No,0,None,ADHD
1161,Non-Target,No,0,None,ADHD
1162,Non-Target,No,0,None,ADHD
1163,Non-Target,No,0,None,ADHD
1164,Non-Target,No,0,None,ADHD
1165,Non-Target,No,0,None,ADHD
1166,Non-Target,No,0,None,ADHD
1167,Non-Target,No,0,None,ADHD
1168,Non-Target,No,0,None,ADHD
1169,Non-Target,No,0,None,ADHD
1170,Non-Target,No,0,None,ADHD
1171,Non-Target,No,0,None,ADHD
1172,Non-Target,Yes,685,Commission,ADHD
1173,Target,Yes,646,None,ADHD
1174,Non-Target,No,0,None,ADHD
1175,Non-Target,No,0,None,ADHD
1176,Non-Target,No,0,None,ADHD
1177,Non-Target,No,0,None,ADHD
1178,Target,Yes,691,None,ADHD
1179,Target,Yes,714,None,ADHD
1180,Target,No,0,Omission,ADHD
1181,Non-Target,No,0,None,ADHD
1182,Non-Target,No,0,None,ADHD
1183,Non-Target,No,0,None,ADHD
1184,Non-Target,No,0,None,ADHD
1185,Non-Target,No,0,None,ADHD
1186,Target,Yes,740,None,ADHD
1187,Non-Target,No,0,None,ADHD
1188,Non-Target,No,0,None,ADHD
1189,Non-Target,Yes,921,Commission,ADHD
1190,Target,Yes,750,None,ADHD
1191,Target,Yes,625,None,ADHD
1192,Non-Target,No,0,None,ADHD
1193,Non-Target,Yes,751,Commission,ADHD
1194,Non-Target,No,0,None,ADHD
1195,Non-Target,No,0,None,ADHD
1196,Target,Yes,836,None,ADHD
1197,Non-Target,No,0,None,ADHD
1198,Non-Target,No,0,None,ADHD
1199,Target,Yes,678,None,ADHD
1200,Non-Target,No,0,None,ADHD
