Trial,StimulusType,Reaction,ReactionTime(ms),ErrorType,Label
1,Non-Target,Yes,665,Commission,ADHD
2,Target,Yes,864,None,ADHD
3,Non-Target,No,0,None,ADHD
4,Non-Target,Yes,1018,Commission,ADHD
5,Non-Target,Yes,449,Commission,ADHD
6,Non-Target,No,0,None,ADHD
7,Target,Yes,538,None,ADHD
8,Non-Target,No,0,None,ADHD
9,Target,Yes,436,None,ADHD
10,Non-Target,No,0,None,ADHD
11,Non-Target,Yes,620,Commission,ADHD
12,Non-Target,Yes,745,Commission,ADHD
13,Target,Yes,786,None,ADHD
14,Non-Target,No,0,None,ADHD
15,Non-Target,No,0,None,ADHD
16,Non-Target,No,0,None,ADHD
17,Non-Target,No,0,None,ADHD
18,Non-Target,No,0,None,ADHD
19,Non-Target,No,0,None,ADHD
20,Non-Target,No,0,None,ADHD
21,Target,Yes,885,None,ADHD
22,Target,Yes,718,None,ADHD
23,Non-Target,No,0,None,ADHD
24,Target,Yes,1157,None,ADHD
25,Non-Target,No,0,None,ADHD
26,Non-Target,Yes,724,Commission,ADHD
27,Non-Target,No,0,None,ADHD
28,Non-Target,No,0,None,ADHD
29,Target,Yes,962,None,ADHD
30,Non-Target,No,0,None,ADHD
31,Non-Target,No,0,None,ADHD
32,Non-Target,No,0,None,ADHD
33,Non-Target,No,0,None,ADHD
34,Non-Target,No,0,None,ADHD
35,Non-Target,Yes,687,Commission,ADHD
36,Non-Target,No,0,None,ADHD
37,Non-Target,No,0,None,ADHD
38,Non-Target,No,0,None,ADHD
39,Non-Target,No,0,None,ADHD
40,Target,Yes,490,None,ADHD
41,Non-Target,No,0,None,ADHD
42,Non-Target,No,0,None,ADHD
43,Non-Target,No,0,None,ADHD
44,Non-Target,No,0,None,ADHD
45,Non-Target,Yes,740,Commission,ADHD
46,Non-Target,No,0,None,ADHD
47,Non-Target,No,0,None,ADHD
48,Target,Yes,620,None,ADHD
49,Non-Target,No,0,None,ADHD
50,Target,No,0,Omission,ADHD
51,Target,Yes,681,None,ADHD
52,Non-Target,No,0,None,ADHD
53,Target,Yes,782,None,ADHD
54,Non-Target,Yes,888,Commission,ADHD
55,Non-Target,No,0,None,ADHD
56,Non-Target,No,0,None,ADHD
57,Non-Target,No,0,None,ADHD
58,Non-Target,No,0,None,ADHD
59,Non-Target,No,0,None,ADHD
60,Non-Target,No,0,None,ADHD
61,Non-Target,No,0,None,ADHD
62,Non-Target,No,0,None,ADHD
63,Non-Target,Yes,996,Commission,ADHD
64,Non-Target,No,0,None,ADHD
65,Non-Target,No,0,None,ADHD
66,Non-Target,No,0,None,ADHD
67,Target,Yes,825,None,ADHD
68,Non-Target,No,0,None,ADHD
69,Non-Target,No,0,None,ADHD
70,Non-Target,No,0,None,ADHD
71,Non-Target,No,0,None,ADHD
72,Target,Yes,893,None,ADHD
73,Non-Target,No,0,None,ADHD
74,Non-Target,No,0,None,ADHD
75,Target,Yes,814,None,ADHD
76,Non-Target,No,0,None,ADHD
77,Non-Target,No,0,None,ADHD
78,Target,No,0,Omission,ADHD
79,Non-Target,No,0,None,ADHD
80,Non-Target,No,0,None,ADHD
81,Target,Yes,382,None,ADHD
82,Non-Target,No,0,None,ADHD
83,Non-Target,No,0,None,ADHD
84,Non-Target,No,0,None,ADHD
85,Non-Target,No,0,None,ADHD
86,Non-Target,No,0,None,ADHD
87,Target,No,0,Omission,ADHD
88,Non-Target,No,0,None,ADHD
89,Non-Target,No,0,None,ADHD
90,Target,No,0,Omission,ADHD
91,Non-Target,No,0,None,ADHD
92,Target,Yes,941,None,ADHD
93,Target,Yes,566,None,ADHD
94,Target,Yes,876,None,ADHD
95,Non-Target,No,0,None,ADHD
96,Non-Target,No,0,None,ADHD
97,Target,Yes,667,None,ADHD
98,Target,Yes,755,None,ADHD
99,Target,Yes,654,None,ADHD
100,Non-Target,No,0,None,ADHD
101,Non-Target,No,0,None,ADHD
102,Target,Yes,716,None,ADHD
103,Non-Target,No,0,None,ADHD
104,Target,Yes,806,None,ADHD
105,Target,Yes,817,None,ADHD
106,Non-Target,No,0,None,ADHD
107,Target,Yes,452,None,ADHD
108,Non-Target,No,0,None,ADHD
109,Non-Target,No,0,None,ADHD
110,Non-Target,No,0,None,ADHD
111,Non-Target,No,0,None,ADHD
112,Target,Yes,566,None,ADHD
113,Non-Target,No,0,None,ADHD
114,Non-Target,No,0,None,ADHD
115,Target,Yes,920,None,ADHD
116,Non-Target,No,0,None,ADHD
117,Non-Target,No,0,None,ADHD
118,Non-Target,No,0,None,ADHD
119,Non-Target,No,0,None,ADHD
120,Non-Target,Yes,758,Commission,ADHD
121,Non-Target,No,0,None,ADHD
122,Target,Yes,607,None,ADHD
123,Target,Yes,609,None,ADHD
124,Target,Yes,663,None,ADHD
125,Non-Target,No,0,None,ADHD
126,Non-Target,Yes,668,Commission,ADHD
127,Non-Target,No,0,None,ADHD
128,Non-Target,No,0,None,ADHD
129,Non-Target,Yes,776,Commission,ADHD
130,Non-Target,No,0,None,ADHD
131,Non-Target,Yes,561,Commission,ADHD
132,Target,Yes,662,None,ADHD
133,Non-Target,No,0,None,ADHD
134,Target,Yes,614,None,ADHD
135,Target,Yes,698,None,ADHD
136,Target,Yes,680,None,ADHD
137,Non-Target,Yes,832,Commission,ADHD
138,Non-Target,Yes,849,Commission,ADHD
139,Non-Target,No,0,None,ADHD
140,Non-Target,No,0,None,ADHD
141,Target,Yes,688,None,ADHD
142,Target,No,0,Omission,ADHD
143,Non-Target,No,0,None,ADHD
144,Non-Target,No,0,None,ADHD
145,Target,Yes,611,None,ADHD
146,Non-Target,No,0,None,ADHD
147,Non-Target,No,0,None,ADHD
148,Non-Target,No,0,None,ADHD
149,Target,Yes,796,None,ADHD
150,Non-Target,Yes,686,Commission,ADHD
151,Target,Yes,662,None,ADHD
152,Non-Target,No,0,None,ADHD
153,Non-Target,Yes,988,Commission,ADHD
154,Non-Target,No,0,None,ADHD
155,Target,Yes,650,None,ADHD
156,Target,Yes,552,None,ADHD
157,Non-Target,No,0,None,ADHD
158,Non-Target,No,0,None,ADHD
159,Target,Yes,1059,None,ADHD
160,Non-Target,No,0,None,ADHD
161,Target,No,0,Omission,ADHD
162,Target,Yes,903,None,ADHD
163,Non-Target,No,0,None,ADHD
164,Target,Yes,671,None,ADHD
165,Non-Target,No,0,None,ADHD
166,Target,Yes,663,None,ADHD
167,Non-Target,No,0,None,ADHD
168,Target,No,0,Omission,ADHD
169,Non-Target,No,0,None,ADHD
170,Target,Yes,898,None,ADHD
171,Non-Target,No,0,None,ADHD
172,Non-Target,No,0,None,ADHD
173,Non-Target,No,0,None,ADHD
174,Target,Yes,680,None,ADHD
175,Non-Target,No,0,None,ADHD
176,Non-Target,No,0,None,ADHD
177,Non-Target,No,0,None,ADHD
178,Target,Yes,636,None,ADHD
179,Target,Yes,781,None,ADHD
180,Non-Target,No,0,None,ADHD
181,Target,Yes,487,None,ADHD
182,Target,Yes,1101,None,ADHD
183,Non-Target,Yes,728,Commission,ADHD
184,Target,Yes,821,None,ADHD
185,Non-Target,No,0,None,ADHD
186,Target,Yes,708,None,ADHD
187,Non-Target,No,0,None,ADHD
188,Non-Target,No,0,None,ADHD
189,Non-Target,No,0,None,ADHD
190,Target,Yes,801,None,ADHD
191,Target,Yes,577,None,ADHD
192,Non-Target,No,0,None,ADHD
193,Target,No,0,Omission,ADHD
194,Target,Yes,533,None,ADHD
195,Non-Target,No,0,None,ADHD
196,Non-Target,No,0,None,ADHD
197,Non-Target,No,0,None,ADHD
198,Target,Yes,756,None,ADHD
199,Non-Target,Yes,754,Commission,ADHD
200,Target,Yes,549,None,ADHD
201,Target,Yes,706,None,ADHD
202,Target,No,0,Omission,ADHD
203,Target,Yes,674,None,ADHD
204,Non-Target,No,0,None,ADHD
205,Target,Yes,540,None,ADHD
206,Non-Target,No,0,None,ADHD
207,Non-Target,Yes,732,Commission,ADHD
208,Non-Target,No,0,None,ADHD
209,Non-Target,No,0,None,ADHD
210,Non-Target,No,0,None,ADHD
211,Non-Target,No,0,None,ADHD
212,Non-Target,No,0,None,ADHD
213,Target,Yes,641,None,ADHD
214,Non-Target,No,0,None,ADHD
215,Non-Target,No,0,None,ADHD
216,Non-Target,No,0,None,ADHD
217,Non-Target,No,0,None,ADHD
218,Target,Yes,781,None,ADHD
219,Non-Target,Yes,467,Commission,ADHD
220,Non-Target,No,0,None,ADHD
221,Non-Target,No,0,None,ADHD
222,Non-Target,No,0,None,ADHD
223,Non-Target,No,0,None,ADHD
224,Target,No,0,Omission,ADHD
225,Non-Target,No,0,None,ADHD
226,Non-Target,No,0,None,ADHD
227,Target,Yes,568,None,ADHD
228,Non-Target,No,0,None,ADHD
229,Non-Target,Yes,652,Commission,ADHD
230,Target,Yes,774,None,ADHD
231,Non-Target,No,0,None,ADHD
232,Target,Yes,709,None,ADHD
233,Non-Target,No,0,None,ADHD
234,Non-Target,No,0,None,ADHD
235,Non-Target,No,0,None,ADHD
236,Target,No,0,Omission,ADHD
237,Non-Target,No,0,None,ADHD
238,Non-Target,No,0,None,ADHD
239,Non-Target,No,0,None,ADHD
240,Non-Target,No,0,None,ADHD
241,Target,No,0,Omission,ADHD
242,Non-Target,No,0,None,ADHD
243,Non-Target,No,0,None,ADHD
244,Non-Target,No,0,None,ADHD
245,Target,Yes,826,None,ADHD
246,Target,Yes,545,None,ADHD
247,Non-Target,Yes,854,Commission,ADHD
248,Non-Target,No,0,None,ADHD
249,Non-Target,No,0,None,ADHD
250,Target,Yes,922,None,ADHD
251,Non-Target,No,0,None,ADHD
252,Non-Target,No,0,None,ADHD
253,Non-Target,No,0,None,ADHD
254,Target,Yes,932,None,ADHD
255,Non-Target,Yes,540,Commission,ADHD
256,Non-Target,No,0,None,ADHD
257,Target,Yes,688,None,ADHD
258,Non-Target,No,0,None,ADHD
259,Non-Target,No,0,None,ADHD
260,Non-Target,No,0,None,ADHD
261,Non-Target,No,0,None,ADHD
262,Non-Target,Yes,960,Commission,ADHD
263,Non-Target,No,0,None,ADHD
264,Target,Yes,624,None,ADHD
265,Non-Target,Yes,713,Commission,ADHD
266,Non-Target,Yes,651,Commission,ADHD
267,Non-Target,Yes,593,Commission,ADHD
268,Non-Target,No,0,None,ADHD
269,Target,Yes,660,None,ADHD
270,Non-Target,No,0,None,ADHD
271,Non-Target,No,0,None,ADHD
272,Target,Yes,686,None,ADHD
273,Non-Target,No,0,None,ADHD
274,Non-Target,No,0,None,ADHD
275,Non-Target,Yes,719,Commission,ADHD
276,Non-Target,Yes,771,Commission,ADHD
277,Non-Target,No,0,None,ADHD
278,Non-Target,No,0,None,ADHD
279,Target,Yes,492,None,ADHD
280,Target,Yes,488,None,ADHD
281,Non-Target,Yes,632,Commission,ADHD
282,Non-Target,No,0,None,ADHD
283,Target,Yes,818,None,ADHD
284,Non-Target,No,0,None,ADHD
285,Target,Yes,653,None,ADHD
286,Non-Target,No,0,None,ADHD
287,Target,Yes,674,None,ADHD
288,Target,Yes,699,None,ADHD
289,Non-Target,No,0,None,ADHD
290,Non-Target,No,0,None,ADHD
291,Non-Target,Yes,529,Commission,ADHD
292,Non-Target,No,0,None,ADHD
293,Target,Yes,637,None,ADHD
294,Target,Yes,500,None,ADHD
295,Target,No,0,Omission,ADHD
296,Non-Target,No,0,None,ADHD
297,Target,Yes,592,None,ADHD
298,Non-Target,No,0,None,ADHD
299,Target,No,0,Omission,ADHD
300,Target,Yes,794,None,ADHD
301,Target,Yes,841,None,ADHD
302,Target,No,0,Omission,ADHD
303,Non-Target,No,0,None,ADHD
304,Non-Target,No,0,None,ADHD
305,Non-Target,No,0,None,ADHD
306,Non-Target,No,0,None,ADHD
307,Non-Target,Yes,755,Commission,ADHD
308,Non-Target,No,0,None,ADHD
309,Non-Target,Yes,790,Commission,ADHD
310,Target,Yes,606,None,ADHD
311,Target,Yes,608,None,ADHD
312,Non-Target,No,0,None,ADHD
313,Target,Yes,620,None,ADHD
314,Non-Target,No,0,None,ADHD
315,Target,Yes,607,None,ADHD
316,Target,Yes,770,None,ADHD
317,Non-Target,No,0,None,ADHD
318,Non-Target,No,0,None,ADHD
319,Non-Target,No,0,None,ADHD
320,Non-Target,No,0,None,ADHD
321,Target,Yes,603,None,ADHD
322,Non-Target,No,0,None,ADHD
323,Non-Target,No,0,None,ADHD
324,Non-Target,No,0,None,ADHD
325,Non-Target,No,0,None,ADHD
326,Target,Yes,732,None,ADHD
327,Non-Target,No,0,None,ADHD
328,Target,Yes,770,None,ADHD
329,Non-Target,No,0,None,ADHD
330,Non-Target,No,0,None,ADHD
331,Target,No,0,Omission,ADHD
332,Non-Target,No,0,None,ADHD
333,Non-Target,No,0,None,ADHD
334,Target,Yes,684,None,ADHD
335,Target,No,0,Omission,ADHD
336,Target,Yes,799,None,ADHD
337,Non-Target,No,0,None,ADHD
338,Target,Yes,685,None,ADHD
339,Non-Target,No,0,None,ADHD
340,Non-Target,Yes,814,Commission,ADHD
341,Non-Target,Yes,856,Commission,ADHD
342,Non-Target,No,0,None,ADHD
343,Non-Target,Yes,984,Commission,ADHD
344,Non-Target,No,0,None,ADHD
345,Target,Yes,678,None,ADHD
346,Target,Yes,763,None,ADHD
347,Target,Yes,919,None,ADHD
348,Non-Target,Yes,654,Commission,ADHD
349,Non-Target,No,0,None,ADHD
350,Non-Target,No,0,None,ADHD
351,Target,Yes,536,None,ADHD
352,Non-Target,No,0,None,ADHD
353,Target,Yes,869,None,ADHD
354,Non-Target,No,0,None,ADHD
355,Non-Target,No,0,None,ADHD
356,Non-Target,No,0,None,ADHD
357,Non-Target,No,0,None,ADHD
358,Non-Target,Yes,759,Commission,ADHD
359,Non-Target,No,0,None,ADHD
360,Target,Yes,819,None,ADHD
361,Non-Target,No,0,None,ADHD
362,Non-Target,No,0,None,ADHD
363,Non-Target,No,0,None,ADHD
364,Target,Yes,893,None,ADHD
365,Target,Yes,529,None,ADHD
366,Non-Target,Yes,976,Commission,ADHD
367,Non-Target,Yes,948,Commission,ADHD
368,Non-Target,No,0,None,ADHD
369,Target,Yes,741,None,ADHD
370,Non-Target,No,0,None,ADHD
371,Non-Target,No,0,None,ADHD
372,Target,Yes,650,None,ADHD
373,Non-Target,No,0,None,ADHD
374,Target,Yes,480,None,ADHD
375,Non-Target,No,0,None,ADHD
376,Non-Target,No,0,None,ADHD
377,Target,No,0,Omission,ADHD
378,Non-Target,No,0,None,ADHD
379,Non-Target,No,0,None,ADHD
380,Non-Target,Yes,687,Commission,ADHD
381,Target,Yes,768,None,ADHD
382,Non-Target,Yes,911,Commission,ADHD
383,Target,Yes,604,None,ADHD
384,Non-Target,No,0,None,ADHD
385,Non-Target,No,0,None,ADHD
386,Target,Yes,662,None,ADHD
387,Non-Target,Yes,932,Commission,ADHD
388,Non-Target,No,0,None,ADHD
389,Non-Target,Yes,821,Commission,ADHD
390,Target,No,0,Omission,ADHD
391,Non-Target,No,0,None,ADHD
392,Non-Target,No,0,None,ADHD
393,Non-Target,No,0,None,ADHD
394,Target,Yes,865,None,ADHD
395,Non-Target,Yes,593,Commission,ADHD
396,Non-Target,No,0,None,ADHD
397,Non-Target,No,0,None,ADHD
398,Non-Target,No,0,None,ADHD
399,Target,No,0,Omission,ADHD
400,Non-Target,No,0,None,ADHD
401,Non-Target,Yes,513,Commission,ADHD
402,Non-Target,No,0,None,ADHD
403,Target,Yes,920,None,ADHD
404,Non-Target,No,0,None,ADHD
405,Non-Target,Yes,614,Commission,ADHD
406,Non-Target,No,0,None,ADHD
407,Non-Target,No,0,None,ADHD
408,Non-Target,No,0,None,ADHD
409,Non-Target,No,0,None,ADHD
410,Non-Target,No,0,None,ADHD
411,Target,Yes,510,None,ADHD
412,Non-Target,No,0,None,ADHD
413,Non-Target,No,0,None,ADHD
414,Non-Target,No,0,None,ADHD
415,Non-Target,Yes,803,Commission,ADHD
416,Non-Target,Yes,774,Commission,ADHD
417,Non-Target,No,0,None,ADHD
418,Non-Target,No,0,None,ADHD
419,Non-Target,Yes,1055,Commission,ADHD
420,Non-Target,No,0,None,ADHD
421,Non-Target,No,0,None,ADHD
422,Non-Target,No,0,None,ADHD
423,Non-Target,No,0,None,ADHD
424,Non-Target,No,0,None,ADHD
425,Target,No,0,Omission,ADHD
426,Non-Target,No,0,None,ADHD
427,Target,Yes,597,None,ADHD
428,Non-Target,No,0,None,ADHD
429,Target,No,0,Omission,ADHD
430,Non-Target,Yes,762,Commission,ADHD
431,Non-Target,No,0,None,ADHD
432,Non-Target,No,0,None,ADHD
433,Non-Target,No,0,None,ADHD
434,Non-Target,No,0,None,ADHD
435,Non-Target,No,0,None,ADHD
436,Target,No,0,Omission,ADHD
437,Target,Yes,784,None,ADHD
438,Target,Yes,687,None,ADHD
439,Non-Target,No,0,None,ADHD
440,Non-Target,No,0,None,ADHD
441,Target,Yes,669,None,ADHD
442,Non-Target,No,0,None,ADHD
443,Non-Target,No,0,None,ADHD
444,Non-Target,Yes,532,Commission,ADHD
445,Non-Target,No,0,None,ADHD
446,Target,No,0,Omission,ADHD
447,Target,Yes,585,None,ADHD
448,Non-Target,Yes,995,Commission,ADHD
449,Non-Target,No,0,None,ADHD
450,Non-Target,No,0,None,ADHD
451,Non-Target,No,0,None,ADHD
452,Target,Yes,994,None,ADHD
453,Non-Target,No,0,None,ADHD
454,Non-Target,No,0,None,ADHD
455,Target,Yes,629,None,ADHD
456,Target,Yes,978,None,ADHD
457,Non-Target,No,0,None,ADHD
458,Target,Yes,772,None,ADHD
459,Target,Yes,554,None,ADHD
460,Non-Target,No,0,None,ADHD
461,Target,Yes,793,None,ADHD
462,Target,Yes,972,None,ADHD
463,Target,Yes,817,None,ADHD
464,Non-Target,No,0,None,ADHD
465,Target,No,0,Omission,ADHD
466,Non-Target,No,0,None,ADHD
467,Target,Yes,768,None,ADHD
468,Target,Yes,650,None,ADHD
469,Non-Target,Yes,958,Commission,ADHD
470,Target,Yes,741,None,ADHD
471,Non-Target,No,0,None,ADHD
472,Non-Target,No,0,None,ADHD
473,Non-Target,No,0,None,ADHD
474,Target,Yes,527,None,ADHD
475,Non-Target,No,0,None,ADHD
476,Target,Yes,701,None,ADHD
477,Target,Yes,692,None,ADHD
478,Target,Yes,776,None,ADHD
479,Target,Yes,639,None,ADHD
480,Non-Target,No,0,None,ADHD
481,Non-Target,No,0,None,ADHD
482,Non-Target,No,0,None,ADHD
483,Non-Target,No,0,None,ADHD
484,Non-Target,Yes,586,Commission,ADHD
485,Non-Target,No,0,None,ADHD
486,Non-Target,Yes,760,Commission,ADHD
487,Non-Target,No,0,None,ADHD
488,Non-Target,No,0,None,ADHD
489,Non-Target,No,0,None,ADHD
490,Non-Target,No,0,None,ADHD
491,Non-Target,No,0,None,ADHD
492,Target,Yes,736,None,ADHD
493,Target,Yes,494,None,ADHD
494,Non-Target,No,0,None,ADHD
495,Non-Target,Yes,802,Commission,ADHD
496,Target,No,0,Omission,ADHD
497,Target,Yes,631,None,ADHD
498,Target,Yes,805,None,ADHD
499,Non-Target,Yes,792,Commission,ADHD
500,Non-Target,No,0,None,ADHD
501,Target,Yes,816,None,ADHD
502,Non-Target,No,0,None,ADHD
503,Non-Target,No,0,None,ADHD
504,Non-Target,No,0,None,ADHD
505,Non-Target,Yes,591,Commission,ADHD
506,Non-Target,No,0,None,ADHD
507,Non-Target,No,0,None,ADHD
508,Non-Target,No,0,None,ADHD
509,Target,Yes,895,None,ADHD
510,Non-Target,No,0,None,ADHD
511,Target,Yes,854,None,ADHD
512,Target,Yes,965,None,ADHD
513,Non-Target,No,0,None,ADHD
514,Target,Yes,837,None,ADHD
515,Non-Target,Yes,777,Commission,ADHD
516,Non-Target,No,0,None,ADHD
517,Non-Target,No,0,None,ADHD
518,Non-Target,Yes,1023,Commission,ADHD
519,Non-Target,No,0,None,ADHD
520,Non-Target,Yes,961,Commission,ADHD
521,Target,No,0,Omission,ADHD
522,Non-Target,No,0,None,ADHD
523,Target,Yes,619,None,ADHD
524,Target,Yes,980,None,ADHD
525,Non-Target,No,0,None,ADHD
526,Target,Yes,568,None,ADHD
527,Non-Target,Yes,673,Commission,ADHD
528,Non-Target,No,0,None,ADHD
529,Non-Target,No,0,None,ADHD
530,Non-Target,No,0,None,ADHD
531,Target,Yes,621,None,ADHD
532,Target,Yes,967,None,ADHD
533,Non-Target,No,0,None,ADHD
534,Non-Target,Yes,580,Commission,ADHD
535,Non-Target,No,0,None,ADHD
536,Non-Target,No,0,None,ADHD
537,Target,Yes,670,None,ADHD
538,Target,No,0,Omission,ADHD
539,Non-Target,No,0,None,ADHD
540,Non-Target,No,0,None,ADHD
541,Target,Yes,636,None,ADHD
542,Target,Yes,535,None,ADHD
543,Non-Target,Yes,722,Commission,ADHD
544,Non-Target,No,0,None,ADHD
545,Non-Target,No,0,None,ADHD
546,Target,Yes,768,None,ADHD
547,Target,No,0,Omission,ADHD
548,Non-Target,Yes,696,Commission,ADHD
549,Non-Target,No,0,None,ADHD
550,Non-Target,No,0,None,ADHD
551,Non-Target,No,0,None,ADHD
552,Non-Target,No,0,None,ADHD
553,Non-Target,No,0,None,ADHD
554,Target,Yes,886,None,ADHD
555,Non-Target,No,0,None,ADHD
556,Target,No,0,Omission,ADHD
557,Non-Target,Yes,923,Commission,ADHD
558,Non-Target,No,0,None,ADHD
559,Non-Target,Yes,684,Commission,ADHD
560,Non-Target,Yes,612,Commission,ADHD
561,Non-Target,No,0,None,ADHD
562,Target,Yes,682,None,ADHD
563,Non-Target,No,0,None,ADHD
564,Target,Yes,880,None,ADHD
565,Target,Yes,601,None,ADHD
566,Non-Target,Yes,670,Commission,ADHD
567,Non-Target,No,0,None,ADHD
568,Non-Target,No,0,None,ADHD
569,Non-Target,No,0,None,ADHD
570,Target,Yes,694,None,ADHD
571,Non-Target,No,0,None,ADHD
572,Non-Target,No,0,None,ADHD
573,Non-Target,No,0,None,ADHD
574,Non-Target,Yes,540,Commission,ADHD
575,Target,Yes,385,None,ADHD
576,Target,Yes,589,None,ADHD
577,Target,Yes,709,None,ADHD
578,Non-Target,Yes,523,Commission,ADHD
579,Target,Yes,674,None,ADHD
580,Non-Target,No,0,None,ADHD
581,Target,Yes,481,None,ADHD
582,Non-Target,No,0,None,ADHD
583,Non-Target,No,0,None,ADHD
584,Non-Target,Yes,927,Commission,ADHD
585,Non-Target,No,0,None,ADHD
586,Non-Target,No,0,None,ADHD
587,Target,Yes,647,None,ADHD
588,Target,Yes,922,None,ADHD
589,Non-Target,No,0,None,ADHD
590,Non-Target,No,0,None,ADHD
591,Non-Target,Yes,742,Commission,ADHD
592,Target,Yes,663,None,ADHD
593,Non-Target,Yes,718,Commission,ADHD
594,Non-Target,No,0,None,ADHD
595,Non-Target,No,0,None,ADHD
596,Non-Target,No,0,None,ADHD
597,Non-Target,No,0,None,ADHD
598,Target,No,0,Omission,ADHD
599,Non-Target,No,0,None,ADHD
600,Non-Target,No,0,None,ADHD
601,Non-Target,No,0,None,ADHD
602,Non-Target,No,0,None,ADHD
603,Target,Yes,691,None,ADHD
604,Non-Target,No,0,None,ADHD
605,Non-Target,No,0,None,ADHD
606,Non-Target,No,0,None,ADHD
607,Non-Target,No,0,None,ADHD
608,Non-Target,No,0,None,ADHD
609,Target,Yes,779,None,ADHD
610,Non-Target,No,0,None,ADHD
611,Non-Target,No,0,None,ADHD
612,Target,Yes,808,None,ADHD
613,Non-Target,No,0,None,ADHD
614,Non-Target,No,0,None,ADHD
615,Non-Target,No,0,None,ADHD
616,Target,Yes,642,None,ADHD
617,Non-Target,No,0,None,ADHD
618,Non-Target,Yes,388,Commission,ADHD
619,Non-Target,No,0,None,ADHD
620,Non-Target,Yes,747,Commission,ADHD
621,Non-Target,No,0,None,ADHD
622,Target,Yes,737,None,ADHD
623,Non-Target,No,0,None,ADHD
624,Target,Yes,780,None,ADHD
625,Non-Target,No,0,None,ADHD
626,Non-Target,No,0,None,ADHD
627,Target,Yes,625,None,ADHD
628,Target,Yes,789,None,ADHD
629,Non-Target,No,0,None,ADHD
630,Target,No,0,Omission,ADHD
631,Non-Target,Yes,893,Commission,ADHD
632,Target,No,0,Omission,ADHD
633,Non-Target,No,0,None,ADHD
634,Non-Target,No,0,None,ADHD
635,Non-Target,Yes,869,Commission,ADHD
636,Non-Target,Yes,680,Commission,ADHD
637,Non-Target,No,0,None,ADHD
638,Non-Target,No,0,None,ADHD
639,Target,Yes,725,None,ADHD
640,Target,Yes,475,None,ADHD
641,Non-Target,Yes,637,Commission,ADHD
642,Non-Target,No,0,None,ADHD
643,Non-Target,No,0,None,ADHD
644,Non-Target,Yes,847,Commission,ADHD
645,Target,Yes,1081,None,ADHD
646,Non-Target,No,0,None,ADHD
647,Target,No,0,Omission,ADHD
648,Target,Yes,638,None,ADHD
649,Non-Target,No,0,None,ADHD
650,Target,No,0,Omission,ADHD
651,Non-Target,Yes,606,Commission,ADHD
652,Non-Target,Yes,821,Commission,ADHD
653,Non-Target,No,0,None,ADHD
654,Non-Target,Yes,590,Commission,ADHD
655,Non-Target,No,0,None,ADHD
656,Non-Target,No,0,None,ADHD
657,Non-Target,No,0,None,ADHD
658,Non-Target,No,0,None,ADHD
659,Target,Yes,839,None,ADHD
660,Target,Yes,892,None,ADHD
661,Non-Target,No,0,None,ADHD
662,Non-Target,No,0,None,ADHD
663,Non-Target,No,0,None,ADHD
664,Non-Target,No,0,None,ADHD
665,Target,No,0,Omission,ADHD
666,Non-Target,Yes,569,Commission,ADHD
667,Target,Yes,805,None,ADHD
668,Target,Yes,612,None,ADHD
669,Non-Target,No,0,None,ADHD
670,Non-Target,No,0,None,ADHD
671,Non-Target,Yes,893,Commission,ADHD
672,Target,Yes,574,None,ADHD
673,Non-Target,Yes,790,Commission,ADHD
674,Non-Target,No,0,None,ADHD
675,Non-Target,No,0,None,ADHD
676,Non-Target,No,0,None,ADHD
677,Non-Target,No,0,None,ADHD
678,Non-Target,No,0,None,ADHD
679,Target,Yes,781,None,ADHD
680,Target,Yes,843,None,ADHD
681,Target,Yes,569,None,ADHD
682,Target,Yes,714,None,ADHD
683,Target,No,0,Omission,ADHD
684,Non-Target,No,0,None,ADHD
685,Non-Target,No,0,None,ADHD
686,Non-Target,Yes,779,Commission,ADHD
687,Non-Target,No,0,None,ADHD
688,Non-Target,No,0,None,ADHD
689,Non-Target,Yes,602,Commission,ADHD
690,Non-Target,No,0,None,ADHD
691,Target,Yes,769,None,ADHD
692,Non-Target,No,0,None,ADHD
693,Target,No,0,Omission,ADHD
694,Non-Target,No,0,None,ADHD
695,Non-Target,No,0,None,ADHD
696,Non-Target,No,0,None,ADHD
697,Non-Target,No,0,None,ADHD
698,Target,Yes,643,None,ADHD
699,Non-Target,Yes,1106,Commission,ADHD
700,Non-Target,No,0,None,ADHD
701,Target,Yes,850,None,ADHD
702,Non-Target,No,0,None,ADHD
703,Non-Target,No,0,None,ADHD
704,Non-Target,No,0,None,ADHD
705,Non-Target,No,0,None,ADHD
706,Non-Target,No,0,None,ADHD
707,Non-Target,No,0,None,ADHD
708,Non-Target,No,0,None,ADHD
709,Target,Yes,688,None,ADHD
710,Non-Target,No,0,None,ADHD
711,Non-Target,No,0,None,ADHD
712,Non-Target,No,0,None,ADHD
713,Non-Target,No,0,None,ADHD
714,Target,Yes,864,None,ADHD
715,Non-Target,No,0,None,ADHD
716,Non-Target,No,0,None,ADHD
717,Target,No,0,Omission,ADHD
718,Non-Target,No,0,None,ADHD
719,Target,Yes,1066,None,ADHD
720,Target,Yes,720,None,ADHD
721,Non-Target,No,0,None,ADHD
722,Non-Target,No,0,None,ADHD
723,Non-Target,No,0,None,ADHD
724,Non-Target,No,0,None,ADHD
725,Non-Target,No,0,None,ADHD
726,Non-Target,No,0,None,ADHD
727,Non-Target,No,0,None,ADHD
728,Non-Target,No,0,None,ADHD
729,Non-Target,Yes,759,Commission,ADHD
730,Non-Target,Yes,434,Commission,ADHD
731,Non-Target,No,0,None,ADHD
732,Non-Target,No,0,None,ADHD
733,Non-Target,No,0,None,ADHD
734,Non-Target,No,0,None,ADHD
735,Non-Target,No,0,None,ADHD
736,Non-Target,No,0,None,ADHD
737,Non-Target,No,0,None,ADHD
738,Non-Target,No,0,None,ADHD
739,Target,Yes,741,None,ADHD
740,Non-Target,No,0,None,ADHD
741,Non-Target,Yes,709,Commission,ADHD
742,Non-Target,No,0,None,ADHD
743,Non-Target,Yes,839,Commission,ADHD
744,Target,Yes,769,None,ADHD
745,Non-Target,No,0,None,ADHD
746,Non-Target,Yes,827,Commission,ADHD
747,Target,No,0,Omission,ADHD
748,Non-Target,No,0,None,ADHD
749,Target,No,0,Omission,ADHD
750,Non-Target,No,0,None,ADHD
751,Non-Target,No,0,None,ADHD
752,Non-Target,No,0,None,ADHD
753,Non-Target,No,0,None,ADHD
754,Target,Yes,812,None,ADHD
755,Target,Yes,622,None,ADHD
756,Non-Target,No,0,None,ADHD
757,Non-Target,No,0,None,ADHD
758,Target,Yes,854,None,ADHD
759,Non-Target,No,0,None,ADHD
760,Non-Target,No,0,None,ADHD
761,Target,Yes,761,None,ADHD
762,Target,Yes,1028,None,ADHD
763,Non-Target,No,0,None,ADHD
764,Non-Target,No,0,None,ADHD
765,Non-Target,No,0,None,ADHD
766,Non-Target,No,0,None,ADHD
767,Target,Yes,707,None,ADHD
768,Target,Yes,665,None,ADHD
769,Non-Target,No,0,None,ADHD
770,Target,Yes,687,None,ADHD
771,Non-Target,No,0,None,ADHD
772,Non-Target,No,0,None,ADHD
773,Non-Target,No,0,None,ADHD
774,Non-Target,No,0,None,ADHD
775,Non-Target,No,0,None,ADHD
776,Target,Yes,556,None,ADHD
777,Non-Target,No,0,None,ADHD
778,Target,No,0,Omission,ADHD
779,Non-Target,No,0,None,ADHD
780,Non-Target,Yes,579,Commission,ADHD
781,Non-Target,No,0,None,ADHD
782,Non-Target,No,0,None,ADHD
783,Non-Target,Yes,549,Commission,ADHD
784,Target,Yes,527,None,ADHD
785,Target,Yes,972,None,ADHD
786,Target,Yes,739,None,ADHD
787,Target,Yes,569,None,ADHD
788,Target,Yes,485,None,ADHD
789,Non-Target,No,0,None,ADHD
790,Target,No,0,Omission,ADHD
791,Target,Yes,655,None,ADHD
792,Target,Yes,535,None,ADHD
793,Non-Target,No,0,None,ADHD
794,Target,Yes,852,None,ADHD
795,Non-Target,No,0,None,ADHD
796,Target,Yes,709,None,ADHD
797,Target,No,0,Omission,ADHD
798,Non-Target,No,0,None,ADHD
799,Target,Yes,671,None,ADHD
800,Target,Yes,693,None,ADHD
801,Non-Target,No,0,None,ADHD
802,Non-Target,No,0,None,ADHD
803,Non-Target,No,0,None,ADHD
804,Non-Target,Yes,690,Commission,ADHD
805,Target,No,0,Omission,ADHD
806,Non-Target,No,0,None,ADHD
807,Target,Yes,1102,None,ADHD
808,Target,Yes,934,None,ADHD
809,Non-Target,No,0,None,ADHD
810,Non-Target,No,0,None,ADHD
811,Target,No,0,Omission,ADHD
812,Non-Target,No,0,None,ADHD
813,Non-Target,Yes,967,Commission,ADHD
814,Non-Target,No,0,None,ADHD
815,Non-Target,Yes,841,Commission,ADHD
816,Target,Yes,818,None,ADHD
817,Non-Target,No,0,None,ADHD
818,Target,Yes,815,None,ADHD
819,Non-Target,No,0,None,ADHD
820,Non-Target,No,0,None,ADHD
821,Non-Target,No,0,None,ADHD
822,Non-Target,No,0,None,ADHD
823,Non-Target,Yes,596,Commission,ADHD
824,Non-Target,Yes,879,Commission,ADHD
825,Target,Yes,790,None,ADHD
826,Target,No,0,Omission,ADHD
827,Target,Yes,805,None,ADHD
828,Non-Target,Yes,682,Commission,ADHD
829,Non-Target,No,0,None,ADHD
830,Target,Yes,723,None,ADHD
831,Target,Yes,983,None,ADHD
832,Non-Target,No,0,None,ADHD
833,Non-Target,No,0,None,ADHD
834,Target,Yes,1051,None,ADHD
835,Non-Target,Yes,929,Commission,ADHD
836,Target,No,0,Omission,ADHD
837,Non-Target,Yes,630,Commission,ADHD
838,Non-Target,No,0,None,ADHD
839,Non-Target,Yes,734,Commission,ADHD
840,Target,Yes,654,None,ADHD
841,Target,Yes,587,None,ADHD
842,Non-Target,No,0,None,ADHD
843,Target,No,0,Omission,ADHD
844,Non-Target,Yes,840,Commission,ADHD
845,Non-Target,No,0,None,ADHD
846,Target,Yes,732,None,ADHD
847,Target,Yes,552,None,ADHD
848,Non-Target,Yes,610,Commission,ADHD
849,Non-Target,Yes,778,Commission,ADHD
850,Non-Target,No,0,None,ADHD
851,Target,Yes,698,None,ADHD
852,Target,Yes,396,None,ADHD
853,Target,Yes,517,None,ADHD
854,Non-Target,No,0,None,ADHD
855,Non-Target,No,0,None,ADHD
856,Target,Yes,622,None,ADHD
857,Non-Target,No,0,None,ADHD
858,Non-Target,No,0,None,ADHD
859,Non-Target,No,0,None,ADHD
860,Non-Target,No,0,None,ADHD
861,Non-Target,No,0,None,ADHD
862,Target,Yes,1096,None,ADHD
863,Target,Yes,421,None,ADHD
864,Target,Yes,700,None,ADHD
865,Non-Target,No,0,None,ADHD
866,Non-Target,Yes,834,Commission,ADHD
867,Target,Yes,795,None,ADHD
868,Non-Target,No,0,None,ADHD
869,Non-Target,No,0,None,ADHD
870,Target,Yes,926,None,ADHD
871,Non-Target,No,0,None,ADHD
872,Target,No,0,Omission,ADHD
873,Non-Target,No,0,None,ADHD
874,Target,Yes,927,None,ADHD
875,Target,Yes,574,None,ADHD
876,Non-Target,Yes,588,Commission,ADHD
877,Non-Target,No,0,None,ADHD
878,Non-Target,Yes,577,Commission,ADHD
879,Non-Target,No,0,None,ADHD
880,Non-Target,No,0,None,ADHD
881,Non-Target,No,0,None,ADHD
882,Target,Yes,524,None,ADHD
883,Non-Target,No,0,None,ADHD
884,Non-Target,No,0,None,ADHD
885,Non-Target,No,0,None,ADHD
886,Non-Target,Yes,653,Commission,ADHD
887,Non-Target,No,0,None,ADHD
888,Non-Target,No,0,None,ADHD
889,Target,No,0,Omission,ADHD
890,Target,Yes,522,None,ADHD
891,Non-Target,No,0,None,ADHD
892,Non-Target,No,0,None,ADHD
893,Target,Yes,796,None,ADHD
894,Non-Target,No,0,None,ADHD
895,Non-Target,No,0,None,ADHD
896,Non-Target,No,0,None,ADHD
897,Non-Target,No,0,None,ADHD
898,Target,Yes,782,None,ADHD
899,Non-Target,No,0,None,ADHD
900,Target,Yes,836,None,ADHD
901,Target,Yes,952,None,ADHD
902,Non-Target,No,0,None,ADHD
903,Non-Target,No,0,None,ADHD
904,Target,Yes,595,None,ADHD
905,Target,No,0,Omission,ADHD
906,Non-Target,Yes,703,Commission,ADHD
907,Non-Target,No,0,None,ADHD
908,Non-Target,No,0,None,ADHD
909,Target,Yes,705,None,ADHD
910,Target,Yes,480,None,ADHD
911,Non-Target,No,0,None,ADHD
912,Target,Yes,617,None,ADHD
913,Non-Target,No,0,None,ADHD
914,Non-Target,No,0,None,ADHD
915,Non-Target,Yes,784,Commission,ADHD
916,Non-Target,No,0,None,ADHD
917,Non-Target,No,0,None,ADHD
918,Non-Target,No,0,None,ADHD
919,Target,Yes,692,None,ADHD
920,Non-Target,No,0,None,ADHD
921,Non-Target,No,0,None,ADHD
922,Non-Target,Yes,680,Commission,ADHD
923,Non-Target,No,0,None,ADHD
924,Non-Target,No,0,None,ADHD
925,Non-Target,No,0,None,ADHD
926,Non-Target,No,0,None,ADHD
927,Non-Target,No,0,None,ADHD
928,Target,Yes,695,None,ADHD
929,Target,No,0,Omission,ADHD
930,Non-Target,No,0,None,ADHD
931,Non-Target,No,0,None,ADHD
932,Target,Yes,671,None,ADHD
933,Non-Target,No,0,None,ADHD
934,Target,Yes,484,None,ADHD
935,Non-Target,Yes,693,Commission,ADHD
936,Target,Yes,764,None,ADHD
937,Non-Target,Yes,889,Commission,ADHD
938,Non-Target,No,0,None,ADHD
939,Non-Target,Yes,779,Commission,ADHD
940,Target,Yes,465,None,ADHD
941,Non-Target,No,0,None,ADHD
942,Non-Target,No,0,None,ADHD
943,Non-Target,No,0,None,ADHD
944,Non-Target,No,0,None,ADHD
945,Non-Target,No,0,None,ADHD
946,Non-Target,No,0,None,ADHD
947,Non-Target,No,0,None,ADHD
948,Non-Target,Yes,544,Commission,ADHD
949,Non-Target,No,0,None,ADHD
950,Non-Target,No,0,None,ADHD
951,Non-Target,No,0,None,ADHD
952,Target,Yes,518,None,ADHD
953,Target,Yes,557,None,ADHD
954,Non-Target,Yes,992,Commission,ADHD
955,Target,Yes,768,None,ADHD
956,Non-Target,No,0,None,ADHD
957,Target,Yes,817,None,ADHD
958,Non-Target,No,0,None,ADHD
959,Non-Target,No,0,None,ADHD
960,Target,Yes,582,None,ADHD
961,Non-Target,Yes,587,Commission,ADHD
962,Non-Target,No,0,None,ADHD
963,Non-Target,Yes,749,Commission,ADHD
964,Non-Target,Yes,735,Commission,ADHD
965,Target,No,0,Omission,ADHD
966,Non-Target,No,0,None,ADHD
967,Non-Target,No,0,None,ADHD
968,Non-Target,No,0,None,ADHD
969,Target,No,0,Omission,ADHD
970,Target,Yes,661,None,ADHD
971,Non-Target,No,0,None,ADHD
972,Non-Target,No,0,None,ADHD
973,Non-Target,No,0,None,ADHD
974,Non-Target,No,0,None,ADHD
975,Non-Target,Yes,696,Commission,ADHD
976,Non-Target,No,0,None,ADHD
977,Non-Target,No,0,None,ADHD
978,Non-Target,No,0,None,ADHD
979,Target,Yes,662,None,ADHD
980,Non-Target,No,0,None,ADHD
981,Non-Target,No,0,None,ADHD
982,Non-Target,No,0,None,ADHD
983,Non-Target,No,0,None,ADHD
984,Target,Yes,704,None,ADHD
985,Non-Target,No,0,None,ADHD
986,Non-Target,No,0,None,ADHD
987,Non-Target,No,0,None,ADHD
988,Target,Yes,803,None,ADHD
989,Non-Target,No,0,None,ADHD
990,Non-Target,No,0,None,ADHD
991,Target,Yes,742,None,ADHD
992,Non-Target,No,0,None,ADHD
993,Non-Target,No,0,None,ADHD
994,Non-Target,No,0,None,ADHD
995,Non-Target,No,0,None,ADHD
996,Non-Target,Yes,598,Commission,ADHD
997,Target,No,0,Omission,ADHD
998,Non-Target,No,0,None,ADHD
999,Non-Target,No,0,None,ADHD
1000,Non-Target,No,0,None,ADHD
1001,Non-Target,No,0,None,ADHD
1002,Target,Yes,768,None,ADHD
1003,Target,Yes,997,None,ADHD
1004,Non-Target,No,0,None,ADHD
1005,Target,Yes,836,None,ADHD
1006,Target,Yes,628,None,ADHD
1007,Non-Target,No,0,None,ADHD
1008,Non-Target,No,0,None,ADHD
1009,Target,Yes,557,None,ADHD
1010,Non-Target,No,0,None,ADHD
1011,Target,Yes,800,None,ADHD
1012,Non-Target,Yes,703,Commission,ADHD
1013,Target,No,0,Omission,ADHD
1014,Target,Yes,681,None,ADHD
1015,Non-Target,No,0,None,ADHD
1016,Non-Target,No,0,None,ADHD
1017,Non-Target,No,0,None,ADHD
1018,Target,Yes,606,None,ADHD
1019,Target,Yes,977,None,ADHD
1020,Non-Target,No,0,None,ADHD
1021,Non-Target,No,0,None,ADHD
1022,Non-Target,No,0,None,ADHD
1023,Non-Target,No,0,None,ADHD
1024,Non-Target,No,0,None,ADHD
1025,Non-Target,No,0,None,ADHD
1026,Non-Target,No,0,None,ADHD
1027,Non-Target,No,0,None,ADHD
1028,Non-Target,No,0,None,ADHD
1029,Non-Target,No,0,None,ADHD
1030,Non-Target,No,0,None,ADHD
1031,Non-Target,No,0,None,ADHD
1032,Target,No,0,Omission,ADHD
1033,Target,No,0,Omission,ADHD
1034,Non-Target,No,0,None,ADHD
1035,Non-Target,Yes,876,Commission,ADHD
1036,Target,Yes,675,None,ADHD
1037,Non-Target,Yes,522,Commission,ADHD
1038,Target,Yes,654,None,ADHD
1039,Non-Target,Yes,741,Commission,ADHD
1040,Target,Yes,907,None,ADHD
1041,Non-Target,No,0,None,ADHD
1042,Non-Target,Yes,961,Commission,ADHD
1043,Non-Target,No,0,None,ADHD
1044,Non-Target,No,0,None,ADHD
1045,Non-Target,No,0,None,ADHD
1046,Non-Target,No,0,None,ADHD
1047,Target,Yes,862,None,ADHD
1048,Non-Target,No,0,None,ADHD
1049,Non-Target,Yes,836,Commission,ADHD
1050,Non-Target,Yes,617,Commission,ADHD
1051,Non-Target,No,0,None,ADHD
1052,Target,No,0,Omission,ADHD
1053,Non-Target,No,0,None,ADHD
1054,Non-Target,Yes,780,Commission,ADHD
1055,Target,Yes,769,None,ADHD
1056,Target,No,0,Omission,ADHD
1057,Non-Target,No,0,None,ADHD
1058,Non-Target,No,0,None,ADHD
1059,Target,Yes,1012,None,ADHD
1060,Non-Target,Yes,397,Commission,ADHD
1061,Target,Yes,773,None,ADHD
1062,Non-Target,No,0,None,ADHD
1063,Non-Target,No,0,None,ADHD
1064,Target,No,0,Omission,ADHD
1065,Target,Yes,648,None,ADHD
1066,Non-Target,No,0,None,ADHD
1067,Target,Yes,802,None,ADHD
1068,Target,Yes,564,None,ADHD
1069,Non-Target,No,0,None,ADHD
1070,Target,Yes,790,None,ADHD
1071,Target,Yes,861,None,ADHD
1072,Target,Yes,812,None,ADHD
1073,Non-Target,No,0,None,ADHD
1074,Non-Target,No,0,None,ADHD
1075,Target,No,0,Omission,ADHD
1076,Non-Target,No,0,None,ADHD
1077,Non-Target,No,0,None,ADHD
1078,Non-Target,No,0,None,ADHD
1079,Non-Target,No,0,None,ADHD
1080,Non-Target,No,0,None,ADHD
1081,Non-Target,No,0,None,ADHD
1082,Non-Target,No,0,None,ADHD
1083,Target,Yes,781,None,ADHD
1084,Non-Target,No,0,None,ADHD
1085,Non-Target,Yes,702,Commission,ADHD
1086,Non-Target,No,0,None,ADHD
1087,Target,Yes,933,None,ADHD
1088,Target,No,0,Omission,ADHD
1089,Target,Yes,683,None,ADHD
1090,Target,Yes,557,None,ADHD
1091,Non-Target,No,0,None,ADHD
1092,Non-Target,No,0,None,ADHD
1093,Non-Target,No,0,None,ADHD
1094,Target,Yes,782,None,ADHD
1095,Non-Target,No,0,None,ADHD
1096,Non-Target,No,0,None,ADHD
1097,Non-Target,No,0,None,ADHD
1098,Non-Target,No,0,None,ADHD
1099,Non-Target,No,0,None,ADHD
1100,Non-Target,No,0,None,ADHD
1101,Non-Target,No,0,None,ADHD
1102,Target,No,0,Omission,ADHD
1103,Non-Target,No,0,None,ADHD
1104,Non-Target,No,0,None,ADHD
1105,Non-Target,Yes,550,Commission,ADHD
1106,Target,Yes,681,None,ADHD
1107,Non-Target,No,0,None,ADHD
1108,Target,Yes,702,None,ADHD
1109,Target,No,0,Omission,ADHD
1110,Non-Target,Yes,692,Commission,ADHD
1111,Target,No,0,Omission,ADHD
1112,Non-Target,No,0,None,ADHD
1113,Non-Target,No,0,None,ADHD
1114,Non-Target,No,0,None,ADHD
1115,Non-Target,No,0,None,ADHD
1116,Target,Yes,513,None,ADHD
1117,Non-Target,Yes,799,Commission,ADHD
1118,Target,Yes,660,None,ADHD
1119,Non-Target,No,0,None,ADHD
1120,Target,Yes,837,None,ADHD
1121,Non-Target,No,0,None,ADHD
1122,Non-Target,No,0,None,ADHD
1123,Non-Target,Yes,738,Commission,ADHD
1124,Non-Target,Yes,772,Commission,ADHD
1125,Non-Target,No,0,None,ADHD
1126,Non-Target,No,0,None,ADHD
1127,Non-Target,No,0,None,ADHD
1128,Non-Target,No,0,None,ADHD
1129,Target,Yes,728,None,ADHD
1130,Non-Target,No,0,None,ADHD
1131,Target,Yes,895,None,ADHD
1132,Non-Target,No,0,None,ADHD
1133,Non-Target,No,0,None,ADHD
1134,Non-Target,No,0,None,ADHD
1135,Non-Target,No,0,None,ADHD
1136,Non-Target,No,0,None,ADHD
1137,Non-Target,No,0,None,ADHD
1138,Non-Target,No,0,None,ADHD
1139,Target,No,0,Omission,ADHD
1140,Non-Target,No,0,None,ADHD
1141,Non-Target,No,0,None,ADHD
1142,Target,No,0,Omission,ADHD
1143,Non-Target,No,0,None,ADHD
1144,Non-Target,No,0,None,ADHD
1145,Target,No,0,Omission,ADHD
1146,Non-Target,No,0,None,ADHD
1147,Target,Yes,598,None,ADHD
1148,Target,Yes,768,None,ADHD
1149,Target,Yes,694,None,ADHD
1150,Non-Target,Yes,766,Commission,ADHD
1151,Non-Target,No,0,None,ADHD
1152,Non-Target,No,0,None,ADHD
1153,Non-Target,No,0,None,ADHD
1154,Non-Target,No,0,None,ADHD
1155,Non-Target,Yes,736,Commission,ADHD
1156,Target,Yes,694,None,ADHD
1157,Target,Yes,449,None,ADHD
1158,Non-Target,No,0,None,ADHD
1159,Target,No,0,Omission,ADHD
1160,Target,Yes,854,None,ADHD
1161,Non-Target,No,0,None,ADHD
1162,Non-Target,No,0,None,ADHD
1163,Target,Yes,662,None,ADHD
1164,Non-Target,No,0,None,ADHD
1165,Non-Target,Yes,995,Commission,ADHD
1166,Non-Target,Yes,778,Commission,ADHD
1167,Non-Target,No,0,None,ADHD
1168,Non-Target,No,0,None,ADHD
1169,Target,No,0,Omission,ADHD
1170,Target,Yes,765,None,ADHD
1171,Non-Target,Yes,563,Commission,ADHD
1172,Target,Yes,651,None,ADHD
1173,Non-Target,No,0,None,ADHD
1174,Non-Target,No,0,None,ADHD
1175,Non-Target,No,0,None,ADHD
1176,Target,Yes,606,None,ADHD
1177,Non-Target,No,0,None,ADHD
1178,Target,Yes,733,None,ADHD
1179,Non-Target,Yes,695,Commission,ADHD
1180,Non-Target,No,0,None,ADHD
1181,Non-Target,No,0,None,ADHD
1182,Non-Target,No,0,None,ADHD
1183,Non-Target,Yes,617,Commission,ADHD
1184,Non-Target,Yes,713,Commission,ADHD
1185,Non-Target,No,0,None,ADHD
1186,Target,No,0,Omission,ADHD
1187,Target,Yes,476,None,ADHD
1188,Non-Target,No,0,None,ADHD
1189,Non-Target,No,0,None,ADHD
1190,Non-Target,Yes,711,Commission,ADHD
1191,Non-Target,No,0,None,ADHD
1192,Target,Yes,576,None,ADHD
1193,Target,Yes,651,None,ADHD
1194,Non-Target,Yes,849,Commission,ADHD
1195,Non-Target,Yes,810,Commission,ADHD
1196,Non-Target,No,0,None,ADHD
1197,Non-Target,Yes,659,Commission,ADHD
1198,Non-Target,No,0,None,ADHD
1199,Non-Target,Yes,852,Commission,ADHD
1200,Non-Target,Yes,841,Commission,ADHD
