Trial,StimulusType,Reaction,ReactionTime(ms),ErrorType,Label
1,Non-Target,Yes,869,Commission,ADHD
2,Non-Target,No,0,None,ADHD
3,Non-Target,No,0,None,ADHD
4,Non-Target,Yes,695,Commission,ADHD
5,Non-Target,No,0,None,ADHD
6,Non-Target,No,0,None,ADHD
7,Non-Target,No,0,None,ADHD
8,Non-Target,Yes,640,Commission,ADHD
9,Non-Target,No,0,None,ADHD
10,Non-Target,Yes,757,Commission,ADHD
11,Non-Target,Yes,766,Commission,ADHD
12,Non-Target,No,0,None,ADHD
13,Non-Target,No,0,None,ADHD
14,Non-Target,No,0,None,ADHD
15,Target,Yes,747,None,ADHD
16,Non-Target,No,0,None,ADHD
17,Target,Yes,768,None,ADHD
18,Non-Target,Yes,850,Commission,ADHD
19,Non-Target,No,0,None,ADHD
20,Target,Yes,682,None,ADHD
21,Non-Target,No,0,None,ADHD
22,Target,Yes,561,None,ADHD
23,Non-Target,No,0,None,ADHD
24,Non-Target,No,0,None,ADHD
25,Non-Target,No,0,None,ADHD
26,Target,Yes,625,None,ADHD
27,Non-Target,No,0,None,ADHD
28,Target,No,0,Omission,ADHD
29,Non-Target,No,0,None,ADHD
30,Non-Target,No,0,None,ADHD
31,Target,Yes,950,None,ADHD
32,Non-Target,No,0,None,ADHD
33,Non-Target,No,0,None,ADHD
34,Non-Target,No,0,None,ADHD
35,Non-Target,Yes,692,Commission,ADHD
36,Target,Yes,567,None,ADHD
37,Non-Target,No,0,None,ADHD
38,Non-Target,No,0,None,ADHD
39,Non-Target,No,0,None,ADHD
40,Target,Yes,474,None,ADHD
41,Non-Target,No,0,None,ADHD
42,Non-Target,No,0,None,ADHD
43,Non-Target,No,0,None,ADHD
44,Target,No,0,Omission,ADHD
45,Target,Yes,852,None,ADHD
46,Non-Target,No,0,None,ADHD
47,Target,Yes,649,None,ADHD
48,Non-Target,No,0,None,ADHD
49,Non-Target,No,0,None,ADHD
50,Non-Target,No,0,None,ADHD
51,Non-Target,No,0,None,ADHD
52,Non-Target,No,0,None,ADHD
53,Non-Target,No,0,None,ADHD
54,Target,Yes,734,None,ADHD
55,Non-Target,No,0,None,ADHD
56,Target,No,0,Omission,ADHD
57,Non-Target,No,0,None,ADHD
58,Target,Yes,799,None,ADHD
59,Target,Yes,776,None,ADHD
60,Non-Target,No,0,None,ADHD
61,Non-Target,No,0,None,ADHD
62,Non-Target,Yes,567,Commission,ADHD
63,Non-Target,No,0,None,ADHD
64,Target,Yes,745,None,ADHD
65,Non-Target,No,0,None,ADHD
66,Target,Yes,580,None,ADHD
67,Non-Target,No,0,None,ADHD
68,Target,No,0,Omission,ADHD
69,Non-Target,No,0,None,ADHD
70,Non-Target,No,0,None,ADHD
71,Target,Yes,733,None,ADHD
72,Target,Yes,693,None,ADHD
73,Non-Target,No,0,None,ADHD
74,Non-Target,No,0,None,ADHD
75,Non-Target,No,0,None,ADHD
76,Non-Target,No,0,None,ADHD
77,Non-Target,No,0,None,ADHD
78,Non-Target,No,0,None,ADHD
79,Target,No,0,Omission,ADHD
80,Non-Target,Yes,674,Commission,ADHD
81,Non-Target,No,0,None,ADHD
82,Target,Yes,594,None,ADHD
83,Non-Target,No,0,None,ADHD
84,Non-Target,No,0,None,ADHD
85,Target,Yes,681,None,ADHD
86,Non-Target,No,0,None,ADHD
87,Non-Target,No,0,None,ADHD
88,Non-Target,No,0,None,ADHD
89,Non-Target,No,0,None,ADHD
90,Target,Yes,616,None,ADHD
91,Target,Yes,744,None,ADHD
92,Non-Target,Yes,713,Commission,ADHD
93,Non-Target,No,0,None,ADHD
94,Target,Yes,777,None,ADHD
95,Non-Target,No,0,None,ADHD
96,Non-Target,No,0,None,ADHD
97,Target,Yes,814,None,ADHD
98,Non-Target,No,0,None,ADHD
99,Target,Yes,833,None,ADHD
100,Non-Target,No,0,None,ADHD
101,Non-Target,No,0,None,ADHD
102,Target,Yes,554,None,ADHD
103,Target,Yes,577,None,ADHD
104,Non-Target,No,0,None,ADHD
105,Non-Target,No,0,None,ADHD
106,Target,Yes,802,None,ADHD
107,Non-Target,No,0,None,ADHD
108,Non-Target,No,0,None,ADHD
109,Target,No,0,Omission,ADHD
110,Target,Yes,909,None,ADHD
111,Non-Target,No,0,None,ADHD
112,Non-Target,No,0,None,ADHD
113,Non-Target,No,0,None,ADHD
114,Target,Yes,897,None,ADHD
115,Non-Target,No,0,None,ADHD
116,Target,Yes,752,None,ADHD
117,Target,Yes,536,None,ADHD
118,Target,No,0,Omission,ADHD
119,Non-Target,No,0,None,ADHD
120,Non-Target,Yes,695,Commission,ADHD
121,Target,Yes,588,None,ADHD
122,Non-Target,No,0,None,ADHD
123,Target,Yes,813,None,ADHD
124,Target,No,0,Omission,ADHD
125,Non-Target,No,0,None,ADHD
126,Target,Yes,686,None,ADHD
127,Non-Target,No,0,None,ADHD
128,Non-Target,Yes,517,Commission,ADHD
129,Non-Target,Yes,757,Commission,ADHD
130,Target,Yes,610,None,ADHD
131,Non-Target,No,0,None,ADHD
132,Non-Target,No,0,None,ADHD
133,Target,Yes,571,None,ADHD
134,Non-Target,Yes,735,Commission,ADHD
135,Target,No,0,Omission,ADHD
136,Non-Target,No,0,None,ADHD
137,Non-Target,No,0,None,ADHD
138,Non-Target,No,0,None,ADHD
139,Non-Target,No,0,None,ADHD
140,Target,Yes,809,None,ADHD
141,Non-Target,No,0,None,ADHD
142,Non-Target,No,0,None,ADHD
143,Non-Target,No,0,None,ADHD
144,Target,Yes,612,None,ADHD
145,Target,No,0,Omission,ADHD
146,Non-Target,No,0,None,ADHD
147,Non-Target,No,0,None,ADHD
148,Target,Yes,840,None,ADHD
149,Target,Yes,537,None,ADHD
150,Non-Target,No,0,None,ADHD
151,Non-Target,Yes,680,Commission,ADHD
152,Non-Target,No,0,None,ADHD
153,Non-Target,No,0,None,ADHD
154,Target,No,0,Omission,ADHD
155,Non-Target,No,0,None,ADHD
156,Non-Target,No,0,None,ADHD
157,Target,Yes,799,None,ADHD
158,Non-Target,No,0,None,ADHD
159,Non-Target,No,0,None,ADHD
160,Target,Yes,798,None,ADHD
161,Target,Yes,829,None,ADHD
162,Non-Target,No,0,None,ADHD
163,Non-Target,No,0,None,ADHD
164,Target,No,0,Omission,ADHD
165,Non-Target,No,0,None,ADHD
166,Non-Target,No,0,None,ADHD
167,Non-Target,No,0,None,ADHD
168,Non-Target,No,0,None,ADHD
169,Non-Target,No,0,None,ADHD
170,Target,No,0,Omission,ADHD
171,Target,Yes,859,None,ADHD
172,Target,Yes,831,None,ADHD
173,Target,Yes,527,None,ADHD
174,Target,Yes,847,None,ADHD
175,Non-Target,No,0,None,ADHD
176,Non-Target,No,0,None,ADHD
177,Non-Target,No,0,None,ADHD
178,Target,Yes,661,None,ADHD
179,Non-Target,No,0,None,ADHD
180,Target,Yes,762,None,ADHD
181,Non-Target,No,0,None,ADHD
182,Non-Target,No,0,None,ADHD
183,Non-Target,No,0,None,ADHD
184,Target,Yes,624,None,ADHD
185,Non-Target,No,0,None,ADHD
186,Non-Target,No,0,None,ADHD
187,Non-Target,No,0,None,ADHD
188,Non-Target,No,0,None,ADHD
189,Non-Target,Yes,723,Commission,ADHD
190,Non-Target,No,0,None,ADHD
191,Non-Target,No,0,None,ADHD
192,Non-Target,No,0,None,ADHD
193,Non-Target,No,0,None,ADHD
194,Non-Target,No,0,None,ADHD
195,Non-Target,No,0,None,ADHD
196,Non-Target,No,0,None,ADHD
197,Non-Target,No,0,None,ADHD
198,Non-Target,No,0,None,ADHD
199,Non-Target,No,0,None,ADHD
200,Non-Target,No,0,None,ADHD
201,Non-Target,No,0,None,ADHD
202,Target,No,0,Omission,ADHD
203,Non-Target,Yes,689,Commission,ADHD
204,Non-Target,No,0,None,ADHD
205,Non-Target,No,0,None,ADHD
206,Non-Target,No,0,None,ADHD
207,Target,Yes,803,None,ADHD
208,Non-Target,No,0,None,ADHD
209,Target,No,0,Omission,ADHD
210,Target,Yes,725,None,ADHD
211,Non-Target,No,0,None,ADHD
212,Non-Target,No,0,None,ADHD
213,Target,No,0,Omission,ADHD
214,Non-Target,No,0,None,ADHD
215,Non-Target,No,0,None,ADHD
216,Non-Target,No,0,None,ADHD
217,Target,Yes,681,None,ADHD
218,Target,Yes,768,None,ADHD
219,Target,No,0,Omission,ADHD
220,Non-Target,No,0,None,ADHD
221,Target,Yes,617,None,ADHD
222,Target,No,0,Omission,ADHD
223,Target,Yes,594,None,ADHD
224,Non-Target,No,0,None,ADHD
225,Target,Yes,730,None,ADHD
226,Target,Yes,765,None,ADHD
227,Non-Target,No,0,None,ADHD
228,Target,Yes,739,None,ADHD
229,Non-Target,No,0,None,ADHD
230,Non-Target,No,0,None,ADHD
231,Non-Target,No,0,None,ADHD
232,Non-Target,Yes,659,Commission,ADHD
233,Non-Target,No,0,None,ADHD
234,Non-Target,No,0,None,ADHD
235,Non-Target,No,0,None,ADHD
236,Non-Target,No,0,None,ADHD
237,Target,Yes,601,None,ADHD
238,Target,No,0,Omission,ADHD
239,Non-Target,No,0,None,ADHD
240,Non-Target,No,0,None,ADHD
241,Non-Target,No,0,None,ADHD
242,Target,Yes,596,None,ADHD
243,Target,Yes,750,None,ADHD
244,Target,No,0,Omission,ADHD
245,Non-Target,No,0,None,ADHD
246,Target,No,0,Omission,ADHD
247,Non-Target,No,0,None,ADHD
248,Non-Target,No,0,None,ADHD
249,Non-Target,No,0,None,ADHD
250,Target,Yes,696,None,ADHD
251,Non-Target,Yes,690,Commission,ADHD
252,Target,Yes,465,None,ADHD
253,Non-Target,No,0,None,ADHD
254,Non-Target,No,0,None,ADHD
255,Target,No,0,Omission,ADHD
256,Non-Target,Yes,669,Commission,ADHD
257,Target,Yes,833,None,ADHD
258,Non-Target,No,0,None,ADHD
259,Non-Target,No,0,None,ADHD
260,Target,Yes,791,None,ADHD
261,Target,Yes,697,None,ADHD
262,Non-Target,No,0,None,ADHD
263,Target,Yes,522,None,ADHD
264,Target,Yes,768,None,ADHD
265,Target,No,0,Omission,ADHD
266,Non-Target,No,0,None,ADHD
267,Non-Target,No,0,None,ADHD
268,Non-Target,No,0,None,ADHD
269,Non-Target,No,0,None,ADHD
270,Non-Target,No,0,None,ADHD
271,Non-Target,No,0,None,ADHD
272,Non-Target,No,0,None,ADHD
273,Non-Target,No,0,None,ADHD
274,Non-Target,No,0,None,ADHD
275,Non-Target,No,0,None,ADHD
276,Non-Target,No,0,None,ADHD
277,Non-Target,No,0,None,ADHD
278,Non-Target,No,0,None,ADHD
279,Non-Target,No,0,None,ADHD
280,Non-Target,No,0,None,ADHD
281,Non-Target,No,0,None,ADHD
282,Non-Target,No,0,None,ADHD
283,Non-Target,No,0,None,ADHD
284,Non-Target,No,0,None,ADHD
285,Non-Target,No,0,None,ADHD
286,Non-Target,No,0,None,ADHD
287,Non-Target,Yes,763,Commission,ADHD
288,Non-Target,No,0,None,ADHD
289,Non-Target,No,0,None,ADHD
290,Target,No,0,Omission,ADHD
291,Non-Target,No,0,None,ADHD
292,Non-Target,No,0,None,ADHD
293,Non-Target,No,0,None,ADHD
294,Non-Target,Yes,732,Commission,ADHD
295,Target,Yes,509,None,ADHD
296,Non-Target,No,0,None,ADHD
297,Target,Yes,730,None,ADHD
298,Non-Target,No,0,None,ADHD
299,Target,No,0,Omission,ADHD
300,Target,Yes,702,None,ADHD
301,Non-Target,No,0,None,ADHD
302,Target,No,0,Omission,ADHD
303,Non-Target,No,0,None,ADHD
304,Non-Target,No,0,None,ADHD
305,Target,Yes,576,None,ADHD
306,Target,Yes,598,None,ADHD
307,Non-Target,No,0,None,ADHD
308,Non-Target,No,0,None,ADHD
309,Target,Yes,811,None,ADHD
310,Target,Yes,745,None,ADHD
311,Non-Target,No,0,None,ADHD
312,Non-Target,No,0,None,ADHD
313,Non-Target,Yes,630,Commission,ADHD
314,Non-Target,No,0,None,ADHD
315,Target,Yes,805,None,ADHD
316,Non-Target,No,0,None,ADHD
317,Non-Target,No,0,None,ADHD
318,Non-Target,No,0,None,ADHD
319,Non-Target,No,0,None,ADHD
320,Non-Target,No,0,None,ADHD
321,Target,Yes,631,None,ADHD
322,Target,Yes,693,None,ADHD
323,Target,Yes,725,None,ADHD
324,Non-Target,No,0,None,ADHD
325,Non-Target,No,0,None,ADHD
326,Non-Target,No,0,None,ADHD
327,Non-Target,No,0,None,ADHD
328,Non-Target,No,0,None,ADHD
329,Target,Yes,784,None,ADHD
330,Non-Target,No,0,None,ADHD
331,Target,Yes,711,None,ADHD
332,Non-Target,No,0,None,ADHD
333,Target,Yes,757,None,ADHD
334,Non-Target,Yes,603,Commission,ADHD
335,Non-Target,No,0,None,ADHD
336,Target,No,0,Omission,ADHD
337,Non-Target,No,0,None,ADHD
338,Non-Target,No,0,None,ADHD
339,Non-Target,No,0,None,ADHD
340,Non-Target,No,0,None,ADHD
341,Non-Target,Yes,773,Commission,ADHD
342,Target,Yes,832,None,ADHD
343,Non-Target,No,0,None,ADHD
344,Non-Target,No,0,None,ADHD
345,Non-Target,No,0,None,ADHD
346,Non-Target,No,0,None,ADHD
347,Non-Target,No,0,None,ADHD
348,Non-Target,No,0,None,ADHD
349,Non-Target,Yes,783,Commission,ADHD
350,Non-Target,No,0,None,ADHD
351,Non-Target,No,0,None,ADHD
352,Non-Target,No,0,None,ADHD
353,Non-Target,Yes,751,Commission,ADHD
354,Non-Target,No,0,None,ADHD
355,Target,No,0,Omission,ADHD
356,Non-Target,No,0,None,ADHD
357,Target,Yes,714,None,ADHD
358,Non-Target,No,0,None,ADHD
359,Non-Target,No,0,None,ADHD
360,Non-Target,No,0,None,ADHD
361,Non-Target,Yes,893,Commission,ADHD
362,Non-Target,No,0,None,ADHD
363,Non-Target,No,0,None,ADHD
364,Non-Target,No,0,None,ADHD
365,Target,No,0,Omission,ADHD
366,Non-Target,No,0,None,ADHD
367,Non-Target,Yes,579,Commission,ADHD
368,Target,Yes,593,None,ADHD
369,Non-Target,No,0,None,ADHD
370,Non-Target,No,0,None,ADHD
371,Non-Target,No,0,None,ADHD
372,Non-Target,No,0,None,ADHD
373,Non-Target,Yes,777,Commission,ADHD
374,Non-Target,No,0,None,ADHD
375,Target,Yes,596,None,ADHD
376,Non-Target,No,0,None,ADHD
377,Non-Target,Yes,543,Commission,ADHD
378,Non-Target,Yes,911,Commission,ADHD
379,Target,No,0,Omission,ADHD
380,Target,No,0,Omission,ADHD
381,Non-Target,No,0,None,ADHD
382,Non-Target,No,0,None,ADHD
383,Non-Target,No,0,None,ADHD
384,Non-Target,No,0,None,ADHD
385,Non-Target,No,0,None,ADHD
386,Non-Target,No,0,None,ADHD
387,Target,Yes,803,None,ADHD
388,Target,Yes,630,None,ADHD
389,Non-Target,No,0,None,ADHD
390,Non-Target,No,0,None,ADHD
391,Non-Target,No,0,None,ADHD
392,Non-Target,No,0,None,ADHD
393,Target,Yes,386,None,ADHD
394,Target,Yes,605,None,ADHD
395,Non-Target,No,0,None,ADHD
396,Non-Target,No,0,None,ADHD
397,Target,Yes,632,None,ADHD
398,Non-Target,No,0,None,ADHD
399,Non-Target,No,0,None,ADHD
400,Non-Target,No,0,None,ADHD
401,Non-Target,No,0,None,ADHD
402,Target,No,0,Omission,ADHD
403,Non-Target,No,0,None,ADHD
404,Non-Target,No,0,None,ADHD
405,Non-Target,No,0,None,ADHD
406,Non-Target,No,0,None,ADHD
407,Non-Target,No,0,None,ADHD
408,Non-Target,No,0,None,ADHD
409,Non-Target,No,0,None,ADHD
410,Non-Target,No,0,None,ADHD
411,Target,Yes,853,None,ADHD
412,Non-Target,No,0,None,ADHD
413,Non-Target,No,0,None,ADHD
414,Non-Target,No,0,None,ADHD
415,Non-Target,No,0,None,ADHD
416,Target,Yes,794,None,ADHD
417,Target,Yes,712,None,ADHD
418,Non-Target,Yes,828,Commission,ADHD
419,Target,Yes,692,None,ADHD
420,Non-Target,No,0,None,ADHD
421,Non-Target,No,0,None,ADHD
422,Non-Target,No,0,None,ADHD
423,Target,Yes,714,None,ADHD
424,Non-Target,No,0,None,ADHD
425,Non-Target,No,0,None,ADHD
426,Non-Target,No,0,None,ADHD
427,Non-Target,No,0,None,ADHD
428,Target,No,0,Omission,ADHD
429,Non-Target,No,0,None,ADHD
430,Non-Target,No,0,None,ADHD
431,Target,Yes,598,None,ADHD
432,Non-Target,No,0,None,ADHD
433,Non-Target,No,0,None,ADHD
434,Target,No,0,Omission,ADHD
435,Non-Target,No,0,None,ADHD
436,Non-Target,No,0,None,ADHD
437,Target,Yes,698,None,ADHD
438,Non-Target,No,0,None,ADHD
439,Target,Yes,686,None,ADHD
440,Target,No,0,Omission,ADHD
441,Target,Yes,667,None,ADHD
442,Target,Yes,638,None,ADHD
443,Target,Yes,687,None,ADHD
444,Target,Yes,726,None,ADHD
445,Non-Target,Yes,801,Commission,ADHD
446,Non-Target,No,0,None,ADHD
447,Non-Target,Yes,897,Commission,ADHD
448,Non-Target,No,0,None,ADHD
449,Non-Target,No,0,None,ADHD
450,Non-Target,No,0,None,ADHD
451,Non-Target,Yes,747,Commission,ADHD
452,Target,Yes,606,None,ADHD
453,Non-Target,No,0,None,ADHD
454,Non-Target,No,0,None,ADHD
455,Non-Target,No,0,None,ADHD
456,Non-Target,No,0,None,ADHD
457,Non-Target,No,0,None,ADHD
458,Non-Target,No,0,None,ADHD
459,Target,Yes,712,None,ADHD
460,Non-Target,No,0,None,ADHD
461,Target,Yes,557,None,ADHD
462,Target,Yes,612,None,ADHD
463,Non-Target,No,0,None,ADHD
464,Non-Target,No,0,None,ADHD
465,Target,Yes,725,None,ADHD
466,Non-Target,No,0,None,ADHD
467,Non-Target,No,0,None,ADHD
468,Non-Target,No,0,None,ADHD
469,Non-Target,No,0,None,ADHD
470,Non-Target,No,0,None,ADHD
471,Non-Target,No,0,None,ADHD
472,Non-Target,No,0,None,ADHD
473,Target,No,0,Omission,ADHD
474,Target,No,0,Omission,ADHD
475,Non-Target,No,0,None,ADHD
476,Non-Target,No,0,None,ADHD
477,Non-Target,No,0,None,ADHD
478,Target,No,0,Omission,ADHD
479,Non-Target,No,0,None,ADHD
480,Non-Target,No,0,None,ADHD
481,Non-Target,No,0,None,ADHD
482,Non-Target,No,0,None,ADHD
483,Non-Target,No,0,None,ADHD
484,Target,Yes,624,None,ADHD
485,Non-Target,No,0,None,ADHD
486,Non-Target,No,0,None,ADHD
487,Target,Yes,816,None,ADHD
488,Target,Yes,979,None,ADHD
489,Target,No,0,Omission,ADHD
490,Non-Target,No,0,None,ADHD
491,Non-Target,No,0,None,ADHD
492,Target,Yes,655,None,ADHD
493,Target,Yes,785,None,ADHD
494,Target,Yes,609,None,ADHD
495,Target,Yes,675,None,ADHD
496,Non-Target,No,0,None,ADHD
497,Target,No,0,Omission,ADHD
498,Non-Target,No,0,None,ADHD
499,Non-Target,No,0,None,ADHD
500,Non-Target,No,0,None,ADHD
501,Target,Yes,789,None,ADHD
502,Non-Target,Yes,902,Commission,ADHD
503,Non-Target,No,0,None,ADHD
504,Non-Target,No,0,None,ADHD
505,Target,Yes,621,None,ADHD
506,Non-Target,No,0,None,ADHD
507,Non-Target,No,0,None,ADHD
508,Non-Target,No,0,None,ADHD
509,Target,No,0,Omission,ADHD
510,Target,Yes,487,None,ADHD
511,Non-Target,No,0,None,ADHD
512,Non-Target,No,0,None,ADHD
513,Non-Target,Yes,647,Commission,ADHD
514,Target,Yes,779,None,ADHD
515,Non-Target,Yes,736,Commission,ADHD
516,Non-Target,No,0,None,ADHD
517,Target,Yes,754,None,ADHD
518,Non-Target,Yes,558,Commission,ADHD
519,Non-Target,No,0,None,ADHD
520,Non-Target,No,0,None,ADHD
521,Target,Yes,708,None,ADHD
522,Non-Target,Yes,591,Commission,ADHD
523,Target,Yes,827,None,ADHD
524,Non-Target,No,0,None,ADHD
525,Non-Target,No,0,None,ADHD
526,Non-Target,No,0,None,ADHD
527,Non-Target,No,0,None,ADHD
528,Non-Target,No,0,None,ADHD
529,Non-Target,No,0,None,ADHD
530,Non-Target,No,0,None,ADHD
531,Non-Target,No,0,None,ADHD
532,Target,Yes,705,None,ADHD
533,Non-Target,No,0,None,ADHD
534,Non-Target,No,0,None,ADHD
535,Non-Target,No,0,None,ADHD
536,Non-Target,No,0,None,ADHD
537,Target,No,0,Omission,ADHD
538,Target,Yes,698,None,ADHD
539,Non-Target,No,0,None,ADHD
540,Non-Target,No,0,None,ADHD
541,Target,Yes,805,None,ADHD
542,Non-Target,No,0,None,ADHD
543,Non-Target,Yes,814,Commission,ADHD
544,Target,No,0,Omission,ADHD
545,Non-Target,Yes,666,Commission,ADHD
546,Non-Target,No,0,None,ADHD
547,Non-Target,No,0,None,ADHD
548,Non-Target,Yes,686,Commission,ADHD
549,Target,No,0,Omission,ADHD
550,Target,Yes,775,None,ADHD
551,Non-Target,No,0,None,ADHD
552,Target,No,0,Omission,ADHD
553,Non-Target,No,0,None,ADHD
554,Non-Target,No,0,None,ADHD
555,Target,No,0,Omission,ADHD
556,Non-Target,No,0,None,ADHD
557,Non-Target,No,0,None,ADHD
558,Target,No,0,Omission,ADHD
559,Non-Target,No,0,None,ADHD
560,Target,No,0,Omission,ADHD
561,Target,Yes,631,None,ADHD
562,Target,Yes,701,None,ADHD
563,Target,Yes,610,None,ADHD
564,Non-Target,No,0,None,ADHD
565,Non-Target,No,0,None,ADHD
566,Non-Target,No,0,None,ADHD
567,Non-Target,No,0,None,ADHD
568,Non-Target,No,0,None,ADHD
569,Target,Yes,604,None,ADHD
570,Non-Target,No,0,None,ADHD
571,Target,Yes,881,None,ADHD
572,Non-Target,No,0,None,ADHD
573,Non-Target,No,0,None,ADHD
574,Target,Yes,777,None,ADHD
575,Target,No,0,Omission,ADHD
576,Non-Target,No,0,None,ADHD
577,Target,No,0,Omission,ADHD
578,Target,No,0,Omission,ADHD
579,Non-Target,No,0,None,ADHD
580,Non-Target,No,0,None,ADHD
581,Non-Target,Yes,709,Commission,ADHD
582,Non-Target,No,0,None,ADHD
583,Non-Target,No,0,None,ADHD
584,Target,No,0,Omission,ADHD
585,Non-Target,No,0,None,ADHD
586,Non-Target,No,0,None,ADHD
587,Non-Target,No,0,None,ADHD
588,Non-Target,No,0,None,ADHD
589,Non-Target,No,0,None,ADHD
590,Non-Target,No,0,None,ADHD
591,Non-Target,No,0,None,ADHD
592,Non-Target,Yes,767,Commission,ADHD
593,Target,No,0,Omission,ADHD
594,Target,Yes,839,None,ADHD
595,Non-Target,No,0,None,ADHD
596,Target,Yes,810,None,ADHD
597,Non-Target,No,0,None,ADHD
598,Non-Target,No,0,None,ADHD
599,Non-Target,No,0,None,ADHD
600,Non-Target,No,0,None,ADHD
601,Non-Target,No,0,None,ADHD
602,Non-Target,No,0,None,ADHD
603,Target,Yes,887,None,ADHD
604,Non-Target,No,0,None,ADHD
605,Target,Yes,639,None,ADHD
606,Non-Target,Yes,811,Commission,ADHD
607,Target,No,0,Omission,ADHD
608,Non-Target,No,0,None,ADHD
609,Non-Target,No,0,None,ADHD
610,Target,Yes,789,None,ADHD
611,Non-Target,Yes,780,Commission,ADHD
612,Non-Target,Yes,566,Commission,ADHD
613,Non-Target,No,0,None,ADHD
614,Target,No,0,Omission,ADHD
615,Non-Target,No,0,None,ADHD
616,Target,No,0,Omission,ADHD
617,Non-Target,No,0,None,ADHD
618,Non-Target,No,0,None,ADHD
619,Non-Target,Yes,683,Commission,ADHD
620,Non-Target,No,0,None,ADHD
621,Target,Yes,633,None,ADHD
622,Non-Target,Yes,702,Commission,ADHD
623,Non-Target,No,0,None,ADHD
624,Non-Target,No,0,None,ADHD
625,Non-Target,No,0,None,ADHD
626,Non-Target,Yes,592,Commission,ADHD
627,Non-Target,Yes,755,Commission,ADHD
628,Non-Target,No,0,None,ADHD
629,Non-Target,Yes,699,Commission,ADHD
630,Non-Target,No,0,None,ADHD
631,Non-Target,No,0,None,ADHD
632,Non-Target,No,0,None,ADHD
633,Non-Target,No,0,None,ADHD
634,Target,Yes,634,None,ADHD
635,Non-Target,No,0,None,ADHD
636,Non-Target,Yes,739,Commission,ADHD
637,Target,Yes,685,None,ADHD
638,Target,Yes,690,None,ADHD
639,Non-Target,No,0,None,ADHD
640,Non-Target,No,0,None,ADHD
641,Non-Target,No,0,None,ADHD
642,Target,No,0,Omission,ADHD
643,Non-Target,No,0,None,ADHD
644,Non-Target,No,0,None,ADHD
645,Non-Target,No,0,None,ADHD
646,Non-Target,No,0,None,ADHD
647,Target,Yes,751,None,ADHD
648,Non-Target,Yes,668,Commission,ADHD
649,Non-Target,No,0,None,ADHD
650,Non-Target,No,0,None,ADHD
651,Target,Yes,531,None,ADHD
652,Non-Target,No,0,None,ADHD
653,Non-Target,No,0,None,ADHD
654,Target,Yes,621,None,ADHD
655,Target,No,0,Omission,ADHD
656,Target,Yes,662,None,ADHD
657,Non-Target,No,0,None,ADHD
658,Target,Yes,726,None,ADHD
659,Target,No,0,Omission,ADHD
660,Target,Yes,724,None,ADHD
661,Target,No,0,Omission,ADHD
662,Non-Target,No,0,None,ADHD
663,Non-Target,No,0,None,ADHD
664,Non-Target,No,0,None,ADHD
665,Non-Target,No,0,None,ADHD
666,Non-Target,Yes,747,Commission,ADHD
667,Non-Target,No,0,None,ADHD
668,Non-Target,No,0,None,ADHD
669,Non-Target,No,0,None,ADHD
670,Non-Target,Yes,818,Commission,ADHD
671,Target,Yes,628,None,ADHD
672,Non-Target,No,0,None,ADHD
673,Non-Target,No,0,None,ADHD
674,Target,Yes,671,None,ADHD
675,Target,No,0,Omission,ADHD
676,Non-Target,No,0,None,ADHD
677,Non-Target,No,0,None,ADHD
678,Non-Target,No,0,None,ADHD
679,Target,Yes,664,None,ADHD
680,Target,No,0,Omission,ADHD
681,Non-Target,Yes,487,Commission,ADHD
682,Non-Target,No,0,None,ADHD
683,Non-Target,No,0,None,ADHD
684,Target,No,0,Omission,ADHD
685,Non-Target,Yes,867,Commission,ADHD
686,Non-Target,No,0,None,ADHD
687,Non-Target,Yes,778,Commission,ADHD
688,Non-Target,No,0,None,ADHD
689,Non-Target,No,0,None,ADHD
690,Non-Target,No,0,None,ADHD
691,Non-Target,No,0,None,ADHD
692,Non-Target,No,0,None,ADHD
693,Non-Target,No,0,None,ADHD
694,Target,No,0,Omission,ADHD
695,Non-Target,No,0,None,ADHD
696,Non-Target,No,0,None,ADHD
697,Target,Yes,801,None,ADHD
698,Non-Target,No,0,None,ADHD
699,Non-Target,No,0,None,ADHD
700,Non-Target,No,0,None,ADHD
701,Non-Target,Yes,693,Commission,ADHD
702,Target,No,0,Omission,ADHD
703,Non-Target,No,0,None,ADHD
704,Non-Target,No,0,None,ADHD
705,Non-Target,No,0,None,ADHD
706,Non-Target,No,0,None,ADHD
707,Non-Target,Yes,698,Commission,ADHD
708,Non-Target,No,0,None,ADHD
709,Target,Yes,543,None,ADHD
710,Non-Target,No,0,None,ADHD
711,Target,Yes,715,None,ADHD
712,Non-Target,No,0,None,ADHD
713,Non-Target,No,0,None,ADHD
714,Non-Target,No,0,None,ADHD
715,Non-Target,No,0,None,ADHD
716,Non-Target,No,0,None,ADHD
717,Target,No,0,Omission,ADHD
718,Target,Yes,721,None,ADHD
719,Target,Yes,645,None,ADHD
720,Non-Target,No,0,None,ADHD
721,Target,Yes,787,None,ADHD
722,Non-Target,No,0,None,ADHD
723,Non-Target,No,0,None,ADHD
724,Non-Target,No,0,None,ADHD
725,Non-Target,Yes,602,Commission,ADHD
726,Non-Target,No,0,None,ADHD
727,Target,Yes,659,None,ADHD
728,Non-Target,No,0,None,ADHD
729,Non-Target,No,0,None,ADHD
730,Non-Target,No,0,None,ADHD
731,Non-Target,No,0,None,ADHD
732,Non-Target,No,0,None,ADHD
733,Non-Target,No,0,None,ADHD
734,Non-Target,No,0,None,ADHD
735,Target,Yes,797,None,ADHD
736,Non-Target,No,0,None,ADHD
737,Target,No,0,Omission,ADHD
738,Target,No,0,Omission,ADHD
739,Non-Target,No,0,None,ADHD
740,Non-Target,No,0,None,ADHD
741,Non-Target,No,0,None,ADHD
742,Non-Target,No,0,None,ADHD
743,Non-Target,Yes,634,Commission,ADHD
744,Non-Target,No,0,None,ADHD
745,Target,Yes,682,None,ADHD
746,Non-Target,No,0,None,ADHD
747,Non-Target,No,0,None,ADHD
748,Non-Target,No,0,None,ADHD
749,Non-Target,No,0,None,ADHD
750,Non-Target,No,0,None,ADHD
751,Non-Target,No,0,None,ADHD
752,Non-Target,No,0,None,ADHD
753,Non-Target,No,0,None,ADHD
754,Non-Target,No,0,None,ADHD
755,Target,Yes,708,None,ADHD
756,Target,Yes,725,None,ADHD
757,Non-Target,Yes,634,Commission,ADHD
758,Non-Target,No,0,None,ADHD
759,Non-Target,No,0,None,ADHD
760,Non-Target,No,0,None,ADHD
761,Target,Yes,748,None,ADHD
762,Non-Target,No,0,None,ADHD
763,Non-Target,No,0,None,ADHD
764,Non-Target,No,0,None,ADHD
765,Non-Target,No,0,None,ADHD
766,Non-Target,No,0,None,ADHD
767,Non-Target,No,0,None,ADHD
768,Non-Target,No,0,None,ADHD
769,Non-Target,No,0,None,ADHD
770,Non-Target,No,0,None,ADHD
771,Non-Target,No,0,None,ADHD
772,Non-Target,No,0,None,ADHD
773,Non-Target,No,0,None,ADHD
774,Target,Yes,888,None,ADHD
775,Target,Yes,781,None,ADHD
776,Non-Target,No,0,None,ADHD
777,Target,Yes,604,None,ADHD
778,Non-Target,No,0,None,ADHD
779,Target,Yes,736,None,ADHD
780,Target,No,0,Omission,ADHD
781,Non-Target,No,0,None,ADHD
782,Target,No,0,Omission,ADHD
783,Non-Target,No,0,None,ADHD
784,Non-Target,No,0,None,ADHD
785,Non-Target,No,0,None,ADHD
786,Target,Yes,928,None,ADHD
787,Non-Target,No,0,None,ADHD
788,Non-Target,No,0,None,ADHD
789,Target,Yes,789,None,ADHD
790,Non-Target,No,0,None,ADHD
791,Non-Target,No,0,None,ADHD
792,Target,No,0,Omission,ADHD
793,Target,Yes,794,None,ADHD
794,Target,Yes,805,None,ADHD
795,Non-Target,No,0,None,ADHD
796,Non-Target,No,0,None,ADHD
797,Non-Target,No,0,None,ADHD
798,Non-Target,No,0,None,ADHD
799,Non-Target,Yes,893,Commission,ADHD
800,Non-Target,No,0,None,ADHD
801,Non-Target,Yes,721,Commission,ADHD
802,Non-Target,No,0,None,ADHD
803,Non-Target,No,0,None,ADHD
804,Non-Target,Yes,697,Commission,ADHD
805,Target,No,0,Omission,ADHD
806,Non-Target,No,0,None,ADHD
807,Target,Yes,843,None,ADHD
808,Target,Yes,562,None,ADHD
809,Non-Target,No,0,None,ADHD
810,Target,No,0,Omission,ADHD
811,Target,Yes,661,None,ADHD
812,Non-Target,No,0,None,ADHD
813,Non-Target,No,0,None,ADHD
814,Non-Target,No,0,None,ADHD
815,Non-Target,No,0,None,ADHD
816,Non-Target,No,0,None,ADHD
817,Non-Target,No,0,None,ADHD
818,Non-Target,No,0,None,ADHD
819,Target,Yes,465,None,ADHD
820,Target,Yes,864,None,ADHD
821,Target,Yes,533,None,ADHD
822,Non-Target,No,0,None,ADHD
823,Target,Yes,577,None,ADHD
824,Non-Target,No,0,None,ADHD
825,Non-Target,No,0,None,ADHD
826,Target,Yes,871,None,ADHD
827,Target,Yes,744,None,ADHD
828,Non-Target,No,0,None,ADHD
829,Target,Yes,685,None,ADHD
830,Target,Yes,703,None,ADHD
831,Non-Target,No,0,None,ADHD
832,Target,No,0,Omission,ADHD
833,Non-Target,No,0,None,ADHD
834,Target,Yes,703,None,ADHD
835,Non-Target,No,0,None,ADHD
836,Target,Yes,710,None,ADHD
837,Non-Target,No,0,None,ADHD
838,Non-Target,Yes,792,Commission,ADHD
839,Non-Target,Yes,702,Commission,ADHD
840,Non-Target,No,0,None,ADHD
841,Target,Yes,623,None,ADHD
842,Target,Yes,795,None,ADHD
843,Non-Target,No,0,None,ADHD
844,Target,Yes,701,None,ADHD
845,Non-Target,No,0,None,ADHD
846,Target,Yes,718,None,ADHD
847,Non-Target,No,0,None,ADHD
848,Non-Target,No,0,None,ADHD
849,Target,Yes,615,None,ADHD
850,Non-Target,No,0,None,ADHD
851,Non-Target,Yes,850,Commission,ADHD
852,Non-Target,No,0,None,ADHD
853,Non-Target,No,0,None,ADHD
854,Non-Target,No,0,None,ADHD
855,Target,Yes,620,None,ADHD
856,Non-Target,No,0,None,ADHD
857,Target,Yes,790,None,ADHD
858,Target,No,0,Omission,ADHD
859,Non-Target,No,0,None,ADHD
860,Non-Target,No,0,None,ADHD
861,Non-Target,No,0,None,ADHD
862,Target,Yes,706,None,ADHD
863,Target,Yes,546,None,ADHD
864,Non-Target,No,0,None,ADHD
865,Target,Yes,661,None,ADHD
866,Non-Target,No,0,None,ADHD
867,Non-Target,Yes,642,Commission,ADHD
868,Non-Target,No,0,None,ADHD
869,Non-Target,No,0,None,ADHD
870,Target,Yes,945,None,ADHD
871,Target,Yes,723,None,ADHD
872,Target,Yes,752,None,ADHD
873,Non-Target,No,0,None,ADHD
874,Target,No,0,Omission,ADHD
875,Non-Target,No,0,None,ADHD
876,Non-Target,Yes,842,Commission,ADHD
877,Target,Yes,840,None,ADHD
878,Target,Yes,662,None,ADHD
879,Target,No,0,Omission,ADHD
880,Non-Target,No,0,None,ADHD
881,Non-Target,No,0,None,ADHD
882,Target,Yes,687,None,ADHD
883,Non-Target,No,0,None,ADHD
884,Non-Target,No,0,None,ADHD
885,Non-Target,No,0,None,ADHD
886,Non-Target,No,0,None,ADHD
887,Target,Yes,684,None,ADHD
888,Target,Yes,699,None,ADHD
889,Target,Yes,761,None,ADHD
890,Non-Target,No,0,None,ADHD
891,Non-Target,No,0,None,ADHD
892,Target,Yes,782,None,ADHD
893,Non-Target,No,0,None,ADHD
894,Non-Target,No,0,None,ADHD
895,Non-Target,No,0,None,ADHD
896,Non-Target,Yes,680,Commission,ADHD
897,Non-Target,Yes,570,Commission,ADHD
898,Non-Target,No,0,None,ADHD
899,Non-Target,No,0,None,ADHD
900,Non-Target,No,0,None,ADHD
901,Non-Target,No,0,None,ADHD
902,Non-Target,No,0,None,ADHD
903,Non-Target,No,0,None,ADHD
904,Target,Yes,718,None,ADHD
905,Target,No,0,Omission,ADHD
906,Non-Target,No,0,None,ADHD
907,Non-Target,No,0,None,ADHD
908,Non-Target,No,0,None,ADHD
909,Target,Yes,766,None,ADHD
910,Non-Target,No,0,None,ADHD
911,Non-Target,No,0,None,ADHD
912,Non-Target,No,0,None,ADHD
913,Non-Target,No,0,None,ADHD
914,Non-Target,No,0,None,ADHD
915,Target,Yes,579,None,ADHD
916,Target,Yes,756,None,ADHD
917,Non-Target,No,0,None,ADHD
918,Target,Yes,728,None,ADHD
919,Non-Target,No,0,None,ADHD
920,Non-Target,No,0,None,ADHD
921,Non-Target,No,0,None,ADHD
922,Non-Target,No,0,None,ADHD
923,Target,Yes,770,None,ADHD
924,Non-Target,No,0,None,ADHD
925,Non-Target,No,0,None,ADHD
926,Non-Target,Yes,663,Commission,ADHD
927,Non-Target,No,0,None,ADHD
928,Non-Target,No,0,None,ADHD
929,Non-Target,No,0,None,ADHD
930,Non-Target,No,0,None,ADHD
931,Non-Target,No,0,None,ADHD
932,Target,Yes,667,None,ADHD
933,Non-Target,Yes,747,Commission,ADHD
934,Target,Yes,656,None,ADHD
935,Target,No,0,Omission,ADHD
936,Non-Target,No,0,None,ADHD
937,Target,Yes,979,None,ADHD
938,Non-Target,No,0,None,ADHD
939,Target,Yes,585,None,ADHD
940,Non-Target,Yes,963,Commission,ADHD
941,Non-Target,Yes,856,Commission,ADHD
942,Non-Target,No,0,None,ADHD
943,Non-Target,No,0,None,ADHD
944,Non-Target,No,0,None,ADHD
945,Non-Target,No,0,None,ADHD
946,Non-Target,No,0,None,ADHD
947,Target,Yes,618,None,ADHD
948,Non-Target,No,0,None,ADHD
949,Non-Target,No,0,None,ADHD
950,Non-Target,No,0,None,ADHD
951,Target,Yes,893,None,ADHD
952,Target,Yes,779,None,ADHD
953,Non-Target,Yes,782,Commission,ADHD
954,Non-Target,Yes,741,Commission,ADHD
955,Non-Target,No,0,None,ADHD
956,Non-Target,No,0,None,ADHD
957,Target,Yes,861,None,ADHD
958,Non-Target,No,0,None,ADHD
959,Non-Target,No,0,None,ADHD
960,Non-Target,No,0,None,ADHD
961,Non-Target,No,0,None,ADHD
962,Non-Target,No,0,None,ADHD
963,Target,No,0,Omission,ADHD
964,Target,Yes,756,None,ADHD
965,Non-Target,No,0,None,ADHD
966,Non-Target,No,0,None,ADHD
967,Target,Yes,622,None,ADHD
968,Non-Target,No,0,None,ADHD
969,Non-Target,No,0,None,ADHD
970,Non-Target,No,0,None,ADHD
971,Non-Target,No,0,None,ADHD
972,Target,Yes,778,None,ADHD
973,Target,Yes,680,None,ADHD
974,Target,Yes,573,None,ADHD
975,Non-Target,No,0,None,ADHD
976,Non-Target,No,0,None,ADHD
977,Non-Target,No,0,None,ADHD
978,Non-Target,No,0,None,ADHD
979,Non-Target,Yes,447,Commission,ADHD
980,Non-Target,No,0,None,ADHD
981,Target,No,0,Omission,ADHD
982,Non-Target,No,0,None,ADHD
983,Target,Yes,800,None,ADHD
984,Target,Yes,623,None,ADHD
985,Non-Target,No,0,None,ADHD
986,Non-Target,No,0,None,ADHD
987,Non-Target,No,0,None,ADHD
988,Target,No,0,Omission,ADHD
989,Target,Yes,658,None,ADHD
990,Target,Yes,769,None,ADHD
991,Non-Target,No,0,None,ADHD
992,Non-Target,No,0,None,ADHD
993,Non-Target,No,0,None,ADHD
994,Target,Yes,746,None,ADHD
995,Non-Target,No,0,None,ADHD
996,Non-Target,No,0,None,ADHD
997,Non-Target,No,0,None,ADHD
998,Non-Target,No,0,None,ADHD
999,Non-Target,No,0,None,ADHD
1000,Target,No,0,Omission,ADHD
1001,Target,Yes,635,None,ADHD
1002,Target,No,0,Omission,ADHD
1003,Target,Yes,746,None,ADHD
1004,Target,Yes,784,None,ADHD
1005,Target,No,0,Omission,ADHD
1006,Target,Yes,499,None,ADHD
1007,Target,Yes,555,None,ADHD
1008,Target,Yes,752,None,ADHD
1009,Non-Target,No,0,None,ADHD
1010,Non-Target,No,0,None,ADHD
1011,Non-Target,No,0,None,ADHD
1012,Non-Target,No,0,None,ADHD
1013,Non-Target,No,0,None,ADHD
1014,Target,Yes,802,None,ADHD
1015,Non-Target,No,0,None,ADHD
1016,Target,No,0,Omission,ADHD
1017,Non-Target,No,0,None,ADHD
1018,Non-Target,No,0,None,ADHD
1019,Target,Yes,685,None,ADHD
1020,Non-Target,No,0,None,ADHD
1021,Non-Target,No,0,None,ADHD
1022,Non-Target,No,0,None,ADHD
1023,Non-Target,No,0,None,ADHD
1024,Target,No,0,Omission,ADHD
1025,Non-Target,No,0,None,ADHD
1026,Non-Target,No,0,None,ADHD
1027,Non-Target,No,0,None,ADHD
1028,Target,Yes,759,None,ADHD
1029,Non-Target,No,0,None,ADHD
1030,Non-Target,No,0,None,ADHD
1031,Non-Target,No,0,None,ADHD
1032,Target,Yes,624,None,ADHD
1033,Target,Yes,646,None,ADHD
1034,Non-Target,No,0,None,ADHD
1035,Target,Yes,824,None,ADHD
1036,Non-Target,No,0,None,ADHD
1037,Non-Target,No,0,None,ADHD
1038,Non-Target,No,0,None,ADHD
1039,Non-Target,No,0,None,ADHD
1040,Target,No,0,Omission,ADHD
1041,Target,Yes,813,None,ADHD
1042,Non-Target,No,0,None,ADHD
1043,Target,No,0,Omission,ADHD
1044,Non-Target,No,0,None,ADHD
1045,Non-Target,No,0,None,ADHD
1046,Non-Target,No,0,None,ADHD
1047,Non-Target,Yes,752,Commission,ADHD
1048,Non-Target,No,0,None,ADHD
1049,Target,Yes,718,None,ADHD
1050,Non-Target,No,0,None,ADHD
1051,Target,Yes,702,None,ADHD
1052,Non-Target,Yes,770,Commission,ADHD
1053,Target,Yes,720,None,ADHD
1054,Non-Target,No,0,None,ADHD
1055,Non-Target,No,0,None,ADHD
1056,Target,Yes,814,None,ADHD
1057,Non-Target,No,0,None,ADHD
1058,Non-Target,No,0,None,ADHD
1059,Non-Target,No,0,None,ADHD
1060,Non-Target,No,0,None,ADHD
1061,Non-Target,No,0,None,ADHD
1062,Non-Target,No,0,None,ADHD
1063,Non-Target,No,0,None,ADHD
1064,Non-Target,No,0,None,ADHD
1065,Non-Target,No,0,None,ADHD
1066,Non-Target,No,0,None,ADHD
1067,Target,No,0,Omission,ADHD
1068,Non-Target,No,0,None,ADHD
1069,Target,Yes,826,None,ADHD
1070,Non-Target,No,0,None,ADHD
1071,Target,Yes,861,None,ADHD
1072,Target,Yes,644,None,ADHD
1073,Non-Target,No,0,None,ADHD
1074,Non-Target,No,0,None,ADHD
1075,Target,Yes,483,None,ADHD
1076,Target,No,0,Omission,ADHD
1077,Non-Target,No,0,None,ADHD
1078,Non-Target,Yes,826,Commission,ADHD
1079,Non-Target,No,0,None,ADHD
1080,Non-Target,No,0,None,ADHD
1081,Target,Yes,776,None,ADHD
1082,Target,Yes,566,None,ADHD
1083,Non-Target,No,0,None,ADHD
1084,Non-Target,No,0,None,ADHD
1085,Non-Target,No,0,None,ADHD
1086,Non-Target,No,0,None,ADHD
1087,Non-Target,No,0,None,ADHD
1088,Non-Target,Yes,629,Commission,ADHD
1089,Non-Target,No,0,None,ADHD
1090,Non-Target,No,0,None,ADHD
1091,Non-Target,No,0,None,ADHD
1092,Non-Target,No,0,None,ADHD
1093,Non-Target,No,0,None,ADHD
1094,Target,Yes,795,None,ADHD
1095,Non-Target,No,0,None,ADHD
1096,Non-Target,No,0,None,ADHD
1097,Non-Target,No,0,None,ADHD
1098,Non-Target,No,0,None,ADHD
1099,Non-Target,No,0,None,ADHD
1100,Non-Target,No,0,None,ADHD
1101,Target,Yes,571,None,ADHD
1102,Non-Target,No,0,None,ADHD
1103,Non-Target,No,0,None,ADHD
1104,Non-Target,No,0,None,ADHD
1105,Non-Target,No,0,None,ADHD
1106,Non-Target,No,0,None,ADHD
1107,Target,Yes,733,None,ADHD
1108,Target,Yes,558,None,ADHD
1109,Target,No,0,Omission,ADHD
1110,Non-Target,No,0,None,ADHD
1111,Non-Target,No,0,None,ADHD
1112,Non-Target,No,0,None,ADHD
1113,Non-Target,Yes,659,Commission,ADHD
1114,Non-Target,No,0,None,ADHD
1115,Target,Yes,701,None,ADHD
1116,Target,Yes,677,None,ADHD
1117,Non-Target,No,0,None,ADHD
1118,Non-Target,No,0,None,ADHD
1119,Non-Target,No,0,None,ADHD
1120,Non-Target,No,0,None,ADHD
1121,Target,Yes,634,None,ADHD
1122,Non-Target,No,0,None,ADHD
1123,Non-Target,No,0,None,ADHD
1124,Target,No,0,Omission,ADHD
1125,Non-Target,No,0,None,ADHD
1126,Non-Target,No,0,None,ADHD
1127,Non-Target,No,0,None,ADHD
1128,Non-Target,No,0,None,ADHD
1129,Target,Yes,588,None,ADHD
1130,Non-Target,No,0,None,ADHD
1131,Target,No,0,Omission,ADHD
1132,Non-Target,Yes,755,Commission,ADHD
1133,Non-Target,No,0,None,ADHD
1134,Non-Target,No,0,None,ADHD
1135,Non-Target,Yes,693,Commission,ADHD
1136,Target,No,0,Omission,ADHD
1137,Non-Target,No,0,None,ADHD
1138,Non-Target,No,0,None,ADHD
1139,Non-Target,Yes,779,Commission,ADHD
1140,Target,Yes,614,None,ADHD
1141,Non-Target,No,0,None,ADHD
1142,Non-Target,No,0,None,ADHD
1143,Non-Target,Yes,571,Commission,ADHD
1144,Target,No,0,Omission,ADHD
1145,Non-Target,Yes,618,Commission,ADHD
1146,Non-Target,No,0,None,ADHD
1147,Non-Target,Yes,692,Commission,ADHD
1148,Non-Target,No,0,None,ADHD
1149,Target,Yes,658,None,ADHD
1150,Non-Target,No,0,None,ADHD
1151,Non-Target,No,0,None,ADHD
1152,Target,Yes,748,None,ADHD
1153,Non-Target,No,0,None,ADHD
1154,Target,Yes,706,None,ADHD
1155,Non-Target,No,0,None,ADHD
1156,Non-Target,No,0,None,ADHD
1157,Non-Target,No,0,None,ADHD
1158,Target,Yes,819,None,ADHD
1159,Non-Target,No,0,None,ADHD
1160,Target,Yes,783,None,ADHD
1161,Non-Target,No,0,None,ADHD
1162,Non-Target,No,0,None,ADHD
1163,Target,Yes,833,None,ADHD
1164,Non-Target,No,0,None,ADHD
1165,Non-Target,No,0,None,ADHD
1166,Target,Yes,772,None,ADHD
1167,Target,No,0,Omission,ADHD
1168,Non-Target,No,0,None,ADHD
1169,Non-Target,No,0,None,ADHD
1170,Non-Target,No,0,None,ADHD
1171,Non-Target,No,0,None,ADHD
1172,Non-Target,No,0,None,ADHD
1173,Non-Target,No,0,None,ADHD
1174,Non-Target,No,0,None,ADHD
1175,Non-Target,Yes,554,Commission,ADHD
1176,Non-Target,Yes,605,Commission,ADHD
1177,Non-Target,No,0,None,ADHD
1178,Non-Target,No,0,None,ADHD
1179,Target,Yes,754,None,ADHD
1180,Non-Target,No,0,None,ADHD
1181,Non-Target,No,0,None,ADHD
1182,Non-Target,No,0,None,ADHD
1183,Non-Target,No,0,None,ADHD
1184,Non-Target,No,0,None,ADHD
1185,Non-Target,No,0,None,ADHD
1186,Non-Target,Yes,767,Commission,ADHD
1187,Target,Yes,749,None,ADHD
1188,Non-Target,No,0,None,ADHD
1189,Non-Target,No,0,None,ADHD
1190,Target,Yes,771,None,ADHD
1191,Non-Target,No,0,None,ADHD
1192,Non-Target,No,0,None,ADHD
1193,Target,No,0,Omission,ADHD
1194,Non-Target,No,0,None,ADHD
1195,Target,Yes,509,None,ADHD
1196,Non-Target,No,0,None,ADHD
1197,Target,Yes,694,None,ADHD
1198,Non-Target,No,0,None,ADHD
1199,Non-Target,No,0,None,ADHD
1200,Non-Target,No,0,None,ADHD
