Trial,StimulusType,Reaction,ReactionTime(ms),ErrorType,Label
1,Target,Yes,673,None,ADHD
2,Non-Target,Yes,719,Commission,ADHD
3,Non-Target,No,0,None,ADHD
4,Non-Target,Yes,994,Commission,ADHD
5,Non-Target,No,0,None,ADHD
6,Non-Target,No,0,None,ADHD
7,Non-Target,No,0,None,ADHD
8,Non-Target,No,0,None,ADHD
9,Non-Target,No,0,None,ADHD
10,Non-Target,No,0,None,ADHD
11,Target,Yes,799,None,ADHD
12,Target,Yes,1048,None,ADHD
13,Target,Yes,793,None,ADHD
14,Non-Target,No,0,None,ADHD
15,Non-Target,No,0,None,ADHD
16,Non-Target,Yes,792,Commission,ADHD
17,Non-Target,No,0,None,ADHD
18,Non-Target,No,0,None,ADHD
19,Non-Target,No,0,None,ADHD
20,Target,Yes,729,None,ADHD
21,Non-Target,No,0,None,ADHD
22,Non-Target,No,0,None,ADHD
23,Non-Target,No,0,None,ADHD
24,Target,No,0,Omission,ADHD
25,Target,Yes,1040,None,ADHD
26,Target,No,0,Omission,ADHD
27,Non-Target,No,0,None,ADHD
28,Target,Yes,842,None,ADHD
29,Non-Target,No,0,None,ADHD
30,Target,Yes,694,None,ADHD
31,Non-Target,No,0,None,ADHD
32,Non-Target,No,0,None,ADHD
33,Non-Target,No,0,None,ADHD
34,Non-Target,No,0,None,ADHD
35,Non-Target,No,0,None,ADHD
36,Target,Yes,657,None,ADHD
37,Non-Target,Yes,762,Commission,ADHD
38,Non-Target,No,0,None,ADHD
39,Non-Target,No,0,None,ADHD
40,Target,No,0,Omission,ADHD
41,Non-Target,No,0,None,ADHD
42,Non-Target,No,0,None,ADHD
43,Non-Target,No,0,None,ADHD
44,Non-Target,Yes,987,Commission,ADHD
45,Non-Target,No,0,None,ADHD
46,Non-Target,Yes,677,Commission,ADHD
47,Target,Yes,990,None,ADHD
48,Non-Target,No,0,None,ADHD
49,Non-Target,No,0,None,ADHD
50,Non-Target,Yes,863,Commission,ADHD
51,Non-Target,Yes,965,Commission,ADHD
52,Non-Target,No,0,None,ADHD
53,Target,Yes,687,None,ADHD
54,Non-Target,No,0,None,ADHD
55,Non-Target,No,0,None,ADHD
56,Non-Target,Yes,592,Commission,ADHD
57,Non-Target,No,0,None,ADHD
58,Non-Target,No,0,None,ADHD
59,Non-Target,No,0,None,ADHD
60,Non-Target,Yes,968,Commission,ADHD
61,Non-Target,No,0,None,ADHD
62,Non-Target,No,0,None,ADHD
63,Target,Yes,738,None,ADHD
64,Non-Target,No,0,None,ADHD
65,Target,No,0,Omission,ADHD
66,Non-Target,No,0,None,ADHD
67,Non-Target,No,0,None,ADHD
68,Non-Target,Yes,1005,Commission,ADHD
69,Target,Yes,896,None,ADHD
70,Non-Target,No,0,None,ADHD
71,Non-Target,No,0,None,ADHD
72,Non-Target,Yes,839,Commission,ADHD
73,Non-Target,No,0,None,ADHD
74,Target,Yes,570,None,ADHD
75,Non-Target,No,0,None,ADHD
76,Non-Target,Yes,532,Commission,ADHD
77,Non-Target,No,0,None,ADHD
78,Target,Yes,946,None,ADHD
79,Target,Yes,844,None,ADHD
80,Non-Target,Yes,735,Commission,ADHD
81,Non-Target,Yes,855,Commission,ADHD
82,Non-Target,No,0,None,ADHD
83,Non-Target,Yes,719,Commission,ADHD
84,Non-Target,No,0,None,ADHD
85,Target,No,0,Omission,ADHD
86,Target,Yes,825,None,ADHD
87,Non-Target,No,0,None,ADHD
88,Non-Target,No,0,None,ADHD
89,Non-Target,Yes,915,Commission,ADHD
90,Non-Target,No,0,None,ADHD
91,Non-Target,Yes,791,Commission,ADHD
92,Target,No,0,Omission,ADHD
93,Non-Target,No,0,None,ADHD
94,Non-Target,No,0,None,ADHD
95,Non-Target,No,0,None,ADHD
96,Non-Target,No,0,None,ADHD
97,Non-Target,No,0,None,ADHD
98,Non-Target,No,0,None,ADHD
99,Non-Target,No,0,None,ADHD
100,Target,Yes,952,None,ADHD
101,Non-Target,Yes,1073,Commission,ADHD
102,Non-Target,No,0,None,ADHD
103,Non-Target,No,0,None,ADHD
104,Non-Target,Yes,920,Commission,ADHD
105,Non-Target,Yes,589,Commission,ADHD
106,Non-Target,No,0,None,ADHD
107,Non-Target,No,0,None,ADHD
108,Target,Yes,580,None,ADHD
109,Non-Target,Yes,608,Commission,ADHD
110,Target,Yes,647,None,ADHD
111,Non-Target,Yes,589,Commission,ADHD
112,Non-Target,No,0,None,ADHD
113,Non-Target,No,0,None,ADHD
114,Non-Target,No,0,None,ADHD
115,Non-Target,No,0,None,ADHD
116,Non-Target,Yes,299,Commission,ADHD
117,Non-Target,No,0,None,ADHD
118,Target,Yes,994,None,ADHD
119,Non-Target,No,0,None,ADHD
120,Non-Target,No,0,None,ADHD
121,Non-Target,No,0,None,ADHD
122,Non-Target,Yes,1016,Commission,ADHD
123,Non-Target,No,0,None,ADHD
124,Non-Target,No,0,None,ADHD
125,Non-Target,No,0,None,ADHD
126,Non-Target,No,0,None,ADHD
127,Non-Target,No,0,None,ADHD
128,Non-Target,No,0,None,ADHD
129,Non-Target,No,0,None,ADHD
130,Non-Target,No,0,None,ADHD
131,Target,Yes,656,None,ADHD
132,Non-Target,No,0,None,ADHD
133,Non-Target,No,0,None,ADHD
134,Non-Target,Yes,884,Commission,ADHD
135,Non-Target,No,0,None,ADHD
136,Target,No,0,Omission,ADHD
137,Target,Yes,702,None,ADHD
138,Non-Target,Yes,613,Commission,ADHD
139,Non-Target,No,0,None,ADHD
140,Non-Target,No,0,None,ADHD
141,Non-Target,No,0,None,ADHD
142,Non-Target,Yes,683,Commission,ADHD
143,Non-Target,No,0,None,ADHD
144,Non-Target,No,0,None,ADHD
145,Non-Target,No,0,None,ADHD
146,Non-Target,Yes,802,Commission,ADHD
147,Non-Target,No,0,None,ADHD
148,Non-Target,No,0,None,ADHD
149,Non-Target,No,0,None,ADHD
150,Non-Target,No,0,None,ADHD
151,Non-Target,No,0,None,ADHD
152,Non-Target,No,0,None,ADHD
153,Non-Target,No,0,None,ADHD
154,Target,Yes,538,None,ADHD
155,Target,Yes,846,None,ADHD
156,Non-Target,No,0,None,ADHD
157,Non-Target,No,0,None,ADHD
158,Non-Target,No,0,None,ADHD
159,Non-Target,Yes,1039,Commission,ADHD
160,Non-Target,No,0,None,ADHD
161,Non-Target,No,0,None,ADHD
162,Non-Target,Yes,604,Commission,ADHD
163,Non-Target,No,0,None,ADHD
164,Non-Target,No,0,None,ADHD
165,Non-Target,No,0,None,ADHD
166,Non-Target,No,0,None,ADHD
167,Target,Yes,635,None,ADHD
168,Non-Target,No,0,None,ADHD
169,Non-Target,No,0,None,ADHD
170,Non-Target,No,0,None,ADHD
171,Non-Target,No,0,None,ADHD
172,Target,Yes,616,None,ADHD
173,Target,Yes,687,None,ADHD
174,Target,No,0,Omission,ADHD
175,Target,Yes,887,None,ADHD
176,Target,Yes,395,None,ADHD
177,Non-Target,No,0,None,ADHD
178,Non-Target,No,0,None,ADHD
179,Non-Target,No,0,None,ADHD
180,Target,Yes,612,None,ADHD
181,Non-Target,No,0,None,ADHD
182,Non-Target,No,0,None,ADHD
183,Non-Target,No,0,None,ADHD
184,Non-Target,No,0,None,ADHD
185,Target,Yes,816,None,ADHD
186,Target,Yes,737,None,ADHD
187,Non-Target,No,0,None,ADHD
188,Non-Target,No,0,None,ADHD
189,Target,Yes,745,None,ADHD
190,Non-Target,No,0,None,ADHD
191,Non-Target,No,0,None,ADHD
192,Non-Target,No,0,None,ADHD
193,Target,No,0,Omission,ADHD
194,Non-Target,No,0,None,ADHD
195,Non-Target,Yes,601,Commission,ADHD
196,Non-Target,No,0,None,ADHD
197,Non-Target,No,0,None,ADHD
198,Non-Target,No,0,None,ADHD
199,Non-Target,No,0,None,ADHD
200,Non-Target,Yes,652,Commission,ADHD
201,Non-Target,No,0,None,ADHD
202,Non-Target,No,0,None,ADHD
203,Non-Target,No,0,None,ADHD
204,Non-Target,Yes,841,Commission,ADHD
205,Non-Target,Yes,775,Commission,ADHD
206,Target,No,0,Omission,ADHD
207,Non-Target,Yes,877,Commission,ADHD
208,Non-Target,Yes,527,Commission,ADHD
209,Non-Target,No,0,None,ADHD
210,Non-Target,No,0,None,ADHD
211,Non-Target,Yes,685,Commission,ADHD
212,Non-Target,No,0,None,ADHD
213,Non-Target,No,0,None,ADHD
214,Non-Target,Yes,911,Commission,ADHD
215,Non-Target,No,0,None,ADHD
216,Target,Yes,762,None,ADHD
217,Target,Yes,675,None,ADHD
218,Target,Yes,810,None,ADHD
219,Non-Target,No,0,None,ADHD
220,Non-Target,No,0,None,ADHD
221,Target,Yes,732,None,ADHD
222,Non-Target,No,0,None,ADHD
223,Target,Yes,589,None,ADHD
224,Non-Target,No,0,None,ADHD
225,Non-Target,Yes,640,Commission,ADHD
226,Non-Target,No,0,None,ADHD
227,Non-Target,No,0,None,ADHD
228,Target,Yes,586,None,ADHD
229,Target,Yes,953,None,ADHD
230,Target,Yes,892,None,ADHD
231,Non-Target,No,0,None,ADHD
232,Target,Yes,794,None,ADHD
233,Non-Target,No,0,None,ADHD
234,Non-Target,No,0,None,ADHD
235,Non-Target,No,0,None,ADHD
236,Non-Target,No,0,None,ADHD
237,Target,No,0,Omission,ADHD
238,Non-Target,No,0,None,ADHD
239,Non-Target,No,0,None,ADHD
240,Target,Yes,662,None,ADHD
241,Target,No,0,Omission,ADHD
242,Target,Yes,637,None,ADHD
243,Non-Target,No,0,None,ADHD
244,Target,Yes,729,None,ADHD
245,Target,Yes,799,None,ADHD
246,Target,Yes,545,None,ADHD
247,Non-Target,No,0,None,ADHD
248,Non-Target,No,0,None,ADHD
249,Target,Yes,987,None,ADHD
250,Non-Target,No,0,None,ADHD
251,Non-Target,No,0,None,ADHD
252,Non-Target,No,0,None,ADHD
253,Non-Target,No,0,None,ADHD
254,Non-Target,No,0,None,ADHD
255,Non-Target,Yes,849,Commission,ADHD
256,Non-Target,No,0,None,ADHD
257,Target,Yes,849,None,ADHD
258,Non-Target,No,0,None,ADHD
259,Non-Target,Yes,687,Commission,ADHD
260,Non-Target,No,0,None,ADHD
261,Non-Target,No,0,None,ADHD
262,Non-Target,No,0,None,ADHD
263,Non-Target,Yes,684,Commission,ADHD
264,Target,No,0,Omission,ADHD
265,Non-Target,Yes,803,Commission,ADHD
266,Target,Yes,765,None,ADHD
267,Target,Yes,656,None,ADHD
268,Non-Target,No,0,None,ADHD
269,Non-Target,No,0,None,ADHD
270,Target,Yes,718,None,ADHD
271,Target,Yes,808,None,ADHD
272,Non-Target,No,0,None,ADHD
273,Non-Target,No,0,None,ADHD
274,Non-Target,No,0,None,ADHD
275,Non-Target,No,0,None,ADHD
276,Target,Yes,564,None,ADHD
277,Non-Target,Yes,883,Commission,ADHD
278,Target,Yes,1040,None,ADHD
279,Non-Target,No,0,None,ADHD
280,Non-Target,Yes,1031,Commission,ADHD
281,Target,No,0,Omission,ADHD
282,Non-Target,No,0,None,ADHD
283,Non-Target,No,0,None,ADHD
284,Non-Target,Yes,871,Commission,ADHD
285,Non-Target,Yes,910,Commission,ADHD
286,Non-Target,No,0,None,ADHD
287,Non-Target,No,0,None,ADHD
288,Target,Yes,880,None,ADHD
289,Target,Yes,740,None,ADHD
290,Non-Target,Yes,609,Commission,ADHD
291,Non-Target,No,0,None,ADHD
292,Non-Target,No,0,None,ADHD
293,Non-Target,No,0,None,ADHD
294,Non-Target,No,0,None,ADHD
295,Non-Target,No,0,None,ADHD
296,Non-Target,No,0,None,ADHD
297,Non-Target,No,0,None,ADHD
298,Target,No,0,Omission,ADHD
299,Non-Target,No,0,None,ADHD
300,Non-Target,No,0,None,ADHD
301,Non-Target,No,0,None,ADHD
302,Non-Target,No,0,None,ADHD
303,Target,Yes,793,None,ADHD
304,Non-Target,No,0,None,ADHD
305,Non-Target,No,0,None,ADHD
306,Non-Target,No,0,None,ADHD
307,Non-Target,No,0,None,ADHD
308,Non-Target,No,0,None,ADHD
309,Non-Target,Yes,718,Commission,ADHD
310,Non-Target,Yes,1021,Commission,ADHD
311,Non-Target,No,0,None,ADHD
312,Non-Target,No,0,None,ADHD
313,Non-Target,Yes,694,Commission,ADHD
314,Non-Target,No,0,None,ADHD
315,Non-Target,No,0,None,ADHD
316,Target,Yes,609,None,ADHD
317,Non-Target,Yes,715,Commission,ADHD
318,Target,Yes,985,None,ADHD
319,Non-Target,No,0,None,ADHD
320,Non-Target,No,0,None,ADHD
321,Non-Target,No,0,None,ADHD
322,Non-Target,No,0,None,ADHD
323,Target,Yes,809,None,ADHD
324,Non-Target,No,0,None,ADHD
325,Non-Target,Yes,917,Commission,ADHD
326,Non-Target,No,0,None,ADHD
327,Non-Target,No,0,None,ADHD
328,Non-Target,No,0,None,ADHD
329,Non-Target,No,0,None,ADHD
330,Non-Target,No,0,None,ADHD
331,Target,Yes,750,None,ADHD
332,Non-Target,No,0,None,ADHD
333,Non-Target,No,0,None,ADHD
334,Target,Yes,677,None,ADHD
335,Non-Target,No,0,None,ADHD
336,Non-Target,Yes,834,Commission,ADHD
337,Target,Yes,695,None,ADHD
338,Non-Target,No,0,None,ADHD
339,Non-Target,Yes,819,Commission,ADHD
340,Target,Yes,724,None,ADHD
341,Non-Target,No,0,None,ADHD
342,Non-Target,No,0,None,ADHD
343,Target,Yes,816,None,ADHD
344,Non-Target,Yes,595,Commission,ADHD
345,Non-Target,No,0,None,ADHD
346,Non-Target,No,0,None,ADHD
347,Target,Yes,767,None,ADHD
348,Target,Yes,1097,None,ADHD
349,Non-Target,Yes,567,Commission,ADHD
350,Non-Target,No,0,None,ADHD
351,Non-Target,No,0,None,ADHD
352,Non-Target,No,0,None,ADHD
353,Non-Target,Yes,594,Commission,ADHD
354,Non-Target,No,0,None,ADHD
355,Non-Target,No,0,None,ADHD
356,Non-Target,No,0,None,ADHD
357,Non-Target,No,0,None,ADHD
358,Non-Target,Yes,715,Commission,ADHD
359,Target,Yes,877,None,ADHD
360,Non-Target,No,0,None,ADHD
361,Non-Target,No,0,None,ADHD
362,Non-Target,Yes,841,Commission,ADHD
363,Non-Target,No,0,None,ADHD
364,Non-Target,No,0,None,ADHD
365,Target,No,0,Omission,ADHD
366,Non-Target,No,0,None,ADHD
367,Non-Target,No,0,None,ADHD
368,Non-Target,No,0,None,ADHD
369,Target,Yes,811,None,ADHD
370,Non-Target,Yes,857,Commission,ADHD
371,Non-Target,Yes,826,Commission,ADHD
372,Target,Yes,851,None,ADHD
373,Non-Target,Yes,593,Commission,ADHD
374,Non-Target,Yes,565,Commission,ADHD
375,Non-Target,Yes,710,Commission,ADHD
376,Non-Target,No,0,None,ADHD
377,Target,Yes,620,None,ADHD
378,Non-Target,No,0,None,ADHD
379,Target,Yes,533,None,ADHD
380,Non-Target,Yes,682,Commission,ADHD
381,Target,Yes,762,None,ADHD
382,Non-Target,No,0,None,ADHD
383,Non-Target,No,0,None,ADHD
384,Non-Target,Yes,777,Commission,ADHD
385,Non-Target,No,0,None,ADHD
386,Non-Target,No,0,None,ADHD
387,Non-Target,No,0,None,ADHD
388,Non-Target,No,0,None,ADHD
389,Non-Target,No,0,None,ADHD
390,Target,Yes,780,None,ADHD
391,Non-Target,No,0,None,ADHD
392,Non-Target,No,0,None,ADHD
393,Non-Target,Yes,759,Commission,ADHD
394,Non-Target,No,0,None,ADHD
395,Non-Target,No,0,None,ADHD
396,Non-Target,No,0,None,ADHD
397,Non-Target,No,0,None,ADHD
398,Target,Yes,570,None,ADHD
399,Target,No,0,Omission,ADHD
400,Non-Target,No,0,None,ADHD
401,Non-Target,No,0,None,ADHD
402,Non-Target,No,0,None,ADHD
403,Target,Yes,657,None,ADHD
404,Non-Target,No,0,None,ADHD
405,Non-Target,No,0,None,ADHD
406,Non-Target,No,0,None,ADHD
407,Target,Yes,447,None,ADHD
408,Non-Target,No,0,None,ADHD
409,Target,Yes,596,None,ADHD
410,Non-Target,No,0,None,ADHD
411,Target,No,0,Omission,ADHD
412,Non-Target,No,0,None,ADHD
413,Non-Target,No,0,None,ADHD
414,Target,Yes,837,None,ADHD
415,Non-Target,No,0,None,ADHD
416,Non-Target,No,0,None,ADHD
417,Non-Target,Yes,909,Commission,ADHD
418,Non-Target,No,0,None,ADHD
419,Non-Target,Yes,675,Commission,ADHD
420,Non-Target,Yes,705,Commission,ADHD
421,Non-Target,No,0,None,ADHD
422,Target,No,0,Omission,ADHD
423,Non-Target,No,0,None,ADHD
424,Non-Target,No,0,None,ADHD
425,Non-Target,No,0,None,ADHD
426,Target,Yes,763,None,ADHD
427,Non-Target,No,0,None,ADHD
428,Non-Target,No,0,None,ADHD
429,Non-Target,No,0,None,ADHD
430,Non-Target,No,0,None,ADHD
431,Non-Target,No,0,None,ADHD
432,Non-Target,No,0,None,ADHD
433,Non-Target,No,0,None,ADHD
434,Target,Yes,828,None,ADHD
435,Non-Target,No,0,None,ADHD
436,Non-Target,No,0,None,ADHD
437,Non-Target,No,0,None,ADHD
438,Non-Target,No,0,None,ADHD
439,Non-Target,Yes,713,Commission,ADHD
440,Non-Target,No,0,None,ADHD
441,Target,Yes,830,None,ADHD
442,Non-Target,No,0,None,ADHD
443,Non-Target,No,0,None,ADHD
444,Non-Target,No,0,None,ADHD
445,Target,Yes,1052,None,ADHD
446,Non-Target,No,0,None,ADHD
447,Non-Target,No,0,None,ADHD
448,Non-Target,No,0,None,ADHD
449,Target,No,0,Omission,ADHD
450,Non-Target,No,0,None,ADHD
451,Non-Target,No,0,None,ADHD
452,Target,Yes,625,None,ADHD
453,Target,Yes,614,None,ADHD
454,Non-Target,No,0,None,ADHD
455,Non-Target,No,0,None,ADHD
456,Target,Yes,709,None,ADHD
457,Target,Yes,831,None,ADHD
458,Non-Target,No,0,None,ADHD
459,Non-Target,No,0,None,ADHD
460,Non-Target,Yes,791,Commission,ADHD
461,Target,No,0,Omission,ADHD
462,Non-Target,No,0,None,ADHD
463,Target,Yes,1045,None,ADHD
464,Non-Target,No,0,None,ADHD
465,Non-Target,No,0,None,ADHD
466,Target,Yes,753,None,ADHD
467,Non-Target,No,0,None,ADHD
468,Target,Yes,712,None,ADHD
469,Target,No,0,Omission,ADHD
470,Target,Yes,675,None,ADHD
471,Non-Target,Yes,967,Commission,ADHD
472,Target,Yes,544,None,ADHD
473,Non-Target,No,0,None,ADHD
474,Non-Target,No,0,None,ADHD
475,Non-Target,No,0,None,ADHD
476,Non-Target,No,0,None,ADHD
477,Target,No,0,Omission,ADHD
478,Non-Target,No,0,None,ADHD
479,Target,Yes,620,None,ADHD
480,Non-Target,No,0,None,ADHD
481,Non-Target,Yes,644,Commission,ADHD
482,Non-Target,No,0,None,ADHD
483,Non-Target,No,0,None,ADHD
484,Non-Target,No,0,None,ADHD
485,Non-Target,No,0,None,ADHD
486,Target,Yes,628,None,ADHD
487,Non-Target,No,0,None,ADHD
488,Non-Target,No,0,None,ADHD
489,Non-Target,No,0,None,ADHD
490,Non-Target,No,0,None,ADHD
491,Non-Target,No,0,None,ADHD
492,Target,Yes,857,None,ADHD
493,Non-Target,No,0,None,ADHD
494,Non-Target,No,0,None,ADHD
495,Non-Target,No,0,None,ADHD
496,Non-Target,Yes,773,Commission,ADHD
497,Non-Target,No,0,None,ADHD
498,Non-Target,No,0,None,ADHD
499,Non-Target,No,0,None,ADHD
500,Non-Target,No,0,None,ADHD
501,Non-Target,No,0,None,ADHD
502,Non-Target,No,0,None,ADHD
503,Non-Target,No,0,None,ADHD
504,Non-Target,No,0,None,ADHD
505,Target,Yes,936,None,ADHD
506,Non-Target,No,0,None,ADHD
507,Target,Yes,788,None,ADHD
508,Target,Yes,626,None,ADHD
509,Non-Target,No,0,None,ADHD
510,Target,Yes,710,None,ADHD
511,Non-Target,Yes,759,Commission,ADHD
512,Non-Target,No,0,None,ADHD
513,Target,Yes,714,None,ADHD
514,Target,Yes,799,None,ADHD
515,Target,Yes,1039,None,ADHD
516,Non-Target,Yes,930,Commission,ADHD
517,Target,Yes,937,None,ADHD
518,Non-Target,No,0,None,ADHD
519,Target,No,0,Omission,ADHD
520,Non-Target,No,0,None,ADHD
521,Non-Target,Yes,609,Commission,ADHD
522,Non-Target,No,0,None,ADHD
523,Non-Target,No,0,None,ADHD
524,Target,Yes,686,None,ADHD
525,Target,Yes,652,None,ADHD
526,Non-Target,No,0,None,ADHD
527,Non-Target,No,0,None,ADHD
528,Non-Target,No,0,None,ADHD
529,Target,Yes,979,None,ADHD
530,Non-Target,No,0,None,ADHD
531,Non-Target,No,0,None,ADHD
532,Target,Yes,824,None,ADHD
533,Target,Yes,774,None,ADHD
534,Non-Target,No,0,None,ADHD
535,Target,No,0,Omission,ADHD
536,Non-Target,No,0,None,ADHD
537,Non-Target,No,0,None,ADHD
538,Non-Target,No,0,None,ADHD
539,Target,Yes,809,None,ADHD
540,Target,Yes,568,None,ADHD
541,Non-Target,Yes,641,Commission,ADHD
542,Non-Target,No,0,None,ADHD
543,Non-Target,Yes,633,Commission,ADHD
544,Non-Target,No,0,None,ADHD
545,Non-Target,No,0,None,ADHD
546,Target,Yes,767,None,ADHD
547,Non-Target,No,0,None,ADHD
548,Non-Target,No,0,None,ADHD
549,Non-Target,Yes,594,Commission,ADHD
550,Non-Target,Yes,915,Commission,ADHD
551,Non-Target,No,0,None,ADHD
552,Non-Target,No,0,None,ADHD
553,Target,Yes,773,None,ADHD
554,Non-Target,No,0,None,ADHD
555,Non-Target,No,0,None,ADHD
556,Non-Target,No,0,None,ADHD
557,Non-Target,No,0,None,ADHD
558,Non-Target,No,0,None,ADHD
559,Non-Target,Yes,762,Commission,ADHD
560,Non-Target,No,0,None,ADHD
561,Target,Yes,620,None,ADHD
562,Non-Target,No,0,None,ADHD
563,Target,Yes,615,None,ADHD
564,Non-Target,No,0,None,ADHD
565,Non-Target,No,0,None,ADHD
566,Target,Yes,579,None,ADHD
567,Target,No,0,Omission,ADHD
568,Target,Yes,994,None,ADHD
569,Non-Target,No,0,None,ADHD
570,Non-Target,Yes,676,Commission,ADHD
571,Non-Target,No,0,None,ADHD
572,Non-Target,Yes,754,Commission,ADHD
573,Non-Target,No,0,None,ADHD
574,Non-Target,No,0,None,ADHD
575,Target,Yes,799,None,ADHD
576,Target,Yes,897,None,ADHD
577,Target,Yes,856,None,ADHD
578,Non-Target,No,0,None,ADHD
579,Non-Target,No,0,None,ADHD
580,Non-Target,No,0,None,ADHD
581,Non-Target,No,0,None,ADHD
582,Non-Target,No,0,None,ADHD
583,Non-Target,No,0,None,ADHD
584,Non-Target,No,0,None,ADHD
585,Non-Target,No,0,None,ADHD
586,Non-Target,No,0,None,ADHD
587,Non-Target,No,0,None,ADHD
588,Target,Yes,753,None,ADHD
589,Non-Target,No,0,None,ADHD
590,Non-Target,No,0,None,ADHD
591,Non-Target,Yes,968,Commission,ADHD
592,Non-Target,No,0,None,ADHD
593,Non-Target,Yes,862,Commission,ADHD
594,Non-Target,No,0,None,ADHD
595,Non-Target,No,0,None,ADHD
596,Non-Target,No,0,None,ADHD
597,Non-Target,No,0,None,ADHD
598,Non-Target,No,0,None,ADHD
599,Non-Target,No,0,None,ADHD
600,Non-Target,No,0,None,ADHD
601,Target,Yes,426,None,ADHD
602,Non-Target,No,0,None,ADHD
603,Non-Target,No,0,None,ADHD
604,Non-Target,No,0,None,ADHD
605,Non-Target,No,0,None,ADHD
606,Non-Target,No,0,None,ADHD
607,Non-Target,No,0,None,ADHD
608,Non-Target,Yes,682,Commission,ADHD
609,Non-Target,No,0,None,ADHD
610,Target,Yes,694,None,ADHD
611,Non-Target,No,0,None,ADHD
612,Non-Target,No,0,None,ADHD
613,Target,Yes,860,None,ADHD
614,Non-Target,Yes,845,Commission,ADHD
615,Non-Target,No,0,None,ADHD
616,Non-Target,No,0,None,ADHD
617,Target,No,0,Omission,ADHD
618,Target,Yes,604,None,ADHD
619,Non-Target,No,0,None,ADHD
620,Target,Yes,940,None,ADHD
621,Non-Target,No,0,None,ADHD
622,Non-Target,No,0,None,ADHD
623,Non-Target,No,0,None,ADHD
624,Non-Target,No,0,None,ADHD
625,Non-Target,Yes,752,Commission,ADHD
626,Non-Target,No,0,None,ADHD
627,Non-Target,No,0,None,ADHD
628,Non-Target,No,0,None,ADHD
629,Non-Target,No,0,None,ADHD
630,Non-Target,No,0,None,ADHD
631,Target,Yes,597,None,ADHD
632,Target,Yes,777,None,ADHD
633,Non-Target,No,0,None,ADHD
634,Non-Target,No,0,None,ADHD
635,Target,Yes,849,None,ADHD
636,Non-Target,Yes,679,Commission,ADHD
637,Non-Target,No,0,None,ADHD
638,Non-Target,No,0,None,ADHD
639,Non-Target,No,0,None,ADHD
640,Target,Yes,615,None,ADHD
641,Non-Target,No,0,None,ADHD
642,Non-Target,No,0,None,ADHD
643,Non-Target,No,0,None,ADHD
644,Non-Target,Yes,706,Commission,ADHD
645,Non-Target,No,0,None,ADHD
646,Target,Yes,838,None,ADHD
647,Target,Yes,792,None,ADHD
648,Target,No,0,Omission,ADHD
649,Non-Target,No,0,None,ADHD
650,Non-Target,No,0,None,ADHD
651,Non-Target,No,0,None,ADHD
652,Non-Target,No,0,None,ADHD
653,Target,No,0,Omission,ADHD
654,Target,Yes,1124,None,ADHD
655,Target,Yes,249,None,ADHD
656,Non-Target,No,0,None,ADHD
657,Target,Yes,834,None,ADHD
658,Non-Target,No,0,None,ADHD
659,Target,Yes,790,None,ADHD
660,Target,Yes,866,None,ADHD
661,Non-Target,No,0,None,ADHD
662,Non-Target,Yes,802,Commission,ADHD
663,Non-Target,No,0,None,ADHD
664,Non-Target,Yes,922,Commission,ADHD
665,Non-Target,No,0,None,ADHD
666,Target,Yes,867,None,ADHD
667,Target,Yes,894,None,ADHD
668,Target,Yes,992,None,ADHD
669,Non-Target,No,0,None,ADHD
670,Target,Yes,913,None,ADHD
671,Target,Yes,565,None,ADHD
672,Target,Yes,857,None,ADHD
673,Non-Target,No,0,None,ADHD
674,Non-Target,No,0,None,ADHD
675,Target,Yes,908,None,ADHD
676,Target,Yes,495,None,ADHD
677,Non-Target,No,0,None,ADHD
678,Target,Yes,701,None,ADHD
679,Target,Yes,862,None,ADHD
680,Non-Target,No,0,None,ADHD
681,Non-Target,No,0,None,ADHD
682,Target,No,0,Omission,ADHD
683,Non-Target,No,0,None,ADHD
684,Target,Yes,494,None,ADHD
685,Target,No,0,Omission,ADHD
686,Non-Target,No,0,None,ADHD
687,Non-Target,No,0,None,ADHD
688,Non-Target,No,0,None,ADHD
689,Target,Yes,897,None,ADHD
690,Non-Target,No,0,None,ADHD
691,Non-Target,No,0,None,ADHD
692,Non-Target,No,0,None,ADHD
693,Non-Target,No,0,None,ADHD
694,Non-Target,Yes,744,Commission,ADHD
695,Target,Yes,657,None,ADHD
696,Non-Target,No,0,None,ADHD
697,Non-Target,Yes,935,Commission,ADHD
698,Non-Target,No,0,None,ADHD
699,Non-Target,No,0,None,ADHD
700,Target,Yes,807,None,ADHD
701,Target,Yes,739,None,ADHD
702,Target,Yes,869,None,ADHD
703,Non-Target,Yes,645,Commission,ADHD
704,Non-Target,Yes,673,Commission,ADHD
705,Non-Target,No,0,None,ADHD
706,Non-Target,No,0,None,ADHD
707,Non-Target,Yes,692,Commission,ADHD
708,Target,Yes,544,None,ADHD
709,Non-Target,No,0,None,ADHD
710,Non-Target,No,0,None,ADHD
711,Non-Target,No,0,None,ADHD
712,Non-Target,No,0,None,ADHD
713,Non-Target,Yes,752,Commission,ADHD
714,Non-Target,No,0,None,ADHD
715,Non-Target,No,0,None,ADHD
716,Non-Target,No,0,None,ADHD
717,Non-Target,Yes,556,Commission,ADHD
718,Non-Target,No,0,None,ADHD
719,Non-Target,No,0,None,ADHD
720,Non-Target,No,0,None,ADHD
721,Target,Yes,810,None,ADHD
722,Non-Target,Yes,783,Commission,ADHD
723,Non-Target,No,0,None,ADHD
724,Non-Target,No,0,None,ADHD
725,Non-Target,No,0,None,ADHD
726,Non-Target,No,0,None,ADHD
727,Non-Target,No,0,None,ADHD
728,Target,Yes,622,None,ADHD
729,Target,Yes,628,None,ADHD
730,Non-Target,Yes,660,Commission,ADHD
731,Non-Target,No,0,None,ADHD
732,Non-Target,No,0,None,ADHD
733,Target,Yes,1039,None,ADHD
734,Target,Yes,677,None,ADHD
735,Non-Target,No,0,None,ADHD
736,Non-Target,No,0,None,ADHD
737,Non-Target,No,0,None,ADHD
738,Non-Target,No,0,None,ADHD
739,Non-Target,Yes,621,Commission,ADHD
740,Non-Target,No,0,None,ADHD
741,Non-Target,No,0,None,ADHD
742,Target,Yes,755,None,ADHD
743,Non-Target,No,0,None,ADHD
744,Non-Target,No,0,None,ADHD
745,Non-Target,No,0,None,ADHD
746,Non-Target,No,0,None,ADHD
747,Non-Target,No,0,None,ADHD
748,Non-Target,No,0,None,ADHD
749,Non-Target,No,0,None,ADHD
750,Non-Target,No,0,None,ADHD
751,Non-Target,No,0,None,ADHD
752,Non-Target,Yes,451,Commission,ADHD
753,Target,Yes,603,None,ADHD
754,Target,Yes,999,None,ADHD
755,Non-Target,No,0,None,ADHD
756,Non-Target,No,0,None,ADHD
757,Non-Target,No,0,None,ADHD
758,Non-Target,No,0,None,ADHD
759,Non-Target,No,0,None,ADHD
760,Non-Target,Yes,594,Commission,ADHD
761,Non-Target,No,0,None,ADHD
762,Target,Yes,1043,None,ADHD
763,Target,No,0,Omission,ADHD
764,Non-Target,Yes,906,Commission,ADHD
765,Non-Target,Yes,809,Commission,ADHD
766,Non-Target,No,0,None,ADHD
767,Non-Target,No,0,None,ADHD
768,Target,Yes,739,None,ADHD
769,Non-Target,Yes,974,Commission,ADHD
770,Non-Target,No,0,None,ADHD
771,Non-Target,No,0,None,ADHD
772,Non-Target,No,0,None,ADHD
773,Non-Target,No,0,None,ADHD
774,Target,Yes,621,None,ADHD
775,Non-Target,No,0,None,ADHD
776,Non-Target,No,0,None,ADHD
777,Target,Yes,636,None,ADHD
778,Non-Target,No,0,None,ADHD
779,Target,Yes,571,None,ADHD
780,Non-Target,No,0,None,ADHD
781,Non-Target,No,0,None,ADHD
782,Non-Target,No,0,None,ADHD
783,Target,Yes,877,None,ADHD
784,Non-Target,No,0,None,ADHD
785,Non-Target,No,0,None,ADHD
786,Non-Target,Yes,531,Commission,ADHD
787,Non-Target,No,0,None,ADHD
788,Non-Target,No,0,None,ADHD
789,Non-Target,No,0,None,ADHD
790,Non-Target,No,0,None,ADHD
791,Target,Yes,608,None,ADHD
792,Non-Target,No,0,None,ADHD
793,Non-Target,No,0,None,ADHD
794,Non-Target,No,0,None,ADHD
795,Target,Yes,954,None,ADHD
796,Non-Target,No,0,None,ADHD
797,Non-Target,No,0,None,ADHD
798,Non-Target,No,0,None,ADHD
799,Target,No,0,Omission,ADHD
800,Target,Yes,788,None,ADHD
801,Target,Yes,751,None,ADHD
802,Non-Target,No,0,None,ADHD
803,Non-Target,No,0,None,ADHD
804,Non-Target,No,0,None,ADHD
805,Non-Target,No,0,None,ADHD
806,Target,No,0,Omission,ADHD
807,Non-Target,No,0,None,ADHD
808,Target,Yes,1225,None,ADHD
809,Non-Target,Yes,718,Commission,ADHD
810,Target,Yes,709,None,ADHD
811,Non-Target,No,0,None,ADHD
812,Non-Target,No,0,None,ADHD
813,Non-Target,Yes,744,Commission,ADHD
814,Target,Yes,876,None,ADHD
815,Target,Yes,807,None,ADHD
816,Non-Target,No,0,None,ADHD
817,Non-Target,Yes,468,Commission,ADHD
818,Non-Target,No,0,None,ADHD
819,Target,Yes,929,None,ADHD
820,Non-Target,Yes,715,Commission,ADHD
821,Non-Target,No,0,None,ADHD
822,Non-Target,Yes,706,Commission,ADHD
823,Target,Yes,445,None,ADHD
824,Non-Target,No,0,None,ADHD
825,Target,Yes,664,None,ADHD
826,Non-Target,No,0,None,ADHD
827,Non-Target,No,0,None,ADHD
828,Target,Yes,861,None,ADHD
829,Target,No,0,Omission,ADHD
830,Target,Yes,753,None,ADHD
831,Non-Target,No,0,None,ADHD
832,Target,Yes,970,None,ADHD
833,Target,Yes,610,None,ADHD
834,Non-Target,No,0,None,ADHD
835,Target,Yes,514,None,ADHD
836,Non-Target,No,0,None,ADHD
837,Non-Target,No,0,None,ADHD
838,Target,Yes,944,None,ADHD
839,Non-Target,No,0,None,ADHD
840,Non-Target,No,0,None,ADHD
841,Target,Yes,823,None,ADHD
842,Target,Yes,598,None,ADHD
843,Target,Yes,795,None,ADHD
844,Non-Target,No,0,None,ADHD
845,Non-Target,No,0,None,ADHD
846,Target,Yes,806,None,ADHD
847,Target,Yes,935,None,ADHD
848,Target,Yes,719,None,ADHD
849,Non-Target,No,0,None,ADHD
850,Non-Target,Yes,783,Commission,ADHD
851,Non-Target,Yes,989,Commission,ADHD
852,Non-Target,No,0,None,ADHD
853,Non-Target,Yes,1005,Commission,ADHD
854,Non-Target,No,0,None,ADHD
855,Non-Target,Yes,802,Commission,ADHD
856,Non-Target,No,0,None,ADHD
857,Non-Target,No,0,None,ADHD
858,Non-Target,No,0,None,ADHD
859,Target,Yes,709,None,ADHD
860,Non-Target,No,0,None,ADHD
861,Non-Target,No,0,None,ADHD
862,Target,Yes,642,None,ADHD
863,Non-Target,No,0,None,ADHD
864,Non-Target,No,0,None,ADHD
865,Non-Target,No,0,None,ADHD
866,Target,Yes,517,None,ADHD
867,Non-Target,Yes,936,Commission,ADHD
868,Non-Target,No,0,None,ADHD
869,Non-Target,Yes,535,Commission,ADHD
870,Non-Target,Yes,822,Commission,ADHD
871,Non-Target,No,0,None,ADHD
872,Non-Target,Yes,926,Commission,ADHD
873,Non-Target,No,0,None,ADHD
874,Non-Target,No,0,None,ADHD
875,Non-Target,No,0,None,ADHD
876,Target,Yes,740,None,ADHD
877,Target,Yes,629,None,ADHD
878,Non-Target,No,0,None,ADHD
879,Non-Target,No,0,None,ADHD
880,Target,Yes,599,None,ADHD
881,Non-Target,No,0,None,ADHD
882,Non-Target,No,0,None,ADHD
883,Non-Target,No,0,None,ADHD
884,Non-Target,No,0,None,ADHD
885,Non-Target,No,0,None,ADHD
886,Non-Target,No,0,None,ADHD
887,Non-Target,No,0,None,ADHD
888,Non-Target,No,0,None,ADHD
889,Non-Target,No,0,None,ADHD
890,Non-Target,No,0,None,ADHD
891,Non-Target,No,0,None,ADHD
892,Target,Yes,780,None,ADHD
893,Non-Target,No,0,None,ADHD
894,Non-Target,No,0,None,ADHD
895,Non-Target,Yes,629,Commission,ADHD
896,Non-Target,No,0,None,ADHD
897,Non-Target,No,0,None,ADHD
898,Non-Target,Yes,881,Commission,ADHD
899,Non-Target,No,0,None,ADHD
900,Target,Yes,953,None,ADHD
901,Non-Target,No,0,None,ADHD
902,Non-Target,No,0,None,ADHD
903,Non-Target,No,0,None,ADHD
904,Non-Target,No,0,None,ADHD
905,Target,Yes,638,None,ADHD
906,Non-Target,No,0,None,ADHD
907,Target,Yes,815,None,ADHD
908,Non-Target,No,0,None,ADHD
909,Target,Yes,904,None,ADHD
910,Target,Yes,709,None,ADHD
911,Non-Target,Yes,668,Commission,ADHD
912,Target,Yes,300,None,ADHD
913,Target,Yes,814,None,ADHD
914,Non-Target,Yes,568,Commission,ADHD
915,Non-Target,No,0,None,ADHD
916,Non-Target,No,0,None,ADHD
917,Target,Yes,928,None,ADHD
918,Target,Yes,669,None,ADHD
919,Non-Target,Yes,871,Commission,ADHD
920,Non-Target,Yes,897,Commission,ADHD
921,Non-Target,No,0,None,ADHD
922,Non-Target,No,0,None,ADHD
923,Non-Target,No,0,None,ADHD
924,Non-Target,No,0,None,ADHD
925,Non-Target,Yes,655,Commission,ADHD
926,Non-Target,No,0,None,ADHD
927,Non-Target,No,0,None,ADHD
928,Non-Target,Yes,853,Commission,ADHD
929,Non-Target,No,0,None,ADHD
930,Non-Target,No,0,None,ADHD
931,Non-Target,No,0,None,ADHD
932,Non-Target,No,0,None,ADHD
933,Non-Target,No,0,None,ADHD
934,Non-Target,No,0,None,ADHD
935,Target,No,0,Omission,ADHD
936,Non-Target,No,0,None,ADHD
937,Non-Target,No,0,None,ADHD
938,Non-Target,No,0,None,ADHD
939,Target,No,0,Omission,ADHD
940,Non-Target,No,0,None,ADHD
941,Non-Target,No,0,None,ADHD
942,Target,Yes,755,None,ADHD
943,Non-Target,No,0,None,ADHD
944,Non-Target,No,0,None,ADHD
945,Target,Yes,598,None,ADHD
946,Non-Target,No,0,None,ADHD
947,Non-Target,No,0,None,ADHD
948,Target,Yes,700,None,ADHD
949,Non-Target,Yes,827,Commission,ADHD
950,Non-Target,No,0,None,ADHD
951,Non-Target,No,0,None,ADHD
952,Non-Target,No,0,None,ADHD
953,Non-Target,No,0,None,ADHD
954,Target,Yes,713,None,ADHD
955,Non-Target,Yes,606,Commission,ADHD
956,Non-Target,Yes,793,Commission,ADHD
957,Target,Yes,804,None,ADHD
958,Non-Target,No,0,None,ADHD
959,Non-Target,No,0,None,ADHD
960,Non-Target,No,0,None,ADHD
961,Non-Target,No,0,None,ADHD
962,Non-Target,No,0,None,ADHD
963,Non-Target,Yes,911,Commission,ADHD
964,Non-Target,Yes,720,Commission,ADHD
965,Target,No,0,Omission,ADHD
966,Target,Yes,797,None,ADHD
967,Target,No,0,Omission,ADHD
968,Non-Target,No,0,None,ADHD
969,Non-Target,No,0,None,ADHD
970,Target,Yes,1012,None,ADHD
971,Target,Yes,931,None,ADHD
972,Non-Target,No,0,None,ADHD
973,Non-Target,Yes,904,Commission,ADHD
974,Non-Target,No,0,None,ADHD
975,Non-Target,No,0,None,ADHD
976,Target,Yes,845,None,ADHD
977,Non-Target,Yes,861,Commission,ADHD
978,Target,Yes,929,None,ADHD
979,Target,No,0,Omission,ADHD
980,Non-Target,No,0,None,ADHD
981,Target,Yes,824,None,ADHD
982,Non-Target,No,0,None,ADHD
983,Non-Target,No,0,None,ADHD
984,Target,Yes,883,None,ADHD
985,Target,Yes,863,None,ADHD
986,Target,Yes,720,None,ADHD
987,Target,Yes,965,None,ADHD
988,Non-Target,No,0,None,ADHD
989,Non-Target,No,0,None,ADHD
990,Non-Target,No,0,None,ADHD
991,Target,Yes,651,None,ADHD
992,Target,Yes,602,None,ADHD
993,Target,Yes,542,None,ADHD
994,Non-Target,Yes,892,Commission,ADHD
995,Target,Yes,820,None,ADHD
996,Non-Target,Yes,628,Commission,ADHD
997,Non-Target,No,0,None,ADHD
998,Target,No,0,Omission,ADHD
999,Target,Yes,977,None,ADHD
1000,Non-Target,No,0,None,ADHD
1001,Non-Target,Yes,664,Commission,ADHD
1002,Non-Target,Yes,612,Commission,ADHD
1003,Non-Target,No,0,None,ADHD
1004,Target,Yes,628,None,ADHD
1005,Non-Target,No,0,None,ADHD
1006,Target,Yes,818,None,ADHD
1007,Non-Target,No,0,None,ADHD
1008,Non-Target,Yes,711,Commission,ADHD
1009,Non-Target,No,0,None,ADHD
1010,Non-Target,No,0,None,ADHD
1011,Non-Target,No,0,None,ADHD
1012,Non-Target,Yes,936,Commission,ADHD
1013,Non-Target,No,0,None,ADHD
1014,Non-Target,No,0,None,ADHD
1015,Non-Target,No,0,None,ADHD
1016,Non-Target,No,0,None,ADHD
1017,Non-Target,No,0,None,ADHD
1018,Non-Target,No,0,None,ADHD
1019,Non-Target,Yes,570,Commission,ADHD
1020,Non-Target,No,0,None,ADHD
1021,Non-Target,No,0,None,ADHD
1022,Non-Target,Yes,859,Commission,ADHD
1023,Target,Yes,693,None,ADHD
1024,Non-Target,No,0,None,ADHD
1025,Target,No,0,Omission,ADHD
1026,Non-Target,No,0,None,ADHD
1027,Non-Target,No,0,None,ADHD
1028,Non-Target,No,0,None,ADHD
1029,Non-Target,No,0,None,ADHD
1030,Non-Target,No,0,None,ADHD
1031,Target,Yes,703,None,ADHD
1032,Non-Target,Yes,647,Commission,ADHD
1033,Target,Yes,726,None,ADHD
1034,Target,Yes,907,None,ADHD
1035,Non-Target,No,0,None,ADHD
1036,Non-Target,No,0,None,ADHD
1037,Non-Target,No,0,None,ADHD
1038,Target,Yes,734,None,ADHD
1039,Non-Target,No,0,None,ADHD
1040,Target,Yes,799,None,ADHD
1041,Non-Target,No,0,None,ADHD
1042,Target,Yes,650,None,ADHD
1043,Non-Target,No,0,None,ADHD
1044,Non-Target,No,0,None,ADHD
1045,Non-Target,No,0,None,ADHD
1046,Target,Yes,904,None,ADHD
1047,Non-Target,No,0,None,ADHD
1048,Non-Target,No,0,None,ADHD
1049,Non-Target,No,0,None,ADHD
1050,Non-Target,No,0,None,ADHD
1051,Non-Target,Yes,767,Commission,ADHD
1052,Non-Target,No,0,None,ADHD
1053,Non-Target,No,0,None,ADHD
1054,Non-Target,No,0,None,ADHD
1055,Target,Yes,794,None,ADHD
1056,Non-Target,No,0,None,ADHD
1057,Target,No,0,Omission,ADHD
1058,Non-Target,No,0,None,ADHD
1059,Non-Target,No,0,None,ADHD
1060,Target,Yes,792,None,ADHD
1061,Non-Target,No,0,None,ADHD
1062,Non-Target,Yes,594,Commission,ADHD
1063,Non-Target,No,0,None,ADHD
1064,Non-Target,No,0,None,ADHD
1065,Non-Target,No,0,None,ADHD
1066,Target,Yes,683,None,ADHD
1067,Non-Target,No,0,None,ADHD
1068,Non-Target,No,0,None,ADHD
1069,Non-Target,No,0,None,ADHD
1070,Non-Target,No,0,None,ADHD
1071,Non-Target,No,0,None,ADHD
1072,Target,Yes,874,None,ADHD
1073,Non-Target,Yes,877,Commission,ADHD
1074,Non-Target,No,0,None,ADHD
1075,Target,Yes,930,None,ADHD
1076,Target,No,0,Omission,ADHD
1077,Non-Target,No,0,None,ADHD
1078,Non-Target,No,0,None,ADHD
1079,Non-Target,No,0,None,ADHD
1080,Non-Target,No,0,None,ADHD
1081,Target,Yes,471,None,ADHD
1082,Non-Target,No,0,None,ADHD
1083,Non-Target,No,0,None,ADHD
1084,Target,Yes,804,None,ADHD
1085,Non-Target,No,0,None,ADHD
1086,Non-Target,No,0,None,ADHD
1087,Target,Yes,795,None,ADHD
1088,Target,No,0,Omission,ADHD
1089,Non-Target,No,0,None,ADHD
1090,Target,Yes,747,None,ADHD
1091,Non-Target,No,0,None,ADHD
1092,Non-Target,No,0,None,ADHD
1093,Non-Target,Yes,822,Commission,ADHD
1094,Non-Target,No,0,None,ADHD
1095,Target,Yes,813,None,ADHD
1096,Non-Target,No,0,None,ADHD
1097,Non-Target,No,0,None,ADHD
1098,Non-Target,Yes,837,Commission,ADHD
1099,Non-Target,No,0,None,ADHD
1100,Non-Target,Yes,719,Commission,ADHD
1101,Non-Target,No,0,None,ADHD
1102,Target,Yes,647,None,ADHD
1103,Non-Target,No,0,None,ADHD
1104,Non-Target,No,0,None,ADHD
1105,Non-Target,No,0,None,ADHD
1106,Non-Target,No,0,None,ADHD
1107,Non-Target,No,0,None,ADHD
1108,Target,Yes,625,None,ADHD
1109,Non-Target,Yes,509,Commission,ADHD
1110,Non-Target,No,0,None,ADHD
1111,Non-Target,No,0,None,ADHD
1112,Non-Target,No,0,None,ADHD
1113,Target,Yes,622,None,ADHD
1114,Target,No,0,Omission,ADHD
1115,Non-Target,No,0,None,ADHD
1116,Non-Target,No,0,None,ADHD
1117,Non-Target,Yes,961,Commission,ADHD
1118,Non-Target,No,0,None,ADHD
1119,Non-Target,No,0,None,ADHD
1120,Target,Yes,719,None,ADHD
1121,Target,Yes,724,None,ADHD
1122,Target,No,0,Omission,ADHD
1123,Target,Yes,485,None,ADHD
1124,Target,Yes,814,None,ADHD
1125,Target,Yes,760,None,ADHD
1126,Non-Target,No,0,None,ADHD
1127,Non-Target,No,0,None,ADHD
1128,Non-Target,Yes,797,Commission,ADHD
1129,Non-Target,No,0,None,ADHD
1130,Non-Target,No,0,None,ADHD
1131,Non-Target,Yes,1105,Commission,ADHD
1132,Target,Yes,755,None,ADHD
1133,Non-Target,No,0,None,ADHD
1134,Non-Target,Yes,689,Commission,ADHD
1135,Non-Target,No,0,None,ADHD
1136,Non-Target,No,0,None,ADHD
1137,Non-Target,No,0,None,ADHD
1138,Non-Target,No,0,None,ADHD
1139,Non-Target,No,0,None,ADHD
1140,Non-Target,No,0,None,ADHD
1141,Target,Yes,764,None,ADHD
1142,Non-Target,No,0,None,ADHD
1143,Non-Target,No,0,None,ADHD
1144,Non-Target,No,0,None,ADHD
1145,Non-Target,No,0,None,ADHD
1146,Target,No,0,Omission,ADHD
1147,Non-Target,No,0,None,ADHD
1148,Non-Target,No,0,None,ADHD
1149,Non-Target,No,0,None,ADHD
1150,Non-Target,No,0,None,ADHD
1151,Non-Target,No,0,None,ADHD
1152,Non-Target,No,0,None,ADHD
1153,Non-Target,No,0,None,ADHD
1154,Non-Target,No,0,None,ADHD
1155,Non-Target,No,0,None,ADHD
1156,Target,Yes,863,None,ADHD
1157,Non-Target,No,0,None,ADHD
1158,Target,Yes,727,None,ADHD
1159,Target,Yes,977,None,ADHD
1160,Non-Target,No,0,None,ADHD
1161,Non-Target,No,0,None,ADHD
1162,Non-Target,No,0,None,ADHD
1163,Non-Target,Yes,736,Commission,ADHD
1164,Target,Yes,911,None,ADHD
1165,Non-Target,No,0,None,ADHD
1166,Non-Target,No,0,None,ADHD
1167,Non-Target,No,0,None,ADHD
1168,Non-Target,No,0,None,ADHD
1169,Non-Target,No,0,None,ADHD
1170,Non-Target,Yes,792,Commission,ADHD
1171,Non-Target,No,0,None,ADHD
1172,Non-Target,No,0,None,ADHD
1173,Non-Target,Yes,806,Commission,ADHD
1174,Target,Yes,793,None,ADHD
1175,Non-Target,No,0,None,ADHD
1176,Target,Yes,660,None,ADHD
1177,Target,No,0,Omission,ADHD
1178,Target,Yes,509,None,ADHD
1179,Non-Target,No,0,None,ADHD
1180,Non-Target,No,0,None,ADHD
1181,Target,No,0,Omission,ADHD
1182,Target,No,0,Omission,ADHD
1183,Non-Target,No,0,None,ADHD
1184,Target,Yes,882,None,ADHD
1185,Non-Target,No,0,None,ADHD
1186,Non-Target,Yes,981,Commission,ADHD
1187,Non-Target,No,0,None,ADHD
1188,Non-Target,No,0,None,ADHD
1189,Non-Target,No,0,None,ADHD
1190,Non-Target,No,0,None,ADHD
1191,Non-Target,Yes,899,Commission,ADHD
1192,Non-Target,No,0,None,ADHD
1193,Non-Target,No,0,None,ADHD
1194,Target,Yes,791,None,ADHD
1195,Non-Target,No,0,None,ADHD
1196,Non-Target,No,0,None,ADHD
1197,Target,No,0,Omission,ADHD
1198,Non-Target,No,0,None,ADHD
1199,Non-Target,Yes,883,Commission,ADHD
1200,Target,Yes,958,None,ADHD
