Trial,StimulusType,Reaction,ReactionTime(ms),ErrorType,Label
1,Non-Target,No,0,None,ADHD
2,Target,No,0,Omission,ADHD
3,Non-Target,Yes,472,Commission,ADHD
4,Non-Target,No,0,None,ADHD
5,Non-Target,No,0,None,ADHD
6,Target,Yes,836,None,ADHD
7,Non-Target,No,0,None,ADHD
8,Target,Yes,739,None,ADHD
9,Non-Target,No,0,None,ADHD
10,Non-Target,Yes,697,Commission,ADHD
11,Non-Target,No,0,None,ADHD
12,Non-Target,No,0,None,ADHD
13,Non-Target,No,0,None,ADHD
14,Non-Target,No,0,None,ADHD
15,Non-Target,No,0,None,ADHD
16,Non-Target,No,0,None,ADHD
17,Target,Yes,892,None,ADHD
18,Non-Target,No,0,None,ADHD
19,Non-Target,Yes,805,Commission,ADHD
20,Non-Target,Yes,796,Commission,ADHD
21,Target,Yes,688,None,ADHD
22,Target,Yes,716,None,ADHD
23,Non-Target,No,0,None,ADHD
24,Non-Target,No,0,None,ADHD
25,Non-Target,No,0,None,ADHD
26,Non-Target,No,0,None,ADHD
27,Non-Target,No,0,None,ADHD
28,Non-Target,No,0,None,ADHD
29,Non-Target,No,0,None,ADHD
30,Target,Yes,851,None,ADHD
31,Non-Target,Yes,667,Commission,ADHD
32,Non-Target,No,0,None,ADHD
33,Target,Yes,728,None,ADHD
34,Non-Target,No,0,None,ADHD
35,Non-Target,No,0,None,ADHD
36,Non-Target,Yes,657,Commission,ADHD
37,Non-Target,No,0,None,ADHD
38,Non-Target,No,0,None,ADHD
39,Target,Yes,783,None,ADHD
40,Target,Yes,834,None,ADHD
41,Non-Target,No,0,None,ADHD
42,Non-Target,No,0,None,ADHD
43,Target,Yes,722,None,ADHD
44,Non-Target,Yes,638,Commission,ADHD
45,Non-Target,Yes,586,Commission,ADHD
46,Non-Target,No,0,None,ADHD
47,Non-Target,No,0,None,ADHD
48,Non-Target,No,0,None,ADHD
49,Non-Target,No,0,None,ADHD
50,Non-Target,No,0,None,ADHD
51,Non-Target,No,0,None,ADHD
52,Non-Target,No,0,None,ADHD
53,Non-Target,No,0,None,ADHD
54,Non-Target,No,0,None,ADHD
55,Non-Target,No,0,None,ADHD
56,Non-Target,No,0,None,ADHD
57,Non-Target,No,0,None,ADHD
58,Non-Target,No,0,None,ADHD
59,Target,No,0,Omission,ADHD
60,Target,No,0,Omission,ADHD
61,Target,Yes,938,None,ADHD
62,Non-Target,No,0,None,ADHD
63,Non-Target,No,0,None,ADHD
64,Target,Yes,766,None,ADHD
65,Non-Target,No,0,None,ADHD
66,Non-Target,No,0,None,ADHD
67,Non-Target,No,0,None,ADHD
68,Non-Target,No,0,None,ADHD
69,Target,Yes,686,None,ADHD
70,Non-Target,No,0,None,ADHD
71,Target,Yes,694,None,ADHD
72,Target,Yes,559,None,ADHD
73,Non-Target,No,0,None,ADHD
74,Target,No,0,Omission,ADHD
75,Non-Target,No,0,None,ADHD
76,Non-Target,Yes,897,Commission,ADHD
77,Target,No,0,Omission,ADHD
78,Non-Target,No,0,None,ADHD
79,Non-Target,No,0,None,ADHD
80,Target,Yes,805,None,ADHD
81,Non-Target,No,0,None,ADHD
82,Non-Target,No,0,None,ADHD
83,Non-Target,No,0,None,ADHD
84,Non-Target,Yes,705,Commission,ADHD
85,Non-Target,No,0,None,ADHD
86,Target,Yes,771,None,ADHD
87,Non-Target,No,0,None,ADHD
88,Target,Yes,837,None,ADHD
89,Non-Target,No,0,None,ADHD
90,Non-Target,No,0,None,ADHD
91,Non-Target,No,0,None,ADHD
92,Non-Target,No,0,None,ADHD
93,Non-Target,No,0,None,ADHD
94,Target,No,0,Omission,ADHD
95,Non-Target,No,0,None,ADHD
96,Non-Target,No,0,None,ADHD
97,Non-Target,No,0,None,ADHD
98,Non-Target,No,0,None,ADHD
99,Non-Target,No,0,None,ADHD
100,Non-Target,Yes,808,Commission,ADHD
101,Target,Yes,428,None,ADHD
102,Non-Target,No,0,None,ADHD
103,Non-Target,No,0,None,ADHD
104,Non-Target,No,0,None,ADHD
105,Non-Target,No,0,None,ADHD
106,Target,No,0,Omission,ADHD
107,Non-Target,No,0,None,ADHD
108,Target,Yes,759,None,ADHD
109,Target,Yes,699,None,ADHD
110,Non-Target,No,0,None,ADHD
111,Non-Target,No,0,None,ADHD
112,Target,Yes,690,None,ADHD
113,Non-Target,No,0,None,ADHD
114,Target,Yes,883,None,ADHD
115,Non-Target,No,0,None,ADHD
116,Non-Target,Yes,723,Commission,ADHD
117,Target,Yes,782,None,ADHD
118,Target,Yes,652,None,ADHD
119,Target,Yes,735,None,ADHD
120,Target,No,0,Omission,ADHD
121,Non-Target,No,0,None,ADHD
122,Non-Target,No,0,None,ADHD
123,Non-Target,No,0,None,ADHD
124,Non-Target,No,0,None,ADHD
125,Non-Target,No,0,None,ADHD
126,Target,Yes,641,None,ADHD
127,Target,Yes,992,None,ADHD
128,Target,Yes,574,None,ADHD
129,Non-Target,No,0,None,ADHD
130,Non-Target,No,0,None,ADHD
131,Target,Yes,730,None,ADHD
132,Non-Target,No,0,None,ADHD
133,Non-Target,No,0,None,ADHD
134,Non-Target,No,0,None,ADHD
135,Non-Target,No,0,None,ADHD
136,Non-Target,No,0,None,ADHD
137,Target,Yes,990,None,ADHD
138,Target,Yes,699,None,ADHD
139,Non-Target,No,0,None,ADHD
140,Target,Yes,900,None,ADHD
141,Non-Target,Yes,763,Commission,ADHD
142,Non-Target,No,0,None,ADHD
143,Non-Target,No,0,None,ADHD
144,Non-Target,No,0,None,ADHD
145,Target,Yes,956,None,ADHD
146,Non-Target,No,0,None,ADHD
147,Non-Target,No,0,None,ADHD
148,Non-Target,No,0,None,ADHD
149,Non-Target,No,0,None,ADHD
150,Non-Target,Yes,670,Commission,ADHD
151,Non-Target,No,0,None,ADHD
152,Target,Yes,850,None,ADHD
153,Target,Yes,761,None,ADHD
154,Non-Target,Yes,627,Commission,ADHD
155,Non-Target,No,0,None,ADHD
156,Non-Target,No,0,None,ADHD
157,Target,Yes,770,None,ADHD
158,Non-Target,No,0,None,ADHD
159,Non-Target,No,0,None,ADHD
160,Non-Target,No,0,None,ADHD
161,Target,No,0,Omission,ADHD
162,Non-Target,No,0,None,ADHD
163,Target,Yes,913,None,ADHD
164,Target,Yes,872,None,ADHD
165,Target,Yes,792,None,ADHD
166,Non-Target,No,0,None,ADHD
167,Target,Yes,765,None,ADHD
168,Non-Target,No,0,None,ADHD
169,Non-Target,No,0,None,ADHD
170,Non-Target,No,0,None,ADHD
171,Non-Target,No,0,None,ADHD
172,Non-Target,No,0,None,ADHD
173,Non-Target,No,0,None,ADHD
174,Non-Target,Yes,766,Commission,ADHD
175,Target,Yes,676,None,ADHD
176,Target,Yes,904,None,ADHD
177,Non-Target,No,0,None,ADHD
178,Non-Target,No,0,None,ADHD
179,Non-Target,Yes,759,Commission,ADHD
180,Non-Target,No,0,None,ADHD
181,Non-Target,Yes,669,Commission,ADHD
182,Non-Target,No,0,None,ADHD
183,Non-Target,No,0,None,ADHD
184,Target,No,0,Omission,ADHD
185,Non-Target,No,0,None,ADHD
186,Non-Target,No,0,None,ADHD
187,Target,Yes,766,None,ADHD
188,Non-Target,No,0,None,ADHD
189,Non-Target,No,0,None,ADHD
190,Non-Target,No,0,None,ADHD
191,Non-Target,No,0,None,ADHD
192,Non-Target,No,0,None,ADHD
193,Non-Target,No,0,None,ADHD
194,Non-Target,No,0,None,ADHD
195,Non-Target,No,0,None,ADHD
196,Non-Target,No,0,None,ADHD
197,Target,No,0,Omission,ADHD
198,Target,Yes,647,None,ADHD
199,Non-Target,Yes,755,Commission,ADHD
200,Non-Target,No,0,None,ADHD
201,Non-Target,No,0,None,ADHD
202,Non-Target,No,0,None,ADHD
203,Target,Yes,829,None,ADHD
204,Non-Target,No,0,None,ADHD
205,Target,No,0,Omission,ADHD
206,Target,Yes,766,None,ADHD
207,Target,Yes,728,None,ADHD
208,Non-Target,No,0,None,ADHD
209,Non-Target,No,0,None,ADHD
210,Non-Target,No,0,None,ADHD
211,Non-Target,No,0,None,ADHD
212,Target,Yes,798,None,ADHD
213,Target,Yes,534,None,ADHD
214,Non-Target,No,0,None,ADHD
215,Target,No,0,Omission,ADHD
216,Non-Target,No,0,None,ADHD
217,Non-Target,No,0,None,ADHD
218,Non-Target,No,0,None,ADHD
219,Non-Target,No,0,None,ADHD
220,Target,Yes,934,None,ADHD
221,Non-Target,No,0,None,ADHD
222,Non-Target,No,0,None,ADHD
223,Non-Target,No,0,None,ADHD
224,Non-Target,No,0,None,ADHD
225,Target,No,0,Omission,ADHD
226,Non-Target,No,0,None,ADHD
227,Non-Target,No,0,None,ADHD
228,Non-Target,No,0,None,ADHD
229,Non-Target,No,0,None,ADHD
230,Non-Target,No,0,None,ADHD
231,Target,No,0,Omission,ADHD
232,Target,No,0,Omission,ADHD
233,Target,No,0,Omission,ADHD
234,Target,Yes,635,None,ADHD
235,Target,Yes,879,None,ADHD
236,Non-Target,No,0,None,ADHD
237,Target,Yes,657,None,ADHD
238,Target,No,0,Omission,ADHD
239,Target,No,0,Omission,ADHD
240,Target,Yes,722,None,ADHD
241,Non-Target,Yes,717,Commission,ADHD
242,Non-Target,No,0,None,ADHD
243,Target,Yes,646,None,ADHD
244,Non-Target,Yes,722,Commission,ADHD
245,Non-Target,No,0,None,ADHD
246,Target,Yes,870,None,ADHD
247,Non-Target,No,0,None,ADHD
248,Target,Yes,1022,None,ADHD
249,Target,Yes,916,None,ADHD
250,Target,Yes,749,None,ADHD
251,Non-Target,No,0,None,ADHD
252,Non-Target,No,0,None,ADHD
253,Target,Yes,868,None,ADHD
254,Non-Target,No,0,None,ADHD
255,Non-Target,No,0,None,ADHD
256,Target,Yes,796,None,ADHD
257,Target,Yes,728,None,ADHD
258,Non-Target,No,0,None,ADHD
259,Non-Target,No,0,None,ADHD
260,Non-Target,No,0,None,ADHD
261,Target,No,0,Omission,ADHD
262,Non-Target,No,0,None,ADHD
263,Target,Yes,504,None,ADHD
264,Target,Yes,761,None,ADHD
265,Non-Target,No,0,None,ADHD
266,Non-Target,No,0,None,ADHD
267,Target,No,0,Omission,ADHD
268,Non-Target,No,0,None,ADHD
269,Target,Yes,846,None,ADHD
270,Target,Yes,757,None,ADHD
271,Non-Target,No,0,None,ADHD
272,Non-Target,No,0,None,ADHD
273,Target,No,0,Omission,ADHD
274,Non-Target,No,0,None,ADHD
275,Non-Target,No,0,None,ADHD
276,Non-Target,No,0,None,ADHD
277,Target,Yes,665,None,ADHD
278,Non-Target,No,0,None,ADHD
279,Non-Target,No,0,None,ADHD
280,Target,Yes,682,None,ADHD
281,Non-Target,No,0,None,ADHD
282,Target,Yes,703,None,ADHD
283,Non-Target,No,0,None,ADHD
284,Non-Target,No,0,None,ADHD
285,Non-Target,No,0,None,ADHD
286,Non-Target,No,0,None,ADHD
287,Non-Target,No,0,None,ADHD
288,Target,No,0,Omission,ADHD
289,Non-Target,No,0,None,ADHD
290,Target,No,0,Omission,ADHD
291,Target,Yes,749,None,ADHD
292,Non-Target,No,0,None,ADHD
293,Non-Target,Yes,644,Commission,ADHD
294,Target,No,0,Omission,ADHD
295,Target,Yes,626,None,ADHD
296,Non-Target,No,0,None,ADHD
297,Non-Target,Yes,790,Commission,ADHD
298,Non-Target,No,0,None,ADHD
299,Target,Yes,736,None,ADHD
300,Non-Target,No,0,None,ADHD
301,Target,Yes,602,None,ADHD
302,Non-Target,No,0,None,ADHD
303,Non-Target,No,0,None,ADHD
304,Target,Yes,811,None,ADHD
305,Non-Target,No,0,None,ADHD
306,Non-Target,No,0,None,ADHD
307,Non-Target,No,0,None,ADHD
308,Target,No,0,Omission,ADHD
309,Non-Target,No,0,None,ADHD
310,Non-Target,No,0,None,ADHD
311,Non-Target,No,0,None,ADHD
312,Non-Target,No,0,None,ADHD
313,Non-Target,No,0,None,ADHD
314,Non-Target,No,0,None,ADHD
315,Non-Target,No,0,None,ADHD
316,Non-Target,No,0,None,ADHD
317,Non-Target,No,0,None,ADHD
318,Non-Target,Yes,511,Commission,ADHD
319,Non-Target,Yes,721,Commission,ADHD
320,Non-Target,No,0,None,ADHD
321,Target,No,0,Omission,ADHD
322,Target,No,0,Omission,ADHD
323,Non-Target,Yes,637,Commission,ADHD
324,Non-Target,No,0,None,ADHD
325,Target,No,0,Omission,ADHD
326,Non-Target,No,0,None,ADHD
327,Non-Target,No,0,None,ADHD
328,Non-Target,No,0,None,ADHD
329,Non-Target,No,0,None,ADHD
330,Non-Target,No,0,None,ADHD
331,Target,Yes,920,None,ADHD
332,Non-Target,No,0,None,ADHD
333,Non-Target,No,0,None,ADHD
334,Non-Target,Yes,824,Commission,ADHD
335,Non-Target,No,0,None,ADHD
336,Non-Target,No,0,None,ADHD
337,Target,No,0,Omission,ADHD
338,Non-Target,No,0,None,ADHD
339,Target,Yes,829,None,ADHD
340,Non-Target,No,0,None,ADHD
341,Non-Target,No,0,None,ADHD
342,Non-Target,Yes,808,Commission,ADHD
343,Target,Yes,670,None,ADHD
344,Non-Target,No,0,None,ADHD
345,Non-Target,No,0,None,ADHD
346,Non-Target,No,0,None,ADHD
347,Target,Yes,774,None,ADHD
348,Non-Target,No,0,None,ADHD
349,Non-Target,No,0,None,ADHD
350,Non-Target,No,0,None,ADHD
351,Non-Target,Yes,621,Commission,ADHD
352,Non-Target,No,0,None,ADHD
353,Target,Yes,663,None,ADHD
354,Non-Target,Yes,792,Commission,ADHD
355,Non-Target,No,0,None,ADHD
356,Target,No,0,Omission,ADHD
357,Non-Target,No,0,None,ADHD
358,Non-Target,Yes,431,Commission,ADHD
359,Non-Target,No,0,None,ADHD
360,Non-Target,Yes,604,Commission,ADHD
361,Non-Target,Yes,601,Commission,ADHD
362,Target,Yes,775,None,ADHD
363,Non-Target,No,0,None,ADHD
364,Non-Target,No,0,None,ADHD
365,Non-Target,No,0,None,ADHD
366,Target,No,0,Omission,ADHD
367,Target,No,0,Omission,ADHD
368,Target,Yes,704,None,ADHD
369,Target,Yes,889,None,ADHD
370,Non-Target,No,0,None,ADHD
371,Non-Target,No,0,None,ADHD
372,Non-Target,No,0,None,ADHD
373,Non-Target,No,0,None,ADHD
374,Target,Yes,728,None,ADHD
375,Non-Target,No,0,None,ADHD
376,Non-Target,No,0,None,ADHD
377,Non-Target,No,0,None,ADHD
378,Non-Target,No,0,None,ADHD
379,Non-Target,No,0,None,ADHD
380,Non-Target,No,0,None,ADHD
381,Non-Target,Yes,567,Commission,ADHD
382,Non-Target,No,0,None,ADHD
383,Target,Yes,567,None,ADHD
384,Non-Target,No,0,None,ADHD
385,Target,Yes,689,None,ADHD
386,Non-Target,No,0,None,ADHD
387,Non-Target,No,0,None,ADHD
388,Non-Target,No,0,None,ADHD
389,Non-Target,No,0,None,ADHD
390,Non-Target,No,0,None,ADHD
391,Non-Target,No,0,None,ADHD
392,Non-Target,No,0,None,ADHD
393,Non-Target,Yes,637,Commission,ADHD
394,Target,Yes,698,None,ADHD
395,Non-Target,No,0,None,ADHD
396,Non-Target,No,0,None,ADHD
397,Non-Target,No,0,None,ADHD
398,Non-Target,No,0,None,ADHD
399,Non-Target,No,0,None,ADHD
400,Target,No,0,Omission,ADHD
401,Target,Yes,710,None,ADHD
402,Non-Target,No,0,None,ADHD
403,Non-Target,No,0,None,ADHD
404,Non-Target,No,0,None,ADHD
405,Non-Target,No,0,None,ADHD
406,Non-Target,No,0,None,ADHD
407,Non-Target,Yes,475,Commission,ADHD
408,Non-Target,No,0,None,ADHD
409,Target,Yes,758,None,ADHD
410,Target,No,0,Omission,ADHD
411,Non-Target,No,0,None,ADHD
412,Target,Yes,865,None,ADHD
413,Target,No,0,Omission,ADHD
414,Non-Target,No,0,None,ADHD
415,Non-Target,No,0,None,ADHD
416,Target,No,0,Omission,ADHD
417,Non-Target,Yes,727,Commission,ADHD
418,Non-Target,No,0,None,ADHD
419,Non-Target,No,0,None,ADHD
420,Non-Target,No,0,None,ADHD
421,Target,Yes,757,None,ADHD
422,Target,No,0,Omission,ADHD
423,Non-Target,No,0,None,ADHD
424,Target,Yes,750,None,ADHD
425,Non-Target,No,0,None,ADHD
426,Target,Yes,673,None,ADHD
427,Target,No,0,Omission,ADHD
428,Non-Target,No,0,None,ADHD
429,Target,Yes,902,None,ADHD
430,Non-Target,No,0,None,ADHD
431,Non-Target,Yes,960,Commission,ADHD
432,Non-Target,No,0,None,ADHD
433,Target,Yes,676,None,ADHD
434,Target,Yes,925,None,ADHD
435,Non-Target,No,0,None,ADHD
436,Non-Target,No,0,None,ADHD
437,Target,Yes,762,None,ADHD
438,Non-Target,No,0,None,ADHD
439,Non-Target,No,0,None,ADHD
440,Non-Target,No,0,None,ADHD
441,Non-Target,No,0,None,ADHD
442,Non-Target,No,0,None,ADHD
443,Non-Target,Yes,936,Commission,ADHD
444,Non-Target,No,0,None,ADHD
445,Target,Yes,751,None,ADHD
446,Target,No,0,Omission,ADHD
447,Non-Target,No,0,None,ADHD
448,Non-Target,No,0,None,ADHD
449,Target,Yes,1024,None,ADHD
450,Target,Yes,697,None,ADHD
451,Non-Target,Yes,572,Commission,ADHD
452,Target,No,0,Omission,ADHD
453,Target,No,0,Omission,ADHD
454,Non-Target,No,0,None,ADHD
455,Non-Target,No,0,None,ADHD
456,Non-Target,No,0,None,ADHD
457,Target,Yes,759,None,ADHD
458,Non-Target,No,0,None,ADHD
459,Non-Target,Yes,905,Commission,ADHD
460,Target,Yes,570,None,ADHD
461,Non-Target,Yes,726,Commission,ADHD
462,Target,No,0,Omission,ADHD
463,Target,Yes,799,None,ADHD
464,Non-Target,No,0,None,ADHD
465,Non-Target,No,0,None,ADHD
466,Non-Target,No,0,None,ADHD
467,Non-Target,No,0,None,ADHD
468,Non-Target,No,0,None,ADHD
469,Non-Target,No,0,None,ADHD
470,Non-Target,No,0,None,ADHD
471,Target,Yes,776,None,ADHD
472,Non-Target,No,0,None,ADHD
473,Non-Target,No,0,None,ADHD
474,Non-Target,No,0,None,ADHD
475,Non-Target,Yes,784,Commission,ADHD
476,Target,No,0,Omission,ADHD
477,Non-Target,No,0,None,ADHD
478,Target,Yes,864,None,ADHD
479,Non-Target,No,0,None,ADHD
480,Non-Target,No,0,None,ADHD
481,Non-Target,No,0,None,ADHD
482,Non-Target,Yes,849,Commission,ADHD
483,Non-Target,No,0,None,ADHD
484,Non-Target,No,0,None,ADHD
485,Non-Target,No,0,None,ADHD
486,Non-Target,No,0,None,ADHD
487,Non-Target,No,0,None,ADHD
488,Target,Yes,640,None,ADHD
489,Non-Target,No,0,None,ADHD
490,Non-Target,No,0,None,ADHD
491,Non-Target,No,0,None,ADHD
492,Non-Target,No,0,None,ADHD
493,Target,No,0,Omission,ADHD
494,Non-Target,Yes,732,Commission,ADHD
495,Target,Yes,604,None,ADHD
496,Non-Target,No,0,None,ADHD
497,Non-Target,Yes,618,Commission,ADHD
498,Non-Target,No,0,None,ADHD
499,Target,No,0,Omission,ADHD
500,Target,No,0,Omission,ADHD
501,Non-Target,No,0,None,ADHD
502,Non-Target,No,0,None,ADHD
503,Non-Target,No,0,None,ADHD
504,Non-Target,No,0,None,ADHD
505,Non-Target,No,0,None,ADHD
506,Non-Target,No,0,None,ADHD
507,Non-Target,No,0,None,ADHD
508,Target,No,0,Omission,ADHD
509,Non-Target,No,0,None,ADHD
510,Target,Yes,721,None,ADHD
511,Non-Target,No,0,None,ADHD
512,Target,Yes,684,None,ADHD
513,Non-Target,No,0,None,ADHD
514,Target,Yes,747,None,ADHD
515,Non-Target,No,0,None,ADHD
516,Non-Target,No,0,None,ADHD
517,Non-Target,No,0,None,ADHD
518,Non-Target,No,0,None,ADHD
519,Non-Target,Yes,693,Commission,ADHD
520,Non-Target,Yes,724,Commission,ADHD
521,Non-Target,No,0,None,ADHD
522,Non-Target,No,0,None,ADHD
523,Non-Target,Yes,734,Commission,ADHD
524,Non-Target,No,0,None,ADHD
525,Target,Yes,764,None,ADHD
526,Non-Target,No,0,None,ADHD
527,Non-Target,No,0,None,ADHD
528,Non-Target,No,0,None,ADHD
529,Target,Yes,785,None,ADHD
530,Target,Yes,681,None,ADHD
531,Non-Target,Yes,847,Commission,ADHD
532,Non-Target,No,0,None,ADHD
533,Non-Target,No,0,None,ADHD
534,Target,Yes,723,None,ADHD
535,Non-Target,No,0,None,ADHD
536,Target,Yes,788,None,ADHD
537,Non-Target,No,0,None,ADHD
538,Non-Target,No,0,None,ADHD
539,Target,Yes,559,None,ADHD
540,Non-Target,No,0,None,ADHD
541,Target,Yes,957,None,ADHD
542,Non-Target,No,0,None,ADHD
543,Target,Yes,881,None,ADHD
544,Non-Target,Yes,847,Commission,ADHD
545,Non-Target,Yes,830,Commission,ADHD
546,Target,Yes,732,None,ADHD
547,Non-Target,No,0,None,ADHD
548,Non-Target,Yes,562,Commission,ADHD
549,Non-Target,No,0,None,ADHD
550,Non-Target,No,0,None,ADHD
551,Non-Target,No,0,None,ADHD
552,Target,Yes,541,None,ADHD
553,Target,Yes,730,None,ADHD
554,Non-Target,No,0,None,ADHD
555,Non-Target,No,0,None,ADHD
556,Non-Target,No,0,None,ADHD
557,Target,Yes,866,None,ADHD
558,Target,Yes,734,None,ADHD
559,Non-Target,No,0,None,ADHD
560,Non-Target,No,0,None,ADHD
561,Non-Target,No,0,None,ADHD
562,Target,Yes,732,None,ADHD
563,Non-Target,Yes,637,Commission,ADHD
564,Non-Target,No,0,None,ADHD
565,Non-Target,No,0,None,ADHD
566,Non-Target,No,0,None,ADHD
567,Non-Target,No,0,None,ADHD
568,Non-Target,No,0,None,ADHD
569,Target,No,0,Omission,ADHD
570,Non-Target,Yes,673,Commission,ADHD
571,Non-Target,No,0,None,ADHD
572,Non-Target,Yes,826,Commission,ADHD
573,Target,No,0,Omission,ADHD
574,Non-Target,No,0,None,ADHD
575,Non-Target,No,0,None,ADHD
576,Non-Target,No,0,None,ADHD
577,Non-Target,No,0,None,ADHD
578,Target,No,0,Omission,ADHD
579,Non-Target,No,0,None,ADHD
580,Non-Target,No,0,None,ADHD
581,Target,No,0,Omission,ADHD
582,Target,Yes,858,None,ADHD
583,Non-Target,No,0,None,ADHD
584,Non-Target,No,0,None,ADHD
585,Non-Target,No,0,None,ADHD
586,Target,No,0,Omission,ADHD
587,Target,Yes,767,None,ADHD
588,Non-Target,No,0,None,ADHD
589,Non-Target,No,0,None,ADHD
590,Non-Target,No,0,None,ADHD
591,Non-Target,No,0,None,ADHD
592,Target,Yes,839,None,ADHD
593,Non-Target,No,0,None,ADHD
594,Non-Target,No,0,None,ADHD
595,Non-Target,No,0,None,ADHD
596,Target,Yes,509,None,ADHD
597,Target,Yes,685,None,ADHD
598,Target,Yes,780,None,ADHD
599,Non-Target,No,0,None,ADHD
600,Target,Yes,842,None,ADHD
601,Non-Target,No,0,None,ADHD
602,Non-Target,No,0,None,ADHD
603,Non-Target,No,0,None,ADHD
604,Non-Target,No,0,None,ADHD
605,Non-Target,No,0,None,ADHD
606,Target,Yes,958,None,ADHD
607,Non-Target,No,0,None,ADHD
608,Target,No,0,Omission,ADHD
609,Non-Target,No,0,None,ADHD
610,Non-Target,No,0,None,ADHD
611,Non-Target,No,0,None,ADHD
612,Non-Target,No,0,None,ADHD
613,Non-Target,No,0,None,ADHD
614,Non-Target,No,0,None,ADHD
615,Non-Target,No,0,None,ADHD
616,Non-Target,No,0,None,ADHD
617,Non-Target,No,0,None,ADHD
618,Non-Target,No,0,None,ADHD
619,Non-Target,No,0,None,ADHD
620,Non-Target,No,0,None,ADHD
621,Target,Yes,710,None,ADHD
622,Non-Target,No,0,None,ADHD
623,Target,No,0,Omission,ADHD
624,Target,Yes,756,None,ADHD
625,Non-Target,No,0,None,ADHD
626,Non-Target,No,0,None,ADHD
627,Non-Target,No,0,None,ADHD
628,Target,No,0,Omission,ADHD
629,Non-Target,No,0,None,ADHD
630,Non-Target,No,0,None,ADHD
631,Non-Target,No,0,None,ADHD
632,Target,No,0,Omission,ADHD
633,Non-Target,No,0,None,ADHD
634,Target,Yes,619,None,ADHD
635,Non-Target,No,0,None,ADHD
636,Non-Target,No,0,None,ADHD
637,Target,No,0,Omission,ADHD
638,Target,No,0,Omission,ADHD
639,Non-Target,No,0,None,ADHD
640,Target,No,0,Omission,ADHD
641,Non-Target,No,0,None,ADHD
642,Target,Yes,901,None,ADHD
643,Non-Target,No,0,None,ADHD
644,Non-Target,No,0,None,ADHD
645,Target,Yes,778,None,ADHD
646,Non-Target,No,0,None,ADHD
647,Non-Target,No,0,None,ADHD
648,Non-Target,No,0,None,ADHD
649,Target,No,0,Omission,ADHD
650,Non-Target,No,0,None,ADHD
651,Non-Target,No,0,None,ADHD
652,Non-Target,No,0,None,ADHD
653,Target,Yes,685,None,ADHD
654,Target,Yes,914,None,ADHD
655,Non-Target,Yes,651,Commission,ADHD
656,Non-Target,No,0,None,ADHD
657,Target,No,0,Omission,ADHD
658,Non-Target,No,0,None,ADHD
659,Target,Yes,816,None,ADHD
660,Target,Yes,625,None,ADHD
661,Non-Target,No,0,None,ADHD
662,Target,Yes,752,None,ADHD
663,Non-Target,No,0,None,ADHD
664,Non-Target,Yes,713,Commission,ADHD
665,Non-Target,No,0,None,ADHD
666,Non-Target,No,0,None,ADHD
667,Non-Target,No,0,None,ADHD
668,Non-Target,No,0,None,ADHD
669,Non-Target,No,0,None,ADHD
670,Non-Target,No,0,None,ADHD
671,Non-Target,No,0,None,ADHD
672,Non-Target,No,0,None,ADHD
673,Non-Target,No,0,None,ADHD
674,Target,No,0,Omission,ADHD
675,Non-Target,No,0,None,ADHD
676,Non-Target,No,0,None,ADHD
677,Non-Target,No,0,None,ADHD
678,Non-Target,No,0,None,ADHD
679,Non-Target,No,0,None,ADHD
680,Non-Target,No,0,None,ADHD
681,Non-Target,No,0,None,ADHD
682,Non-Target,No,0,None,ADHD
683,Target,Yes,867,None,ADHD
684,Non-Target,No,0,None,ADHD
685,Non-Target,No,0,None,ADHD
686,Non-Target,No,0,None,ADHD
687,Target,No,0,Omission,ADHD
688,Non-Target,Yes,814,Commission,ADHD
689,Target,Yes,564,None,ADHD
690,Target,Yes,814,None,ADHD
691,Non-Target,No,0,None,ADHD
692,Target,Yes,602,None,ADHD
693,Non-Target,No,0,None,ADHD
694,Target,No,0,Omission,ADHD
695,Non-Target,No,0,None,ADHD
696,Non-Target,No,0,None,ADHD
697,Target,Yes,623,None,ADHD
698,Target,Yes,774,None,ADHD
699,Non-Target,No,0,None,ADHD
700,Non-Target,No,0,None,ADHD
701,Target,No,0,Omission,ADHD
702,Non-Target,No,0,None,ADHD
703,Non-Target,No,0,None,ADHD
704,Non-Target,No,0,None,ADHD
705,Target,Yes,693,None,ADHD
706,Target,Yes,722,None,ADHD
707,Non-Target,Yes,670,Commission,ADHD
708,Non-Target,No,0,None,ADHD
709,Target,Yes,649,None,ADHD
710,Non-Target,No,0,None,ADHD
711,Target,Yes,547,None,ADHD
712,Non-Target,No,0,None,ADHD
713,Target,No,0,Omission,ADHD
714,Target,Yes,608,None,ADHD
715,Non-Target,No,0,None,ADHD
716,Non-Target,Yes,937,Commission,ADHD
717,Target,No,0,Omission,ADHD
718,Non-Target,No,0,None,ADHD
719,Non-Target,No,0,None,ADHD
720,Non-Target,No,0,None,ADHD
721,Non-Target,No,0,None,ADHD
722,Non-Target,No,0,None,ADHD
723,Non-Target,No,0,None,ADHD
724,Target,Yes,640,None,ADHD
725,Non-Target,No,0,None,ADHD
726,Non-Target,Yes,819,Commission,ADHD
727,Non-Target,No,0,None,ADHD
728,Non-Target,No,0,None,ADHD
729,Non-Target,No,0,None,ADHD
730,Non-Target,No,0,None,ADHD
731,Non-Target,No,0,None,ADHD
732,Non-Target,No,0,None,ADHD
733,Non-Target,No,0,None,ADHD
734,Non-Target,No,0,None,ADHD
735,Non-Target,No,0,None,ADHD
736,Non-Target,No,0,None,ADHD
737,Non-Target,Yes,911,Commission,ADHD
738,Non-Target,No,0,None,ADHD
739,Non-Target,No,0,None,ADHD
740,Non-Target,No,0,None,ADHD
741,Non-Target,No,0,None,ADHD
742,Target,Yes,573,None,ADHD
743,Non-Target,No,0,None,ADHD
744,Non-Target,No,0,None,ADHD
745,Non-Target,No,0,None,ADHD
746,Non-Target,No,0,None,ADHD
747,Non-Target,Yes,682,Commission,ADHD
748,Target,Yes,782,None,ADHD
749,Non-Target,No,0,None,ADHD
750,Non-Target,No,0,None,ADHD
751,Non-Target,No,0,None,ADHD
752,Non-Target,No,0,None,ADHD
753,Non-Target,No,0,None,ADHD
754,Non-Target,No,0,None,ADHD
755,Non-Target,No,0,None,ADHD
756,Target,Yes,598,None,ADHD
757,Non-Target,No,0,None,ADHD
758,Non-Target,No,0,None,ADHD
759,Non-Target,No,0,None,ADHD
760,Non-Target,No,0,None,ADHD
761,Non-Target,No,0,None,ADHD
762,Target,Yes,838,None,ADHD
763,Non-Target,No,0,None,ADHD
764,Non-Target,Yes,666,Commission,ADHD
765,Non-Target,No,0,None,ADHD
766,Non-Target,No,0,None,ADHD
767,Non-Target,No,0,None,ADHD
768,Non-Target,No,0,None,ADHD
769,Target,Yes,775,None,ADHD
770,Non-Target,No,0,None,ADHD
771,Non-Target,No,0,None,ADHD
772,Non-Target,No,0,None,ADHD
773,Target,Yes,811,None,ADHD
774,Non-Target,No,0,None,ADHD
775,Target,Yes,715,None,ADHD
776,Non-Target,No,0,None,ADHD
777,Non-Target,No,0,None,ADHD
778,Non-Target,No,0,None,ADHD
779,Target,No,0,Omission,ADHD
780,Non-Target,No,0,None,ADHD
781,Non-Target,No,0,None,ADHD
782,Target,Yes,773,None,ADHD
783,Non-Target,No,0,None,ADHD
784,Non-Target,No,0,None,ADHD
785,Target,Yes,673,None,ADHD
786,Non-Target,Yes,704,Commission,ADHD
787,Non-Target,No,0,None,ADHD
788,Non-Target,No,0,None,ADHD
789,Non-Target,No,0,None,ADHD
790,Non-Target,Yes,505,Commission,ADHD
791,Non-Target,No,0,None,ADHD
792,Target,Yes,589,None,ADHD
793,Non-Target,No,0,None,ADHD
794,Target,Yes,708,None,ADHD
795,Non-Target,No,0,None,ADHD
796,Non-Target,No,0,None,ADHD
797,Target,No,0,Omission,ADHD
798,Non-Target,No,0,None,ADHD
799,Non-Target,No,0,None,ADHD
800,Non-Target,No,0,None,ADHD
801,Target,No,0,Omission,ADHD
802,Non-Target,No,0,None,ADHD
803,Non-Target,No,0,None,ADHD
804,Non-Target,No,0,None,ADHD
805,Target,Yes,716,None,ADHD
806,Non-Target,No,0,None,ADHD
807,Non-Target,No,0,None,ADHD
808,Non-Target,Yes,788,Commission,ADHD
809,Target,Yes,975,None,ADHD
810,Non-Target,Yes,654,Commission,ADHD
811,Non-Target,No,0,None,ADHD
812,Non-Target,No,0,None,ADHD
813,Non-Target,No,0,None,ADHD
814,Target,Yes,747,None,ADHD
815,Target,Yes,680,None,ADHD
816,Non-Target,No,0,None,ADHD
817,Non-Target,No,0,None,ADHD
818,Non-Target,No,0,None,ADHD
819,Non-Target,No,0,None,ADHD
820,Target,Yes,609,None,ADHD
821,Non-Target,No,0,None,ADHD
822,Target,Yes,782,None,ADHD
823,Non-Target,Yes,862,Commission,ADHD
824,Target,Yes,704,None,ADHD
825,Non-Target,No,0,None,ADHD
826,Non-Target,Yes,621,Commission,ADHD
827,Non-Target,Yes,592,Commission,ADHD
828,Non-Target,No,0,None,ADHD
829,Non-Target,No,0,None,ADHD
830,Non-Target,No,0,None,ADHD
831,Non-Target,No,0,None,ADHD
832,Target,Yes,759,None,ADHD
833,Non-Target,No,0,None,ADHD
834,Target,Yes,537,None,ADHD
835,Non-Target,Yes,804,Commission,ADHD
836,Target,Yes,653,None,ADHD
837,Target,No,0,Omission,ADHD
838,Target,No,0,Omission,ADHD
839,Non-Target,Yes,805,Commission,ADHD
840,Non-Target,No,0,None,ADHD
841,Non-Target,No,0,None,ADHD
842,Non-Target,No,0,None,ADHD
843,Non-Target,Yes,910,Commission,ADHD
844,Non-Target,No,0,None,ADHD
845,Non-Target,No,0,None,ADHD
846,Target,No,0,Omission,ADHD
847,Non-Target,No,0,None,ADHD
848,Target,Yes,654,None,ADHD
849,Non-Target,No,0,None,ADHD
850,Non-Target,No,0,None,ADHD
851,Non-Target,No,0,None,ADHD
852,Non-Target,No,0,None,ADHD
853,Non-Target,Yes,682,Commission,ADHD
854,Non-Target,No,0,None,ADHD
855,Non-Target,No,0,None,ADHD
856,Non-Target,No,0,None,ADHD
857,Non-Target,No,0,None,ADHD
858,Target,Yes,578,None,ADHD
859,Non-Target,No,0,None,ADHD
860,Target,Yes,673,None,ADHD
861,Target,Yes,646,None,ADHD
862,Non-Target,No,0,None,ADHD
863,Non-Target,No,0,None,ADHD
864,Non-Target,No,0,None,ADHD
865,Target,Yes,706,None,ADHD
866,Non-Target,No,0,None,ADHD
867,Non-Target,No,0,None,ADHD
868,Non-Target,No,0,None,ADHD
869,Non-Target,Yes,717,Commission,ADHD
870,Non-Target,No,0,None,ADHD
871,Target,Yes,703,None,ADHD
872,Target,Yes,865,None,ADHD
873,Target,Yes,838,None,ADHD
874,Target,No,0,Omission,ADHD
875,Target,No,0,Omission,ADHD
876,Non-Target,No,0,None,ADHD
877,Non-Target,No,0,None,ADHD
878,Non-Target,No,0,None,ADHD
879,Non-Target,No,0,None,ADHD
880,Non-Target,No,0,None,ADHD
881,Target,Yes,658,None,ADHD
882,Target,Yes,667,None,ADHD
883,Non-Target,No,0,None,ADHD
884,Non-Target,No,0,None,ADHD
885,Non-Target,No,0,None,ADHD
886,Non-Target,No,0,None,ADHD
887,Non-Target,No,0,None,ADHD
888,Non-Target,No,0,None,ADHD
889,Target,Yes,661,None,ADHD
890,Target,Yes,743,None,ADHD
891,Non-Target,No,0,None,ADHD
892,Target,No,0,Omission,ADHD
893,Non-Target,No,0,None,ADHD
894,Target,Yes,873,None,ADHD
895,Non-Target,No,0,None,ADHD
896,Non-Target,No,0,None,ADHD
897,Non-Target,No,0,None,ADHD
898,Non-Target,No,0,None,ADHD
899,Non-Target,No,0,None,ADHD
900,Non-Target,No,0,None,ADHD
901,Non-Target,No,0,None,ADHD
902,Non-Target,No,0,None,ADHD
903,Target,Yes,971,None,ADHD
904,Non-Target,No,0,None,ADHD
905,Non-Target,No,0,None,ADHD
906,Target,No,0,Omission,ADHD
907,Target,No,0,Omission,ADHD
908,Non-Target,No,0,None,ADHD
909,Non-Target,No,0,None,ADHD
910,Non-Target,No,0,None,ADHD
911,Non-Target,No,0,None,ADHD
912,Non-Target,No,0,None,ADHD
913,Non-Target,No,0,None,ADHD
914,Target,No,0,Omission,ADHD
915,Non-Target,No,0,None,ADHD
916,Non-Target,No,0,None,ADHD
917,Non-Target,No,0,None,ADHD
918,Non-Target,No,0,None,ADHD
919,Non-Target,No,0,None,ADHD
920,Non-Target,No,0,None,ADHD
921,Non-Target,No,0,None,ADHD
922,Target,No,0,Omission,ADHD
923,Non-Target,No,0,None,ADHD
924,Non-Target,No,0,None,ADHD
925,Non-Target,No,0,None,ADHD
926,Non-Target,No,0,None,ADHD
927,Non-Target,No,0,None,ADHD
928,Non-Target,No,0,None,ADHD
929,Target,No,0,Omission,ADHD
930,Non-Target,No,0,None,ADHD
931,Non-Target,No,0,None,ADHD
932,Non-Target,No,0,None,ADHD
933,Non-Target,No,0,None,ADHD
934,Non-Target,No,0,None,ADHD
935,Non-Target,No,0,None,ADHD
936,Non-Target,No,0,None,ADHD
937,Non-Target,No,0,None,ADHD
938,Non-Target,No,0,None,ADHD
939,Non-Target,No,0,None,ADHD
940,Non-Target,No,0,None,ADHD
941,Target,No,0,Omission,ADHD
942,Target,No,0,Omission,ADHD
943,Non-Target,No,0,None,ADHD
944,Non-Target,No,0,None,ADHD
945,Non-Target,No,0,None,ADHD
946,Non-Target,No,0,None,ADHD
947,Non-Target,No,0,None,ADHD
948,Non-Target,No,0,None,ADHD
949,Target,Yes,571,None,ADHD
950,Non-Target,No,0,None,ADHD
951,Non-Target,No,0,None,ADHD
952,Non-Target,No,0,None,ADHD
953,Target,Yes,727,None,ADHD
954,Target,No,0,Omission,ADHD
955,Non-Target,No,0,None,ADHD
956,Non-Target,No,0,None,ADHD
957,Target,No,0,Omission,ADHD
958,Non-Target,No,0,None,ADHD
959,Non-Target,No,0,None,ADHD
960,Target,Yes,882,None,ADHD
961,Non-Target,No,0,None,ADHD
962,Non-Target,No,0,None,ADHD
963,Non-Target,No,0,None,ADHD
964,Non-Target,No,0,None,ADHD
965,Non-Target,No,0,None,ADHD
966,Non-Target,No,0,None,ADHD
967,Non-Target,No,0,None,ADHD
968,Non-Target,Yes,558,Commission,ADHD
969,Non-Target,No,0,None,ADHD
970,Non-Target,No,0,None,ADHD
971,Non-Target,No,0,None,ADHD
972,Non-Target,No,0,None,ADHD
973,Non-Target,No,0,None,ADHD
974,Target,No,0,Omission,ADHD
975,Non-Target,Yes,796,Commission,ADHD
976,Target,Yes,704,None,ADHD
977,Target,Yes,626,None,ADHD
978,Target,No,0,Omission,ADHD
979,Target,Yes,698,None,ADHD
980,Non-Target,No,0,None,ADHD
981,Target,No,0,Omission,ADHD
982,Non-Target,No,0,None,ADHD
983,Non-Target,No,0,None,ADHD
984,Non-Target,No,0,None,ADHD
985,Non-Target,No,0,None,ADHD
986,Target,No,0,Omission,ADHD
987,Non-Target,Yes,609,Commission,ADHD
988,Non-Target,No,0,None,ADHD
989,Non-Target,No,0,None,ADHD
990,Non-Target,No,0,None,ADHD
991,Non-Target,No,0,None,ADHD
992,Non-Target,No,0,None,ADHD
993,Non-Target,No,0,None,ADHD
994,Non-Target,No,0,None,ADHD
995,Target,Yes,732,None,ADHD
996,Non-Target,No,0,None,ADHD
997,Non-Target,No,0,None,ADHD
998,Non-Target,Yes,748,Commission,ADHD
999,Non-Target,Yes,644,Commission,ADHD
1000,Non-Target,No,0,None,ADHD
1001,Non-Target,No,0,None,ADHD
1002,Non-Target,Yes,814,Commission,ADHD
1003,Non-Target,No,0,None,ADHD
1004,Non-Target,No,0,None,ADHD
1005,Non-Target,No,0,None,ADHD
1006,Target,Yes,673,None,ADHD
1007,Target,No,0,Omission,ADHD
1008,Non-Target,No,0,None,ADHD
1009,Non-Target,Yes,825,Commission,ADHD
1010,Non-Target,No,0,None,ADHD
1011,Non-Target,No,0,None,ADHD
1012,Target,No,0,Omission,ADHD
1013,Non-Target,No,0,None,ADHD
1014,Target,Yes,717,None,ADHD
1015,Non-Target,No,0,None,ADHD
1016,Target,Yes,989,None,ADHD
1017,Non-Target,No,0,None,ADHD
1018,Non-Target,No,0,None,ADHD
1019,Target,Yes,779,None,ADHD
1020,Non-Target,No,0,None,ADHD
1021,Non-Target,No,0,None,ADHD
1022,Non-Target,No,0,None,ADHD
1023,Non-Target,No,0,None,ADHD
1024,Non-Target,No,0,None,ADHD
1025,Non-Target,No,0,None,ADHD
1026,Non-Target,No,0,None,ADHD
1027,Non-Target,No,0,None,ADHD
1028,Non-Target,Yes,639,Commission,ADHD
1029,Non-Target,No,0,None,ADHD
1030,Non-Target,Yes,705,Commission,ADHD
1031,Target,No,0,Omission,ADHD
1032,Non-Target,No,0,None,ADHD
1033,Non-Target,No,0,None,ADHD
1034,Target,Yes,646,None,ADHD
1035,Target,Yes,761,None,ADHD
1036,Non-Target,No,0,None,ADHD
1037,Target,Yes,748,None,ADHD
1038,Non-Target,No,0,None,ADHD
1039,Non-Target,Yes,687,Commission,ADHD
1040,Target,No,0,Omission,ADHD
1041,Non-Target,No,0,None,ADHD
1042,Non-Target,No,0,None,ADHD
1043,Target,Yes,745,None,ADHD
1044,Target,Yes,758,None,ADHD
1045,Non-Target,No,0,None,ADHD
1046,Non-Target,No,0,None,ADHD
1047,Target,Yes,772,None,ADHD
1048,Non-Target,No,0,None,ADHD
1049,Target,Yes,889,None,ADHD
1050,Non-Target,No,0,None,ADHD
1051,Non-Target,No,0,None,ADHD
1052,Non-Target,No,0,None,ADHD
1053,Target,Yes,743,None,ADHD
1054,Target,Yes,719,None,ADHD
1055,Non-Target,No,0,None,ADHD
1056,Target,No,0,Omission,ADHD
1057,Non-Target,No,0,None,ADHD
1058,Non-Target,No,0,None,ADHD
1059,Target,Yes,671,None,ADHD
1060,Target,Yes,769,None,ADHD
1061,Non-Target,No,0,None,ADHD
1062,Non-Target,No,0,None,ADHD
1063,Non-Target,No,0,None,ADHD
1064,Non-Target,No,0,None,ADHD
1065,Target,Yes,817,None,ADHD
1066,Non-Target,No,0,None,ADHD
1067,Non-Target,No,0,None,ADHD
1068,Target,No,0,Omission,ADHD
1069,Non-Target,Yes,735,Commission,ADHD
1070,Non-Target,No,0,None,ADHD
1071,Non-Target,No,0,None,ADHD
1072,Target,Yes,612,None,ADHD
1073,Target,Yes,775,None,ADHD
1074,Non-Target,No,0,None,ADHD
1075,Non-Target,No,0,None,ADHD
1076,Non-Target,No,0,None,ADHD
1077,Non-Target,No,0,None,ADHD
1078,Non-Target,No,0,None,ADHD
1079,Non-Target,No,0,None,ADHD
1080,Target,Yes,822,None,ADHD
1081,Non-Target,No,0,None,ADHD
1082,Non-Target,Yes,566,Commission,ADHD
1083,Non-Target,No,0,None,ADHD
1084,Non-Target,No,0,None,ADHD
1085,Non-Target,No,0,None,ADHD
1086,Non-Target,Yes,909,Commission,ADHD
1087,Target,No,0,Omission,ADHD
1088,Non-Target,No,0,None,ADHD
1089,Non-Target,Yes,645,Commission,ADHD
1090,Non-Target,No,0,None,ADHD
1091,Non-Target,Yes,953,Commission,ADHD
1092,Non-Target,No,0,None,ADHD
1093,Non-Target,No,0,None,ADHD
1094,Non-Target,Yes,615,Commission,ADHD
1095,Target,No,0,Omission,ADHD
1096,Non-Target,No,0,None,ADHD
1097,Target,Yes,829,None,ADHD
1098,Target,No,0,Omission,ADHD
1099,Non-Target,No,0,None,ADHD
1100,Non-Target,No,0,None,ADHD
1101,Non-Target,No,0,None,ADHD
1102,Non-Target,No,0,None,ADHD
1103,Non-Target,No,0,None,ADHD
1104,Non-Target,No,0,None,ADHD
1105,Target,Yes,563,None,ADHD
1106,Non-Target,No,0,None,ADHD
1107,Non-Target,No,0,None,ADHD
1108,Target,Yes,888,None,ADHD
1109,Target,Yes,695,None,ADHD
1110,Non-Target,No,0,None,ADHD
1111,Non-Target,Yes,665,Commission,ADHD
1112,Non-Target,No,0,None,ADHD
1113,Non-Target,No,0,None,ADHD
1114,Non-Target,No,0,None,ADHD
1115,Target,No,0,Omission,ADHD
1116,Non-Target,No,0,None,ADHD
1117,Non-Target,No,0,None,ADHD
1118,Target,Yes,712,None,ADHD
1119,Non-Target,No,0,None,ADHD
1120,Non-Target,No,0,None,ADHD
1121,Target,Yes,629,None,ADHD
1122,Non-Target,No,0,None,ADHD
1123,Non-Target,No,0,None,ADHD
1124,Non-Target,No,0,None,ADHD
1125,Non-Target,No,0,None,ADHD
1126,Target,No,0,Omission,ADHD
1127,Non-Target,No,0,None,ADHD
1128,Non-Target,No,0,None,ADHD
1129,Target,Yes,601,None,ADHD
1130,Non-Target,No,0,None,ADHD
1131,Target,Yes,560,None,ADHD
1132,Non-Target,No,0,None,ADHD
1133,Non-Target,No,0,None,ADHD
1134,Non-Target,No,0,None,ADHD
1135,Target,No,0,Omission,ADHD
1136,Target,Yes,775,None,ADHD
1137,Non-Target,No,0,None,ADHD
1138,Non-Target,No,0,None,ADHD
1139,Non-Target,No,0,None,ADHD
1140,Target,Yes,741,None,ADHD
1141,Target,Yes,758,None,ADHD
1142,Target,Yes,798,None,ADHD
1143,Non-Target,Yes,697,Commission,ADHD
1144,Non-Target,No,0,None,ADHD
1145,Target,Yes,644,None,ADHD
1146,Non-Target,No,0,None,ADHD
1147,Non-Target,No,0,None,ADHD
1148,Non-Target,No,0,None,ADHD
1149,Non-Target,Yes,847,Commission,ADHD
1150,Non-Target,No,0,None,ADHD
1151,Non-Target,No,0,None,ADHD
1152,Non-Target,No,0,None,ADHD
1153,Non-Target,No,0,None,ADHD
1154,Non-Target,No,0,None,ADHD
1155,Non-Target,No,0,None,ADHD
1156,Target,Yes,856,None,ADHD
1157,Non-Target,No,0,None,ADHD
1158,Non-Target,No,0,None,ADHD
1159,Target,Yes,1017,None,ADHD
1160,Non-Target,No,0,None,ADHD
1161,Non-Target,No,0,None,ADHD
1162,Target,Yes,597,None,ADHD
1163,Non-Target,Yes,667,Commission,ADHD
1164,Non-Target,No,0,None,ADHD
1165,Target,No,0,Omission,ADHD
1166,Non-Target,No,0,None,ADHD
1167,Target,Yes,903,None,ADHD
1168,Target,Yes,911,None,ADHD
1169,Target,Yes,851,None,ADHD
1170,Non-Target,Yes,866,Commission,ADHD
1171,Non-Target,Yes,906,Commission,ADHD
1172,Target,Yes,718,None,ADHD
1173,Non-Target,Yes,737,Commission,ADHD
1174,Non-Target,No,0,None,ADHD
1175,Target,Yes,777,None,ADHD
1176,Non-Target,No,0,None,ADHD
1177,Non-Target,No,0,None,ADHD
1178,Non-Target,Yes,722,Commission,ADHD
1179,Non-Target,No,0,None,ADHD
1180,Non-Target,No,0,None,ADHD
1181,Non-Target,No,0,None,ADHD
1182,Target,No,0,Omission,ADHD
1183,Non-Target,No,0,None,ADHD
1184,Non-Target,Yes,720,Commission,ADHD
1185,Non-Target,No,0,None,ADHD
1186,Non-Target,No,0,None,ADHD
1187,Non-Target,No,0,None,ADHD
1188,Target,Yes,847,None,ADHD
1189,Non-Target,No,0,None,ADHD
1190,Non-Target,No,0,None,ADHD
1191,Non-Target,Yes,873,Commission,ADHD
1192,Target,Yes,866,None,ADHD
1193,Non-Target,No,0,None,ADHD
1194,Non-Target,Yes,689,Commission,ADHD
1195,Target,No,0,Omission,ADHD
1196,Non-Target,No,0,None,ADHD
1197,Non-Target,No,0,None,ADHD
1198,Non-Target,No,0,None,ADHD
1199,Non-Target,No,0,None,ADHD
1200,Non-Target,No,0,None,ADHD
