Trial,StimulusType,Reaction,ReactionTime(ms),ErrorType,Label
1,Non-Target,No,0,None,ADHD
2,Target,Yes,733,None,ADHD
3,Target,Yes,919,None,ADHD
4,Non-Target,No,0,None,ADHD
5,Non-Target,Yes,824,Commission,ADHD
6,Non-Target,No,0,None,ADHD
7,Non-Target,No,0,None,ADHD
8,Non-Target,No,0,None,ADHD
9,Non-Target,No,0,None,ADHD
10,Non-Target,Yes,711,Commission,ADHD
11,Non-Target,No,0,None,ADHD
12,Target,Yes,810,None,ADHD
13,Non-Target,No,0,None,ADHD
14,Non-Target,No,0,None,ADHD
15,Target,Yes,812,None,ADHD
16,Non-Target,No,0,None,ADHD
17,Non-Target,No,0,None,ADHD
18,Target,No,0,Omission,ADHD
19,Non-Target,No,0,None,ADHD
20,Non-Target,No,0,None,ADHD
21,Non-Target,No,0,None,ADHD
22,Target,Yes,578,None,ADHD
23,Non-Target,No,0,None,ADHD
24,Non-Target,No,0,None,ADHD
25,Non-Target,No,0,None,ADHD
26,Non-Target,No,0,None,ADHD
27,Non-Target,No,0,None,ADHD
28,Non-Target,No,0,None,ADHD
29,Non-Target,No,0,None,ADHD
30,Non-Target,No,0,None,ADHD
31,Non-Target,No,0,None,ADHD
32,Target,Yes,837,None,ADHD
33,Non-Target,Yes,742,Commission,ADHD
34,Target,Yes,771,None,ADHD
35,Target,No,0,Omission,ADHD
36,Non-Target,No,0,None,ADHD
37,Non-Target,Yes,738,Commission,ADHD
38,Target,Yes,671,None,ADHD
39,Non-Target,No,0,None,ADHD
40,Target,Yes,762,None,ADHD
41,Non-Target,No,0,None,ADHD
42,Non-Target,No,0,None,ADHD
43,Non-Target,No,0,None,ADHD
44,Target,No,0,Omission,ADHD
45,Target,Yes,638,None,ADHD
46,Non-Target,No,0,None,ADHD
47,Target,Yes,843,None,ADHD
48,Target,No,0,Omission,ADHD
49,Target,Yes,706,None,ADHD
50,Target,Yes,710,None,ADHD
51,Non-Target,No,0,None,ADHD
52,Non-Target,No,0,None,ADHD
53,Target,Yes,713,None,ADHD
54,Non-Target,No,0,None,ADHD
55,Non-Target,No,0,None,ADHD
56,Target,Yes,850,None,ADHD
57,Target,No,0,Omission,ADHD
58,Target,Yes,754,None,ADHD
59,Non-Target,Yes,904,Commission,ADHD
60,Non-Target,No,0,None,ADHD
61,Non-Target,No,0,None,ADHD
62,Target,No,0,Omission,ADHD
63,Non-Target,No,0,None,ADHD
64,Non-Target,No,0,None,ADHD
65,Non-Target,No,0,None,ADHD
66,Non-Target,No,0,None,ADHD
67,Non-Target,No,0,None,ADHD
68,Non-Target,No,0,None,ADHD
69,Non-Target,No,0,None,ADHD
70,Non-Target,No,0,None,ADHD
71,Target,Yes,702,None,ADHD
72,Target,Yes,729,None,ADHD
73,Target,Yes,823,None,ADHD
74,Non-Target,No,0,None,ADHD
75,Non-Target,No,0,None,ADHD
76,Target,Yes,713,None,ADHD
77,Non-Target,No,0,None,ADHD
78,Target,Yes,803,None,ADHD
79,Target,Yes,744,None,ADHD
80,Non-Target,No,0,None,ADHD
81,Target,Yes,762,None,ADHD
82,Non-Target,No,0,None,ADHD
83,Non-Target,Yes,746,Commission,ADHD
84,Non-Target,No,0,None,ADHD
85,Non-Target,No,0,None,ADHD
86,Non-Target,No,0,None,ADHD
87,Non-Target,No,0,None,ADHD
88,Non-Target,Yes,701,Commission,ADHD
89,Target,Yes,745,None,ADHD
90,Non-Target,No,0,None,ADHD
91,Non-Target,No,0,None,ADHD
92,Non-Target,No,0,None,ADHD
93,Target,Yes,809,None,ADHD
94,Non-Target,No,0,None,ADHD
95,Target,No,0,Omission,ADHD
96,Non-Target,No,0,None,ADHD
97,Non-Target,No,0,None,ADHD
98,Non-Target,No,0,None,ADHD
99,Target,Yes,607,None,ADHD
100,Target,Yes,572,None,ADHD
101,Non-Target,No,0,None,ADHD
102,Non-Target,No,0,None,ADHD
103,Non-Target,No,0,None,ADHD
104,Non-Target,No,0,None,ADHD
105,Target,Yes,810,None,ADHD
106,Non-Target,Yes,649,Commission,ADHD
107,Non-Target,No,0,None,ADHD
108,Non-Target,No,0,None,ADHD
109,Non-Target,No,0,None,ADHD
110,Target,No,0,Omission,ADHD
111,Non-Target,No,0,None,ADHD
112,Target,Yes,636,None,ADHD
113,Non-Target,No,0,None,ADHD
114,Target,Yes,890,None,ADHD
115,Target,No,0,Omission,ADHD
116,Non-Target,No,0,None,ADHD
117,Non-Target,No,0,None,ADHD
118,Non-Target,No,0,None,ADHD
119,Target,Yes,628,None,ADHD
120,Target,Yes,658,None,ADHD
121,Non-Target,No,0,None,ADHD
122,Non-Target,No,0,None,ADHD
123,Non-Target,No,0,None,ADHD
124,Non-Target,No,0,None,ADHD
125,Non-Target,Yes,884,Commission,ADHD
126,Target,Yes,749,None,ADHD
127,Non-Target,Yes,757,Commission,ADHD
128,Non-Target,No,0,None,ADHD
129,Non-Target,No,0,None,ADHD
130,Non-Target,No,0,None,ADHD
131,Non-Target,No,0,None,ADHD
132,Non-Target,No,0,None,ADHD
133,Non-Target,No,0,None,ADHD
134,Non-Target,Yes,714,Commission,ADHD
135,Non-Target,Yes,717,Commission,ADHD
136,Target,Yes,764,None,ADHD
137,Non-Target,No,0,None,ADHD
138,Non-Target,No,0,None,ADHD
139,Non-Target,No,0,None,ADHD
140,Target,No,0,Omission,ADHD
141,Target,Yes,783,None,ADHD
142,Non-Target,No,0,None,ADHD
143,Target,Yes,783,None,ADHD
144,Non-Target,No,0,None,ADHD
145,Non-Target,No,0,None,ADHD
146,Non-Target,No,0,None,ADHD
147,Non-Target,No,0,None,ADHD
148,Target,Yes,843,None,ADHD
149,Non-Target,No,0,None,ADHD
150,Non-Target,Yes,705,Commission,ADHD
151,Target,Yes,746,None,ADHD
152,Target,Yes,913,None,ADHD
153,Target,No,0,Omission,ADHD
154,Non-Target,No,0,None,ADHD
155,Target,Yes,673,None,ADHD
156,Non-Target,No,0,None,ADHD
157,Non-Target,No,0,None,ADHD
158,Non-Target,No,0,None,ADHD
159,Non-Target,No,0,None,ADHD
160,Non-Target,No,0,None,ADHD
161,Target,No,0,Omission,ADHD
162,Target,Yes,713,None,ADHD
163,Target,No,0,Omission,ADHD
164,Target,Yes,841,None,ADHD
165,Non-Target,Yes,686,Commission,ADHD
166,Non-Target,No,0,None,ADHD
167,Target,Yes,736,None,ADHD
168,Non-Target,No,0,None,ADHD
169,Target,Yes,817,None,ADHD
170,Non-Target,No,0,None,ADHD
171,Non-Target,No,0,None,ADHD
172,Non-Target,No,0,None,ADHD
173,Non-Target,No,0,None,ADHD
174,Non-Target,Yes,927,Commission,ADHD
175,Non-Target,No,0,None,ADHD
176,Non-Target,No,0,None,ADHD
177,Non-Target,No,0,None,ADHD
178,Non-Target,No,0,None,ADHD
179,Non-Target,No,0,None,ADHD
180,Target,Yes,726,None,ADHD
181,Non-Target,No,0,None,ADHD
182,Non-Target,No,0,None,ADHD
183,Target,Yes,743,None,ADHD
184,Target,Yes,778,None,ADHD
185,Non-Target,No,0,None,ADHD
186,Non-Target,No,0,None,ADHD
187,Non-Target,No,0,None,ADHD
188,Target,Yes,729,None,ADHD
189,Non-Target,Yes,643,Commission,ADHD
190,Non-Target,No,0,None,ADHD
191,Non-Target,Yes,756,Commission,ADHD
192,Target,Yes,877,None,ADHD
193,Non-Target,No,0,None,ADHD
194,Non-Target,No,0,None,ADHD
195,Target,Yes,700,None,ADHD
196,Non-Target,No,0,None,ADHD
197,Non-Target,No,0,None,ADHD
198,Non-Target,No,0,None,ADHD
199,Non-Target,Yes,779,Commission,ADHD
200,Non-Target,No,0,None,ADHD
201,Non-Target,No,0,None,ADHD
202,Non-Target,No,0,None,ADHD
203,Non-Target,No,0,None,ADHD
204,Non-Target,No,0,None,ADHD
205,Target,Yes,725,None,ADHD
206,Target,Yes,719,None,ADHD
207,Non-Target,No,0,None,ADHD
208,Non-Target,No,0,None,ADHD
209,Non-Target,No,0,None,ADHD
210,Non-Target,No,0,None,ADHD
211,Non-Target,No,0,None,ADHD
212,Non-Target,Yes,545,Commission,ADHD
213,Non-Target,Yes,695,Commission,ADHD
214,Target,Yes,807,None,ADHD
215,Non-Target,No,0,None,ADHD
216,Non-Target,Yes,752,Commission,ADHD
217,Target,Yes,733,None,ADHD
218,Non-Target,No,0,None,ADHD
219,Non-Target,No,0,None,ADHD
220,Non-Target,No,0,None,ADHD
221,Non-Target,No,0,None,ADHD
222,Non-Target,No,0,None,ADHD
223,Target,Yes,671,None,ADHD
224,Non-Target,No,0,None,ADHD
225,Non-Target,No,0,None,ADHD
226,Non-Target,Yes,736,Commission,ADHD
227,Non-Target,Yes,729,Commission,ADHD
228,Target,Yes,723,None,ADHD
229,Non-Target,No,0,None,ADHD
230,Target,Yes,751,None,ADHD
231,Target,Yes,821,None,ADHD
232,Non-Target,No,0,None,ADHD
233,Non-Target,No,0,None,ADHD
234,Target,No,0,Omission,ADHD
235,Non-Target,No,0,None,ADHD
236,Target,Yes,704,None,ADHD
237,Target,Yes,634,None,ADHD
238,Target,No,0,Omission,ADHD
239,Non-Target,No,0,None,ADHD
240,Non-Target,No,0,None,ADHD
241,Target,Yes,683,None,ADHD
242,Target,Yes,687,None,ADHD
243,Target,Yes,792,None,ADHD
244,Non-Target,No,0,None,ADHD
245,Non-Target,Yes,737,Commission,ADHD
246,Non-Target,No,0,None,ADHD
247,Non-Target,No,0,None,ADHD
248,Non-Target,No,0,None,ADHD
249,Non-Target,No,0,None,ADHD
250,Target,Yes,736,None,ADHD
251,Non-Target,No,0,None,ADHD
252,Non-Target,No,0,None,ADHD
253,Non-Target,No,0,None,ADHD
254,Non-Target,No,0,None,ADHD
255,Non-Target,No,0,None,ADHD
256,Non-Target,No,0,None,ADHD
257,Target,No,0,Omission,ADHD
258,Non-Target,No,0,None,ADHD
259,Non-Target,No,0,None,ADHD
260,Non-Target,No,0,None,ADHD
261,Non-Target,Yes,606,Commission,ADHD
262,Target,No,0,Omission,ADHD
263,Target,No,0,Omission,ADHD
264,Non-Target,Yes,578,Commission,ADHD
265,Non-Target,No,0,None,ADHD
266,Non-Target,No,0,None,ADHD
267,Target,Yes,652,None,ADHD
268,Target,Yes,819,None,ADHD
269,Non-Target,No,0,None,ADHD
270,Target,Yes,637,None,ADHD
271,Non-Target,No,0,None,ADHD
272,Target,No,0,Omission,ADHD
273,Non-Target,No,0,None,ADHD
274,Non-Target,No,0,None,ADHD
275,Non-Target,No,0,None,ADHD
276,Non-Target,No,0,None,ADHD
277,Target,Yes,817,None,ADHD
278,Non-Target,No,0,None,ADHD
279,Non-Target,No,0,None,ADHD
280,Non-Target,No,0,None,ADHD
281,Non-Target,No,0,None,ADHD
282,Non-Target,No,0,None,ADHD
283,Non-Target,Yes,768,Commission,ADHD
284,Non-Target,No,0,None,ADHD
285,Non-Target,No,0,None,ADHD
286,Non-Target,Yes,695,Commission,ADHD
287,Non-Target,No,0,None,ADHD
288,Target,Yes,707,None,ADHD
289,Non-Target,No,0,None,ADHD
290,Non-Target,No,0,None,ADHD
291,Non-Target,No,0,None,ADHD
292,Non-Target,No,0,None,ADHD
293,Non-Target,No,0,None,ADHD
294,Non-Target,No,0,None,ADHD
295,Target,Yes,774,None,ADHD
296,Target,Yes,838,None,ADHD
297,Non-Target,No,0,None,ADHD
298,Target,Yes,490,None,ADHD
299,Target,Yes,647,None,ADHD
300,Target,Yes,755,None,ADHD
301,Non-Target,No,0,None,ADHD
302,Non-Target,No,0,None,ADHD
303,Non-Target,No,0,None,ADHD
304,Non-Target,No,0,None,ADHD
305,Non-Target,No,0,None,ADHD
306,Non-Target,No,0,None,ADHD
307,Non-Target,No,0,None,ADHD
308,Non-Target,No,0,None,ADHD
309,Non-Target,Yes,759,Commission,ADHD
310,Target,Yes,861,None,ADHD
311,Target,Yes,590,None,ADHD
312,Non-Target,No,0,None,ADHD
313,Target,Yes,895,None,ADHD
314,Non-Target,No,0,None,ADHD
315,Non-Target,No,0,None,ADHD
316,Non-Target,No,0,None,ADHD
317,Non-Target,No,0,None,ADHD
318,Non-Target,No,0,None,ADHD
319,Non-Target,No,0,None,ADHD
320,Non-Target,No,0,None,ADHD
321,Non-Target,No,0,None,ADHD
322,Target,Yes,576,None,ADHD
323,Non-Target,No,0,None,ADHD
324,Non-Target,No,0,None,ADHD
325,Non-Target,Yes,700,Commission,ADHD
326,Non-Target,No,0,None,ADHD
327,Non-Target,No,0,None,ADHD
328,Target,No,0,Omission,ADHD
329,Target,No,0,Omission,ADHD
330,Non-Target,No,0,None,ADHD
331,Target,Yes,923,None,ADHD
332,Target,Yes,643,None,ADHD
333,Target,No,0,Omission,ADHD
334,Non-Target,No,0,None,ADHD
335,Non-Target,No,0,None,ADHD
336,Non-Target,No,0,None,ADHD
337,Non-Target,No,0,None,ADHD
338,Non-Target,No,0,None,ADHD
339,Non-Target,No,0,None,ADHD
340,Target,Yes,767,None,ADHD
341,Non-Target,Yes,697,Commission,ADHD
342,Non-Target,No,0,None,ADHD
343,Non-Target,No,0,None,ADHD
344,Non-Target,No,0,None,ADHD
345,Target,No,0,Omission,ADHD
346,Target,Yes,634,None,ADHD
347,Non-Target,No,0,None,ADHD
348,Target,Yes,764,None,ADHD
349,Non-Target,No,0,None,ADHD
350,Non-Target,No,0,None,ADHD
351,Non-Target,No,0,None,ADHD
352,Non-Target,No,0,None,ADHD
353,Non-Target,Yes,875,Commission,ADHD
354,Non-Target,No,0,None,ADHD
355,Target,Yes,609,None,ADHD
356,Non-Target,No,0,None,ADHD
357,Target,Yes,574,None,ADHD
358,Non-Target,No,0,None,ADHD
359,Non-Target,No,0,None,ADHD
360,Non-Target,No,0,None,ADHD
361,Non-Target,No,0,None,ADHD
362,Non-Target,Yes,654,Commission,ADHD
363,Non-Target,Yes,538,Commission,ADHD
364,Target,Yes,660,None,ADHD
365,Target,Yes,744,None,ADHD
366,Non-Target,Yes,723,Commission,ADHD
367,Non-Target,No,0,None,ADHD
368,Non-Target,No,0,None,ADHD
369,Non-Target,No,0,None,ADHD
370,Non-Target,No,0,None,ADHD
371,Non-Target,No,0,None,ADHD
372,Non-Target,No,0,None,ADHD
373,Target,Yes,660,None,ADHD
374,Non-Target,No,0,None,ADHD
375,Non-Target,Yes,753,Commission,ADHD
376,Non-Target,No,0,None,ADHD
377,Non-Target,No,0,None,ADHD
378,Non-Target,No,0,None,ADHD
379,Non-Target,No,0,None,ADHD
380,Target,Yes,813,None,ADHD
381,Target,Yes,840,None,ADHD
382,Non-Target,No,0,None,ADHD
383,Non-Target,No,0,None,ADHD
384,Non-Target,No,0,None,ADHD
385,Non-Target,No,0,None,ADHD
386,Non-Target,No,0,None,ADHD
387,Non-Target,No,0,None,ADHD
388,Non-Target,No,0,None,ADHD
389,Target,Yes,628,None,ADHD
390,Non-Target,No,0,None,ADHD
391,Non-Target,No,0,None,ADHD
392,Non-Target,No,0,None,ADHD
393,Non-Target,No,0,None,ADHD
394,Non-Target,No,0,None,ADHD
395,Non-Target,No,0,None,ADHD
396,Non-Target,No,0,None,ADHD
397,Target,Yes,693,None,ADHD
398,Target,Yes,705,None,ADHD
399,Non-Target,No,0,None,ADHD
400,Target,No,0,Omission,ADHD
401,Target,Yes,711,None,ADHD
402,Non-Target,No,0,None,ADHD
403,Non-Target,No,0,None,ADHD
404,Target,Yes,704,None,ADHD
405,Non-Target,No,0,None,ADHD
406,Non-Target,No,0,None,ADHD
407,Non-Target,Yes,822,Commission,ADHD
408,Non-Target,No,0,None,ADHD
409,Non-Target,No,0,None,ADHD
410,Non-Target,Yes,632,Commission,ADHD
411,Non-Target,No,0,None,ADHD
412,Non-Target,No,0,None,ADHD
413,Non-Target,No,0,None,ADHD
414,Non-Target,No,0,None,ADHD
415,Target,Yes,795,None,ADHD
416,Target,Yes,990,None,ADHD
417,Target,Yes,738,None,ADHD
418,Non-Target,No,0,None,ADHD
419,Non-Target,No,0,None,ADHD
420,Non-Target,No,0,None,ADHD
421,Target,Yes,674,None,ADHD
422,Non-Target,Yes,756,Commission,ADHD
423,Non-Target,No,0,None,ADHD
424,Non-Target,Yes,738,Commission,ADHD
425,Non-Target,Yes,735,Commission,ADHD
426,Target,Yes,700,None,ADHD
427,Non-Target,No,0,None,ADHD
428,Non-Target,No,0,None,ADHD
429,Non-Target,No,0,None,ADHD
430,Non-Target,No,0,None,ADHD
431,Target,Yes,818,None,ADHD
432,Target,Yes,808,None,ADHD
433,Non-Target,No,0,None,ADHD
434,Non-Target,No,0,None,ADHD
435,Non-Target,No,0,None,ADHD
436,Non-Target,No,0,None,ADHD
437,Non-Target,Yes,559,Commission,ADHD
438,Non-Target,No,0,None,ADHD
439,Target,Yes,481,None,ADHD
440,Target,Yes,843,None,ADHD
441,Non-Target,No,0,None,ADHD
442,Target,Yes,687,None,ADHD
443,Non-Target,Yes,686,Commission,ADHD
444,Target,Yes,871,None,ADHD
445,Non-Target,No,0,None,ADHD
446,Non-Target,Yes,702,Commission,ADHD
447,Non-Target,No,0,None,ADHD
448,Target,Yes,731,None,ADHD
449,Non-Target,No,0,None,ADHD
450,Target,Yes,754,None,ADHD
451,Target,Yes,546,None,ADHD
452,Non-Target,No,0,None,ADHD
453,Target,Yes,594,None,ADHD
454,Target,Yes,778,None,ADHD
455,Non-Target,No,0,None,ADHD
456,Target,Yes,798,None,ADHD
457,Non-Target,No,0,None,ADHD
458,Non-Target,No,0,None,ADHD
459,Target,Yes,714,None,ADHD
460,Non-Target,Yes,671,Commission,ADHD
461,Target,Yes,823,None,ADHD
462,Non-Target,Yes,741,Commission,ADHD
463,Non-Target,No,0,None,ADHD
464,Target,No,0,Omission,ADHD
465,Non-Target,No,0,None,ADHD
466,Non-Target,No,0,None,ADHD
467,Target,Yes,753,None,ADHD
468,Target,No,0,Omission,ADHD
469,Non-Target,No,0,None,ADHD
470,Non-Target,No,0,None,ADHD
471,Non-Target,No,0,None,ADHD
472,Non-Target,No,0,None,ADHD
473,Non-Target,No,0,None,ADHD
474,Non-Target,No,0,None,ADHD
475,Non-Target,No,0,None,ADHD
476,Non-Target,No,0,None,ADHD
477,Non-Target,No,0,None,ADHD
478,Non-Target,No,0,None,ADHD
479,Non-Target,No,0,None,ADHD
480,Non-Target,No,0,None,ADHD
481,Target,Yes,730,None,ADHD
482,Target,No,0,Omission,ADHD
483,Non-Target,No,0,None,ADHD
484,Non-Target,No,0,None,ADHD
485,Non-Target,No,0,None,ADHD
486,Non-Target,No,0,None,ADHD
487,Non-Target,No,0,None,ADHD
488,Non-Target,No,0,None,ADHD
489,Non-Target,No,0,None,ADHD
490,Non-Target,No,0,None,ADHD
491,Target,No,0,Omission,ADHD
492,Non-Target,No,0,None,ADHD
493,Non-Target,No,0,None,ADHD
494,Non-Target,No,0,None,ADHD
495,Non-Target,No,0,None,ADHD
496,Non-Target,No,0,None,ADHD
497,Non-Target,No,0,None,ADHD
498,Non-Target,No,0,None,ADHD
499,Non-Target,No,0,None,ADHD
500,Non-Target,No,0,None,ADHD
501,Target,Yes,644,None,ADHD
502,Non-Target,No,0,None,ADHD
503,Target,Yes,736,None,ADHD
504,Non-Target,No,0,None,ADHD
505,Non-Target,No,0,None,ADHD
506,Non-Target,No,0,None,ADHD
507,Target,Yes,665,None,ADHD
508,Target,Yes,898,None,ADHD
509,Target,Yes,783,None,ADHD
510,Non-Target,Yes,706,Commission,ADHD
511,Target,Yes,511,None,ADHD
512,Non-Target,No,0,None,ADHD
513,Non-Target,No,0,None,ADHD
514,Target,Yes,546,None,ADHD
515,Target,Yes,733,None,ADHD
516,Non-Target,No,0,None,ADHD
517,Non-Target,No,0,None,ADHD
518,Target,Yes,801,None,ADHD
519,Target,Yes,668,None,ADHD
520,Non-Target,No,0,None,ADHD
521,Target,No,0,Omission,ADHD
522,Non-Target,Yes,520,Commission,ADHD
523,Non-Target,No,0,None,ADHD
524,Non-Target,Yes,743,Commission,ADHD
525,Non-Target,No,0,None,ADHD
526,Non-Target,No,0,None,ADHD
527,Target,Yes,812,None,ADHD
528,Non-Target,No,0,None,ADHD
529,Non-Target,No,0,None,ADHD
530,Non-Target,Yes,881,Commission,ADHD
531,Non-Target,No,0,None,ADHD
532,Target,Yes,658,None,ADHD
533,Target,Yes,540,None,ADHD
534,Target,Yes,736,None,ADHD
535,Non-Target,No,0,None,ADHD
536,Target,Yes,663,None,ADHD
537,Target,No,0,Omission,ADHD
538,Non-Target,No,0,None,ADHD
539,Non-Target,No,0,None,ADHD
540,Non-Target,No,0,None,ADHD
541,Target,No,0,Omission,ADHD
542,Non-Target,No,0,None,ADHD
543,Non-Target,No,0,None,ADHD
544,Non-Target,No,0,None,ADHD
545,Non-Target,No,0,None,ADHD
546,Target,No,0,Omission,ADHD
547,Non-Target,No,0,None,ADHD
548,Target,No,0,Omission,ADHD
549,Target,Yes,719,None,ADHD
550,Non-Target,Yes,919,Commission,ADHD
551,Non-Target,No,0,None,ADHD
552,Non-Target,No,0,None,ADHD
553,Non-Target,No,0,None,ADHD
554,Non-Target,No,0,None,ADHD
555,Non-Target,No,0,None,ADHD
556,Target,Yes,683,None,ADHD
557,Non-Target,No,0,None,ADHD
558,Target,Yes,780,None,ADHD
559,Non-Target,No,0,None,ADHD
560,Non-Target,Yes,842,Commission,ADHD
561,Non-Target,No,0,None,ADHD
562,Non-Target,No,0,None,ADHD
563,Non-Target,No,0,None,ADHD
564,Target,Yes,720,None,ADHD
565,Non-Target,No,0,None,ADHD
566,Non-Target,No,0,None,ADHD
567,Non-Target,No,0,None,ADHD
568,Non-Target,No,0,None,ADHD
569,Target,No,0,Omission,ADHD
570,Non-Target,No,0,None,ADHD
571,Non-Target,No,0,None,ADHD
572,Non-Target,No,0,None,ADHD
573,Non-Target,No,0,None,ADHD
574,Target,Yes,587,None,ADHD
575,Target,No,0,Omission,ADHD
576,Non-Target,No,0,None,ADHD
577,Target,Yes,706,None,ADHD
578,Non-Target,No,0,None,ADHD
579,Non-Target,No,0,None,ADHD
580,Non-Target,Yes,624,Commission,ADHD
581,Non-Target,No,0,None,ADHD
582,Non-Target,No,0,None,ADHD
583,Non-Target,Yes,797,Commission,ADHD
584,Target,Yes,984,None,ADHD
585,Non-Target,No,0,None,ADHD
586,Non-Target,No,0,None,ADHD
587,Non-Target,No,0,None,ADHD
588,Non-Target,No,0,None,ADHD
589,Non-Target,No,0,None,ADHD
590,Non-Target,No,0,None,ADHD
591,Non-Target,No,0,None,ADHD
592,Non-Target,No,0,None,ADHD
593,Non-Target,No,0,None,ADHD
594,Target,Yes,661,None,ADHD
595,Target,Yes,583,None,ADHD
596,Non-Target,No,0,None,ADHD
597,Non-Target,No,0,None,ADHD
598,Non-Target,No,0,None,ADHD
599,Target,Yes,729,None,ADHD
600,Target,Yes,877,None,ADHD
601,Non-Target,No,0,None,ADHD
602,Non-Target,No,0,None,ADHD
603,Target,Yes,864,None,ADHD
604,Non-Target,No,0,None,ADHD
605,Target,No,0,Omission,ADHD
606,Target,Yes,909,None,ADHD
607,Non-Target,No,0,None,ADHD
608,Non-Target,No,0,None,ADHD
609,Non-Target,No,0,None,ADHD
610,Non-Target,No,0,None,ADHD
611,Non-Target,No,0,None,ADHD
612,Non-Target,No,0,None,ADHD
613,Non-Target,No,0,None,ADHD
614,Non-Target,No,0,None,ADHD
615,Non-Target,Yes,771,Commission,ADHD
616,Non-Target,No,0,None,ADHD
617,Non-Target,Yes,923,Commission,ADHD
618,Non-Target,No,0,None,ADHD
619,Target,Yes,866,None,ADHD
620,Non-Target,No,0,None,ADHD
621,Target,Yes,660,None,ADHD
622,Target,Yes,806,None,ADHD
623,Non-Target,No,0,None,ADHD
624,Target,Yes,747,None,ADHD
625,Target,No,0,Omission,ADHD
626,Non-Target,No,0,None,ADHD
627,Non-Target,Yes,586,Commission,ADHD
628,Non-Target,No,0,None,ADHD
629,Non-Target,No,0,None,ADHD
630,Non-Target,No,0,None,ADHD
631,Target,Yes,739,None,ADHD
632,Non-Target,No,0,None,ADHD
633,Non-Target,No,0,None,ADHD
634,Target,Yes,438,None,ADHD
635,Non-Target,No,0,None,ADHD
636,Non-Target,No,0,None,ADHD
637,Non-Target,No,0,None,ADHD
638,Non-Target,No,0,None,ADHD
639,Non-Target,No,0,None,ADHD
640,Target,Yes,549,None,ADHD
641,Non-Target,No,0,None,ADHD
642,Non-Target,No,0,None,ADHD
643,Non-Target,No,0,None,ADHD
644,Non-Target,No,0,None,ADHD
645,Non-Target,No,0,None,ADHD
646,Non-Target,No,0,None,ADHD
647,Non-Target,No,0,None,ADHD
648,Target,Yes,775,None,ADHD
649,Target,Yes,877,None,ADHD
650,Target,Yes,857,None,ADHD
651,Non-Target,No,0,None,ADHD
652,Target,No,0,Omission,ADHD
653,Non-Target,No,0,None,ADHD
654,Non-Target,No,0,None,ADHD
655,Non-Target,No,0,None,ADHD
656,Non-Target,No,0,None,ADHD
657,Target,Yes,633,None,ADHD
658,Target,Yes,665,None,ADHD
659,Non-Target,No,0,None,ADHD
660,Target,Yes,754,None,ADHD
661,Target,Yes,716,None,ADHD
662,Target,No,0,Omission,ADHD
663,Non-Target,Yes,729,Commission,ADHD
664,Target,Yes,725,None,ADHD
665,Target,Yes,710,None,ADHD
666,Target,Yes,889,None,ADHD
667,Target,Yes,697,None,ADHD
668,Non-Target,No,0,None,ADHD
669,Non-Target,No,0,None,ADHD
670,Target,Yes,726,None,ADHD
671,Non-Target,No,0,None,ADHD
672,Non-Target,No,0,None,ADHD
673,Non-Target,No,0,None,ADHD
674,Target,Yes,649,None,ADHD
675,Non-Target,No,0,None,ADHD
676,Target,No,0,Omission,ADHD
677,Non-Target,No,0,None,ADHD
678,Non-Target,No,0,None,ADHD
679,Target,Yes,779,None,ADHD
680,Target,Yes,597,None,ADHD
681,Non-Target,No,0,None,ADHD
682,Non-Target,No,0,None,ADHD
683,Target,Yes,623,None,ADHD
684,Non-Target,No,0,None,ADHD
685,Non-Target,No,0,None,ADHD
686,Non-Target,No,0,None,ADHD
687,Non-Target,No,0,None,ADHD
688,Target,Yes,751,None,ADHD
689,Non-Target,No,0,None,ADHD
690,Target,Yes,848,None,ADHD
691,Non-Target,No,0,None,ADHD
692,Target,Yes,812,None,ADHD
693,Non-Target,No,0,None,ADHD
694,Target,No,0,Omission,ADHD
695,Target,Yes,777,None,ADHD
696,Non-Target,No,0,None,ADHD
697,Non-Target,No,0,None,ADHD
698,Non-Target,No,0,None,ADHD
699,Non-Target,No,0,None,ADHD
700,Target,Yes,581,None,ADHD
701,Non-Target,No,0,None,ADHD
702,Non-Target,No,0,None,ADHD
703,Non-Target,No,0,None,ADHD
704,Target,No,0,Omission,ADHD
705,Non-Target,No,0,None,ADHD
706,Non-Target,No,0,None,ADHD
707,Non-Target,No,0,None,ADHD
708,Target,Yes,716,None,ADHD
709,Target,Yes,614,None,ADHD
710,Target,No,0,Omission,ADHD
711,Non-Target,No,0,None,ADHD
712,Non-Target,No,0,None,ADHD
713,Target,Yes,813,None,ADHD
714,Non-Target,No,0,None,ADHD
715,Non-Target,Yes,856,Commission,ADHD
716,Target,Yes,709,None,ADHD
717,Non-Target,No,0,None,ADHD
718,Non-Target,No,0,None,ADHD
719,Non-Target,Yes,725,Commission,ADHD
720,Non-Target,No,0,None,ADHD
721,Target,Yes,598,None,ADHD
722,Non-Target,No,0,None,ADHD
723,Target,Yes,747,None,ADHD
724,Target,Yes,888,None,ADHD
725,Target,Yes,767,None,ADHD
726,Non-Target,No,0,None,ADHD
727,Non-Target,No,0,None,ADHD
728,Non-Target,No,0,None,ADHD
729,Non-Target,No,0,None,ADHD
730,Non-Target,No,0,None,ADHD
731,Non-Target,No,0,None,ADHD
732,Non-Target,No,0,None,ADHD
733,Non-Target,No,0,None,ADHD
734,Non-Target,No,0,None,ADHD
735,Non-Target,No,0,None,ADHD
736,Non-Target,No,0,None,ADHD
737,Non-Target,Yes,729,Commission,ADHD
738,Non-Target,No,0,None,ADHD
739,Non-Target,No,0,None,ADHD
740,Non-Target,No,0,None,ADHD
741,Target,Yes,726,None,ADHD
742,Non-Target,No,0,None,ADHD
743,Target,Yes,735,None,ADHD
744,Non-Target,No,0,None,ADHD
745,Non-Target,No,0,None,ADHD
746,Target,Yes,815,None,ADHD
747,Non-Target,No,0,None,ADHD
748,Non-Target,No,0,None,ADHD
749,Target,Yes,630,None,ADHD
750,Non-Target,No,0,None,ADHD
751,Non-Target,No,0,None,ADHD
752,Target,Yes,810,None,ADHD
753,Non-Target,No,0,None,ADHD
754,Target,Yes,729,None,ADHD
755,Non-Target,No,0,None,ADHD
756,Non-Target,No,0,None,ADHD
757,Non-Target,No,0,None,ADHD
758,Non-Target,No,0,None,ADHD
759,Target,Yes,769,None,ADHD
760,Target,Yes,793,None,ADHD
761,Non-Target,No,0,None,ADHD
762,Target,Yes,664,None,ADHD
763,Non-Target,Yes,656,Commission,ADHD
764,Non-Target,No,0,None,ADHD
765,Non-Target,No,0,None,ADHD
766,Non-Target,No,0,None,ADHD
767,Non-Target,No,0,None,ADHD
768,Target,No,0,Omission,ADHD
769,Non-Target,Yes,661,Commission,ADHD
770,Non-Target,No,0,None,ADHD
771,Non-Target,No,0,None,ADHD
772,Non-Target,No,0,None,ADHD
773,Non-Target,No,0,None,ADHD
774,Non-Target,No,0,None,ADHD
775,Non-Target,No,0,None,ADHD
776,Non-Target,No,0,None,ADHD
777,Target,Yes,819,None,ADHD
778,Non-Target,No,0,None,ADHD
779,Non-Target,No,0,None,ADHD
780,Target,No,0,Omission,ADHD
781,Non-Target,No,0,None,ADHD
782,Non-Target,No,0,None,ADHD
783,Non-Target,No,0,None,ADHD
784,Non-Target,No,0,None,ADHD
785,Target,Yes,780,None,ADHD
786,Non-Target,No,0,None,ADHD
787,Target,Yes,700,None,ADHD
788,Non-Target,No,0,None,ADHD
789,Target,No,0,Omission,ADHD
790,Non-Target,No,0,None,ADHD
791,Target,No,0,Omission,ADHD
792,Target,Yes,692,None,ADHD
793,Target,Yes,942,None,ADHD
794,Non-Target,No,0,None,ADHD
795,Non-Target,No,0,None,ADHD
796,Target,Yes,915,None,ADHD
797,Non-Target,No,0,None,ADHD
798,Non-Target,No,0,None,ADHD
799,Non-Target,No,0,None,ADHD
800,Target,Yes,653,None,ADHD
801,Non-Target,No,0,None,ADHD
802,Non-Target,Yes,758,Commission,ADHD
803,Target,Yes,906,None,ADHD
804,Target,No,0,Omission,ADHD
805,Non-Target,No,0,None,ADHD
806,Non-Target,No,0,None,ADHD
807,Non-Target,No,0,None,ADHD
808,Target,No,0,Omission,ADHD
809,Non-Target,No,0,None,ADHD
810,Target,Yes,725,None,ADHD
811,Non-Target,No,0,None,ADHD
812,Non-Target,No,0,None,ADHD
813,Non-Target,No,0,None,ADHD
814,Non-Target,No,0,None,ADHD
815,Non-Target,No,0,None,ADHD
816,Target,Yes,736,None,ADHD
817,Non-Target,No,0,None,ADHD
818,Non-Target,No,0,None,ADHD
819,Target,Yes,588,None,ADHD
820,Target,No,0,Omission,ADHD
821,Non-Target,No,0,None,ADHD
822,Non-Target,No,0,None,ADHD
823,Non-Target,No,0,None,ADHD
824,Non-Target,No,0,None,ADHD
825,Target,Yes,925,None,ADHD
826,Target,Yes,748,None,ADHD
827,Non-Target,No,0,None,ADHD
828,Non-Target,No,0,None,ADHD
829,Non-Target,No,0,None,ADHD
830,Non-Target,No,0,None,ADHD
831,Target,Yes,728,None,ADHD
832,Non-Target,Yes,571,Commission,ADHD
833,Non-Target,No,0,None,ADHD
834,Target,No,0,Omission,ADHD
835,Non-Target,No,0,None,ADHD
836,Non-Target,No,0,None,ADHD
837,Non-Target,No,0,None,ADHD
838,Non-Target,Yes,852,Commission,ADHD
839,Target,Yes,747,None,ADHD
840,Non-Target,No,0,None,ADHD
841,Non-Target,Yes,678,Commission,ADHD
842,Non-Target,No,0,None,ADHD
843,Target,Yes,735,None,ADHD
844,Non-Target,No,0,None,ADHD
845,Non-Target,No,0,None,ADHD
846,Non-Target,No,0,None,ADHD
847,Non-Target,No,0,None,ADHD
848,Non-Target,No,0,None,ADHD
849,Non-Target,No,0,None,ADHD
850,Target,Yes,615,None,ADHD
851,Non-Target,No,0,None,ADHD
852,Target,No,0,Omission,ADHD
853,Target,Yes,786,None,ADHD
854,Target,Yes,724,None,ADHD
855,Target,No,0,Omission,ADHD
856,Non-Target,No,0,None,ADHD
857,Non-Target,No,0,None,ADHD
858,Non-Target,No,0,None,ADHD
859,Target,Yes,879,None,ADHD
860,Non-Target,Yes,635,Commission,ADHD
861,Target,No,0,Omission,ADHD
862,Non-Target,Yes,722,Commission,ADHD
863,Non-Target,No,0,None,ADHD
864,Non-Target,No,0,None,ADHD
865,Target,Yes,666,None,ADHD
866,Non-Target,No,0,None,ADHD
867,Non-Target,No,0,None,ADHD
868,Non-Target,No,0,None,ADHD
869,Non-Target,Yes,822,Commission,ADHD
870,Target,Yes,639,None,ADHD
871,Non-Target,No,0,None,ADHD
872,Target,Yes,866,None,ADHD
873,Non-Target,No,0,None,ADHD
874,Non-Target,No,0,None,ADHD
875,Non-Target,No,0,None,ADHD
876,Target,Yes,724,None,ADHD
877,Non-Target,No,0,None,ADHD
878,Target,Yes,833,None,ADHD
879,Target,No,0,Omission,ADHD
880,Non-Target,No,0,None,ADHD
881,Target,Yes,549,None,ADHD
882,Non-Target,No,0,None,ADHD
883,Non-Target,Yes,754,Commission,ADHD
884,Non-Target,Yes,691,Commission,ADHD
885,Non-Target,No,0,None,ADHD
886,Non-Target,No,0,None,ADHD
887,Non-Target,No,0,None,ADHD
888,Non-Target,No,0,None,ADHD
889,Non-Target,Yes,652,Commission,ADHD
890,Non-Target,No,0,None,ADHD
891,Non-Target,No,0,None,ADHD
892,Non-Target,No,0,None,ADHD
893,Non-Target,Yes,615,Commission,ADHD
894,Non-Target,No,0,None,ADHD
895,Non-Target,No,0,None,ADHD
896,Target,Yes,797,None,ADHD
897,Non-Target,No,0,None,ADHD
898,Non-Target,No,0,None,ADHD
899,Target,Yes,691,None,ADHD
900,Non-Target,No,0,None,ADHD
901,Non-Target,No,0,None,ADHD
902,Non-Target,No,0,None,ADHD
903,Non-Target,No,0,None,ADHD
904,Non-Target,No,0,None,ADHD
905,Non-Target,No,0,None,ADHD
906,Non-Target,No,0,None,ADHD
907,Non-Target,No,0,None,ADHD
908,Non-Target,No,0,None,ADHD
909,Non-Target,No,0,None,ADHD
910,Target,Yes,659,None,ADHD
911,Non-Target,No,0,None,ADHD
912,Target,Yes,870,None,ADHD
913,Non-Target,No,0,None,ADHD
914,Target,Yes,750,None,ADHD
915,Non-Target,No,0,None,ADHD
916,Non-Target,No,0,None,ADHD
917,Non-Target,Yes,858,Commission,ADHD
918,Target,Yes,758,None,ADHD
919,Non-Target,No,0,None,ADHD
920,Non-Target,No,0,None,ADHD
921,Non-Target,No,0,None,ADHD
922,Non-Target,No,0,None,ADHD
923,Target,Yes,781,None,ADHD
924,Non-Target,Yes,1016,Commission,ADHD
925,Non-Target,Yes,705,Commission,ADHD
926,Non-Target,No,0,None,ADHD
927,Non-Target,No,0,None,ADHD
928,Target,Yes,738,None,ADHD
929,Non-Target,No,0,None,ADHD
930,Target,No,0,Omission,ADHD
931,Target,Yes,524,None,ADHD
932,Non-Target,No,0,None,ADHD
933,Non-Target,No,0,None,ADHD
934,Target,No,0,Omission,ADHD
935,Non-Target,No,0,None,ADHD
936,Non-Target,No,0,None,ADHD
937,Target,Yes,731,None,ADHD
938,Target,Yes,668,None,ADHD
939,Target,Yes,749,None,ADHD
940,Non-Target,No,0,None,ADHD
941,Non-Target,No,0,None,ADHD
942,Non-Target,No,0,None,ADHD
943,Non-Target,No,0,None,ADHD
944,Non-Target,No,0,None,ADHD
945,Target,Yes,847,None,ADHD
946,Target,Yes,711,None,ADHD
947,Target,No,0,Omission,ADHD
948,Non-Target,Yes,683,Commission,ADHD
949,Target,Yes,511,None,ADHD
950,Non-Target,Yes,638,Commission,ADHD
951,Non-Target,No,0,None,ADHD
952,Target,No,0,Omission,ADHD
953,Non-Target,No,0,None,ADHD
954,Non-Target,No,0,None,ADHD
955,Non-Target,No,0,None,ADHD
956,Non-Target,No,0,None,ADHD
957,Non-Target,No,0,None,ADHD
958,Non-Target,No,0,None,ADHD
959,Non-Target,No,0,None,ADHD
960,Non-Target,No,0,None,ADHD
961,Non-Target,No,0,None,ADHD
962,Non-Target,No,0,None,ADHD
963,Non-Target,No,0,None,ADHD
964,Non-Target,No,0,None,ADHD
965,Non-Target,No,0,None,ADHD
966,Target,Yes,752,None,ADHD
967,Non-Target,No,0,None,ADHD
968,Non-Target,Yes,847,Commission,ADHD
969,Non-Target,No,0,None,ADHD
970,Non-Target,No,0,None,ADHD
971,Non-Target,Yes,625,Commission,ADHD
972,Non-Target,No,0,None,ADHD
973,Non-Target,No,0,None,ADHD
974,Non-Target,No,0,None,ADHD
975,Non-Target,No,0,None,ADHD
976,Non-Target,No,0,None,ADHD
977,Non-Target,No,0,None,ADHD
978,Target,No,0,Omission,ADHD
979,Non-Target,No,0,None,ADHD
980,Non-Target,No,0,None,ADHD
981,Non-Target,No,0,None,ADHD
982,Non-Target,Yes,888,Commission,ADHD
983,Non-Target,No,0,None,ADHD
984,Target,Yes,689,None,ADHD
985,Non-Target,No,0,None,ADHD
986,Non-Target,No,0,None,ADHD
987,Non-Target,No,0,None,ADHD
988,Non-Target,No,0,None,ADHD
989,Target,No,0,Omission,ADHD
990,Non-Target,No,0,None,ADHD
991,Target,No,0,Omission,ADHD
992,Non-Target,No,0,None,ADHD
993,Non-Target,No,0,None,ADHD
994,Target,Yes,784,None,ADHD
995,Non-Target,No,0,None,ADHD
996,Target,Yes,955,None,ADHD
997,Non-Target,No,0,None,ADHD
998,Non-Target,Yes,737,Commission,ADHD
999,Target,Yes,780,None,ADHD
1000,Non-Target,No,0,None,ADHD
1001,Non-Target,No,0,None,ADHD
1002,Non-Target,No,0,None,ADHD
1003,Target,Yes,786,None,ADHD
1004,Non-Target,No,0,None,ADHD
1005,Target,No,0,Omission,ADHD
1006,Non-Target,No,0,None,ADHD
1007,Non-Target,No,0,None,ADHD
1008,Target,Yes,645,None,ADHD
1009,Target,Yes,764,None,ADHD
1010,Target,Yes,736,None,ADHD
1011,Non-Target,No,0,None,ADHD
1012,Non-Target,No,0,None,ADHD
1013,Non-Target,No,0,None,ADHD
1014,Non-Target,No,0,None,ADHD
1015,Non-Target,No,0,None,ADHD
1016,Non-Target,No,0,None,ADHD
1017,Non-Target,No,0,None,ADHD
1018,Non-Target,No,0,None,ADHD
1019,Non-Target,No,0,None,ADHD
1020,Non-Target,Yes,745,Commission,ADHD
1021,Non-Target,Yes,791,Commission,ADHD
1022,Non-Target,No,0,None,ADHD
1023,Non-Target,No,0,None,ADHD
1024,Target,Yes,783,None,ADHD
1025,Non-Target,No,0,None,ADHD
1026,Target,Yes,689,None,ADHD
1027,Target,Yes,604,None,ADHD
1028,Non-Target,No,0,None,ADHD
1029,Non-Target,No,0,None,ADHD
1030,Non-Target,No,0,None,ADHD
1031,Non-Target,No,0,None,ADHD
1032,Target,Yes,716,None,ADHD
1033,Non-Target,No,0,None,ADHD
1034,Target,Yes,714,None,ADHD
1035,Target,Yes,794,None,ADHD
1036,Non-Target,No,0,None,ADHD
1037,Non-Target,Yes,687,Commission,ADHD
1038,Non-Target,No,0,None,ADHD
1039,Non-Target,No,0,None,ADHD
1040,Target,Yes,703,None,ADHD
1041,Non-Target,No,0,None,ADHD
1042,Non-Target,Yes,790,Commission,ADHD
1043,Non-Target,No,0,None,ADHD
1044,Non-Target,No,0,None,ADHD
1045,Non-Target,No,0,None,ADHD
1046,Non-Target,Yes,811,Commission,ADHD
1047,Non-Target,No,0,None,ADHD
1048,Non-Target,No,0,None,ADHD
1049,Non-Target,No,0,None,ADHD
1050,Target,Yes,842,None,ADHD
1051,Non-Target,No,0,None,ADHD
1052,Non-Target,Yes,619,Commission,ADHD
1053,Non-Target,No,0,None,ADHD
1054,Target,Yes,777,None,ADHD
1055,Non-Target,No,0,None,ADHD
1056,Target,No,0,Omission,ADHD
1057,Non-Target,No,0,None,ADHD
1058,Non-Target,No,0,None,ADHD
1059,Non-Target,No,0,None,ADHD
1060,Non-Target,No,0,None,ADHD
1061,Target,Yes,618,None,ADHD
1062,Non-Target,No,0,None,ADHD
1063,Non-Target,No,0,None,ADHD
1064,Non-Target,Yes,861,Commission,ADHD
1065,Non-Target,No,0,None,ADHD
1066,Non-Target,No,0,None,ADHD
1067,Target,Yes,561,None,ADHD
1068,Target,Yes,854,None,ADHD
1069,Non-Target,No,0,None,ADHD
1070,Target,No,0,Omission,ADHD
1071,Target,Yes,677,None,ADHD
1072,Non-Target,No,0,None,ADHD
1073,Non-Target,No,0,None,ADHD
1074,Target,No,0,Omission,ADHD
1075,Non-Target,No,0,None,ADHD
1076,Non-Target,No,0,None,ADHD
1077,Non-Target,No,0,None,ADHD
1078,Non-Target,No,0,None,ADHD
1079,Non-Target,No,0,None,ADHD
1080,Non-Target,No,0,None,ADHD
1081,Non-Target,No,0,None,ADHD
1082,Non-Target,No,0,None,ADHD
1083,Non-Target,Yes,677,Commission,ADHD
1084,Non-Target,No,0,None,ADHD
1085,Non-Target,No,0,None,ADHD
1086,Non-Target,No,0,None,ADHD
1087,Non-Target,No,0,None,ADHD
1088,Target,Yes,915,None,ADHD
1089,Target,Yes,673,None,ADHD
1090,Non-Target,No,0,None,ADHD
1091,Non-Target,No,0,None,ADHD
1092,Non-Target,No,0,None,ADHD
1093,Non-Target,No,0,None,ADHD
1094,Non-Target,No,0,None,ADHD
1095,Non-Target,No,0,None,ADHD
1096,Target,Yes,734,None,ADHD
1097,Target,No,0,Omission,ADHD
1098,Non-Target,Yes,724,Commission,ADHD
1099,Non-Target,No,0,None,ADHD
1100,Non-Target,No,0,None,ADHD
1101,Target,Yes,716,None,ADHD
1102,Non-Target,Yes,577,Commission,ADHD
1103,Target,Yes,762,None,ADHD
1104,Non-Target,No,0,None,ADHD
1105,Non-Target,No,0,None,ADHD
1106,Target,Yes,692,None,ADHD
1107,Non-Target,No,0,None,ADHD
1108,Non-Target,No,0,None,ADHD
1109,Non-Target,No,0,None,ADHD
1110,Non-Target,Yes,706,Commission,ADHD
1111,Non-Target,No,0,None,ADHD
1112,Target,Yes,400,None,ADHD
1113,Target,Yes,870,None,ADHD
1114,Target,No,0,Omission,ADHD
1115,Non-Target,No,0,None,ADHD
1116,Target,Yes,785,None,ADHD
1117,Non-Target,No,0,None,ADHD
1118,Target,Yes,696,None,ADHD
1119,Non-Target,No,0,None,ADHD
1120,Non-Target,No,0,None,ADHD
1121,Non-Target,No,0,None,ADHD
1122,Non-Target,No,0,None,ADHD
1123,Target,No,0,Omission,ADHD
1124,Target,No,0,Omission,ADHD
1125,Non-Target,No,0,None,ADHD
1126,Non-Target,No,0,None,ADHD
1127,Target,Yes,755,None,ADHD
1128,Target,Yes,752,None,ADHD
1129,Non-Target,No,0,None,ADHD
1130,Non-Target,No,0,None,ADHD
1131,Non-Target,No,0,None,ADHD
1132,Target,Yes,736,None,ADHD
1133,Non-Target,No,0,None,ADHD
1134,Non-Target,Yes,864,Commission,ADHD
1135,Non-Target,No,0,None,ADHD
1136,Non-Target,No,0,None,ADHD
1137,Non-Target,No,0,None,ADHD
1138,Non-Target,No,0,None,ADHD
1139,Non-Target,Yes,765,Commission,ADHD
1140,Non-Target,No,0,None,ADHD
1141,Non-Target,No,0,None,ADHD
1142,Non-Target,Yes,712,Commission,ADHD
1143,Target,Yes,776,None,ADHD
1144,Non-Target,No,0,None,ADHD
1145,Non-Target,No,0,None,ADHD
1146,Non-Target,No,0,None,ADHD
1147,Non-Target,No,0,None,ADHD
1148,Non-Target,No,0,None,ADHD
1149,Target,Yes,920,None,ADHD
1150,Target,Yes,691,None,ADHD
1151,Non-Target,No,0,None,ADHD
1152,Non-Target,No,0,None,ADHD
1153,Target,Yes,804,None,ADHD
1154,Non-Target,No,0,None,ADHD
1155,Non-Target,No,0,None,ADHD
1156,Non-Target,No,0,None,ADHD
1157,Target,Yes,652,None,ADHD
1158,Target,Yes,674,None,ADHD
1159,Non-Target,No,0,None,ADHD
1160,Target,Yes,694,None,ADHD
1161,Target,Yes,758,None,ADHD
1162,Non-Target,No,0,None,ADHD
1163,Non-Target,No,0,None,ADHD
1164,Non-Target,No,0,None,ADHD
1165,Non-Target,No,0,None,ADHD
1166,Non-Target,No,0,None,ADHD
1167,Non-Target,No,0,None,ADHD
1168,Target,Yes,679,None,ADHD
1169,Non-Target,No,0,None,ADHD
1170,Non-Target,No,0,None,ADHD
1171,Target,Yes,642,None,ADHD
1172,Target,Yes,758,None,ADHD
1173,Target,Yes,491,None,ADHD
1174,Non-Target,No,0,None,ADHD
1175,Non-Target,No,0,None,ADHD
1176,Target,No,0,Omission,ADHD
1177,Non-Target,No,0,None,ADHD
1178,Target,Yes,830,None,ADHD
1179,Non-Target,No,0,None,ADHD
1180,Non-Target,No,0,None,ADHD
1181,Non-Target,No,0,None,ADHD
1182,Non-Target,No,0,None,ADHD
1183,Non-Target,No,0,None,ADHD
1184,Target,Yes,712,None,ADHD
1185,Non-Target,No,0,None,ADHD
1186,Non-Target,No,0,None,ADHD
1187,Non-Target,Yes,648,Commission,ADHD
1188,Non-Target,Yes,753,Commission,ADHD
1189,Non-Target,No,0,None,ADHD
1190,Non-Target,No,0,None,ADHD
1191,Non-Target,No,0,None,ADHD
1192,Target,Yes,673,None,ADHD
1193,Target,Yes,800,None,ADHD
1194,Non-Target,Yes,937,Commission,ADHD
1195,Non-Target,Yes,873,Commission,ADHD
1196,Non-Target,No,0,None,ADHD
1197,Target,No,0,Omission,ADHD
1198,Non-Target,Yes,913,Commission,ADHD
1199,Target,Yes,757,None,ADHD
1200,Target,Yes,722,None,ADHD
