Trial,StimulusType,Reaction,ReactionTime(ms),ErrorType,Label
1,Non-Target,No,0,None,ADHD
2,Target,No,0,Omission,ADHD
3,Non-Target,No,0,None,ADHD
4,Target,Yes,619,None,ADHD
5,Non-Target,No,0,None,ADHD
6,Non-Target,No,0,None,ADHD
7,Non-Target,No,0,None,ADHD
8,Target,Yes,800,None,ADHD
9,Non-Target,No,0,None,ADHD
10,Non-Target,No,0,None,ADHD
11,Non-Target,No,0,None,ADHD
12,Non-Target,No,0,None,ADHD
13,Target,Yes,196,None,ADHD
14,Target,Yes,525,None,ADHD
15,Non-Target,No,0,None,ADHD
16,Target,No,0,Omission,ADHD
17,Non-Target,No,0,None,ADHD
18,Target,Yes,602,None,ADHD
19,Target,Yes,889,None,ADHD
20,Non-Target,No,0,None,ADHD
21,Target,No,0,Omission,ADHD
22,Target,Yes,736,None,ADHD
23,Non-Target,No,0,None,ADHD
24,Target,Yes,603,None,ADHD
25,Non-Target,Yes,611,Commission,ADHD
26,Non-Target,No,0,None,ADHD
27,Non-Target,No,0,None,ADHD
28,Target,Yes,607,None,ADHD
29,Non-Target,No,0,None,ADHD
30,Target,Yes,921,None,ADHD
31,Non-Target,No,0,None,ADHD
32,Non-Target,No,0,None,ADHD
33,Non-Target,No,0,None,ADHD
34,Non-Target,No,0,None,ADHD
35,Non-Target,No,0,None,ADHD
36,Target,Yes,489,None,ADHD
37,Target,Yes,598,None,ADHD
38,Non-Target,No,0,None,ADHD
39,Non-Target,No,0,None,ADHD
40,Non-Target,No,0,None,ADHD
41,Non-Target,No,0,None,ADHD
42,Non-Target,No,0,None,ADHD
43,Target,Yes,561,None,ADHD
44,Non-Target,No,0,None,ADHD
45,Non-Target,No,0,None,ADHD
46,Non-Target,Yes,758,Commission,ADHD
47,Non-Target,No,0,None,ADHD
48,Non-Target,No,0,None,ADHD
49,Non-Target,No,0,None,ADHD
50,Non-Target,No,0,None,ADHD
51,Non-Target,No,0,None,ADHD
52,Non-Target,No,0,None,ADHD
53,Non-Target,No,0,None,ADHD
54,Target,Yes,498,None,ADHD
55,Non-Target,No,0,None,ADHD
56,Non-Target,Yes,621,Commission,ADHD
57,Non-Target,No,0,None,ADHD
58,Target,No,0,Omission,ADHD
59,Non-Target,No,0,None,ADHD
60,Non-Target,No,0,None,ADHD
61,Target,No,0,Omission,ADHD
62,Non-Target,No,0,None,ADHD
63,Target,Yes,418,None,ADHD
64,Non-Target,No,0,None,ADHD
65,Non-Target,No,0,None,ADHD
66,Target,Yes,551,None,ADHD
67,Non-Target,No,0,None,ADHD
68,Non-Target,No,0,None,ADHD
69,Target,Yes,563,None,ADHD
70,Target,Yes,662,None,ADHD
71,Non-Target,No,0,None,ADHD
72,Target,Yes,456,None,ADHD
73,Non-Target,No,0,None,ADHD
74,Non-Target,No,0,None,ADHD
75,Target,Yes,768,None,ADHD
76,Non-Target,No,0,None,ADHD
77,Non-Target,No,0,None,ADHD
78,Target,Yes,708,None,ADHD
79,Non-Target,No,0,None,ADHD
80,Non-Target,No,0,None,ADHD
81,Non-Target,No,0,None,ADHD
82,Target,Yes,890,None,ADHD
83,Non-Target,No,0,None,ADHD
84,Non-Target,No,0,None,ADHD
85,Target,Yes,651,None,ADHD
86,Target,No,0,Omission,ADHD
87,Non-Target,No,0,None,ADHD
88,Non-Target,Yes,681,Commission,ADHD
89,Non-Target,No,0,None,ADHD
90,Non-Target,No,0,None,ADHD
91,Target,No,0,Omission,ADHD
92,Non-Target,No,0,None,ADHD
93,Non-Target,No,0,None,ADHD
94,Target,Yes,582,None,ADHD
95,Target,Yes,593,None,ADHD
96,Non-Target,No,0,None,ADHD
97,Non-Target,No,0,None,ADHD
98,Target,Yes,368,None,ADHD
99,Target,Yes,763,None,ADHD
100,Non-Target,No,0,None,ADHD
101,Non-Target,No,0,None,ADHD
102,Non-Target,No,0,None,ADHD
103,Non-Target,No,0,None,ADHD
104,Target,No,0,Omission,ADHD
105,Non-Target,No,0,None,ADHD
106,Target,Yes,660,None,ADHD
107,Non-Target,No,0,None,ADHD
108,Target,Yes,758,None,ADHD
109,Non-Target,Yes,672,Commission,ADHD
110,Target,Yes,796,None,ADHD
111,Target,Yes,737,None,ADHD
112,Non-Target,No,0,None,ADHD
113,Non-Target,No,0,None,ADHD
114,Non-Target,No,0,None,ADHD
115,Non-Target,No,0,None,ADHD
116,Target,Yes,658,None,ADHD
117,Non-Target,No,0,None,ADHD
118,Target,Yes,679,None,ADHD
119,Target,No,0,Omission,ADHD
120,Non-Target,No,0,None,ADHD
121,Target,Yes,575,None,ADHD
122,Non-Target,No,0,None,ADHD
123,Non-Target,No,0,None,ADHD
124,Non-Target,No,0,None,ADHD
125,Non-Target,No,0,None,ADHD
126,Non-Target,Yes,651,Commission,ADHD
127,Target,Yes,661,None,ADHD
128,Non-Target,Yes,950,Commission,ADHD
129,Non-Target,No,0,None,ADHD
130,Target,No,0,Omission,ADHD
131,Target,No,0,Omission,ADHD
132,Target,Yes,864,None,ADHD
133,Non-Target,No,0,None,ADHD
134,Non-Target,No,0,None,ADHD
135,Target,No,0,Omission,ADHD
136,Non-Target,Yes,713,Commission,ADHD
137,Target,Yes,475,None,ADHD
138,Non-Target,No,0,None,ADHD
139,Target,Yes,583,None,ADHD
140,Target,Yes,800,None,ADHD
141,Non-Target,No,0,None,ADHD
142,Non-Target,No,0,None,ADHD
143,Non-Target,No,0,None,ADHD
144,Target,No,0,Omission,ADHD
145,Non-Target,No,0,None,ADHD
146,Non-Target,Yes,750,Commission,ADHD
147,Non-Target,No,0,None,ADHD
148,Target,No,0,Omission,ADHD
149,Non-Target,No,0,None,ADHD
150,Target,No,0,Omission,ADHD
151,Non-Target,Yes,937,Commission,ADHD
152,Non-Target,No,0,None,ADHD
153,Non-Target,Yes,737,Commission,ADHD
154,Non-Target,Yes,573,Commission,ADHD
155,Target,Yes,548,None,ADHD
156,Non-Target,No,0,None,ADHD
157,Non-Target,Yes,581,Commission,ADHD
158,Target,Yes,1091,None,ADHD
159,Non-Target,No,0,None,ADHD
160,Non-Target,No,0,None,ADHD
161,Non-Target,No,0,None,ADHD
162,Non-Target,No,0,None,ADHD
163,Non-Target,No,0,None,ADHD
164,Target,Yes,468,None,ADHD
165,Non-Target,No,0,None,ADHD
166,Non-Target,No,0,None,ADHD
167,Non-Target,No,0,None,ADHD
168,Target,Yes,671,None,ADHD
169,Non-Target,No,0,None,ADHD
170,Non-Target,Yes,674,Commission,ADHD
171,Non-Target,No,0,None,ADHD
172,Non-Target,No,0,None,ADHD
173,Non-Target,No,0,None,ADHD
174,Target,Yes,735,None,ADHD
175,Non-Target,No,0,None,ADHD
176,Non-Target,No,0,None,ADHD
177,Target,Yes,946,None,ADHD
178,Target,No,0,Omission,ADHD
179,Target,Yes,534,None,ADHD
180,Non-Target,No,0,None,ADHD
181,Non-Target,Yes,498,Commission,ADHD
182,Non-Target,No,0,None,ADHD
183,Non-Target,No,0,None,ADHD
184,Non-Target,No,0,None,ADHD
185,Non-Target,No,0,None,ADHD
186,Non-Target,No,0,None,ADHD
187,Non-Target,No,0,None,ADHD
188,Non-Target,No,0,None,ADHD
189,Target,Yes,691,None,ADHD
190,Non-Target,No,0,None,ADHD
191,Target,Yes,724,None,ADHD
192,Non-Target,No,0,None,ADHD
193,Target,Yes,795,None,ADHD
194,Non-Target,No,0,None,ADHD
195,Non-Target,No,0,None,ADHD
196,Non-Target,No,0,None,ADHD
197,Target,Yes,556,None,ADHD
198,Non-Target,No,0,None,ADHD
199,Target,Yes,755,None,ADHD
200,Non-Target,No,0,None,ADHD
201,Non-Target,No,0,None,ADHD
202,Non-Target,No,0,None,ADHD
203,Non-Target,No,0,None,ADHD
204,Non-Target,No,0,None,ADHD
205,Target,Yes,719,None,ADHD
206,Non-Target,No,0,None,ADHD
207,Non-Target,No,0,None,ADHD
208,Target,Yes,519,None,ADHD
209,Non-Target,No,0,None,ADHD
210,Non-Target,No,0,None,ADHD
211,Non-Target,No,0,None,ADHD
212,Target,Yes,586,None,ADHD
213,Non-Target,No,0,None,ADHD
214,Target,Yes,757,None,ADHD
215,Target,Yes,655,None,ADHD
216,Non-Target,No,0,None,ADHD
217,Non-Target,No,0,None,ADHD
218,Non-Target,No,0,None,ADHD
219,Non-Target,No,0,None,ADHD
220,Target,Yes,692,None,ADHD
221,Non-Target,No,0,None,ADHD
222,Non-Target,No,0,None,ADHD
223,Non-Target,No,0,None,ADHD
224,Non-Target,No,0,None,ADHD
225,Target,Yes,672,None,ADHD
226,Non-Target,No,0,None,ADHD
227,Target,Yes,729,None,ADHD
228,Non-Target,Yes,828,Commission,ADHD
229,Non-Target,No,0,None,ADHD
230,Non-Target,Yes,664,Commission,ADHD
231,Non-Target,No,0,None,ADHD
232,Non-Target,No,0,None,ADHD
233,Non-Target,No,0,None,ADHD
234,Target,No,0,Omission,ADHD
235,Non-Target,No,0,None,ADHD
236,Non-Target,No,0,None,ADHD
237,Non-Target,No,0,None,ADHD
238,Non-Target,No,0,None,ADHD
239,Non-Target,No,0,None,ADHD
240,Non-Target,No,0,None,ADHD
241,Non-Target,No,0,None,ADHD
242,Target,Yes,802,None,ADHD
243,Non-Target,No,0,None,ADHD
244,Target,Yes,805,None,ADHD
245,Non-Target,No,0,None,ADHD
246,Non-Target,No,0,None,ADHD
247,Target,Yes,953,None,ADHD
248,Non-Target,No,0,None,ADHD
249,Target,No,0,Omission,ADHD
250,Non-Target,No,0,None,ADHD
251,Non-Target,No,0,None,ADHD
252,Non-Target,No,0,None,ADHD
253,Non-Target,No,0,None,ADHD
254,Non-Target,No,0,None,ADHD
255,Non-Target,No,0,None,ADHD
256,Non-Target,No,0,None,ADHD
257,Target,Yes,400,None,ADHD
258,Target,No,0,Omission,ADHD
259,Non-Target,No,0,None,ADHD
260,Non-Target,No,0,None,ADHD
261,Target,No,0,Omission,ADHD
262,Non-Target,No,0,None,ADHD
263,Non-Target,No,0,None,ADHD
264,Non-Target,No,0,None,ADHD
265,Non-Target,No,0,None,ADHD
266,Non-Target,No,0,None,ADHD
267,Non-Target,Yes,842,Commission,ADHD
268,Target,Yes,434,None,ADHD
269,Non-Target,No,0,None,ADHD
270,Non-Target,No,0,None,ADHD
271,Non-Target,Yes,436,Commission,ADHD
272,Non-Target,No,0,None,ADHD
273,Non-Target,No,0,None,ADHD
274,Non-Target,No,0,None,ADHD
275,Non-Target,Yes,718,Commission,ADHD
276,Non-Target,No,0,None,ADHD
277,Non-Target,No,0,None,ADHD
278,Non-Target,No,0,None,ADHD
279,Non-Target,No,0,None,ADHD
280,Non-Target,No,0,None,ADHD
281,Non-Target,No,0,None,ADHD
282,Non-Target,No,0,None,ADHD
283,Non-Target,No,0,None,ADHD
284,Non-Target,No,0,None,ADHD
285,Non-Target,No,0,None,ADHD
286,Non-Target,No,0,None,ADHD
287,Target,No,0,Omission,ADHD
288,Non-Target,No,0,None,ADHD
289,Non-Target,No,0,None,ADHD
290,Target,No,0,Omission,ADHD
291,Non-Target,No,0,None,ADHD
292,Non-Target,No,0,None,ADHD
293,Non-Target,No,0,None,ADHD
294,Target,No,0,Omission,ADHD
295,Non-Target,No,0,None,ADHD
296,Non-Target,Yes,662,Commission,ADHD
297,Non-Target,No,0,None,ADHD
298,Non-Target,Yes,863,Commission,ADHD
299,Non-Target,Yes,728,Commission,ADHD
300,Non-Target,No,0,None,ADHD
301,Non-Target,No,0,None,ADHD
302,Non-Target,No,0,None,ADHD
303,Non-Target,No,0,None,ADHD
304,Target,Yes,537,None,ADHD
305,Non-Target,No,0,None,ADHD
306,Non-Target,No,0,None,ADHD
307,Non-Target,No,0,None,ADHD
308,Non-Target,Yes,822,Commission,ADHD
309,Non-Target,Yes,425,Commission,ADHD
310,Non-Target,No,0,None,ADHD
311,Non-Target,No,0,None,ADHD
312,Non-Target,No,0,None,ADHD
313,Non-Target,No,0,None,ADHD
314,Non-Target,Yes,816,Commission,ADHD
315,Non-Target,No,0,None,ADHD
316,Non-Target,No,0,None,ADHD
317,Non-Target,No,0,None,ADHD
318,Non-Target,No,0,None,ADHD
319,Non-Target,No,0,None,ADHD
320,Non-Target,No,0,None,ADHD
321,Target,Yes,716,None,ADHD
322,Non-Target,No,0,None,ADHD
323,Non-Target,No,0,None,ADHD
324,Non-Target,No,0,None,ADHD
325,Non-Target,No,0,None,ADHD
326,Non-Target,No,0,None,ADHD
327,Non-Target,No,0,None,ADHD
328,Non-Target,No,0,None,ADHD
329,Non-Target,No,0,None,ADHD
330,Target,Yes,734,None,ADHD
331,Non-Target,Yes,824,Commission,ADHD
332,Non-Target,No,0,None,ADHD
333,Non-Target,No,0,None,ADHD
334,Non-Target,No,0,None,ADHD
335,Target,Yes,840,None,ADHD
336,Non-Target,No,0,None,ADHD
337,Non-Target,No,0,None,ADHD
338,Non-Target,No,0,None,ADHD
339,Non-Target,No,0,None,ADHD
340,Non-Target,Yes,864,Commission,ADHD
341,Non-Target,No,0,None,ADHD
342,Non-Target,No,0,None,ADHD
343,Target,Yes,420,None,ADHD
344,Non-Target,No,0,None,ADHD
345,Non-Target,No,0,None,ADHD
346,Non-Target,No,0,None,ADHD
347,Non-Target,No,0,None,ADHD
348,Target,Yes,680,None,ADHD
349,Non-Target,No,0,None,ADHD
350,Non-Target,No,0,None,ADHD
351,Non-Target,No,0,None,ADHD
352,Non-Target,Yes,536,Commission,ADHD
353,Non-Target,No,0,None,ADHD
354,Non-Target,No,0,None,ADHD
355,Target,Yes,528,None,ADHD
356,Non-Target,No,0,None,ADHD
357,Non-Target,No,0,None,ADHD
358,Non-Target,Yes,476,Commission,ADHD
359,Non-Target,No,0,None,ADHD
360,Non-Target,Yes,483,Commission,ADHD
361,Non-Target,No,0,None,ADHD
362,Non-Target,No,0,None,ADHD
363,Target,Yes,600,None,ADHD
364,Non-Target,No,0,None,ADHD
365,Target,Yes,675,None,ADHD
366,Target,Yes,1029,None,ADHD
367,Target,No,0,Omission,ADHD
368,Non-Target,No,0,None,ADHD
369,Non-Target,No,0,None,ADHD
370,Target,Yes,651,None,ADHD
371,Non-Target,No,0,None,ADHD
372,Non-Target,No,0,None,ADHD
373,Non-Target,No,0,None,ADHD
374,Non-Target,No,0,None,ADHD
375,Non-Target,No,0,None,ADHD
376,Non-Target,No,0,None,ADHD
377,Non-Target,No,0,None,ADHD
378,Non-Target,No,0,None,ADHD
379,Target,Yes,729,None,ADHD
380,Non-Target,No,0,None,ADHD
381,Non-Target,No,0,None,ADHD
382,Non-Target,No,0,None,ADHD
383,Non-Target,No,0,None,ADHD
384,Non-Target,No,0,None,ADHD
385,Non-Target,No,0,None,ADHD
386,Non-Target,No,0,None,ADHD
387,Non-Target,No,0,None,ADHD
388,Target,No,0,Omission,ADHD
389,Non-Target,No,0,None,ADHD
390,Non-Target,No,0,None,ADHD
391,Non-Target,No,0,None,ADHD
392,Non-Target,No,0,None,ADHD
393,Target,Yes,691,None,ADHD
394,Non-Target,No,0,None,ADHD
395,Non-Target,No,0,None,ADHD
396,Non-Target,No,0,None,ADHD
397,Non-Target,No,0,None,ADHD
398,Non-Target,No,0,None,ADHD
399,Target,No,0,Omission,ADHD
400,Non-Target,No,0,None,ADHD
401,Non-Target,No,0,None,ADHD
402,Non-Target,Yes,751,Commission,ADHD
403,Non-Target,No,0,None,ADHD
404,Target,Yes,858,None,ADHD
405,Non-Target,No,0,None,ADHD
406,Non-Target,No,0,None,ADHD
407,Non-Target,No,0,None,ADHD
408,Target,Yes,657,None,ADHD
409,Target,Yes,549,None,ADHD
410,Target,Yes,500,None,ADHD
411,Non-Target,No,0,None,ADHD
412,Non-Target,Yes,631,Commission,ADHD
413,Non-Target,No,0,None,ADHD
414,Non-Target,No,0,None,ADHD
415,Target,Yes,683,None,ADHD
416,Non-Target,No,0,None,ADHD
417,Non-Target,No,0,None,ADHD
418,Target,No,0,Omission,ADHD
419,Non-Target,No,0,None,ADHD
420,Non-Target,Yes,489,Commission,ADHD
421,Non-Target,No,0,None,ADHD
422,Target,Yes,689,None,ADHD
423,Non-Target,No,0,None,ADHD
424,Non-Target,No,0,None,ADHD
425,Non-Target,No,0,None,ADHD
426,Target,No,0,Omission,ADHD
427,Non-Target,No,0,None,ADHD
428,Non-Target,No,0,None,ADHD
429,Target,No,0,Omission,ADHD
430,Non-Target,No,0,None,ADHD
431,Non-Target,No,0,None,ADHD
432,Target,Yes,673,None,ADHD
433,Target,Yes,921,None,ADHD
434,Non-Target,No,0,None,ADHD
435,Non-Target,No,0,None,ADHD
436,Non-Target,No,0,None,ADHD
437,Target,Yes,648,None,ADHD
438,Target,No,0,Omission,ADHD
439,Target,No,0,Omission,ADHD
440,Non-Target,No,0,None,ADHD
441,Non-Target,No,0,None,ADHD
442,Non-Target,Yes,861,Commission,ADHD
443,Non-Target,No,0,None,ADHD
444,Non-Target,No,0,None,ADHD
445,Non-Target,No,0,None,ADHD
446,Non-Target,No,0,None,ADHD
447,Target,Yes,622,None,ADHD
448,Non-Target,No,0,None,ADHD
449,Non-Target,No,0,None,ADHD
450,Non-Target,No,0,None,ADHD
451,Non-Target,No,0,None,ADHD
452,Target,Yes,850,None,ADHD
453,Non-Target,Yes,624,Commission,ADHD
454,Non-Target,No,0,None,ADHD
455,Non-Target,Yes,350,Commission,ADHD
456,Non-Target,No,0,None,ADHD
457,Non-Target,No,0,None,ADHD
458,Target,No,0,Omission,ADHD
459,Non-Target,No,0,None,ADHD
460,Non-Target,No,0,None,ADHD
461,Target,No,0,Omission,ADHD
462,Non-Target,No,0,None,ADHD
463,Non-Target,No,0,None,ADHD
464,Non-Target,No,0,None,ADHD
465,Target,Yes,512,None,ADHD
466,Non-Target,Yes,885,Commission,ADHD
467,Target,Yes,588,None,ADHD
468,Non-Target,No,0,None,ADHD
469,Non-Target,Yes,903,Commission,ADHD
470,Non-Target,No,0,None,ADHD
471,Target,No,0,Omission,ADHD
472,Target,No,0,Omission,ADHD
473,Non-Target,Yes,691,Commission,ADHD
474,Non-Target,No,0,None,ADHD
475,Non-Target,No,0,None,ADHD
476,Target,No,0,Omission,ADHD
477,Non-Target,No,0,None,ADHD
478,Target,Yes,689,None,ADHD
479,Target,Yes,745,None,ADHD
480,Target,No,0,Omission,ADHD
481,Non-Target,No,0,None,ADHD
482,Target,Yes,665,None,ADHD
483,Non-Target,No,0,None,ADHD
484,Target,No,0,Omission,ADHD
485,Target,Yes,614,None,ADHD
486,Non-Target,No,0,None,ADHD
487,Non-Target,Yes,642,Commission,ADHD
488,Target,Yes,655,None,ADHD
489,Non-Target,No,0,None,ADHD
490,Non-Target,No,0,None,ADHD
491,Target,Yes,643,None,ADHD
492,Target,Yes,708,None,ADHD
493,Non-Target,Yes,701,Commission,ADHD
494,Non-Target,Yes,587,Commission,ADHD
495,Non-Target,No,0,None,ADHD
496,Non-Target,No,0,None,ADHD
497,Target,Yes,667,None,ADHD
498,Non-Target,No,0,None,ADHD
499,Non-Target,No,0,None,ADHD
500,Non-Target,No,0,None,ADHD
501,Target,Yes,419,None,ADHD
502,Non-Target,No,0,None,ADHD
503,Target,Yes,576,None,ADHD
504,Non-Target,No,0,None,ADHD
505,Non-Target,No,0,None,ADHD
506,Non-Target,Yes,660,Commission,ADHD
507,Non-Target,No,0,None,ADHD
508,Non-Target,No,0,None,ADHD
509,Target,No,0,Omission,ADHD
510,Non-Target,No,0,None,ADHD
511,Target,Yes,743,None,ADHD
512,Non-Target,Yes,686,Commission,ADHD
513,Non-Target,No,0,None,ADHD
514,Non-Target,Yes,631,Commission,ADHD
515,Non-Target,No,0,None,ADHD
516,Non-Target,No,0,None,ADHD
517,Non-Target,No,0,None,ADHD
518,Non-Target,No,0,None,ADHD
519,Non-Target,No,0,None,ADHD
520,Target,Yes,514,None,ADHD
521,Target,Yes,341,None,ADHD
522,Non-Target,No,0,None,ADHD
523,Non-Target,No,0,None,ADHD
524,Non-Target,No,0,None,ADHD
525,Non-Target,No,0,None,ADHD
526,Target,Yes,527,None,ADHD
527,Non-Target,No,0,None,ADHD
528,Target,Yes,574,None,ADHD
529,Target,Yes,708,None,ADHD
530,Non-Target,No,0,None,ADHD
531,Target,Yes,651,None,ADHD
532,Non-Target,No,0,None,ADHD
533,Target,Yes,487,None,ADHD
534,Non-Target,Yes,871,Commission,ADHD
535,Non-Target,No,0,None,ADHD
536,Non-Target,No,0,None,ADHD
537,Non-Target,No,0,None,ADHD
538,Non-Target,No,0,None,ADHD
539,Target,No,0,Omission,ADHD
540,Non-Target,No,0,None,ADHD
541,Non-Target,No,0,None,ADHD
542,Non-Target,No,0,None,ADHD
543,Non-Target,No,0,None,ADHD
544,Non-Target,No,0,None,ADHD
545,Non-Target,No,0,None,ADHD
546,Non-Target,No,0,None,ADHD
547,Non-Target,No,0,None,ADHD
548,Non-Target,No,0,None,ADHD
549,Non-Target,No,0,None,ADHD
550,Non-Target,No,0,None,ADHD
551,Non-Target,No,0,None,ADHD
552,Non-Target,No,0,None,ADHD
553,Target,Yes,669,None,ADHD
554,Non-Target,No,0,None,ADHD
555,Non-Target,No,0,None,ADHD
556,Non-Target,No,0,None,ADHD
557,Non-Target,No,0,None,ADHD
558,Non-Target,Yes,627,Commission,ADHD
559,Non-Target,No,0,None,ADHD
560,Target,No,0,Omission,ADHD
561,Non-Target,No,0,None,ADHD
562,Target,No,0,Omission,ADHD
563,Non-Target,No,0,None,ADHD
564,Non-Target,Yes,1004,Commission,ADHD
565,Non-Target,No,0,None,ADHD
566,Non-Target,No,0,None,ADHD
567,Non-Target,Yes,484,Commission,ADHD
568,Target,Yes,541,None,ADHD
569,Non-Target,No,0,None,ADHD
570,Non-Target,Yes,716,Commission,ADHD
571,Non-Target,No,0,None,ADHD
572,Non-Target,No,0,None,ADHD
573,Non-Target,No,0,None,ADHD
574,Non-Target,No,0,None,ADHD
575,Non-Target,No,0,None,ADHD
576,Target,Yes,454,None,ADHD
577,Non-Target,No,0,None,ADHD
578,Non-Target,No,0,None,ADHD
579,Non-Target,No,0,None,ADHD
580,Non-Target,No,0,None,ADHD
581,Non-Target,No,0,None,ADHD
582,Non-Target,No,0,None,ADHD
583,Target,Yes,853,None,ADHD
584,Target,Yes,851,None,ADHD
585,Non-Target,No,0,None,ADHD
586,Target,Yes,1080,None,ADHD
587,Non-Target,No,0,None,ADHD
588,Non-Target,No,0,None,ADHD
589,Target,Yes,937,None,ADHD
590,Non-Target,No,0,None,ADHD
591,Target,No,0,Omission,ADHD
592,Non-Target,No,0,None,ADHD
593,Non-Target,No,0,None,ADHD
594,Target,Yes,545,None,ADHD
595,Non-Target,No,0,None,ADHD
596,Non-Target,No,0,None,ADHD
597,Non-Target,No,0,None,ADHD
598,Non-Target,No,0,None,ADHD
599,Non-Target,No,0,None,ADHD
600,Target,Yes,788,None,ADHD
601,Non-Target,No,0,None,ADHD
602,Target,Yes,492,None,ADHD
603,Non-Target,No,0,None,ADHD
604,Non-Target,No,0,None,ADHD
605,Non-Target,Yes,655,Commission,ADHD
606,Non-Target,No,0,None,ADHD
607,Non-Target,No,0,None,ADHD
608,Non-Target,No,0,None,ADHD
609,Non-Target,No,0,None,ADHD
610,Non-Target,No,0,None,ADHD
611,Target,No,0,Omission,ADHD
612,Target,Yes,531,None,ADHD
613,Non-Target,No,0,None,ADHD
614,Non-Target,No,0,None,ADHD
615,Target,Yes,455,None,ADHD
616,Non-Target,No,0,None,ADHD
617,Non-Target,No,0,None,ADHD
618,Non-Target,No,0,None,ADHD
619,Non-Target,Yes,705,Commission,ADHD
620,Non-Target,No,0,None,ADHD
621,Target,Yes,710,None,ADHD
622,Non-Target,No,0,None,ADHD
623,Non-Target,No,0,None,ADHD
624,Non-Target,No,0,None,ADHD
625,Target,Yes,741,None,ADHD
626,Non-Target,No,0,None,ADHD
627,Target,Yes,699,None,ADHD
628,Non-Target,No,0,None,ADHD
629,Target,Yes,866,None,ADHD
630,Target,No,0,Omission,ADHD
631,Non-Target,No,0,None,ADHD
632,Non-Target,No,0,None,ADHD
633,Non-Target,No,0,None,ADHD
634,Non-Target,No,0,None,ADHD
635,Non-Target,No,0,None,ADHD
636,Non-Target,No,0,None,ADHD
637,Non-Target,No,0,None,ADHD
638,Target,Yes,816,None,ADHD
639,Non-Target,No,0,None,ADHD
640,Target,No,0,Omission,ADHD
641,Target,Yes,836,None,ADHD
642,Non-Target,Yes,664,Commission,ADHD
643,Non-Target,Yes,428,Commission,ADHD
644,Target,Yes,660,None,ADHD
645,Target,Yes,443,None,ADHD
646,Non-Target,No,0,None,ADHD
647,Non-Target,No,0,None,ADHD
648,Non-Target,No,0,None,ADHD
649,Non-Target,Yes,579,Commission,ADHD
650,Non-Target,No,0,None,ADHD
651,Non-Target,No,0,None,ADHD
652,Non-Target,No,0,None,ADHD
653,Target,Yes,479,None,ADHD
654,Non-Target,No,0,None,ADHD
655,Non-Target,No,0,None,ADHD
656,Non-Target,No,0,None,ADHD
657,Non-Target,No,0,None,ADHD
658,Non-Target,No,0,None,ADHD
659,Non-Target,No,0,None,ADHD
660,Target,No,0,Omission,ADHD
661,Target,Yes,743,None,ADHD
662,Non-Target,No,0,None,ADHD
663,Non-Target,No,0,None,ADHD
664,Target,Yes,820,None,ADHD
665,Target,Yes,842,None,ADHD
666,Non-Target,No,0,None,ADHD
667,Non-Target,No,0,None,ADHD
668,Non-Target,No,0,None,ADHD
669,Non-Target,Yes,759,Commission,ADHD
670,Non-Target,No,0,None,ADHD
671,Non-Target,Yes,816,Commission,ADHD
672,Non-Target,No,0,None,ADHD
673,Non-Target,Yes,653,Commission,ADHD
674,Non-Target,No,0,None,ADHD
675,Non-Target,No,0,None,ADHD
676,Non-Target,No,0,None,ADHD
677,Non-Target,No,0,None,ADHD
678,Non-Target,No,0,None,ADHD
679,Non-Target,No,0,None,ADHD
680,Non-Target,No,0,None,ADHD
681,Target,No,0,Omission,ADHD
682,Target,Yes,985,None,ADHD
683,Non-Target,No,0,None,ADHD
684,Non-Target,No,0,None,ADHD
685,Target,No,0,Omission,ADHD
686,Non-Target,No,0,None,ADHD
687,Non-Target,No,0,None,ADHD
688,Non-Target,Yes,984,Commission,ADHD
689,Target,No,0,Omission,ADHD
690,Target,Yes,712,None,ADHD
691,Non-Target,No,0,None,ADHD
692,Target,Yes,771,None,ADHD
693,Non-Target,No,0,None,ADHD
694,Non-Target,No,0,None,ADHD
695,Target,Yes,450,None,ADHD
696,Target,No,0,Omission,ADHD
697,Non-Target,No,0,None,ADHD
698,Non-Target,No,0,None,ADHD
699,Non-Target,No,0,None,ADHD
700,Non-Target,No,0,None,ADHD
701,Non-Target,No,0,None,ADHD
702,Non-Target,No,0,None,ADHD
703,Non-Target,No,0,None,ADHD
704,Non-Target,No,0,None,ADHD
705,Target,Yes,605,None,ADHD
706,Target,No,0,Omission,ADHD
707,Target,Yes,940,None,ADHD
708,Non-Target,No,0,None,ADHD
709,Non-Target,No,0,None,ADHD
710,Non-Target,No,0,None,ADHD
711,Non-Target,No,0,None,ADHD
712,Target,Yes,681,None,ADHD
713,Non-Target,No,0,None,ADHD
714,Target,Yes,638,None,ADHD
715,Non-Target,No,0,None,ADHD
716,Target,Yes,751,None,ADHD
717,Non-Target,No,0,None,ADHD
718,Non-Target,No,0,None,ADHD
719,Non-Target,No,0,None,ADHD
720,Target,Yes,772,None,ADHD
721,Target,Yes,693,None,ADHD
722,Non-Target,No,0,None,ADHD
723,Non-Target,No,0,None,ADHD
724,Target,Yes,539,None,ADHD
725,Non-Target,No,0,None,ADHD
726,Target,Yes,508,None,ADHD
727,Non-Target,No,0,None,ADHD
728,Target,No,0,Omission,ADHD
729,Target,Yes,786,None,ADHD
730,Target,Yes,647,None,ADHD
731,Non-Target,No,0,None,ADHD
732,Non-Target,No,0,None,ADHD
733,Non-Target,No,0,None,ADHD
734,Non-Target,Yes,549,Commission,ADHD
735,Non-Target,No,0,None,ADHD
736,Target,Yes,594,None,ADHD
737,Target,Yes,577,None,ADHD
738,Non-Target,No,0,None,ADHD
739,Non-Target,No,0,None,ADHD
740,Target,Yes,630,None,ADHD
741,Non-Target,No,0,None,ADHD
742,Non-Target,No,0,None,ADHD
743,Non-Target,No,0,None,ADHD
744,Target,Yes,600,None,ADHD
745,Non-Target,No,0,None,ADHD
746,Non-Target,No,0,None,ADHD
747,Target,No,0,Omission,ADHD
748,Target,Yes,522,None,ADHD
749,Non-Target,No,0,None,ADHD
750,Target,Yes,757,None,ADHD
751,Non-Target,No,0,None,ADHD
752,Non-Target,No,0,None,ADHD
753,Non-Target,Yes,629,Commission,ADHD
754,Target,Yes,533,None,ADHD
755,Target,No,0,Omission,ADHD
756,Non-Target,No,0,None,ADHD
757,Non-Target,No,0,None,ADHD
758,Non-Target,No,0,None,ADHD
759,Non-Target,No,0,None,ADHD
760,Non-Target,No,0,None,ADHD
761,Non-Target,No,0,None,ADHD
762,Non-Target,No,0,None,ADHD
763,Target,Yes,821,None,ADHD
764,Non-Target,No,0,None,ADHD
765,Non-Target,No,0,None,ADHD
766,Non-Target,No,0,None,ADHD
767,Non-Target,No,0,None,ADHD
768,Non-Target,Yes,481,Commission,ADHD
769,Non-Target,No,0,None,ADHD
770,Non-Target,No,0,None,ADHD
771,Non-Target,Yes,846,Commission,ADHD
772,Non-Target,No,0,None,ADHD
773,Non-Target,Yes,761,Commission,ADHD
774,Non-Target,No,0,None,ADHD
775,Non-Target,Yes,681,Commission,ADHD
776,Non-Target,No,0,None,ADHD
777,Target,No,0,Omission,ADHD
778,Non-Target,Yes,822,Commission,ADHD
779,Non-Target,No,0,None,ADHD
780,Non-Target,No,0,None,ADHD
781,Non-Target,No,0,None,ADHD
782,Non-Target,No,0,None,ADHD
783,Non-Target,No,0,None,ADHD
784,Non-Target,No,0,None,ADHD
785,Non-Target,No,0,None,ADHD
786,Non-Target,Yes,603,Commission,ADHD
787,Non-Target,No,0,None,ADHD
788,Non-Target,No,0,None,ADHD
789,Non-Target,Yes,675,Commission,ADHD
790,Non-Target,No,0,None,ADHD
791,Target,No,0,Omission,ADHD
792,Non-Target,No,0,None,ADHD
793,Target,Yes,781,None,ADHD
794,Non-Target,No,0,None,ADHD
795,Non-Target,No,0,None,ADHD
796,Target,Yes,773,None,ADHD
797,Non-Target,No,0,None,ADHD
798,Non-Target,No,0,None,ADHD
799,Non-Target,No,0,None,ADHD
800,Non-Target,No,0,None,ADHD
801,Non-Target,Yes,646,Commission,ADHD
802,Non-Target,Yes,751,Commission,ADHD
803,Target,Yes,433,None,ADHD
804,Non-Target,Yes,595,Commission,ADHD
805,Target,Yes,657,None,ADHD
806,Target,Yes,576,None,ADHD
807,Non-Target,No,0,None,ADHD
808,Target,Yes,804,None,ADHD
809,Non-Target,No,0,None,ADHD
810,Target,No,0,Omission,ADHD
811,Target,Yes,601,None,ADHD
812,Target,No,0,Omission,ADHD
813,Non-Target,No,0,None,ADHD
814,Non-Target,No,0,None,ADHD
815,Non-Target,No,0,None,ADHD
816,Non-Target,No,0,None,ADHD
817,Non-Target,Yes,598,Commission,ADHD
818,Target,Yes,826,None,ADHD
819,Non-Target,No,0,None,ADHD
820,Non-Target,No,0,None,ADHD
821,Non-Target,No,0,None,ADHD
822,Non-Target,Yes,867,Commission,ADHD
823,Non-Target,No,0,None,ADHD
824,Non-Target,Yes,468,Commission,ADHD
825,Target,Yes,489,None,ADHD
826,Non-Target,No,0,None,ADHD
827,Non-Target,No,0,None,ADHD
828,Non-Target,No,0,None,ADHD
829,Target,Yes,742,None,ADHD
830,Target,Yes,626,None,ADHD
831,Target,No,0,Omission,ADHD
832,Non-Target,No,0,None,ADHD
833,Non-Target,No,0,None,ADHD
834,Target,Yes,705,None,ADHD
835,Target,Yes,592,None,ADHD
836,Target,No,0,Omission,ADHD
837,Non-Target,No,0,None,ADHD
838,Target,Yes,820,None,ADHD
839,Target,No,0,Omission,ADHD
840,Non-Target,No,0,None,ADHD
841,Non-Target,No,0,None,ADHD
842,Non-Target,No,0,None,ADHD
843,Non-Target,No,0,None,ADHD
844,Target,Yes,788,None,ADHD
845,Non-Target,No,0,None,ADHD
846,Non-Target,No,0,None,ADHD
847,Target,No,0,Omission,ADHD
848,Target,Yes,853,None,ADHD
849,Target,Yes,566,None,ADHD
850,Non-Target,No,0,None,ADHD
851,Target,Yes,693,None,ADHD
852,Target,No,0,Omission,ADHD
853,Non-Target,No,0,None,ADHD
854,Non-Target,No,0,None,ADHD
855,Non-Target,No,0,None,ADHD
856,Non-Target,No,0,None,ADHD
857,Non-Target,No,0,None,ADHD
858,Target,No,0,Omission,ADHD
859,Non-Target,No,0,None,ADHD
860,Non-Target,No,0,None,ADHD
861,Non-Target,No,0,None,ADHD
862,Non-Target,No,0,None,ADHD
863,Non-Target,No,0,None,ADHD
864,Non-Target,No,0,None,ADHD
865,Target,Yes,671,None,ADHD
866,Target,Yes,718,None,ADHD
867,Non-Target,No,0,None,ADHD
868,Target,Yes,487,None,ADHD
869,Target,No,0,Omission,ADHD
870,Non-Target,No,0,None,ADHD
871,Non-Target,Yes,824,Commission,ADHD
872,Non-Target,No,0,None,ADHD
873,Target,No,0,Omission,ADHD
874,Non-Target,Yes,844,Commission,ADHD
875,Non-Target,No,0,None,ADHD
876,Non-Target,No,0,None,ADHD
877,Non-Target,No,0,None,ADHD
878,Target,No,0,Omission,ADHD
879,Non-Target,No,0,None,ADHD
880,Non-Target,No,0,None,ADHD
881,Non-Target,No,0,None,ADHD
882,Non-Target,Yes,664,Commission,ADHD
883,Target,Yes,662,None,ADHD
884,Target,Yes,568,None,ADHD
885,Non-Target,No,0,None,ADHD
886,Target,Yes,516,None,ADHD
887,Non-Target,No,0,None,ADHD
888,Non-Target,No,0,None,ADHD
889,Non-Target,No,0,None,ADHD
890,Target,No,0,Omission,ADHD
891,Target,Yes,565,None,ADHD
892,Non-Target,No,0,None,ADHD
893,Non-Target,No,0,None,ADHD
894,Non-Target,Yes,626,Commission,ADHD
895,Non-Target,No,0,None,ADHD
896,Target,No,0,Omission,ADHD
897,Non-Target,No,0,None,ADHD
898,Non-Target,No,0,None,ADHD
899,Non-Target,No,0,None,ADHD
900,Non-Target,No,0,None,ADHD
901,Target,No,0,Omission,ADHD
902,Non-Target,No,0,None,ADHD
903,Target,Yes,781,None,ADHD
904,Non-Target,No,0,None,ADHD
905,Non-Target,No,0,None,ADHD
906,Non-Target,No,0,None,ADHD
907,Non-Target,No,0,None,ADHD
908,Target,Yes,730,None,ADHD
909,Non-Target,No,0,None,ADHD
910,Non-Target,No,0,None,ADHD
911,Target,Yes,757,None,ADHD
912,Non-Target,Yes,600,Commission,ADHD
913,Non-Target,No,0,None,ADHD
914,Non-Target,No,0,None,ADHD
915,Non-Target,No,0,None,ADHD
916,Target,Yes,656,None,ADHD
917,Non-Target,No,0,None,ADHD
918,Target,No,0,Omission,ADHD
919,Non-Target,No,0,None,ADHD
920,Non-Target,No,0,None,ADHD
921,Non-Target,No,0,None,ADHD
922,Target,Yes,993,None,ADHD
923,Target,Yes,705,None,ADHD
924,Non-Target,No,0,None,ADHD
925,Target,No,0,Omission,ADHD
926,Non-Target,No,0,None,ADHD
927,Non-Target,No,0,None,ADHD
928,Non-Target,No,0,None,ADHD
929,Target,Yes,450,None,ADHD
930,Target,Yes,575,None,ADHD
931,Non-Target,No,0,None,ADHD
932,Non-Target,No,0,None,ADHD
933,Non-Target,Yes,667,Commission,ADHD
934,Target,Yes,370,None,ADHD
935,Target,Yes,750,None,ADHD
936,Non-Target,No,0,None,ADHD
937,Target,No,0,Omission,ADHD
938,Non-Target,No,0,None,ADHD
939,Target,Yes,496,None,ADHD
940,Non-Target,No,0,None,ADHD
941,Target,Yes,675,None,ADHD
942,Non-Target,No,0,None,ADHD
943,Non-Target,No,0,None,ADHD
944,Non-Target,Yes,789,Commission,ADHD
945,Target,Yes,660,None,ADHD
946,Target,Yes,612,None,ADHD
947,Non-Target,Yes,726,Commission,ADHD
948,Target,No,0,Omission,ADHD
949,Non-Target,No,0,None,ADHD
950,Non-Target,No,0,None,ADHD
951,Non-Target,No,0,None,ADHD
952,Target,Yes,758,None,ADHD
953,Non-Target,No,0,None,ADHD
954,Non-Target,No,0,None,ADHD
955,Target,No,0,Omission,ADHD
956,Target,Yes,657,None,ADHD
957,Target,Yes,547,None,ADHD
958,Target,Yes,803,None,ADHD
959,Target,No,0,Omission,ADHD
960,Target,Yes,595,None,ADHD
961,Non-Target,No,0,None,ADHD
962,Non-Target,No,0,None,ADHD
963,Target,Yes,774,None,ADHD
964,Non-Target,No,0,None,ADHD
965,Target,Yes,716,None,ADHD
966,Non-Target,No,0,None,ADHD
967,Non-Target,No,0,None,ADHD
968,Non-Target,No,0,None,ADHD
969,Target,No,0,Omission,ADHD
970,Non-Target,No,0,None,ADHD
971,Non-Target,No,0,None,ADHD
972,Non-Target,Yes,615,Commission,ADHD
973,Target,Yes,831,None,ADHD
974,Non-Target,No,0,None,ADHD
975,Target,Yes,775,None,ADHD
976,Non-Target,No,0,None,ADHD
977,Target,No,0,Omission,ADHD
978,Non-Target,No,0,None,ADHD
979,Non-Target,No,0,None,ADHD
980,Non-Target,No,0,None,ADHD
981,Non-Target,No,0,None,ADHD
982,Target,Yes,729,None,ADHD
983,Non-Target,No,0,None,ADHD
984,Non-Target,No,0,None,ADHD
985,Non-Target,Yes,762,Commission,ADHD
986,Non-Target,No,0,None,ADHD
987,Non-Target,No,0,None,ADHD
988,Non-Target,No,0,None,ADHD
989,Non-Target,No,0,None,ADHD
990,Target,No,0,Omission,ADHD
991,Non-Target,No,0,None,ADHD
992,Non-Target,No,0,None,ADHD
993,Non-Target,No,0,None,ADHD
994,Non-Target,No,0,None,ADHD
995,Non-Target,No,0,None,ADHD
996,Non-Target,No,0,None,ADHD
997,Non-Target,No,0,None,ADHD
998,Non-Target,No,0,None,ADHD
999,Non-Target,No,0,None,ADHD
1000,Target,No,0,Omission,ADHD
1001,Non-Target,No,0,None,ADHD
1002,Non-Target,No,0,None,ADHD
1003,Non-Target,No,0,None,ADHD
1004,Non-Target,No,0,None,ADHD
1005,Target,No,0,Omission,ADHD
1006,Non-Target,No,0,None,ADHD
1007,Non-Target,No,0,None,ADHD
1008,Target,No,0,Omission,ADHD
1009,Non-Target,No,0,None,ADHD
1010,Non-Target,No,0,None,ADHD
1011,Non-Target,No,0,None,ADHD
1012,Non-Target,No,0,None,ADHD
1013,Non-Target,No,0,None,ADHD
1014,Non-Target,No,0,None,ADHD
1015,Non-Target,No,0,None,ADHD
1016,Target,Yes,505,None,ADHD
1017,Non-Target,Yes,691,Commission,ADHD
1018,Non-Target,No,0,None,ADHD
1019,Non-Target,No,0,None,ADHD
1020,Non-Target,No,0,None,ADHD
1021,Target,Yes,708,None,ADHD
1022,Non-Target,No,0,None,ADHD
1023,Non-Target,Yes,585,Commission,ADHD
1024,Target,No,0,Omission,ADHD
1025,Non-Target,No,0,None,ADHD
1026,Non-Target,No,0,None,ADHD
1027,Target,Yes,572,None,ADHD
1028,Non-Target,No,0,None,ADHD
1029,Non-Target,No,0,None,ADHD
1030,Non-Target,No,0,None,ADHD
1031,Non-Target,No,0,None,ADHD
1032,Target,No,0,Omission,ADHD
1033,Non-Target,No,0,None,ADHD
1034,Non-Target,No,0,None,ADHD
1035,Non-Target,No,0,None,ADHD
1036,Non-Target,No,0,None,ADHD
1037,Target,Yes,436,None,ADHD
1038,Target,Yes,598,None,ADHD
1039,Non-Target,No,0,None,ADHD
1040,Non-Target,No,0,None,ADHD
1041,Target,Yes,722,None,ADHD
1042,Target,No,0,Omission,ADHD
1043,Target,Yes,511,None,ADHD
1044,Non-Target,Yes,1020,Commission,ADHD
1045,Non-Target,No,0,None,ADHD
1046,Non-Target,No,0,None,ADHD
1047,Non-Target,No,0,None,ADHD
1048,Target,Yes,724,None,ADHD
1049,Target,No,0,Omission,ADHD
1050,Non-Target,No,0,None,ADHD
1051,Non-Target,No,0,None,ADHD
1052,Non-Target,No,0,None,ADHD
1053,Non-Target,No,0,None,ADHD
1054,Non-Target,No,0,None,ADHD
1055,Non-Target,No,0,None,ADHD
1056,Non-Target,No,0,None,ADHD
1057,Non-Target,No,0,None,ADHD
1058,Non-Target,No,0,None,ADHD
1059,Non-Target,No,0,None,ADHD
1060,Non-Target,No,0,None,ADHD
1061,Non-Target,No,0,None,ADHD
1062,Non-Target,Yes,753,Commission,ADHD
1063,Non-Target,Yes,663,Commission,ADHD
1064,Non-Target,No,0,None,ADHD
1065,Non-Target,No,0,None,ADHD
1066,Target,Yes,742,None,ADHD
1067,Target,No,0,Omission,ADHD
1068,Non-Target,No,0,None,ADHD
1069,Non-Target,No,0,None,ADHD
1070,Non-Target,No,0,None,ADHD
1071,Non-Target,No,0,None,ADHD
1072,Non-Target,No,0,None,ADHD
1073,Non-Target,Yes,544,Commission,ADHD
1074,Non-Target,No,0,None,ADHD
1075,Non-Target,No,0,None,ADHD
1076,Non-Target,No,0,None,ADHD
1077,Target,Yes,668,None,ADHD
1078,Non-Target,No,0,None,ADHD
1079,Non-Target,No,0,None,ADHD
1080,Non-Target,Yes,608,Commission,ADHD
1081,Target,No,0,Omission,ADHD
1082,Non-Target,No,0,None,ADHD
1083,Non-Target,No,0,None,ADHD
1084,Non-Target,Yes,675,Commission,ADHD
1085,Target,Yes,906,None,ADHD
1086,Target,No,0,Omission,ADHD
1087,Non-Target,No,0,None,ADHD
1088,Non-Target,No,0,None,ADHD
1089,Non-Target,No,0,None,ADHD
1090,Target,No,0,Omission,ADHD
1091,Target,No,0,Omission,ADHD
1092,Non-Target,No,0,None,ADHD
1093,Non-Target,No,0,None,ADHD
1094,Non-Target,Yes,609,Commission,ADHD
1095,Target,Yes,858,None,ADHD
1096,Non-Target,No,0,None,ADHD
1097,Target,No,0,Omission,ADHD
1098,Non-Target,No,0,None,ADHD
1099,Non-Target,No,0,None,ADHD
1100,Non-Target,No,0,None,ADHD
1101,Non-Target,No,0,None,ADHD
1102,Target,Yes,786,None,ADHD
1103,Non-Target,No,0,None,ADHD
1104,Non-Target,No,0,None,ADHD
1105,Non-Target,No,0,None,ADHD
1106,Non-Target,No,0,None,ADHD
1107,Non-Target,No,0,None,ADHD
1108,Target,Yes,698,None,ADHD
1109,Non-Target,No,0,None,ADHD
1110,Target,Yes,534,None,ADHD
1111,Target,Yes,254,None,ADHD
1112,Non-Target,No,0,None,ADHD
1113,Non-Target,No,0,None,ADHD
1114,Non-Target,No,0,None,ADHD
1115,Target,Yes,689,None,ADHD
1116,Non-Target,Yes,661,Commission,ADHD
1117,Target,Yes,766,None,ADHD
1118,Target,Yes,641,None,ADHD
1119,Non-Target,No,0,None,ADHD
1120,Target,No,0,Omission,ADHD
1121,Target,No,0,Omission,ADHD
1122,Target,Yes,1015,None,ADHD
1123,Non-Target,No,0,None,ADHD
1124,Non-Target,No,0,None,ADHD
1125,Non-Target,No,0,None,ADHD
1126,Non-Target,No,0,None,ADHD
1127,Target,Yes,495,None,ADHD
1128,Non-Target,Yes,571,Commission,ADHD
1129,Non-Target,No,0,None,ADHD
1130,Non-Target,Yes,593,Commission,ADHD
1131,Non-Target,No,0,None,ADHD
1132,Non-Target,No,0,None,ADHD
1133,Target,Yes,640,None,ADHD
1134,Target,No,0,Omission,ADHD
1135,Target,No,0,Omission,ADHD
1136,Target,Yes,680,None,ADHD
1137,Non-Target,No,0,None,ADHD
1138,Target,Yes,442,None,ADHD
1139,Non-Target,No,0,None,ADHD
1140,Target,Yes,714,None,ADHD
1141,Non-Target,Yes,743,Commission,ADHD
1142,Non-Target,No,0,None,ADHD
1143,Non-Target,No,0,None,ADHD
1144,Non-Target,No,0,None,ADHD
1145,Non-Target,Yes,763,Commission,ADHD
1146,Target,Yes,425,None,ADHD
1147,Non-Target,No,0,None,ADHD
1148,Non-Target,No,0,None,ADHD
1149,Non-Target,No,0,None,ADHD
1150,Non-Target,No,0,None,ADHD
1151,Non-Target,No,0,None,ADHD
1152,Non-Target,No,0,None,ADHD
1153,Target,Yes,582,None,ADHD
1154,Non-Target,No,0,None,ADHD
1155,Target,No,0,Omission,ADHD
1156,Non-Target,Yes,576,Commission,ADHD
1157,Non-Target,No,0,None,ADHD
1158,Non-Target,No,0,None,ADHD
1159,Non-Target,No,0,None,ADHD
1160,Non-Target,No,0,None,ADHD
1161,Non-Target,No,0,None,ADHD
1162,Target,No,0,Omission,ADHD
1163,Non-Target,Yes,737,Commission,ADHD
1164,Non-Target,No,0,None,ADHD
1165,Non-Target,No,0,None,ADHD
1166,Target,No,0,Omission,ADHD
1167,Non-Target,No,0,None,ADHD
1168,Target,Yes,889,None,ADHD
1169,Non-Target,No,0,None,ADHD
1170,Non-Target,No,0,None,ADHD
1171,Target,Yes,762,None,ADHD
1172,Target,Yes,585,None,ADHD
1173,Target,Yes,708,None,ADHD
1174,Target,Yes,921,None,ADHD
1175,Non-Target,No,0,None,ADHD
1176,Non-Target,No,0,None,ADHD
1177,Non-Target,No,0,None,ADHD
1178,Non-Target,No,0,None,ADHD
1179,Non-Target,No,0,None,ADHD
1180,Non-Target,No,0,None,ADHD
1181,Non-Target,No,0,None,ADHD
1182,Non-Target,No,0,None,ADHD
1183,Non-Target,No,0,None,ADHD
1184,Non-Target,No,0,None,ADHD
1185,Non-Target,No,0,None,ADHD
1186,Non-Target,No,0,None,ADHD
1187,Target,Yes,635,None,ADHD
1188,Target,Yes,910,None,ADHD
1189,Non-Target,No,0,None,ADHD
1190,Target,Yes,748,None,ADHD
1191,Target,Yes,532,None,ADHD
1192,Non-Target,No,0,None,ADHD
1193,Non-Target,No,0,None,ADHD
1194,Target,Yes,600,None,ADHD
1195,Non-Target,No,0,None,ADHD
1196,Target,Yes,636,None,ADHD
1197,Non-Target,No,0,None,ADHD
1198,Target,Yes,718,None,ADHD
1199,Non-Target,No,0,None,ADHD
1200,Target,Yes,638,None,ADHD
