Trial,StimulusType,Reaction,ReactionTime(ms),ErrorType,Label
1,Non-Target,No,0,None,ADHD
2,Non-Target,No,0,None,ADHD
3,Target,Yes,819,None,ADHD
4,Target,Yes,928,None,ADHD
5,Non-Target,No,0,None,ADHD
6,Non-Target,No,0,None,ADHD
7,Non-Target,No,0,None,ADHD
8,Non-Target,No,0,None,ADHD
9,Non-Target,No,0,None,ADHD
10,Target,Yes,664,None,ADHD
11,Non-Target,No,0,None,ADHD
12,Non-Target,No,0,None,ADHD
13,Target,Yes,885,None,ADHD
14,Non-Target,No,0,None,ADHD
15,Target,Yes,844,None,ADHD
16,Non-Target,No,0,None,ADHD
17,Non-Target,No,0,None,ADHD
18,Non-Target,No,0,None,ADHD
19,Target,Yes,665,None,ADHD
20,Non-Target,No,0,None,ADHD
21,Target,No,0,Omission,ADHD
22,Non-Target,No,0,None,ADHD
23,Non-Target,No,0,None,ADHD
24,Non-Target,No,0,None,ADHD
25,Non-Target,No,0,None,ADHD
26,Target,Yes,721,None,ADHD
27,Non-Target,No,0,None,ADHD
28,Target,Yes,708,None,ADHD
29,Non-Target,No,0,None,ADHD
30,Target,Yes,985,None,ADHD
31,Target,Yes,822,None,ADHD
32,Non-Target,No,0,None,ADHD
33,Target,No,0,Omission,ADHD
34,Non-Target,No,0,None,ADHD
35,Non-Target,No,0,None,ADHD
36,Target,No,0,Omission,ADHD
37,Target,Yes,942,None,ADHD
38,Non-Target,No,0,None,ADHD
39,Non-Target,No,0,None,ADHD
40,Target,Yes,1032,None,ADHD
41,Non-Target,No,0,None,ADHD
42,Non-Target,Yes,910,Commission,ADHD
43,Non-Target,No,0,None,ADHD
44,Non-Target,No,0,None,ADHD
45,Non-Target,No,0,None,ADHD
46,Non-Target,No,0,None,ADHD
47,Non-Target,No,0,None,ADHD
48,Non-Target,No,0,None,ADHD
49,Non-Target,No,0,None,ADHD
50,Non-Target,No,0,None,ADHD
51,Target,Yes,890,None,ADHD
52,Non-Target,No,0,None,ADHD
53,Non-Target,No,0,None,ADHD
54,Non-Target,No,0,None,ADHD
55,Non-Target,No,0,None,ADHD
56,Non-Target,No,0,None,ADHD
57,Target,Yes,919,None,ADHD
58,Non-Target,No,0,None,ADHD
59,Target,Yes,779,None,ADHD
60,Non-Target,Yes,706,Commission,ADHD
61,Target,No,0,Omission,ADHD
62,Target,Yes,634,None,ADHD
63,Non-Target,No,0,None,ADHD
64,Non-Target,No,0,None,ADHD
65,Non-Target,No,0,None,ADHD
66,Non-Target,No,0,None,ADHD
67,Non-Target,No,0,None,ADHD
68,Non-Target,No,0,None,ADHD
69,Target,Yes,734,None,ADHD
70,Non-Target,No,0,None,ADHD
71,Non-Target,No,0,None,ADHD
72,Non-Target,No,0,None,ADHD
73,Non-Target,No,0,None,ADHD
74,Non-Target,No,0,None,ADHD
75,Non-Target,No,0,None,ADHD
76,Target,Yes,660,None,ADHD
77,Target,No,0,Omission,ADHD
78,Non-Target,No,0,None,ADHD
79,Target,Yes,512,None,ADHD
80,Non-Target,No,0,None,ADHD
81,Non-Target,No,0,None,ADHD
82,Non-Target,No,0,None,ADHD
83,Non-Target,No,0,None,ADHD
84,Non-Target,No,0,None,ADHD
85,Non-Target,Yes,1023,Commission,ADHD
86,Non-Target,No,0,None,ADHD
87,Non-Target,No,0,None,ADHD
88,Target,No,0,Omission,ADHD
89,Non-Target,No,0,None,ADHD
90,Target,Yes,492,None,ADHD
91,Non-Target,Yes,812,Commission,ADHD
92,Non-Target,No,0,None,ADHD
93,Non-Target,No,0,None,ADHD
94,Target,Yes,1045,None,ADHD
95,Target,Yes,824,None,ADHD
96,Target,No,0,Omission,ADHD
97,Non-Target,Yes,617,Commission,ADHD
98,Non-Target,Yes,795,Commission,ADHD
99,Non-Target,No,0,None,ADHD
100,Non-Target,No,0,None,ADHD
101,Non-Target,No,0,None,ADHD
102,Non-Target,No,0,None,ADHD
103,Non-Target,No,0,None,ADHD
104,Target,Yes,1007,None,ADHD
105,Non-Target,No,0,None,ADHD
106,Target,No,0,Omission,ADHD
107,Non-Target,No,0,None,ADHD
108,Non-Target,No,0,None,ADHD
109,Non-Target,No,0,None,ADHD
110,Non-Target,No,0,None,ADHD
111,Non-Target,No,0,None,ADHD
112,Target,Yes,842,None,ADHD
113,Target,Yes,487,None,ADHD
114,Non-Target,No,0,None,ADHD
115,Non-Target,No,0,None,ADHD
116,Non-Target,No,0,None,ADHD
117,Non-Target,No,0,None,ADHD
118,Non-Target,No,0,None,ADHD
119,Non-Target,No,0,None,ADHD
120,Non-Target,No,0,None,ADHD
121,Non-Target,No,0,None,ADHD
122,Non-Target,No,0,None,ADHD
123,Target,Yes,893,None,ADHD
124,Non-Target,No,0,None,ADHD
125,Non-Target,Yes,672,Commission,ADHD
126,Non-Target,No,0,None,ADHD
127,Non-Target,No,0,None,ADHD
128,Target,Yes,663,None,ADHD
129,Non-Target,No,0,None,ADHD
130,Non-Target,No,0,None,ADHD
131,Non-Target,No,0,None,ADHD
132,Non-Target,No,0,None,ADHD
133,Non-Target,Yes,600,Commission,ADHD
134,Target,Yes,849,None,ADHD
135,Non-Target,No,0,None,ADHD
136,Non-Target,No,0,None,ADHD
137,Non-Target,Yes,797,Commission,ADHD
138,Target,Yes,440,None,ADHD
139,Non-Target,No,0,None,ADHD
140,Target,Yes,917,None,ADHD
141,Target,No,0,Omission,ADHD
142,Non-Target,No,0,None,ADHD
143,Non-Target,No,0,None,ADHD
144,Non-Target,No,0,None,ADHD
145,Non-Target,No,0,None,ADHD
146,Target,Yes,891,None,ADHD
147,Target,Yes,565,None,ADHD
148,Target,Yes,696,None,ADHD
149,Non-Target,No,0,None,ADHD
150,Non-Target,No,0,None,ADHD
151,Non-Target,No,0,None,ADHD
152,Non-Target,No,0,None,ADHD
153,Non-Target,No,0,None,ADHD
154,Non-Target,Yes,681,Commission,ADHD
155,Non-Target,No,0,None,ADHD
156,Target,Yes,850,None,ADHD
157,Non-Target,No,0,None,ADHD
158,Non-Target,No,0,None,ADHD
159,Non-Target,No,0,None,ADHD
160,Non-Target,No,0,None,ADHD
161,Non-Target,No,0,None,ADHD
162,Non-Target,No,0,None,ADHD
163,Non-Target,No,0,None,ADHD
164,Non-Target,No,0,None,ADHD
165,Non-Target,No,0,None,ADHD
166,Non-Target,No,0,None,ADHD
167,Non-Target,No,0,None,ADHD
168,Non-Target,No,0,None,ADHD
169,Non-Target,Yes,591,Commission,ADHD
170,Target,No,0,Omission,ADHD
171,Non-Target,Yes,861,Commission,ADHD
172,Non-Target,Yes,613,Commission,ADHD
173,Target,Yes,877,None,ADHD
174,Non-Target,No,0,None,ADHD
175,Target,Yes,842,None,ADHD
176,Target,Yes,846,None,ADHD
177,Non-Target,No,0,None,ADHD
178,Target,Yes,745,None,ADHD
179,Non-Target,No,0,None,ADHD
180,Target,Yes,916,None,ADHD
181,Non-Target,No,0,None,ADHD
182,Non-Target,No,0,None,ADHD
183,Non-Target,No,0,None,ADHD
184,Target,Yes,629,None,ADHD
185,Non-Target,No,0,None,ADHD
186,Non-Target,No,0,None,ADHD
187,Target,Yes,674,None,ADHD
188,Non-Target,No,0,None,ADHD
189,Target,Yes,1036,None,ADHD
190,Target,Yes,873,None,ADHD
191,Non-Target,No,0,None,ADHD
192,Non-Target,No,0,None,ADHD
193,Non-Target,No,0,None,ADHD
194,Non-Target,No,0,None,ADHD
195,Non-Target,No,0,None,ADHD
196,Target,Yes,630,None,ADHD
197,Non-Target,No,0,None,ADHD
198,Non-Target,No,0,None,ADHD
199,Non-Target,No,0,None,ADHD
200,Non-Target,No,0,None,ADHD
201,Non-Target,No,0,None,ADHD
202,Non-Target,No,0,None,ADHD
203,Target,Yes,951,None,ADHD
204,Non-Target,No,0,None,ADHD
205,Non-Target,Yes,636,Commission,ADHD
206,Non-Target,No,0,None,ADHD
207,Non-Target,No,0,None,ADHD
208,Non-Target,Yes,859,Commission,ADHD
209,Target,Yes,607,None,ADHD
210,Non-Target,No,0,None,ADHD
211,Target,Yes,633,None,ADHD
212,Non-Target,No,0,None,ADHD
213,Non-Target,No,0,None,ADHD
214,Non-Target,No,0,None,ADHD
215,Target,No,0,Omission,ADHD
216,Target,Yes,527,None,ADHD
217,Non-Target,Yes,705,Commission,ADHD
218,Target,Yes,914,None,ADHD
219,Non-Target,No,0,None,ADHD
220,Non-Target,No,0,None,ADHD
221,Non-Target,No,0,None,ADHD
222,Target,Yes,787,None,ADHD
223,Non-Target,No,0,None,ADHD
224,Non-Target,No,0,None,ADHD
225,Non-Target,No,0,None,ADHD
226,Target,Yes,752,None,ADHD
227,Non-Target,Yes,761,Commission,ADHD
228,Target,Yes,633,None,ADHD
229,Non-Target,No,0,None,ADHD
230,Non-Target,No,0,None,ADHD
231,Target,No,0,Omission,ADHD
232,Non-Target,No,0,None,ADHD
233,Non-Target,Yes,746,Commission,ADHD
234,Target,No,0,Omission,ADHD
235,Non-Target,Yes,717,Commission,ADHD
236,Non-Target,No,0,None,ADHD
237,Non-Target,No,0,None,ADHD
238,Non-Target,No,0,None,ADHD
239,Non-Target,No,0,None,ADHD
240,Non-Target,No,0,None,ADHD
241,Non-Target,No,0,None,ADHD
242,Target,Yes,545,None,ADHD
243,Target,No,0,Omission,ADHD
244,Target,Yes,523,None,ADHD
245,Target,Yes,780,None,ADHD
246,Target,Yes,819,None,ADHD
247,Non-Target,No,0,None,ADHD
248,Non-Target,No,0,None,ADHD
249,Non-Target,No,0,None,ADHD
250,Target,Yes,762,None,ADHD
251,Non-Target,Yes,833,Commission,ADHD
252,Non-Target,Yes,740,Commission,ADHD
253,Non-Target,No,0,None,ADHD
254,Non-Target,No,0,None,ADHD
255,Non-Target,No,0,None,ADHD
256,Non-Target,No,0,None,ADHD
257,Non-Target,No,0,None,ADHD
258,Non-Target,Yes,743,Commission,ADHD
259,Non-Target,No,0,None,ADHD
260,Target,No,0,Omission,ADHD
261,Non-Target,No,0,None,ADHD
262,Non-Target,No,0,None,ADHD
263,Non-Target,No,0,None,ADHD
264,Non-Target,No,0,None,ADHD
265,Target,Yes,795,None,ADHD
266,Non-Target,No,0,None,ADHD
267,Non-Target,No,0,None,ADHD
268,Non-Target,No,0,None,ADHD
269,Non-Target,No,0,None,ADHD
270,Non-Target,No,0,None,ADHD
271,Non-Target,No,0,None,ADHD
272,Non-Target,No,0,None,ADHD
273,Non-Target,No,0,None,ADHD
274,Non-Target,No,0,None,ADHD
275,Non-Target,No,0,None,ADHD
276,Target,Yes,557,None,ADHD
277,Non-Target,No,0,None,ADHD
278,Non-Target,No,0,None,ADHD
279,Non-Target,No,0,None,ADHD
280,Non-Target,No,0,None,ADHD
281,Target,Yes,876,None,ADHD
282,Target,No,0,Omission,ADHD
283,Non-Target,No,0,None,ADHD
284,Non-Target,No,0,None,ADHD
285,Non-Target,No,0,None,ADHD
286,Non-Target,No,0,None,ADHD
287,Non-Target,No,0,None,ADHD
288,Non-Target,No,0,None,ADHD
289,Non-Target,No,0,None,ADHD
290,Non-Target,No,0,None,ADHD
291,Target,Yes,877,None,ADHD
292,Non-Target,No,0,None,ADHD
293,Non-Target,No,0,None,ADHD
294,Non-Target,No,0,None,ADHD
295,Target,Yes,805,None,ADHD
296,Non-Target,No,0,None,ADHD
297,Target,No,0,Omission,ADHD
298,Non-Target,Yes,823,Commission,ADHD
299,Non-Target,No,0,None,ADHD
300,Non-Target,No,0,None,ADHD
301,Non-Target,No,0,None,ADHD
302,Target,No,0,Omission,ADHD
303,Target,Yes,773,None,ADHD
304,Target,Yes,874,None,ADHD
305,Non-Target,No,0,None,ADHD
306,Non-Target,No,0,None,ADHD
307,Non-Target,No,0,None,ADHD
308,Non-Target,No,0,None,ADHD
309,Non-Target,No,0,None,ADHD
310,Non-Target,No,0,None,ADHD
311,Target,Yes,632,None,ADHD
312,Non-Target,No,0,None,ADHD
313,Non-Target,No,0,None,ADHD
314,Target,Yes,788,None,ADHD
315,Non-Target,No,0,None,ADHD
316,Non-Target,No,0,None,ADHD
317,Non-Target,No,0,None,ADHD
318,Non-Target,Yes,849,Commission,ADHD
319,Target,No,0,Omission,ADHD
320,Target,No,0,Omission,ADHD
321,Non-Target,No,0,None,ADHD
322,Target,No,0,Omission,ADHD
323,Non-Target,No,0,None,ADHD
324,Non-Target,No,0,None,ADHD
325,Non-Target,No,0,None,ADHD
326,Target,Yes,627,None,ADHD
327,Non-Target,No,0,None,ADHD
328,Non-Target,No,0,None,ADHD
329,Non-Target,No,0,None,ADHD
330,Target,Yes,739,None,ADHD
331,Target,Yes,806,None,ADHD
332,Non-Target,No,0,None,ADHD
333,Non-Target,No,0,None,ADHD
334,Non-Target,No,0,None,ADHD
335,Non-Target,No,0,None,ADHD
336,Non-Target,No,0,None,ADHD
337,Target,Yes,803,None,ADHD
338,Non-Target,Yes,965,Commission,ADHD
339,Non-Target,No,0,None,ADHD
340,Non-Target,Yes,842,Commission,ADHD
341,Non-Target,No,0,None,ADHD
342,Non-Target,No,0,None,ADHD
343,Non-Target,No,0,None,ADHD
344,Target,Yes,872,None,ADHD
345,Target,Yes,958,None,ADHD
346,Non-Target,No,0,None,ADHD
347,Target,Yes,955,None,ADHD
348,Non-Target,No,0,None,ADHD
349,Non-Target,No,0,None,ADHD
350,Non-Target,No,0,None,ADHD
351,Non-Target,No,0,None,ADHD
352,Target,No,0,Omission,ADHD
353,Target,Yes,973,None,ADHD
354,Non-Target,No,0,None,ADHD
355,Non-Target,No,0,None,ADHD
356,Non-Target,No,0,None,ADHD
357,Non-Target,No,0,None,ADHD
358,Non-Target,No,0,None,ADHD
359,Non-Target,Yes,781,Commission,ADHD
360,Target,Yes,926,None,ADHD
361,Target,Yes,608,None,ADHD
362,Target,Yes,857,None,ADHD
363,Target,Yes,867,None,ADHD
364,Non-Target,No,0,None,ADHD
365,Non-Target,No,0,None,ADHD
366,Non-Target,No,0,None,ADHD
367,Non-Target,No,0,None,ADHD
368,Non-Target,No,0,None,ADHD
369,Non-Target,No,0,None,ADHD
370,Non-Target,No,0,None,ADHD
371,Non-Target,No,0,None,ADHD
372,Target,No,0,Omission,ADHD
373,Non-Target,No,0,None,ADHD
374,Target,Yes,639,None,ADHD
375,Non-Target,No,0,None,ADHD
376,Target,Yes,960,None,ADHD
377,Non-Target,No,0,None,ADHD
378,Non-Target,No,0,None,ADHD
379,Non-Target,No,0,None,ADHD
380,Target,Yes,575,None,ADHD
381,Non-Target,Yes,815,Commission,ADHD
382,Non-Target,Yes,922,Commission,ADHD
383,Non-Target,No,0,None,ADHD
384,Non-Target,No,0,None,ADHD
385,Non-Target,Yes,924,Commission,ADHD
386,Non-Target,No,0,None,ADHD
387,Non-Target,Yes,1053,Commission,ADHD
388,Target,No,0,Omission,ADHD
389,Non-Target,No,0,None,ADHD
390,Non-Target,No,0,None,ADHD
391,Target,No,0,Omission,ADHD
392,Target,Yes,747,None,ADHD
393,Non-Target,No,0,None,ADHD
394,Non-Target,No,0,None,ADHD
395,Target,Yes,878,None,ADHD
396,Non-Target,No,0,None,ADHD
397,Target,Yes,643,None,ADHD
398,Non-Target,No,0,None,ADHD
399,Non-Target,No,0,None,ADHD
400,Target,Yes,594,None,ADHD
401,Non-Target,No,0,None,ADHD
402,Non-Target,Yes,700,Commission,ADHD
403,Non-Target,No,0,None,ADHD
404,Target,Yes,1231,None,ADHD
405,Non-Target,No,0,None,ADHD
406,Non-Target,No,0,None,ADHD
407,Target,No,0,Omission,ADHD
408,Target,No,0,Omission,ADHD
409,Non-Target,No,0,None,ADHD
410,Non-Target,No,0,None,ADHD
411,Non-Target,No,0,None,ADHD
412,Non-Target,No,0,None,ADHD
413,Non-Target,No,0,None,ADHD
414,Non-Target,No,0,None,ADHD
415,Non-Target,Yes,749,Commission,ADHD
416,Target,Yes,759,None,ADHD
417,Non-Target,No,0,None,ADHD
418,Non-Target,No,0,None,ADHD
419,Target,Yes,967,None,ADHD
420,Non-Target,No,0,None,ADHD
421,Non-Target,No,0,None,ADHD
422,Target,Yes,628,None,ADHD
423,Non-Target,No,0,None,ADHD
424,Non-Target,Yes,815,Commission,ADHD
425,Target,Yes,705,None,ADHD
426,Non-Target,No,0,None,ADHD
427,Target,No,0,Omission,ADHD
428,Target,Yes,937,None,ADHD
429,Non-Target,No,0,None,ADHD
430,Non-Target,No,0,None,ADHD
431,Non-Target,No,0,None,ADHD
432,Non-Target,No,0,None,ADHD
433,Non-Target,Yes,791,Commission,ADHD
434,Non-Target,Yes,763,Commission,ADHD
435,Non-Target,No,0,None,ADHD
436,Non-Target,No,0,None,ADHD
437,Non-Target,No,0,None,ADHD
438,Target,Yes,810,None,ADHD
439,Target,Yes,821,None,ADHD
440,Non-Target,No,0,None,ADHD
441,Non-Target,No,0,None,ADHD
442,Non-Target,No,0,None,ADHD
443,Target,No,0,Omission,ADHD
444,Non-Target,No,0,None,ADHD
445,Non-Target,No,0,None,ADHD
446,Non-Target,No,0,None,ADHD
447,Non-Target,No,0,None,ADHD
448,Non-Target,No,0,None,ADHD
449,Non-Target,No,0,None,ADHD
450,Non-Target,No,0,None,ADHD
451,Target,Yes,731,None,ADHD
452,Non-Target,No,0,None,ADHD
453,Non-Target,No,0,None,ADHD
454,Target,Yes,795,None,ADHD
455,Non-Target,No,0,None,ADHD
456,Non-Target,No,0,None,ADHD
457,Non-Target,No,0,None,ADHD
458,Non-Target,No,0,None,ADHD
459,Target,Yes,717,None,ADHD
460,Target,Yes,684,None,ADHD
461,Non-Target,No,0,None,ADHD
462,Target,Yes,814,None,ADHD
463,Non-Target,No,0,None,ADHD
464,Target,Yes,703,None,ADHD
465,Target,Yes,745,None,ADHD
466,Non-Target,No,0,None,ADHD
467,Non-Target,No,0,None,ADHD
468,Non-Target,No,0,None,ADHD
469,Non-Target,No,0,None,ADHD
470,Non-Target,No,0,None,ADHD
471,Non-Target,No,0,None,ADHD
472,Non-Target,No,0,None,ADHD
473,Non-Target,No,0,None,ADHD
474,Non-Target,No,0,None,ADHD
475,Non-Target,No,0,None,ADHD
476,Non-Target,No,0,None,ADHD
477,Non-Target,No,0,None,ADHD
478,Non-Target,No,0,None,ADHD
479,Target,Yes,534,None,ADHD
480,Non-Target,No,0,None,ADHD
481,Non-Target,No,0,None,ADHD
482,Non-Target,No,0,None,ADHD
483,Non-Target,No,0,None,ADHD
484,Non-Target,No,0,None,ADHD
485,Non-Target,No,0,None,ADHD
486,Target,Yes,1063,None,ADHD
487,Non-Target,No,0,None,ADHD
488,Non-Target,No,0,None,ADHD
489,Target,No,0,Omission,ADHD
490,Non-Target,No,0,None,ADHD
491,Target,Yes,676,None,ADHD
492,Non-Target,No,0,None,ADHD
493,Target,Yes,1005,None,ADHD
494,Non-Target,No,0,None,ADHD
495,Target,Yes,676,None,ADHD
496,Non-Target,No,0,None,ADHD
497,Target,Yes,729,None,ADHD
498,Non-Target,No,0,None,ADHD
499,Target,Yes,329,None,ADHD
500,Non-Target,No,0,None,ADHD
501,Target,No,0,Omission,ADHD
502,Non-Target,No,0,None,ADHD
503,Target,Yes,792,None,ADHD
504,Target,Yes,815,None,ADHD
505,Target,Yes,1010,None,ADHD
506,Non-Target,No,0,None,ADHD
507,Non-Target,No,0,None,ADHD
508,Target,Yes,770,None,ADHD
509,Target,Yes,1121,None,ADHD
510,Non-Target,No,0,None,ADHD
511,Target,Yes,904,None,ADHD
512,Non-Target,No,0,None,ADHD
513,Non-Target,No,0,None,ADHD
514,Non-Target,No,0,None,ADHD
515,Target,Yes,676,None,ADHD
516,Non-Target,No,0,None,ADHD
517,Non-Target,No,0,None,ADHD
518,Target,Yes,703,None,ADHD
519,Target,Yes,544,None,ADHD
520,Target,Yes,874,None,ADHD
521,Non-Target,Yes,879,Commission,ADHD
522,Non-Target,No,0,None,ADHD
523,Non-Target,No,0,None,ADHD
524,Non-Target,No,0,None,ADHD
525,Non-Target,No,0,None,ADHD
526,Non-Target,No,0,None,ADHD
527,Non-Target,No,0,None,ADHD
528,Non-Target,No,0,None,ADHD
529,Non-Target,No,0,None,ADHD
530,Non-Target,No,0,None,ADHD
531,Non-Target,No,0,None,ADHD
532,Target,No,0,Omission,ADHD
533,Non-Target,No,0,None,ADHD
534,Non-Target,No,0,None,ADHD
535,Non-Target,No,0,None,ADHD
536,Non-Target,No,0,None,ADHD
537,Target,Yes,640,None,ADHD
538,Non-Target,No,0,None,ADHD
539,Non-Target,No,0,None,ADHD
540,Target,Yes,716,None,ADHD
541,Non-Target,No,0,None,ADHD
542,Non-Target,No,0,None,ADHD
543,Non-Target,No,0,None,ADHD
544,Non-Target,No,0,None,ADHD
545,Target,No,0,Omission,ADHD
546,Non-Target,Yes,523,Commission,ADHD
547,Non-Target,No,0,None,ADHD
548,Target,Yes,905,None,ADHD
549,Target,Yes,1018,None,ADHD
550,Non-Target,No,0,None,ADHD
551,Non-Target,No,0,None,ADHD
552,Target,Yes,873,None,ADHD
553,Non-Target,No,0,None,ADHD
554,Non-Target,No,0,None,ADHD
555,Non-Target,No,0,None,ADHD
556,Target,No,0,Omission,ADHD
557,Non-Target,Yes,850,Commission,ADHD
558,Target,Yes,614,None,ADHD
559,Target,Yes,828,None,ADHD
560,Non-Target,No,0,None,ADHD
561,Non-Target,Yes,1007,Commission,ADHD
562,Target,Yes,504,None,ADHD
563,Non-Target,No,0,None,ADHD
564,Non-Target,No,0,None,ADHD
565,Target,No,0,Omission,ADHD
566,Non-Target,No,0,None,ADHD
567,Non-Target,No,0,None,ADHD
568,Non-Target,No,0,None,ADHD
569,Non-Target,No,0,None,ADHD
570,Non-Target,No,0,None,ADHD
571,Target,Yes,652,None,ADHD
572,Non-Target,No,0,None,ADHD
573,Non-Target,No,0,None,ADHD
574,Non-Target,No,0,None,ADHD
575,Non-Target,No,0,None,ADHD
576,Target,Yes,698,None,ADHD
577,Non-Target,No,0,None,ADHD
578,Target,Yes,374,None,ADHD
579,Non-Target,No,0,None,ADHD
580,Target,No,0,Omission,ADHD
581,Non-Target,No,0,None,ADHD
582,Non-Target,No,0,None,ADHD
583,Target,Yes,713,None,ADHD
584,Non-Target,No,0,None,ADHD
585,Target,Yes,938,None,ADHD
586,Target,Yes,991,None,ADHD
587,Non-Target,No,0,None,ADHD
588,Non-Target,No,0,None,ADHD
589,Non-Target,No,0,None,ADHD
590,Non-Target,No,0,None,ADHD
591,Non-Target,Yes,474,Commission,ADHD
592,Non-Target,No,0,None,ADHD
593,Target,Yes,696,None,ADHD
594,Non-Target,No,0,None,ADHD
595,Target,Yes,847,None,ADHD
596,Non-Target,No,0,None,ADHD
597,Non-Target,Yes,844,Commission,ADHD
598,Target,Yes,861,None,ADHD
599,Non-Target,No,0,None,ADHD
600,Non-Target,No,0,None,ADHD
601,Non-Target,No,0,None,ADHD
602,Target,Yes,749,None,ADHD
603,Non-Target,No,0,None,ADHD
604,Non-Target,No,0,None,ADHD
605,Target,Yes,804,None,ADHD
606,Target,Yes,836,None,ADHD
607,Non-Target,Yes,1036,Commission,ADHD
608,Non-Target,No,0,None,ADHD
609,Non-Target,No,0,None,ADHD
610,Non-Target,No,0,None,ADHD
611,Non-Target,No,0,None,ADHD
612,Non-Target,No,0,None,ADHD
613,Non-Target,No,0,None,ADHD
614,Non-Target,No,0,None,ADHD
615,Target,No,0,Omission,ADHD
616,Target,No,0,Omission,ADHD
617,Target,Yes,589,None,ADHD
618,Non-Target,No,0,None,ADHD
619,Target,Yes,715,None,ADHD
620,Non-Target,No,0,None,ADHD
621,Non-Target,No,0,None,ADHD
622,Non-Target,No,0,None,ADHD
623,Target,Yes,798,None,ADHD
624,Non-Target,No,0,None,ADHD
625,Non-Target,No,0,None,ADHD
626,Non-Target,No,0,None,ADHD
627,Non-Target,No,0,None,ADHD
628,Non-Target,No,0,None,ADHD
629,Target,Yes,740,None,ADHD
630,Non-Target,No,0,None,ADHD
631,Non-Target,No,0,None,ADHD
632,Non-Target,No,0,None,ADHD
633,Non-Target,No,0,None,ADHD
634,Target,No,0,Omission,ADHD
635,Target,Yes,791,None,ADHD
636,Target,Yes,600,None,ADHD
637,Target,Yes,850,None,ADHD
638,Target,Yes,521,None,ADHD
639,Non-Target,No,0,None,ADHD
640,Target,No,0,Omission,ADHD
641,Non-Target,No,0,None,ADHD
642,Non-Target,No,0,None,ADHD
643,Non-Target,No,0,None,ADHD
644,Target,Yes,784,None,ADHD
645,Non-Target,Yes,603,Commission,ADHD
646,Non-Target,Yes,661,Commission,ADHD
647,Target,Yes,949,None,ADHD
648,Target,Yes,618,None,ADHD
649,Non-Target,No,0,None,ADHD
650,Non-Target,No,0,None,ADHD
651,Non-Target,Yes,449,Commission,ADHD
652,Non-Target,No,0,None,ADHD
653,Non-Target,No,0,None,ADHD
654,Non-Target,No,0,None,ADHD
655,Target,Yes,723,None,ADHD
656,Non-Target,No,0,None,ADHD
657,Target,Yes,571,None,ADHD
658,Non-Target,No,0,None,ADHD
659,Non-Target,No,0,None,ADHD
660,Non-Target,No,0,None,ADHD
661,Non-Target,Yes,841,Commission,ADHD
662,Non-Target,No,0,None,ADHD
663,Target,Yes,840,None,ADHD
664,Non-Target,No,0,None,ADHD
665,Non-Target,No,0,None,ADHD
666,Non-Target,Yes,476,Commission,ADHD
667,Target,Yes,766,None,ADHD
668,Target,Yes,691,None,ADHD
669,Target,Yes,835,None,ADHD
670,Non-Target,No,0,None,ADHD
671,Non-Target,No,0,None,ADHD
672,Non-Target,Yes,841,Commission,ADHD
673,Target,Yes,692,None,ADHD
674,Non-Target,No,0,None,ADHD
675,Target,Yes,745,None,ADHD
676,Non-Target,No,0,None,ADHD
677,Non-Target,No,0,None,ADHD
678,Target,Yes,719,None,ADHD
679,Target,Yes,775,None,ADHD
680,Non-Target,No,0,None,ADHD
681,Non-Target,No,0,None,ADHD
682,Non-Target,No,0,None,ADHD
683,Target,No,0,Omission,ADHD
684,Non-Target,No,0,None,ADHD
685,Non-Target,No,0,None,ADHD
686,Target,Yes,663,None,ADHD
687,Target,No,0,Omission,ADHD
688,Non-Target,No,0,None,ADHD
689,Target,Yes,664,None,ADHD
690,Non-Target,No,0,None,ADHD
691,Non-Target,No,0,None,ADHD
692,Non-Target,No,0,None,ADHD
693,Non-Target,Yes,823,Commission,ADHD
694,Non-Target,No,0,None,ADHD
695,Non-Target,No,0,None,ADHD
696,Non-Target,No,0,None,ADHD
697,Non-Target,No,0,None,ADHD
698,Target,Yes,726,None,ADHD
699,Non-Target,No,0,None,ADHD
700,Target,No,0,Omission,ADHD
701,Non-Target,No,0,None,ADHD
702,Target,Yes,573,None,ADHD
703,Non-Target,Yes,504,Commission,ADHD
704,Non-Target,No,0,None,ADHD
705,Target,No,0,Omission,ADHD
706,Non-Target,No,0,None,ADHD
707,Target,Yes,303,None,ADHD
708,Non-Target,No,0,None,ADHD
709,Target,Yes,827,None,ADHD
710,Target,No,0,Omission,ADHD
711,Target,No,0,Omission,ADHD
712,Non-Target,No,0,None,ADHD
713,Target,Yes,849,None,ADHD
714,Target,Yes,777,None,ADHD
715,Non-Target,No,0,None,ADHD
716,Non-Target,No,0,None,ADHD
717,Non-Target,No,0,None,ADHD
718,Target,Yes,588,None,ADHD
719,Non-Target,No,0,None,ADHD
720,Non-Target,No,0,None,ADHD
721,Non-Target,No,0,None,ADHD
722,Target,No,0,Omission,ADHD
723,Non-Target,No,0,None,ADHD
724,Non-Target,No,0,None,ADHD
725,Non-Target,No,0,None,ADHD
726,Non-Target,No,0,None,ADHD
727,Non-Target,No,0,None,ADHD
728,Non-Target,No,0,None,ADHD
729,Non-Target,No,0,None,ADHD
730,Non-Target,Yes,901,Commission,ADHD
731,Non-Target,No,0,None,ADHD
732,Target,Yes,844,None,ADHD
733,Non-Target,Yes,756,Commission,ADHD
734,Target,No,0,Omission,ADHD
735,Non-Target,No,0,None,ADHD
736,Non-Target,No,0,None,ADHD
737,Target,Yes,563,None,ADHD
738,Non-Target,No,0,None,ADHD
739,Non-Target,No,0,None,ADHD
740,Non-Target,No,0,None,ADHD
741,Target,No,0,Omission,ADHD
742,Target,No,0,Omission,ADHD
743,Non-Target,No,0,None,ADHD
744,Non-Target,No,0,None,ADHD
745,Non-Target,No,0,None,ADHD
746,Target,Yes,959,None,ADHD
747,Target,No,0,Omission,ADHD
748,Non-Target,No,0,None,ADHD
749,Non-Target,No,0,None,ADHD
750,Non-Target,No,0,None,ADHD
751,Non-Target,No,0,None,ADHD
752,Non-Target,No,0,None,ADHD
753,Target,Yes,641,None,ADHD
754,Non-Target,No,0,None,ADHD
755,Non-Target,No,0,None,ADHD
756,Target,Yes,1023,None,ADHD
757,Non-Target,Yes,728,Commission,ADHD
758,Non-Target,No,0,None,ADHD
759,Non-Target,No,0,None,ADHD
760,Non-Target,No,0,None,ADHD
761,Non-Target,No,0,None,ADHD
762,Target,Yes,609,None,ADHD
763,Non-Target,No,0,None,ADHD
764,Non-Target,No,0,None,ADHD
765,Non-Target,No,0,None,ADHD
766,Non-Target,No,0,None,ADHD
767,Target,Yes,903,None,ADHD
768,Non-Target,No,0,None,ADHD
769,Non-Target,No,0,None,ADHD
770,Non-Target,No,0,None,ADHD
771,Non-Target,No,0,None,ADHD
772,Non-Target,No,0,None,ADHD
773,Non-Target,Yes,786,Commission,ADHD
774,Non-Target,No,0,None,ADHD
775,Non-Target,No,0,None,ADHD
776,Target,Yes,810,None,ADHD
777,Target,No,0,Omission,ADHD
778,Target,Yes,789,None,ADHD
779,Target,Yes,819,None,ADHD
780,Target,Yes,699,None,ADHD
781,Non-Target,No,0,None,ADHD
782,Non-Target,No,0,None,ADHD
783,Target,Yes,760,None,ADHD
784,Target,Yes,816,None,ADHD
785,Target,Yes,783,None,ADHD
786,Non-Target,No,0,None,ADHD
787,Target,No,0,Omission,ADHD
788,Target,No,0,Omission,ADHD
789,Non-Target,Yes,726,Commission,ADHD
790,Non-Target,No,0,None,ADHD
791,Non-Target,No,0,None,ADHD
792,Non-Target,Yes,667,Commission,ADHD
793,Non-Target,No,0,None,ADHD
794,Target,Yes,932,None,ADHD
795,Non-Target,No,0,None,ADHD
796,Non-Target,No,0,None,ADHD
797,Target,No,0,Omission,ADHD
798,Non-Target,No,0,None,ADHD
799,Non-Target,No,0,None,ADHD
800,Non-Target,No,0,None,ADHD
801,Target,Yes,683,None,ADHD
802,Non-Target,No,0,None,ADHD
803,Non-Target,No,0,None,ADHD
804,Non-Target,No,0,None,ADHD
805,Non-Target,Yes,600,Commission,ADHD
806,Non-Target,No,0,None,ADHD
807,Non-Target,No,0,None,ADHD
808,Non-Target,No,0,None,ADHD
809,Non-Target,No,0,None,ADHD
810,Non-Target,No,0,None,ADHD
811,Non-Target,No,0,None,ADHD
812,Non-Target,No,0,None,ADHD
813,Non-Target,No,0,None,ADHD
814,Target,Yes,834,None,ADHD
815,Target,Yes,842,None,ADHD
816,Target,Yes,787,None,ADHD
817,Non-Target,No,0,None,ADHD
818,Non-Target,No,0,None,ADHD
819,Non-Target,Yes,815,Commission,ADHD
820,Non-Target,No,0,None,ADHD
821,Non-Target,No,0,None,ADHD
822,Target,No,0,Omission,ADHD
823,Non-Target,Yes,702,Commission,ADHD
824,Target,Yes,737,None,ADHD
825,Non-Target,No,0,None,ADHD
826,Target,Yes,654,None,ADHD
827,Non-Target,No,0,None,ADHD
828,Target,Yes,784,None,ADHD
829,Non-Target,No,0,None,ADHD
830,Non-Target,No,0,None,ADHD
831,Non-Target,No,0,None,ADHD
832,Non-Target,No,0,None,ADHD
833,Non-Target,No,0,None,ADHD
834,Target,Yes,632,None,ADHD
835,Non-Target,No,0,None,ADHD
836,Non-Target,No,0,None,ADHD
837,Target,Yes,744,None,ADHD
838,Target,Yes,601,None,ADHD
839,Non-Target,No,0,None,ADHD
840,Non-Target,No,0,None,ADHD
841,Non-Target,No,0,None,ADHD
842,Non-Target,No,0,None,ADHD
843,Target,Yes,785,None,ADHD
844,Non-Target,No,0,None,ADHD
845,Non-Target,No,0,None,ADHD
846,Target,Yes,590,None,ADHD
847,Target,Yes,735,None,ADHD
848,Non-Target,No,0,None,ADHD
849,Non-Target,No,0,None,ADHD
850,Non-Target,No,0,None,ADHD
851,Target,Yes,978,None,ADHD
852,Non-Target,No,0,None,ADHD
853,Non-Target,No,0,None,ADHD
854,Non-Target,No,0,None,ADHD
855,Non-Target,No,0,None,ADHD
856,Non-Target,No,0,None,ADHD
857,Target,Yes,855,None,ADHD
858,Non-Target,No,0,None,ADHD
859,Non-Target,No,0,None,ADHD
860,Non-Target,No,0,None,ADHD
861,Non-Target,No,0,None,ADHD
862,Non-Target,No,0,None,ADHD
863,Target,No,0,Omission,ADHD
864,Non-Target,No,0,None,ADHD
865,Non-Target,No,0,None,ADHD
866,Non-Target,No,0,None,ADHD
867,Non-Target,No,0,None,ADHD
868,Non-Target,No,0,None,ADHD
869,Non-Target,No,0,None,ADHD
870,Non-Target,No,0,None,ADHD
871,Non-Target,No,0,None,ADHD
872,Non-Target,No,0,None,ADHD
873,Non-Target,No,0,None,ADHD
874,Target,No,0,Omission,ADHD
875,Target,Yes,664,None,ADHD
876,Target,Yes,732,None,ADHD
877,Target,Yes,672,None,ADHD
878,Target,Yes,990,None,ADHD
879,Target,No,0,Omission,ADHD
880,Target,Yes,722,None,ADHD
881,Target,Yes,510,None,ADHD
882,Non-Target,No,0,None,ADHD
883,Non-Target,Yes,981,Commission,ADHD
884,Non-Target,No,0,None,ADHD
885,Non-Target,No,0,None,ADHD
886,Non-Target,No,0,None,ADHD
887,Non-Target,Yes,700,Commission,ADHD
888,Non-Target,No,0,None,ADHD
889,Non-Target,No,0,None,ADHD
890,Target,Yes,688,None,ADHD
891,Target,Yes,889,None,ADHD
892,Non-Target,No,0,None,ADHD
893,Non-Target,No,0,None,ADHD
894,Non-Target,No,0,None,ADHD
895,Non-Target,No,0,None,ADHD
896,Non-Target,No,0,None,ADHD
897,Target,Yes,686,None,ADHD
898,Target,No,0,Omission,ADHD
899,Target,Yes,858,None,ADHD
900,Non-Target,Yes,1020,Commission,ADHD
901,Target,No,0,Omission,ADHD
902,Non-Target,No,0,None,ADHD
903,Non-Target,No,0,None,ADHD
904,Non-Target,No,0,None,ADHD
905,Non-Target,No,0,None,ADHD
906,Non-Target,No,0,None,ADHD
907,Non-Target,No,0,None,ADHD
908,Non-Target,Yes,705,Commission,ADHD
909,Non-Target,No,0,None,ADHD
910,Non-Target,No,0,None,ADHD
911,Non-Target,Yes,740,Commission,ADHD
912,Non-Target,No,0,None,ADHD
913,Non-Target,No,0,None,ADHD
914,Target,Yes,841,None,ADHD
915,Non-Target,Yes,733,Commission,ADHD
916,Target,Yes,708,None,ADHD
917,Non-Target,No,0,None,ADHD
918,Target,Yes,562,None,ADHD
919,Non-Target,No,0,None,ADHD
920,Non-Target,No,0,None,ADHD
921,Non-Target,No,0,None,ADHD
922,Non-Target,No,0,None,ADHD
923,Non-Target,Yes,804,Commission,ADHD
924,Non-Target,No,0,None,ADHD
925,Target,Yes,588,None,ADHD
926,Non-Target,Yes,726,Commission,ADHD
927,Non-Target,No,0,None,ADHD
928,Target,Yes,852,None,ADHD
929,Non-Target,No,0,None,ADHD
930,Non-Target,No,0,None,ADHD
931,Target,Yes,769,None,ADHD
932,Target,Yes,855,None,ADHD
933,Non-Target,No,0,None,ADHD
934,Non-Target,Yes,721,Commission,ADHD
935,Non-Target,No,0,None,ADHD
936,Target,Yes,930,None,ADHD
937,Target,Yes,771,None,ADHD
938,Non-Target,No,0,None,ADHD
939,Target,Yes,529,None,ADHD
940,Target,Yes,618,None,ADHD
941,Non-Target,No,0,None,ADHD
942,Non-Target,No,0,None,ADHD
943,Non-Target,No,0,None,ADHD
944,Target,Yes,730,None,ADHD
945,Non-Target,Yes,1075,Commission,ADHD
946,Non-Target,No,0,None,ADHD
947,Non-Target,No,0,None,ADHD
948,Non-Target,No,0,None,ADHD
949,Target,No,0,Omission,ADHD
950,Non-Target,No,0,None,ADHD
951,Non-Target,No,0,None,ADHD
952,Target,Yes,864,None,ADHD
953,Target,No,0,Omission,ADHD
954,Non-Target,No,0,None,ADHD
955,Non-Target,No,0,None,ADHD
956,Non-Target,No,0,None,ADHD
957,Non-Target,No,0,None,ADHD
958,Target,Yes,764,None,ADHD
959,Target,Yes,684,None,ADHD
960,Non-Target,No,0,None,ADHD
961,Target,No,0,Omission,ADHD
962,Non-Target,No,0,None,ADHD
963,Target,Yes,700,None,ADHD
964,Non-Target,No,0,None,ADHD
965,Non-Target,Yes,1039,Commission,ADHD
966,Non-Target,Yes,500,Commission,ADHD
967,Non-Target,No,0,None,ADHD
968,Non-Target,No,0,None,ADHD
969,Non-Target,No,0,None,ADHD
970,Non-Target,No,0,None,ADHD
971,Non-Target,No,0,None,ADHD
972,Non-Target,No,0,None,ADHD
973,Target,No,0,Omission,ADHD
974,Non-Target,No,0,None,ADHD
975,Target,Yes,876,None,ADHD
976,Non-Target,No,0,None,ADHD
977,Target,Yes,788,None,ADHD
978,Non-Target,No,0,None,ADHD
979,Target,Yes,747,None,ADHD
980,Non-Target,No,0,None,ADHD
981,Target,Yes,644,None,ADHD
982,Non-Target,No,0,None,ADHD
983,Non-Target,Yes,736,Commission,ADHD
984,Non-Target,No,0,None,ADHD
985,Non-Target,No,0,None,ADHD
986,Non-Target,No,0,None,ADHD
987,Target,Yes,825,None,ADHD
988,Non-Target,No,0,None,ADHD
989,Non-Target,No,0,None,ADHD
990,Non-Target,No,0,None,ADHD
991,Non-Target,Yes,771,Commission,ADHD
992,Non-Target,No,0,None,ADHD
993,Non-Target,No,0,None,ADHD
994,Non-Target,Yes,521,Commission,ADHD
995,Target,Yes,779,None,ADHD
996,Target,Yes,773,None,ADHD
997,Non-Target,No,0,None,ADHD
998,Non-Target,No,0,None,ADHD
999,Non-Target,No,0,None,ADHD
1000,Non-Target,No,0,None,ADHD
1001,Non-Target,No,0,None,ADHD
1002,Target,Yes,1005,None,ADHD
1003,Non-Target,No,0,None,ADHD
1004,Non-Target,No,0,None,ADHD
1005,Non-Target,No,0,None,ADHD
1006,Non-Target,Yes,969,Commission,ADHD
1007,Target,Yes,758,None,ADHD
1008,Non-Target,No,0,None,ADHD
1009,Target,Yes,628,None,ADHD
1010,Non-Target,No,0,None,ADHD
1011,Non-Target,No,0,None,ADHD
1012,Non-Target,Yes,907,Commission,ADHD
1013,Non-Target,No,0,None,ADHD
1014,Target,Yes,571,None,ADHD
1015,Target,Yes,880,None,ADHD
1016,Target,Yes,754,None,ADHD
1017,Non-Target,No,0,None,ADHD
1018,Non-Target,No,0,None,ADHD
1019,Non-Target,No,0,None,ADHD
1020,Target,Yes,544,None,ADHD
1021,Non-Target,No,0,None,ADHD
1022,Non-Target,No,0,None,ADHD
1023,Non-Target,Yes,917,Commission,ADHD
1024,Target,Yes,651,None,ADHD
1025,Non-Target,No,0,None,ADHD
1026,Non-Target,No,0,None,ADHD
1027,Non-Target,No,0,None,ADHD
1028,Non-Target,No,0,None,ADHD
1029,Target,Yes,859,None,ADHD
1030,Non-Target,No,0,None,ADHD
1031,Non-Target,No,0,None,ADHD
1032,Non-Target,No,0,None,ADHD
1033,Target,Yes,551,None,ADHD
1034,Non-Target,No,0,None,ADHD
1035,Non-Target,No,0,None,ADHD
1036,Non-Target,Yes,650,Commission,ADHD
1037,Target,No,0,Omission,ADHD
1038,Non-Target,No,0,None,ADHD
1039,Target,No,0,Omission,ADHD
1040,Target,Yes,763,None,ADHD
1041,Non-Target,No,0,None,ADHD
1042,Target,No,0,Omission,ADHD
1043,Non-Target,No,0,None,ADHD
1044,Non-Target,No,0,None,ADHD
1045,Target,Yes,656,None,ADHD
1046,Non-Target,No,0,None,ADHD
1047,Target,Yes,767,None,ADHD
1048,Non-Target,No,0,None,ADHD
1049,Non-Target,No,0,None,ADHD
1050,Non-Target,No,0,None,ADHD
1051,Non-Target,No,0,None,ADHD
1052,Non-Target,Yes,904,Commission,ADHD
1053,Non-Target,No,0,None,ADHD
1054,Non-Target,No,0,None,ADHD
1055,Target,Yes,1049,None,ADHD
1056,Non-Target,No,0,None,ADHD
1057,Non-Target,No,0,None,ADHD
1058,Non-Target,No,0,None,ADHD
1059,Non-Target,Yes,605,Commission,ADHD
1060,Target,Yes,775,None,ADHD
1061,Target,No,0,Omission,ADHD
1062,Target,Yes,841,None,ADHD
1063,Target,Yes,869,None,ADHD
1064,Target,Yes,765,None,ADHD
1065,Non-Target,No,0,None,ADHD
1066,Non-Target,No,0,None,ADHD
1067,Non-Target,No,0,None,ADHD
1068,Non-Target,No,0,None,ADHD
1069,Target,Yes,639,None,ADHD
1070,Non-Target,No,0,None,ADHD
1071,Non-Target,No,0,None,ADHD
1072,Non-Target,No,0,None,ADHD
1073,Target,Yes,725,None,ADHD
1074,Target,Yes,989,None,ADHD
1075,Non-Target,No,0,None,ADHD
1076,Non-Target,No,0,None,ADHD
1077,Non-Target,Yes,630,Commission,ADHD
1078,Non-Target,No,0,None,ADHD
1079,Target,Yes,421,None,ADHD
1080,Non-Target,Yes,871,Commission,ADHD
1081,Target,Yes,702,None,ADHD
1082,Non-Target,No,0,None,ADHD
1083,Non-Target,No,0,None,ADHD
1084,Non-Target,No,0,None,ADHD
1085,Non-Target,No,0,None,ADHD
1086,Non-Target,Yes,800,Commission,ADHD
1087,Target,No,0,Omission,ADHD
1088,Non-Target,No,0,None,ADHD
1089,Non-Target,No,0,None,ADHD
1090,Non-Target,No,0,None,ADHD
1091,Non-Target,No,0,None,ADHD
1092,Non-Target,No,0,None,ADHD
1093,Non-Target,No,0,None,ADHD
1094,Non-Target,No,0,None,ADHD
1095,Target,No,0,Omission,ADHD
1096,Target,No,0,Omission,ADHD
1097,Non-Target,No,0,None,ADHD
1098,Target,Yes,778,None,ADHD
1099,Non-Target,No,0,None,ADHD
1100,Target,Yes,627,None,ADHD
1101,Non-Target,Yes,480,Commission,ADHD
1102,Non-Target,No,0,None,ADHD
1103,Non-Target,No,0,None,ADHD
1104,Non-Target,No,0,None,ADHD
1105,Non-Target,No,0,None,ADHD
1106,Non-Target,No,0,None,ADHD
1107,Non-Target,Yes,654,Commission,ADHD
1108,Target,Yes,708,None,ADHD
1109,Non-Target,No,0,None,ADHD
1110,Target,Yes,619,None,ADHD
1111,Non-Target,Yes,883,Commission,ADHD
1112,Target,Yes,851,None,ADHD
1113,Target,Yes,755,None,ADHD
1114,Target,Yes,589,None,ADHD
1115,Target,Yes,681,None,ADHD
1116,Target,Yes,935,None,ADHD
1117,Non-Target,No,0,None,ADHD
1118,Non-Target,No,0,None,ADHD
1119,Non-Target,No,0,None,ADHD
1120,Non-Target,No,0,None,ADHD
1121,Target,Yes,872,None,ADHD
1122,Non-Target,No,0,None,ADHD
1123,Non-Target,No,0,None,ADHD
1124,Non-Target,No,0,None,ADHD
1125,Non-Target,No,0,None,ADHD
1126,Non-Target,No,0,None,ADHD
1127,Non-Target,No,0,None,ADHD
1128,Non-Target,No,0,None,ADHD
1129,Non-Target,No,0,None,ADHD
1130,Non-Target,No,0,None,ADHD
1131,Non-Target,No,0,None,ADHD
1132,Non-Target,No,0,None,ADHD
1133,Target,No,0,Omission,ADHD
1134,Non-Target,No,0,None,ADHD
1135,Non-Target,No,0,None,ADHD
1136,Non-Target,No,0,None,ADHD
1137,Target,Yes,517,None,ADHD
1138,Non-Target,No,0,None,ADHD
1139,Non-Target,No,0,None,ADHD
1140,Target,Yes,854,None,ADHD
1141,Non-Target,No,0,None,ADHD
1142,Target,Yes,737,None,ADHD
1143,Target,Yes,547,None,ADHD
1144,Non-Target,Yes,593,Commission,ADHD
1145,Non-Target,No,0,None,ADHD
1146,Non-Target,No,0,None,ADHD
1147,Target,Yes,1059,None,ADHD
1148,Non-Target,No,0,None,ADHD
1149,Non-Target,No,0,None,ADHD
1150,Non-Target,No,0,None,ADHD
1151,Target,Yes,854,None,ADHD
1152,Non-Target,Yes,853,Commission,ADHD
1153,Non-Target,No,0,None,ADHD
1154,Non-Target,No,0,None,ADHD
1155,Non-Target,No,0,None,ADHD
1156,Non-Target,No,0,None,ADHD
1157,Non-Target,No,0,None,ADHD
1158,Non-Target,No,0,None,ADHD
1159,Non-Target,No,0,None,ADHD
1160,Non-Target,No,0,None,ADHD
1161,Target,No,0,Omission,ADHD
1162,Non-Target,Yes,833,Commission,ADHD
1163,Non-Target,No,0,None,ADHD
1164,Non-Target,No,0,None,ADHD
1165,Non-Target,Yes,619,Commission,ADHD
1166,Non-Target,No,0,None,ADHD
1167,Non-Target,No,0,None,ADHD
1168,Non-Target,No,0,None,ADHD
1169,Non-Target,No,0,None,ADHD
1170,Target,Yes,946,None,ADHD
1171,Non-Target,No,0,None,ADHD
1172,Target,Yes,869,None,ADHD
1173,Non-Target,No,0,None,ADHD
1174,Non-Target,No,0,None,ADHD
1175,Target,Yes,550,None,ADHD
1176,Non-Target,No,0,None,ADHD
1177,Non-Target,Yes,793,Commission,ADHD
1178,Non-Target,No,0,None,ADHD
1179,Non-Target,No,0,None,ADHD
1180,Target,Yes,809,None,ADHD
1181,Target,Yes,837,None,ADHD
1182,Target,Yes,851,None,ADHD
1183,Non-Target,No,0,None,ADHD
1184,Non-Target,No,0,None,ADHD
1185,Target,Yes,744,None,ADHD
1186,Target,Yes,1042,None,ADHD
1187,Target,No,0,Omission,ADHD
1188,Target,Yes,723,None,ADHD
1189,Non-Target,No,0,None,ADHD
1190,Non-Target,No,0,None,ADHD
1191,Non-Target,No,0,None,ADHD
1192,Target,Yes,859,None,ADHD
1193,Non-Target,No,0,None,ADHD
1194,Target,Yes,453,None,ADHD
1195,Target,Yes,579,None,ADHD
1196,Non-Target,No,0,None,ADHD
1197,Non-Target,No,0,None,ADHD
1198,Non-Target,No,0,None,ADHD
1199,Non-Target,No,0,None,ADHD
1200,Non-Target,No,0,None,ADHD
