Trial,StimulusType,Reaction,ReactionTime(ms),ErrorType,Label
1,Target,Yes,628,None,ADHD
2,Non-Target,No,0,None,ADHD
3,Non-Target,No,0,None,ADHD
4,Non-Target,No,0,None,ADHD
5,Non-Target,No,0,None,ADHD
6,Target,Yes,776,None,ADHD
7,Non-Target,No,0,None,ADHD
8,Non-Target,Yes,501,Commission,ADHD
9,Non-Target,No,0,None,ADHD
10,Non-Target,No,0,None,ADHD
11,Target,Yes,472,None,ADHD
12,Non-Target,No,0,None,ADHD
13,Target,No,0,Omission,ADHD
14,Non-Target,No,0,None,ADHD
15,Non-Target,No,0,None,ADHD
16,Target,Yes,711,None,ADHD
17,Target,No,0,Omission,ADHD
18,Non-Target,No,0,None,ADHD
19,Non-Target,Yes,601,Commission,ADHD
20,Target,Yes,523,None,ADHD
21,Target,Yes,551,None,ADHD
22,Target,Yes,801,None,ADHD
23,Target,Yes,958,None,ADHD
24,Non-Target,Yes,1010,Commission,ADHD
25,Non-Target,No,0,None,ADHD
26,Non-Target,Yes,752,Commission,ADHD
27,Non-Target,No,0,None,ADHD
28,Non-Target,No,0,None,ADHD
29,Non-Target,No,0,None,ADHD
30,Non-Target,No,0,None,ADHD
31,Target,Yes,834,None,ADHD
32,Target,Yes,660,None,ADHD
33,Non-Target,No,0,None,ADHD
34,Non-Target,No,0,None,ADHD
35,Non-Target,No,0,None,ADHD
36,Target,Yes,585,None,ADHD
37,Target,Yes,432,None,ADHD
38,Non-Target,No,0,None,ADHD
39,Non-Target,Yes,554,Commission,ADHD
40,Non-Target,No,0,None,ADHD
41,Non-Target,No,0,None,ADHD
42,Non-Target,No,0,None,ADHD
43,Non-Target,Yes,572,Commission,ADHD
44,Target,Yes,540,None,ADHD
45,Target,No,0,Omission,ADHD
46,Non-Target,No,0,None,ADHD
47,Non-Target,Yes,581,Commission,ADHD
48,Non-Target,No,0,None,ADHD
49,Target,Yes,653,None,ADHD
50,Target,No,0,Omission,ADHD
51,Non-Target,No,0,None,ADHD
52,Non-Target,No,0,None,ADHD
53,Non-Target,Yes,556,Commission,ADHD
54,Target,Yes,558,None,ADHD
55,Non-Target,No,0,None,ADHD
56,Non-Target,No,0,None,ADHD
57,Non-Target,No,0,None,ADHD
58,Non-Target,No,0,None,ADHD
59,Target,Yes,803,None,ADHD
60,Non-Target,No,0,None,ADHD
61,Target,Yes,813,None,ADHD
62,Non-Target,Yes,835,Commission,ADHD
63,Target,No,0,Omission,ADHD
64,Non-Target,Yes,818,Commission,ADHD
65,Non-Target,No,0,None,ADHD
66,Non-Target,No,0,None,ADHD
67,Non-Target,No,0,None,ADHD
68,Target,Yes,906,None,ADHD
69,Non-Target,No,0,None,ADHD
70,Target,Yes,602,None,ADHD
71,Target,No,0,Omission,ADHD
72,Target,Yes,709,None,ADHD
73,Non-Target,No,0,None,ADHD
74,Target,Yes,671,None,ADHD
75,Non-Target,Yes,603,Commission,ADHD
76,Non-Target,Yes,752,Commission,ADHD
77,Non-Target,No,0,None,ADHD
78,Non-Target,Yes,479,Commission,ADHD
79,Non-Target,Yes,577,Commission,ADHD
80,Non-Target,No,0,None,ADHD
81,Target,Yes,506,None,ADHD
82,Non-Target,No,0,None,ADHD
83,Non-Target,No,0,None,ADHD
84,Target,Yes,666,None,ADHD
85,Non-Target,No,0,None,ADHD
86,Target,Yes,612,None,ADHD
87,Non-Target,No,0,None,ADHD
88,Non-Target,Yes,592,Commission,ADHD
89,Target,No,0,Omission,ADHD
90,Non-Target,No,0,None,ADHD
91,Target,Yes,684,None,ADHD
92,Non-Target,No,0,None,ADHD
93,Non-Target,Yes,912,Commission,ADHD
94,Non-Target,No,0,None,ADHD
95,Non-Target,No,0,None,ADHD
96,Non-Target,No,0,None,ADHD
97,Non-Target,No,0,None,ADHD
98,Target,No,0,Omission,ADHD
99,Non-Target,No,0,None,ADHD
100,Target,Yes,487,None,ADHD
101,Non-Target,No,0,None,ADHD
102,Non-Target,Yes,588,Commission,ADHD
103,Non-Target,No,0,None,ADHD
104,Non-Target,No,0,None,ADHD
105,Non-Target,Yes,535,Commission,ADHD
106,Target,Yes,1072,None,ADHD
107,Non-Target,No,0,None,ADHD
108,Target,Yes,554,None,ADHD
109,Non-Target,No,0,None,ADHD
110,Target,Yes,719,None,ADHD
111,Target,Yes,801,None,ADHD
112,Target,Yes,614,None,ADHD
113,Non-Target,Yes,922,Commission,ADHD
114,Non-Target,No,0,None,ADHD
115,Non-Target,No,0,None,ADHD
116,Non-Target,No,0,None,ADHD
117,Non-Target,Yes,709,Commission,ADHD
118,Non-Target,No,0,None,ADHD
119,Non-Target,No,0,None,ADHD
120,Non-Target,No,0,None,ADHD
121,Target,Yes,617,None,ADHD
122,Non-Target,Yes,933,Commission,ADHD
123,Non-Target,No,0,None,ADHD
124,Non-Target,No,0,None,ADHD
125,Non-Target,No,0,None,ADHD
126,Non-Target,Yes,682,Commission,ADHD
127,Non-Target,No,0,None,ADHD
128,Non-Target,No,0,None,ADHD
129,Non-Target,No,0,None,ADHD
130,Non-Target,Yes,478,Commission,ADHD
131,Target,No,0,Omission,ADHD
132,Target,Yes,641,None,ADHD
133,Non-Target,No,0,None,ADHD
134,Target,Yes,579,None,ADHD
135,Non-Target,No,0,None,ADHD
136,Non-Target,No,0,None,ADHD
137,Non-Target,No,0,None,ADHD
138,Target,Yes,480,None,ADHD
139,Non-Target,No,0,None,ADHD
140,Non-Target,No,0,None,ADHD
141,Non-Target,Yes,620,Commission,ADHD
142,Non-Target,No,0,None,ADHD
143,Non-Target,No,0,None,ADHD
144,Target,Yes,592,None,ADHD
145,Target,Yes,849,None,ADHD
146,Non-Target,No,0,None,ADHD
147,Non-Target,No,0,None,ADHD
148,Target,Yes,824,None,ADHD
149,Non-Target,Yes,514,Commission,ADHD
150,Non-Target,No,0,None,ADHD
151,Non-Target,No,0,None,ADHD
152,Non-Target,Yes,902,Commission,ADHD
153,Non-Target,No,0,None,ADHD
154,Non-Target,No,0,None,ADHD
155,Non-Target,Yes,491,Commission,ADHD
156,Non-Target,No,0,None,ADHD
157,Target,No,0,Omission,ADHD
158,Target,Yes,884,None,ADHD
159,Target,No,0,Omission,ADHD
160,Non-Target,No,0,None,ADHD
161,Non-Target,No,0,None,ADHD
162,Target,Yes,844,None,ADHD
163,Non-Target,No,0,None,ADHD
164,Non-Target,No,0,None,ADHD
165,Target,Yes,768,None,ADHD
166,Non-Target,No,0,None,ADHD
167,Non-Target,No,0,None,ADHD
168,Non-Target,No,0,None,ADHD
169,Non-Target,Yes,736,Commission,ADHD
170,Non-Target,Yes,620,Commission,ADHD
171,Non-Target,No,0,None,ADHD
172,Non-Target,No,0,None,ADHD
173,Non-Target,No,0,None,ADHD
174,Non-Target,No,0,None,ADHD
175,Non-Target,No,0,None,ADHD
176,Target,Yes,861,None,ADHD
177,Target,Yes,904,None,ADHD
178,Target,No,0,Omission,ADHD
179,Non-Target,No,0,None,ADHD
180,Non-Target,No,0,None,ADHD
181,Target,Yes,403,None,ADHD
182,Non-Target,No,0,None,ADHD
183,Target,Yes,586,None,ADHD
184,Target,Yes,744,None,ADHD
185,Non-Target,Yes,551,Commission,ADHD
186,Non-Target,No,0,None,ADHD
187,Target,Yes,652,None,ADHD
188,Non-Target,No,0,None,ADHD
189,Target,Yes,638,None,ADHD
190,Non-Target,Yes,567,Commission,ADHD
191,Non-Target,No,0,None,ADHD
192,Non-Target,Yes,657,Commission,ADHD
193,Non-Target,No,0,None,ADHD
194,Non-Target,No,0,None,ADHD
195,Target,Yes,532,None,ADHD
196,Non-Target,No,0,None,ADHD
197,Non-Target,No,0,None,ADHD
198,Target,Yes,676,None,ADHD
199,Non-Target,No,0,None,ADHD
200,Non-Target,No,0,None,ADHD
201,Non-Target,No,0,None,ADHD
202,Target,Yes,934,None,ADHD
203,Target,Yes,608,None,ADHD
204,Target,Yes,598,None,ADHD
205,Non-Target,No,0,None,ADHD
206,Non-Target,No,0,None,ADHD
207,Non-Target,Yes,558,Commission,ADHD
208,Non-Target,No,0,None,ADHD
209,Non-Target,No,0,None,ADHD
210,Non-Target,No,0,None,ADHD
211,Target,Yes,896,None,ADHD
212,Target,Yes,697,None,ADHD
213,Non-Target,Yes,789,Commission,ADHD
214,Non-Target,No,0,None,ADHD
215,Non-Target,No,0,None,ADHD
216,Non-Target,No,0,None,ADHD
217,Non-Target,No,0,None,ADHD
218,Non-Target,No,0,None,ADHD
219,Non-Target,No,0,None,ADHD
220,Non-Target,No,0,None,ADHD
221,Target,Yes,546,None,ADHD
222,Non-Target,No,0,None,ADHD
223,Non-Target,No,0,None,ADHD
224,Non-Target,Yes,673,Commission,ADHD
225,Target,Yes,548,None,ADHD
226,Non-Target,No,0,None,ADHD
227,Target,Yes,734,None,ADHD
228,Non-Target,No,0,None,ADHD
229,Non-Target,No,0,None,ADHD
230,Non-Target,No,0,None,ADHD
231,Non-Target,No,0,None,ADHD
232,Target,Yes,679,None,ADHD
233,Target,Yes,627,None,ADHD
234,Non-Target,No,0,None,ADHD
235,Non-Target,No,0,None,ADHD
236,Non-Target,No,0,None,ADHD
237,Non-Target,No,0,None,ADHD
238,Non-Target,No,0,None,ADHD
239,Target,No,0,Omission,ADHD
240,Target,Yes,761,None,ADHD
241,Non-Target,No,0,None,ADHD
242,Non-Target,No,0,None,ADHD
243,Target,Yes,972,None,ADHD
244,Non-Target,Yes,739,Commission,ADHD
245,Non-Target,Yes,251,Commission,ADHD
246,Non-Target,Yes,852,Commission,ADHD
247,Target,Yes,513,None,ADHD
248,Target,Yes,534,None,ADHD
249,Target,Yes,734,None,ADHD
250,Non-Target,No,0,None,ADHD
251,Non-Target,No,0,None,ADHD
252,Non-Target,No,0,None,ADHD
253,Non-Target,No,0,None,ADHD
254,Target,No,0,Omission,ADHD
255,Non-Target,Yes,691,Commission,ADHD
256,Non-Target,No,0,None,ADHD
257,Target,Yes,604,None,ADHD
258,Non-Target,No,0,None,ADHD
259,Target,Yes,405,None,ADHD
260,Non-Target,No,0,None,ADHD
261,Non-Target,Yes,534,Commission,ADHD
262,Non-Target,No,0,None,ADHD
263,Non-Target,No,0,None,ADHD
264,Non-Target,No,0,None,ADHD
265,Non-Target,No,0,None,ADHD
266,Non-Target,No,0,None,ADHD
267,Target,Yes,879,None,ADHD
268,Target,Yes,663,None,ADHD
269,Non-Target,Yes,648,Commission,ADHD
270,Non-Target,Yes,700,Commission,ADHD
271,Non-Target,No,0,None,ADHD
272,Non-Target,No,0,None,ADHD
273,Non-Target,No,0,None,ADHD
274,Non-Target,Yes,372,Commission,ADHD
275,Target,Yes,724,None,ADHD
276,Non-Target,No,0,None,ADHD
277,Non-Target,No,0,None,ADHD
278,Target,Yes,511,None,ADHD
279,Non-Target,No,0,None,ADHD
280,Non-Target,No,0,None,ADHD
281,Non-Target,No,0,None,ADHD
282,Target,Yes,490,None,ADHD
283,Non-Target,No,0,None,ADHD
284,Target,Yes,639,None,ADHD
285,Non-Target,Yes,736,Commission,ADHD
286,Non-Target,No,0,None,ADHD
287,Target,Yes,713,None,ADHD
288,Non-Target,No,0,None,ADHD
289,Non-Target,No,0,None,ADHD
290,Non-Target,No,0,None,ADHD
291,Target,Yes,866,None,ADHD
292,Target,No,0,Omission,ADHD
293,Non-Target,No,0,None,ADHD
294,Non-Target,No,0,None,ADHD
295,Non-Target,No,0,None,ADHD
296,Non-Target,No,0,None,ADHD
297,Non-Target,Yes,425,Commission,ADHD
298,Target,Yes,472,None,ADHD
299,Target,Yes,663,None,ADHD
300,Non-Target,Yes,647,Commission,ADHD
301,Non-Target,Yes,761,Commission,ADHD
302,Non-Target,No,0,None,ADHD
303,Non-Target,No,0,None,ADHD
304,Target,Yes,692,None,ADHD
305,Non-Target,No,0,None,ADHD
306,Non-Target,No,0,None,ADHD
307,Non-Target,No,0,None,ADHD
308,Non-Target,No,0,None,ADHD
309,Non-Target,No,0,None,ADHD
310,Non-Target,No,0,None,ADHD
311,Target,Yes,744,None,ADHD
312,Target,Yes,810,None,ADHD
313,Non-Target,No,0,None,ADHD
314,Non-Target,No,0,None,ADHD
315,Target,No,0,Omission,ADHD
316,Non-Target,Yes,724,Commission,ADHD
317,Target,Yes,713,None,ADHD
318,Non-Target,No,0,None,ADHD
319,Non-Target,No,0,None,ADHD
320,Non-Target,Yes,862,Commission,ADHD
321,Non-Target,No,0,None,ADHD
322,Non-Target,No,0,None,ADHD
323,Non-Target,Yes,876,Commission,ADHD
324,Non-Target,Yes,553,Commission,ADHD
325,Target,Yes,825,None,ADHD
326,Target,No,0,Omission,ADHD
327,Non-Target,No,0,None,ADHD
328,Non-Target,No,0,None,ADHD
329,Non-Target,No,0,None,ADHD
330,Non-Target,No,0,None,ADHD
331,Non-Target,No,0,None,ADHD
332,Non-Target,No,0,None,ADHD
333,Non-Target,No,0,None,ADHD
334,Target,No,0,Omission,ADHD
335,Target,No,0,Omission,ADHD
336,Non-Target,No,0,None,ADHD
337,Non-Target,No,0,None,ADHD
338,Non-Target,No,0,None,ADHD
339,Non-Target,Yes,651,Commission,ADHD
340,Non-Target,Yes,643,Commission,ADHD
341,Target,Yes,484,None,ADHD
342,Non-Target,No,0,None,ADHD
343,Target,Yes,831,None,ADHD
344,Non-Target,Yes,957,Commission,ADHD
345,Target,Yes,750,None,ADHD
346,Target,Yes,844,None,ADHD
347,Target,Yes,797,None,ADHD
348,Non-Target,No,0,None,ADHD
349,Non-Target,No,0,None,ADHD
350,Non-Target,No,0,None,ADHD
351,Target,No,0,Omission,ADHD
352,Target,Yes,638,None,ADHD
353,Non-Target,No,0,None,ADHD
354,Non-Target,No,0,None,ADHD
355,Target,Yes,632,None,ADHD
356,Non-Target,Yes,757,Commission,ADHD
357,Non-Target,No,0,None,ADHD
358,Non-Target,No,0,None,ADHD
359,Non-Target,No,0,None,ADHD
360,Non-Target,No,0,None,ADHD
361,Target,No,0,Omission,ADHD
362,Non-Target,No,0,None,ADHD
363,Target,Yes,978,None,ADHD
364,Target,Yes,662,None,ADHD
365,Target,Yes,337,None,ADHD
366,Non-Target,No,0,None,ADHD
367,Non-Target,Yes,507,Commission,ADHD
368,Non-Target,Yes,887,Commission,ADHD
369,Non-Target,No,0,None,ADHD
370,Non-Target,No,0,None,ADHD
371,Non-Target,No,0,None,ADHD
372,Non-Target,Yes,579,Commission,ADHD
373,Non-Target,Yes,652,Commission,ADHD
374,Target,Yes,555,None,ADHD
375,Target,Yes,651,None,ADHD
376,Non-Target,No,0,None,ADHD
377,Non-Target,No,0,None,ADHD
378,Non-Target,No,0,None,ADHD
379,Target,Yes,729,None,ADHD
380,Target,Yes,714,None,ADHD
381,Target,Yes,509,None,ADHD
382,Non-Target,No,0,None,ADHD
383,Non-Target,No,0,None,ADHD
384,Target,Yes,675,None,ADHD
385,Non-Target,No,0,None,ADHD
386,Target,Yes,715,None,ADHD
387,Non-Target,No,0,None,ADHD
388,Non-Target,No,0,None,ADHD
389,Non-Target,Yes,672,Commission,ADHD
390,Non-Target,No,0,None,ADHD
391,Non-Target,No,0,None,ADHD
392,Non-Target,No,0,None,ADHD
393,Non-Target,Yes,569,Commission,ADHD
394,Target,Yes,804,None,ADHD
395,Non-Target,No,0,None,ADHD
396,Target,Yes,683,None,ADHD
397,Non-Target,No,0,None,ADHD
398,Non-Target,No,0,None,ADHD
399,Non-Target,No,0,None,ADHD
400,Target,Yes,826,None,ADHD
401,Non-Target,No,0,None,ADHD
402,Non-Target,No,0,None,ADHD
403,Non-Target,No,0,None,ADHD
404,Target,Yes,440,None,ADHD
405,Non-Target,No,0,None,ADHD
406,Non-Target,No,0,None,ADHD
407,Non-Target,No,0,None,ADHD
408,Target,No,0,Omission,ADHD
409,Target,Yes,489,None,ADHD
410,Target,Yes,501,None,ADHD
411,Non-Target,No,0,None,ADHD
412,Target,Yes,705,None,ADHD
413,Non-Target,No,0,None,ADHD
414,Target,Yes,267,None,ADHD
415,Non-Target,No,0,None,ADHD
416,Target,Yes,778,None,ADHD
417,Non-Target,Yes,663,Commission,ADHD
418,Non-Target,No,0,None,ADHD
419,Non-Target,Yes,519,Commission,ADHD
420,Non-Target,Yes,735,Commission,ADHD
421,Target,Yes,584,None,ADHD
422,Non-Target,No,0,None,ADHD
423,Target,Yes,576,None,ADHD
424,Non-Target,Yes,771,Commission,ADHD
425,Non-Target,No,0,None,ADHD
426,Non-Target,No,0,None,ADHD
427,Non-Target,No,0,None,ADHD
428,Target,Yes,668,None,ADHD
429,Target,Yes,860,None,ADHD
430,Non-Target,No,0,None,ADHD
431,Non-Target,No,0,None,ADHD
432,Non-Target,No,0,None,ADHD
433,Target,Yes,483,None,ADHD
434,Non-Target,No,0,None,ADHD
435,Non-Target,No,0,None,ADHD
436,Non-Target,No,0,None,ADHD
437,Non-Target,No,0,None,ADHD
438,Non-Target,No,0,None,ADHD
439,Non-Target,No,0,None,ADHD
440,Non-Target,No,0,None,ADHD
441,Non-Target,No,0,None,ADHD
442,Non-Target,Yes,721,Commission,ADHD
443,Non-Target,No,0,None,ADHD
444,Target,Yes,570,None,ADHD
445,Non-Target,No,0,None,ADHD
446,Non-Target,No,0,None,ADHD
447,Non-Target,Yes,482,Commission,ADHD
448,Target,Yes,551,None,ADHD
449,Non-Target,No,0,None,ADHD
450,Target,Yes,541,None,ADHD
451,Target,Yes,678,None,ADHD
452,Target,Yes,477,None,ADHD
453,Target,No,0,Omission,ADHD
454,Non-Target,No,0,None,ADHD
455,Non-Target,No,0,None,ADHD
456,Non-Target,No,0,None,ADHD
457,Non-Target,No,0,None,ADHD
458,Non-Target,No,0,None,ADHD
459,Non-Target,No,0,None,ADHD
460,Target,No,0,Omission,ADHD
461,Non-Target,Yes,605,Commission,ADHD
462,Non-Target,No,0,None,ADHD
463,Non-Target,Yes,887,Commission,ADHD
464,Non-Target,No,0,None,ADHD
465,Target,Yes,677,None,ADHD
466,Non-Target,No,0,None,ADHD
467,Target,Yes,688,None,ADHD
468,Target,Yes,535,None,ADHD
469,Target,Yes,369,None,ADHD
470,Non-Target,No,0,None,ADHD
471,Non-Target,No,0,None,ADHD
472,Non-Target,Yes,656,Commission,ADHD
473,Non-Target,No,0,None,ADHD
474,Non-Target,No,0,None,ADHD
475,Non-Target,No,0,None,ADHD
476,Non-Target,No,0,None,ADHD
477,Non-Target,No,0,None,ADHD
478,Non-Target,No,0,None,ADHD
479,Non-Target,No,0,None,ADHD
480,Non-Target,Yes,665,Commission,ADHD
481,Non-Target,Yes,857,Commission,ADHD
482,Non-Target,No,0,None,ADHD
483,Target,Yes,600,None,ADHD
484,Target,Yes,649,None,ADHD
485,Non-Target,No,0,None,ADHD
486,Non-Target,No,0,None,ADHD
487,Non-Target,No,0,None,ADHD
488,Target,Yes,663,None,ADHD
489,Target,Yes,613,None,ADHD
490,Non-Target,No,0,None,ADHD
491,Target,Yes,462,None,ADHD
492,Non-Target,No,0,None,ADHD
493,Non-Target,No,0,None,ADHD
494,Non-Target,No,0,None,ADHD
495,Non-Target,No,0,None,ADHD
496,Target,Yes,691,None,ADHD
497,Non-Target,No,0,None,ADHD
498,Non-Target,No,0,None,ADHD
499,Non-Target,No,0,None,ADHD
500,Non-Target,Yes,453,Commission,ADHD
501,Target,Yes,658,None,ADHD
502,Non-Target,No,0,None,ADHD
503,Non-Target,No,0,None,ADHD
504,Non-Target,No,0,None,ADHD
505,Non-Target,No,0,None,ADHD
506,Non-Target,No,0,None,ADHD
507,Target,Yes,713,None,ADHD
508,Non-Target,No,0,None,ADHD
509,Non-Target,No,0,None,ADHD
510,Non-Target,Yes,903,Commission,ADHD
511,Target,Yes,869,None,ADHD
512,Target,Yes,714,None,ADHD
513,Target,Yes,400,None,ADHD
514,Non-Target,No,0,None,ADHD
515,Non-Target,No,0,None,ADHD
516,Non-Target,Yes,823,Commission,ADHD
517,Non-Target,No,0,None,ADHD
518,Non-Target,No,0,None,ADHD
519,Non-Target,No,0,None,ADHD
520,Non-Target,Yes,799,Commission,ADHD
521,Target,Yes,666,None,ADHD
522,Target,Yes,815,None,ADHD
523,Target,Yes,397,None,ADHD
524,Non-Target,No,0,None,ADHD
525,Target,Yes,660,None,ADHD
526,Non-Target,No,0,None,ADHD
527,Non-Target,No,0,None,ADHD
528,Non-Target,No,0,None,ADHD
529,Non-Target,No,0,None,ADHD
530,Non-Target,No,0,None,ADHD
531,Non-Target,No,0,None,ADHD
532,Non-Target,No,0,None,ADHD
533,Non-Target,No,0,None,ADHD
534,Target,Yes,584,None,ADHD
535,Non-Target,No,0,None,ADHD
536,Target,No,0,Omission,ADHD
537,Non-Target,No,0,None,ADHD
538,Non-Target,No,0,None,ADHD
539,Non-Target,No,0,None,ADHD
540,Non-Target,No,0,None,ADHD
541,Non-Target,Yes,582,Commission,ADHD
542,Target,Yes,546,None,ADHD
543,Non-Target,No,0,None,ADHD
544,Non-Target,No,0,None,ADHD
545,Non-Target,No,0,None,ADHD
546,Non-Target,No,0,None,ADHD
547,Non-Target,No,0,None,ADHD
548,Target,Yes,679,None,ADHD
549,Non-Target,No,0,None,ADHD
550,Target,Yes,891,None,ADHD
551,Target,Yes,760,None,ADHD
552,Target,Yes,637,None,ADHD
553,Target,Yes,576,None,ADHD
554,Non-Target,No,0,None,ADHD
555,Non-Target,No,0,None,ADHD
556,Non-Target,No,0,None,ADHD
557,Non-Target,No,0,None,ADHD
558,Target,Yes,658,None,ADHD
559,Non-Target,Yes,612,Commission,ADHD
560,Non-Target,No,0,None,ADHD
561,Non-Target,No,0,None,ADHD
562,Non-Target,No,0,None,ADHD
563,Non-Target,No,0,None,ADHD
564,Target,Yes,545,None,ADHD
565,Non-Target,No,0,None,ADHD
566,Non-Target,No,0,None,ADHD
567,Target,Yes,714,None,ADHD
568,Non-Target,No,0,None,ADHD
569,Target,No,0,Omission,ADHD
570,Target,No,0,Omission,ADHD
571,Non-Target,Yes,570,Commission,ADHD
572,Non-Target,Yes,311,Commission,ADHD
573,Non-Target,No,0,None,ADHD
574,Non-Target,No,0,None,ADHD
575,Non-Target,No,0,None,ADHD
576,Non-Target,No,0,None,ADHD
577,Non-Target,Yes,557,Commission,ADHD
578,Target,Yes,724,None,ADHD
579,Non-Target,No,0,None,ADHD
580,Non-Target,Yes,735,Commission,ADHD
581,Non-Target,No,0,None,ADHD
582,Target,Yes,785,None,ADHD
583,Non-Target,Yes,516,Commission,ADHD
584,Non-Target,No,0,None,ADHD
585,Non-Target,No,0,None,ADHD
586,Non-Target,No,0,None,ADHD
587,Non-Target,No,0,None,ADHD
588,Non-Target,No,0,None,ADHD
589,Non-Target,No,0,None,ADHD
590,Non-Target,No,0,None,ADHD
591,Target,Yes,673,None,ADHD
592,Non-Target,No,0,None,ADHD
593,Non-Target,Yes,598,Commission,ADHD
594,Non-Target,Yes,709,Commission,ADHD
595,Non-Target,No,0,None,ADHD
596,Non-Target,No,0,None,ADHD
597,Non-Target,No,0,None,ADHD
598,Non-Target,No,0,None,ADHD
599,Non-Target,Yes,555,Commission,ADHD
600,Non-Target,No,0,None,ADHD
601,Non-Target,No,0,None,ADHD
602,Non-Target,No,0,None,ADHD
603,Non-Target,No,0,None,ADHD
604,Target,Yes,734,None,ADHD
605,Non-Target,No,0,None,ADHD
606,Non-Target,Yes,427,Commission,ADHD
607,Target,Yes,711,None,ADHD
608,Target,Yes,749,None,ADHD
609,Non-Target,No,0,None,ADHD
610,Target,Yes,760,None,ADHD
611,Target,Yes,691,None,ADHD
612,Non-Target,No,0,None,ADHD
613,Non-Target,No,0,None,ADHD
614,Target,Yes,568,None,ADHD
615,Non-Target,No,0,None,ADHD
616,Non-Target,No,0,None,ADHD
617,Target,No,0,Omission,ADHD
618,Non-Target,No,0,None,ADHD
619,Non-Target,No,0,None,ADHD
620,Non-Target,Yes,801,Commission,ADHD
621,Non-Target,No,0,None,ADHD
622,Non-Target,No,0,None,ADHD
623,Non-Target,No,0,None,ADHD
624,Target,No,0,Omission,ADHD
625,Non-Target,Yes,544,Commission,ADHD
626,Non-Target,Yes,388,Commission,ADHD
627,Non-Target,Yes,336,Commission,ADHD
628,Non-Target,No,0,None,ADHD
629,Non-Target,Yes,743,Commission,ADHD
630,Non-Target,No,0,None,ADHD
631,Non-Target,No,0,None,ADHD
632,Non-Target,No,0,None,ADHD
633,Non-Target,Yes,688,Commission,ADHD
634,Target,No,0,Omission,ADHD
635,Non-Target,No,0,None,ADHD
636,Non-Target,No,0,None,ADHD
637,Non-Target,Yes,547,Commission,ADHD
638,Target,Yes,571,None,ADHD
639,Non-Target,No,0,None,ADHD
640,Target,Yes,523,None,ADHD
641,Target,Yes,771,None,ADHD
642,Non-Target,No,0,None,ADHD
643,Non-Target,No,0,None,ADHD
644,Non-Target,No,0,None,ADHD
645,Target,Yes,698,None,ADHD
646,Target,Yes,498,None,ADHD
647,Non-Target,No,0,None,ADHD
648,Target,Yes,601,None,ADHD
649,Target,Yes,519,None,ADHD
650,Non-Target,No,0,None,ADHD
651,Non-Target,No,0,None,ADHD
652,Non-Target,No,0,None,ADHD
653,Target,No,0,Omission,ADHD
654,Non-Target,No,0,None,ADHD
655,Target,Yes,595,None,ADHD
656,Target,Yes,616,None,ADHD
657,Non-Target,No,0,None,ADHD
658,Target,No,0,Omission,ADHD
659,Non-Target,No,0,None,ADHD
660,Non-Target,No,0,None,ADHD
661,Non-Target,No,0,None,ADHD
662,Non-Target,No,0,None,ADHD
663,Non-Target,Yes,551,Commission,ADHD
664,Target,Yes,407,None,ADHD
665,Non-Target,Yes,668,Commission,ADHD
666,Non-Target,No,0,None,ADHD
667,Non-Target,No,0,None,ADHD
668,Non-Target,Yes,661,Commission,ADHD
669,Non-Target,Yes,836,Commission,ADHD
670,Non-Target,No,0,None,ADHD
671,Non-Target,Yes,609,Commission,ADHD
672,Non-Target,Yes,571,Commission,ADHD
673,Non-Target,Yes,463,Commission,ADHD
674,Target,No,0,Omission,ADHD
675,Target,Yes,534,None,ADHD
676,Target,Yes,685,None,ADHD
677,Target,Yes,488,None,ADHD
678,Non-Target,No,0,None,ADHD
679,Target,Yes,541,None,ADHD
680,Target,Yes,945,None,ADHD
681,Non-Target,No,0,None,ADHD
682,Non-Target,No,0,None,ADHD
683,Non-Target,No,0,None,ADHD
684,Non-Target,No,0,None,ADHD
685,Non-Target,No,0,None,ADHD
686,Non-Target,Yes,597,Commission,ADHD
687,Non-Target,No,0,None,ADHD
688,Target,No,0,Omission,ADHD
689,Target,Yes,675,None,ADHD
690,Non-Target,Yes,735,Commission,ADHD
691,Non-Target,No,0,None,ADHD
692,Target,Yes,839,None,ADHD
693,Non-Target,No,0,None,ADHD
694,Target,Yes,832,None,ADHD
695,Target,Yes,578,None,ADHD
696,Target,Yes,715,None,ADHD
697,Non-Target,No,0,None,ADHD
698,Non-Target,No,0,None,ADHD
699,Non-Target,Yes,808,Commission,ADHD
700,Non-Target,No,0,None,ADHD
701,Non-Target,No,0,None,ADHD
702,Non-Target,Yes,756,Commission,ADHD
703,Non-Target,Yes,672,Commission,ADHD
704,Target,Yes,510,None,ADHD
705,Non-Target,No,0,None,ADHD
706,Non-Target,Yes,881,Commission,ADHD
707,Non-Target,Yes,730,Commission,ADHD
708,Target,Yes,761,None,ADHD
709,Non-Target,No,0,None,ADHD
710,Non-Target,No,0,None,ADHD
711,Non-Target,Yes,468,Commission,ADHD
712,Non-Target,Yes,584,Commission,ADHD
713,Non-Target,No,0,None,ADHD
714,Non-Target,No,0,None,ADHD
715,Non-Target,No,0,None,ADHD
716,Non-Target,No,0,None,ADHD
717,Target,No,0,Omission,ADHD
718,Non-Target,Yes,512,Commission,ADHD
719,Target,Yes,641,None,ADHD
720,Non-Target,Yes,651,Commission,ADHD
721,Non-Target,No,0,None,ADHD
722,Target,Yes,893,None,ADHD
723,Non-Target,No,0,None,ADHD
724,Non-Target,No,0,None,ADHD
725,Target,Yes,555,None,ADHD
726,Non-Target,No,0,None,ADHD
727,Target,No,0,Omission,ADHD
728,Target,Yes,495,None,ADHD
729,Non-Target,Yes,719,Commission,ADHD
730,Non-Target,No,0,None,ADHD
731,Non-Target,No,0,None,ADHD
732,Target,Yes,663,None,ADHD
733,Target,Yes,337,None,ADHD
734,Non-Target,No,0,None,ADHD
735,Target,Yes,597,None,ADHD
736,Non-Target,No,0,None,ADHD
737,Non-Target,Yes,830,Commission,ADHD
738,Non-Target,No,0,None,ADHD
739,Non-Target,Yes,728,Commission,ADHD
740,Non-Target,No,0,None,ADHD
741,Non-Target,No,0,None,ADHD
742,Non-Target,No,0,None,ADHD
743,Target,No,0,Omission,ADHD
744,Non-Target,No,0,None,ADHD
745,Non-Target,No,0,None,ADHD
746,Target,Yes,843,None,ADHD
747,Non-Target,No,0,None,ADHD
748,Non-Target,No,0,None,ADHD
749,Target,Yes,662,None,ADHD
750,Target,Yes,631,None,ADHD
751,Non-Target,No,0,None,ADHD
752,Target,Yes,531,None,ADHD
753,Non-Target,No,0,None,ADHD
754,Target,No,0,Omission,ADHD
755,Non-Target,No,0,None,ADHD
756,Non-Target,No,0,None,ADHD
757,Non-Target,Yes,600,Commission,ADHD
758,Non-Target,No,0,None,ADHD
759,Non-Target,No,0,None,ADHD
760,Non-Target,Yes,632,Commission,ADHD
761,Non-Target,No,0,None,ADHD
762,Non-Target,No,0,None,ADHD
763,Target,Yes,539,None,ADHD
764,Non-Target,No,0,None,ADHD
765,Non-Target,No,0,None,ADHD
766,Target,Yes,683,None,ADHD
767,Non-Target,No,0,None,ADHD
768,Non-Target,No,0,None,ADHD
769,Non-Target,No,0,None,ADHD
770,Non-Target,No,0,None,ADHD
771,Target,No,0,Omission,ADHD
772,Target,No,0,Omission,ADHD
773,Non-Target,Yes,916,Commission,ADHD
774,Non-Target,No,0,None,ADHD
775,Target,Yes,620,None,ADHD
776,Non-Target,No,0,None,ADHD
777,Non-Target,No,0,None,ADHD
778,Non-Target,No,0,None,ADHD
779,Target,Yes,504,None,ADHD
780,Non-Target,No,0,None,ADHD
781,Non-Target,No,0,None,ADHD
782,Target,Yes,672,None,ADHD
783,Non-Target,Yes,704,Commission,ADHD
784,Non-Target,No,0,None,ADHD
785,Non-Target,No,0,None,ADHD
786,Non-Target,No,0,None,ADHD
787,Non-Target,No,0,None,ADHD
788,Non-Target,No,0,None,ADHD
789,Non-Target,No,0,None,ADHD
790,Non-Target,No,0,None,ADHD
791,Target,Yes,531,None,ADHD
792,Target,Yes,847,None,ADHD
793,Non-Target,Yes,453,Commission,ADHD
794,Non-Target,No,0,None,ADHD
795,Non-Target,No,0,None,ADHD
796,Non-Target,No,0,None,ADHD
797,Non-Target,No,0,None,ADHD
798,Non-Target,No,0,None,ADHD
799,Non-Target,No,0,None,ADHD
800,Non-Target,No,0,None,ADHD
801,Target,Yes,603,None,ADHD
802,Non-Target,No,0,None,ADHD
803,Non-Target,Yes,504,Commission,ADHD
804,Non-Target,No,0,None,ADHD
805,Non-Target,No,0,None,ADHD
806,Target,Yes,749,None,ADHD
807,Target,Yes,923,None,ADHD
808,Non-Target,Yes,763,Commission,ADHD
809,Non-Target,No,0,None,ADHD
810,Target,Yes,534,None,ADHD
811,Target,Yes,733,None,ADHD
812,Non-Target,No,0,None,ADHD
813,Target,No,0,Omission,ADHD
814,Non-Target,No,0,None,ADHD
815,Non-Target,No,0,None,ADHD
816,Non-Target,No,0,None,ADHD
817,Non-Target,No,0,None,ADHD
818,Target,Yes,588,None,ADHD
819,Non-Target,No,0,None,ADHD
820,Non-Target,No,0,None,ADHD
821,Non-Target,No,0,None,ADHD
822,Non-Target,No,0,None,ADHD
823,Target,Yes,497,None,ADHD
824,Target,Yes,440,None,ADHD
825,Non-Target,No,0,None,ADHD
826,Non-Target,No,0,None,ADHD
827,Non-Target,No,0,None,ADHD
828,Non-Target,No,0,None,ADHD
829,Non-Target,Yes,664,Commission,ADHD
830,Non-Target,No,0,None,ADHD
831,Non-Target,No,0,None,ADHD
832,Target,Yes,756,None,ADHD
833,Non-Target,No,0,None,ADHD
834,Non-Target,No,0,None,ADHD
835,Non-Target,No,0,None,ADHD
836,Target,Yes,555,None,ADHD
837,Non-Target,Yes,777,Commission,ADHD
838,Non-Target,No,0,None,ADHD
839,Target,No,0,Omission,ADHD
840,Non-Target,Yes,343,Commission,ADHD
841,Target,Yes,597,None,ADHD
842,Non-Target,No,0,None,ADHD
843,Target,Yes,758,None,ADHD
844,Non-Target,No,0,None,ADHD
845,Non-Target,No,0,None,ADHD
846,Non-Target,No,0,None,ADHD
847,Target,Yes,460,None,ADHD
848,Target,Yes,786,None,ADHD
849,Non-Target,No,0,None,ADHD
850,Non-Target,No,0,None,ADHD
851,Target,Yes,462,None,ADHD
852,Non-Target,No,0,None,ADHD
853,Target,Yes,369,None,ADHD
854,Target,Yes,661,None,ADHD
855,Non-Target,No,0,None,ADHD
856,Non-Target,Yes,626,Commission,ADHD
857,Non-Target,No,0,None,ADHD
858,Non-Target,No,0,None,ADHD
859,Non-Target,Yes,593,Commission,ADHD
860,Target,Yes,738,None,ADHD
861,Target,Yes,620,None,ADHD
862,Non-Target,No,0,None,ADHD
863,Target,Yes,663,None,ADHD
864,Target,Yes,666,None,ADHD
865,Target,Yes,308,None,ADHD
866,Target,Yes,546,None,ADHD
867,Non-Target,Yes,526,Commission,ADHD
868,Non-Target,No,0,None,ADHD
869,Non-Target,No,0,None,ADHD
870,Target,No,0,Omission,ADHD
871,Target,Yes,686,None,ADHD
872,Non-Target,No,0,None,ADHD
873,Non-Target,No,0,None,ADHD
874,Non-Target,No,0,None,ADHD
875,Non-Target,Yes,336,Commission,ADHD
876,Non-Target,No,0,None,ADHD
877,Target,No,0,Omission,ADHD
878,Target,Yes,638,None,ADHD
879,Target,Yes,563,None,ADHD
880,Non-Target,No,0,None,ADHD
881,Non-Target,Yes,786,Commission,ADHD
882,Non-Target,No,0,None,ADHD
883,Target,Yes,624,None,ADHD
884,Target,Yes,884,None,ADHD
885,Target,Yes,458,None,ADHD
886,Non-Target,No,0,None,ADHD
887,Non-Target,No,0,None,ADHD
888,Non-Target,No,0,None,ADHD
889,Non-Target,No,0,None,ADHD
890,Non-Target,No,0,None,ADHD
891,Non-Target,No,0,None,ADHD
892,Non-Target,No,0,None,ADHD
893,Non-Target,No,0,None,ADHD
894,Non-Target,Yes,676,Commission,ADHD
895,Non-Target,No,0,None,ADHD
896,Non-Target,No,0,None,ADHD
897,Non-Target,No,0,None,ADHD
898,Target,Yes,404,None,ADHD
899,Non-Target,Yes,899,Commission,ADHD
900,Non-Target,Yes,714,Commission,ADHD
901,Target,No,0,Omission,ADHD
902,Non-Target,Yes,344,Commission,ADHD
903,Target,Yes,616,None,ADHD
904,Target,No,0,Omission,ADHD
905,Target,Yes,644,None,ADHD
906,Non-Target,No,0,None,ADHD
907,Non-Target,No,0,None,ADHD
908,Target,Yes,548,None,ADHD
909,Non-Target,No,0,None,ADHD
910,Non-Target,No,0,None,ADHD
911,Non-Target,No,0,None,ADHD
912,Target,Yes,917,None,ADHD
913,Non-Target,Yes,707,Commission,ADHD
914,Non-Target,Yes,817,Commission,ADHD
915,Non-Target,No,0,None,ADHD
916,Target,No,0,Omission,ADHD
917,Non-Target,Yes,688,Commission,ADHD
918,Non-Target,No,0,None,ADHD
919,Non-Target,No,0,None,ADHD
920,Non-Target,No,0,None,ADHD
921,Non-Target,No,0,None,ADHD
922,Target,Yes,565,None,ADHD
923,Target,No,0,Omission,ADHD
924,Non-Target,No,0,None,ADHD
925,Non-Target,No,0,None,ADHD
926,Non-Target,No,0,None,ADHD
927,Non-Target,No,0,None,ADHD
928,Non-Target,No,0,None,ADHD
929,Non-Target,No,0,None,ADHD
930,Non-Target,No,0,None,ADHD
931,Non-Target,Yes,877,Commission,ADHD
932,Non-Target,Yes,692,Commission,ADHD
933,Non-Target,No,0,None,ADHD
934,Non-Target,No,0,None,ADHD
935,Non-Target,No,0,None,ADHD
936,Non-Target,Yes,580,Commission,ADHD
937,Non-Target,No,0,None,ADHD
938,Non-Target,No,0,None,ADHD
939,Non-Target,No,0,None,ADHD
940,Target,Yes,736,None,ADHD
941,Non-Target,No,0,None,ADHD
942,Non-Target,Yes,690,Commission,ADHD
943,Target,No,0,Omission,ADHD
944,Non-Target,No,0,None,ADHD
945,Non-Target,Yes,659,Commission,ADHD
946,Non-Target,Yes,868,Commission,ADHD
947,Non-Target,No,0,None,ADHD
948,Non-Target,Yes,665,Commission,ADHD
949,Non-Target,No,0,None,ADHD
950,Target,Yes,921,None,ADHD
951,Target,Yes,807,None,ADHD
952,Target,Yes,804,None,ADHD
953,Target,Yes,857,None,ADHD
954,Non-Target,No,0,None,ADHD
955,Target,No,0,Omission,ADHD
956,Non-Target,No,0,None,ADHD
957,Non-Target,No,0,None,ADHD
958,Non-Target,No,0,None,ADHD
959,Target,Yes,653,None,ADHD
960,Non-Target,Yes,805,Commission,ADHD
961,Non-Target,No,0,None,ADHD
962,Non-Target,No,0,None,ADHD
963,Non-Target,No,0,None,ADHD
964,Target,Yes,415,None,ADHD
965,Non-Target,No,0,None,ADHD
966,Non-Target,No,0,None,ADHD
967,Target,Yes,718,None,ADHD
968,Non-Target,No,0,None,ADHD
969,Non-Target,No,0,None,ADHD
970,Non-Target,No,0,None,ADHD
971,Non-Target,No,0,None,ADHD
972,Non-Target,No,0,None,ADHD
973,Target,Yes,697,None,ADHD
974,Non-Target,No,0,None,ADHD
975,Non-Target,No,0,None,ADHD
976,Non-Target,No,0,None,ADHD
977,Non-Target,No,0,None,ADHD
978,Non-Target,Yes,469,Commission,ADHD
979,Target,No,0,Omission,ADHD
980,Non-Target,No,0,None,ADHD
981,Non-Target,No,0,None,ADHD
982,Non-Target,Yes,915,Commission,ADHD
983,Non-Target,No,0,None,ADHD
984,Non-Target,No,0,None,ADHD
985,Target,Yes,493,None,ADHD
986,Non-Target,No,0,None,ADHD
987,Target,Yes,780,None,ADHD
988,Non-Target,No,0,None,ADHD
989,Target,Yes,789,None,ADHD
990,Target,Yes,772,None,ADHD
991,Non-Target,No,0,None,ADHD
992,Non-Target,Yes,755,Commission,ADHD
993,Target,Yes,749,None,ADHD
994,Target,Yes,468,None,ADHD
995,Non-Target,No,0,None,ADHD
996,Non-Target,No,0,None,ADHD
997,Non-Target,Yes,679,Commission,ADHD
998,Non-Target,No,0,None,ADHD
999,Non-Target,No,0,None,ADHD
1000,Target,Yes,762,None,ADHD
1001,Non-Target,No,0,None,ADHD
1002,Target,Yes,710,None,ADHD
1003,Non-Target,Yes,794,Commission,ADHD
1004,Non-Target,No,0,None,ADHD
1005,Non-Target,Yes,677,Commission,ADHD
1006,Non-Target,Yes,579,Commission,ADHD
1007,Non-Target,No,0,None,ADHD
1008,Non-Target,Yes,632,Commission,ADHD
1009,Non-Target,No,0,None,ADHD
1010,Target,No,0,Omission,ADHD
1011,Non-Target,Yes,777,Commission,ADHD
1012,Non-Target,No,0,None,ADHD
1013,Non-Target,No,0,None,ADHD
1014,Non-Target,No,0,None,ADHD
1015,Target,Yes,775,None,ADHD
1016,Non-Target,No,0,None,ADHD
1017,Non-Target,No,0,None,ADHD
1018,Non-Target,No,0,None,ADHD
1019,Target,Yes,640,None,ADHD
1020,Non-Target,No,0,None,ADHD
1021,Non-Target,No,0,None,ADHD
1022,Target,Yes,788,None,ADHD
1023,Non-Target,No,0,None,ADHD
1024,Target,No,0,Omission,ADHD
1025,Target,No,0,Omission,ADHD
1026,Non-Target,No,0,None,ADHD
1027,Non-Target,No,0,None,ADHD
1028,Target,Yes,630,None,ADHD
1029,Target,Yes,777,None,ADHD
1030,Target,Yes,514,None,ADHD
1031,Non-Target,Yes,892,Commission,ADHD
1032,Target,No,0,Omission,ADHD
1033,Non-Target,No,0,None,ADHD
1034,Target,Yes,917,None,ADHD
1035,Target,Yes,600,None,ADHD
1036,Non-Target,No,0,None,ADHD
1037,Non-Target,No,0,None,ADHD
1038,Non-Target,Yes,704,Commission,ADHD
1039,Target,Yes,925,None,ADHD
1040,Non-Target,No,0,None,ADHD
1041,Non-Target,No,0,None,ADHD
1042,Target,Yes,700,None,ADHD
1043,Non-Target,No,0,None,ADHD
1044,Target,No,0,Omission,ADHD
1045,Target,Yes,417,None,ADHD
1046,Target,No,0,Omission,ADHD
1047,Non-Target,No,0,None,ADHD
1048,Non-Target,Yes,639,Commission,ADHD
1049,Non-Target,No,0,None,ADHD
1050,Target,Yes,534,None,ADHD
1051,Non-Target,No,0,None,ADHD
1052,Target,Yes,564,None,ADHD
1053,Non-Target,No,0,None,ADHD
1054,Target,Yes,665,None,ADHD
1055,Non-Target,No,0,None,ADHD
1056,Non-Target,No,0,None,ADHD
1057,Target,Yes,713,None,ADHD
1058,Target,Yes,473,None,ADHD
1059,Target,No,0,Omission,ADHD
1060,Non-Target,No,0,None,ADHD
1061,Non-Target,No,0,None,ADHD
1062,Non-Target,No,0,None,ADHD
1063,Target,Yes,612,None,ADHD
1064,Non-Target,No,0,None,ADHD
1065,Non-Target,No,0,None,ADHD
1066,Target,Yes,887,None,ADHD
1067,Non-Target,No,0,None,ADHD
1068,Non-Target,Yes,425,Commission,ADHD
1069,Target,Yes,500,None,ADHD
1070,Target,Yes,824,None,ADHD
1071,Non-Target,Yes,800,Commission,ADHD
1072,Non-Target,Yes,642,Commission,ADHD
1073,Non-Target,Yes,850,Commission,ADHD
1074,Non-Target,No,0,None,ADHD
1075,Target,Yes,466,None,ADHD
1076,Non-Target,Yes,331,Commission,ADHD
1077,Non-Target,No,0,None,ADHD
1078,Target,No,0,Omission,ADHD
1079,Non-Target,No,0,None,ADHD
1080,Non-Target,Yes,1003,Commission,ADHD
1081,Non-Target,No,0,None,ADHD
1082,Non-Target,No,0,None,ADHD
1083,Non-Target,Yes,712,Commission,ADHD
1084,Non-Target,No,0,None,ADHD
1085,Target,No,0,Omission,ADHD
1086,Non-Target,No,0,None,ADHD
1087,Non-Target,No,0,None,ADHD
1088,Non-Target,No,0,None,ADHD
1089,Non-Target,No,0,None,ADHD
1090,Target,Yes,553,None,ADHD
1091,Target,Yes,897,None,ADHD
1092,Non-Target,No,0,None,ADHD
1093,Target,Yes,802,None,ADHD
1094,Non-Target,No,0,None,ADHD
1095,Non-Target,Yes,442,Commission,ADHD
1096,Non-Target,No,0,None,ADHD
1097,Non-Target,No,0,None,ADHD
1098,Non-Target,No,0,None,ADHD
1099,Non-Target,No,0,None,ADHD
1100,Non-Target,No,0,None,ADHD
1101,Target,No,0,Omission,ADHD
1102,Target,Yes,597,None,ADHD
1103,Non-Target,No,0,None,ADHD
1104,Non-Target,No,0,None,ADHD
1105,Target,Yes,858,None,ADHD
1106,Target,Yes,694,None,ADHD
1107,Non-Target,No,0,None,ADHD
1108,Non-Target,Yes,855,Commission,ADHD
1109,Target,Yes,840,None,ADHD
1110,Non-Target,No,0,None,ADHD
1111,Target,Yes,590,None,ADHD
1112,Non-Target,Yes,689,Commission,ADHD
1113,Target,Yes,630,None,ADHD
1114,Non-Target,Yes,667,Commission,ADHD
1115,Non-Target,No,0,None,ADHD
1116,Non-Target,No,0,None,ADHD
1117,Non-Target,No,0,None,ADHD
1118,Non-Target,No,0,None,ADHD
1119,Target,Yes,583,None,ADHD
1120,Target,Yes,293,None,ADHD
1121,Non-Target,No,0,None,ADHD
1122,Target,Yes,964,None,ADHD
1123,Target,Yes,746,None,ADHD
1124,Non-Target,No,0,None,ADHD
1125,Non-Target,Yes,746,Commission,ADHD
1126,Non-Target,No,0,None,ADHD
1127,Target,Yes,640,None,ADHD
1128,Target,No,0,Omission,ADHD
1129,Target,Yes,566,None,ADHD
1130,Non-Target,No,0,None,ADHD
1131,Target,No,0,Omission,ADHD
1132,Non-Target,No,0,None,ADHD
1133,Non-Target,No,0,None,ADHD
1134,Non-Target,No,0,None,ADHD
1135,Non-Target,Yes,736,Commission,ADHD
1136,Target,Yes,695,None,ADHD
1137,Target,Yes,1023,None,ADHD
1138,Non-Target,No,0,None,ADHD
1139,Non-Target,No,0,None,ADHD
1140,Non-Target,No,0,None,ADHD
1141,Target,Yes,811,None,ADHD
1142,Target,No,0,Omission,ADHD
1143,Target,Yes,726,None,ADHD
1144,Non-Target,No,0,None,ADHD
1145,Target,No,0,Omission,ADHD
1146,Non-Target,Yes,565,Commission,ADHD
1147,Non-Target,No,0,None,ADHD
1148,Target,No,0,Omission,ADHD
1149,Non-Target,No,0,None,ADHD
1150,Target,Yes,521,None,ADHD
1151,Non-Target,No,0,None,ADHD
1152,Target,Yes,661,None,ADHD
1153,Non-Target,Yes,361,Commission,ADHD
1154,Non-Target,No,0,None,ADHD
1155,Non-Target,No,0,None,ADHD
1156,Non-Target,No,0,None,ADHD
1157,Non-Target,No,0,None,ADHD
1158,Non-Target,Yes,714,Commission,ADHD
1159,Non-Target,No,0,None,ADHD
1160,Target,Yes,727,None,ADHD
1161,Non-Target,No,0,None,ADHD
1162,Non-Target,No,0,None,ADHD
1163,Non-Target,Yes,832,Commission,ADHD
1164,Non-Target,No,0,None,ADHD
1165,Non-Target,No,0,None,ADHD
1166,Non-Target,Yes,584,Commission,ADHD
1167,Non-Target,No,0,None,ADHD
1168,Non-Target,No,0,None,ADHD
1169,Target,Yes,654,None,ADHD
1170,Target,Yes,307,None,ADHD
1171,Target,Yes,739,None,ADHD
1172,Target,Yes,675,None,ADHD
1173,Non-Target,No,0,None,ADHD
1174,Non-Target,No,0,None,ADHD
1175,Target,Yes,681,None,ADHD
1176,Non-Target,No,0,None,ADHD
1177,Non-Target,No,0,None,ADHD
1178,Target,No,0,Omission,ADHD
1179,Non-Target,No,0,None,ADHD
1180,Non-Target,No,0,None,ADHD
1181,Target,No,0,Omission,ADHD
1182,Target,Yes,773,None,ADHD
1183,Non-Target,No,0,None,ADHD
1184,Non-Target,No,0,None,ADHD
1185,Target,Yes,588,None,ADHD
1186,Non-Target,No,0,None,ADHD
1187,Non-Target,No,0,None,ADHD
1188,Non-Target,No,0,None,ADHD
1189,Non-Target,No,0,None,ADHD
1190,Non-Target,No,0,None,ADHD
1191,Target,Yes,789,None,ADHD
1192,Target,No,0,Omission,ADHD
1193,Non-Target,No,0,None,ADHD
1194,Non-Target,No,0,None,ADHD
1195,Non-Target,No,0,None,ADHD
1196,Non-Target,Yes,525,Commission,ADHD
1197,Non-Target,Yes,612,Commission,ADHD
1198,Target,Yes,822,None,ADHD
1199,Non-Target,No,0,None,ADHD
1200,Target,Yes,520,None,ADHD
