Trial,StimulusType,Reaction,ReactionTime(ms),ErrorType,Label
1,Non-Target,No,0,None,ADHD
2,Target,Yes,664,None,ADHD
3,Target,Yes,550,None,ADHD
4,Non-Target,Yes,584,Commission,ADHD
5,Non-Target,No,0,None,ADHD
6,Non-Target,No,0,None,ADHD
7,Non-Target,No,0,None,ADHD
8,Non-Target,No,0,None,ADHD
9,Non-Target,No,0,None,ADHD
10,Non-Target,No,0,None,ADHD
11,Non-Target,No,0,None,ADHD
12,Non-Target,No,0,None,ADHD
13,Non-Target,No,0,None,ADHD
14,Non-Target,No,0,None,ADHD
15,Non-Target,Yes,639,Commission,ADHD
16,Target,Yes,729,None,ADHD
17,Target,Yes,817,None,ADHD
18,Target,Yes,815,None,ADHD
19,Non-Target,No,0,None,ADHD
20,Target,Yes,734,None,ADHD
21,Target,Yes,468,None,ADHD
22,Non-Target,No,0,None,ADHD
23,Non-Target,No,0,None,ADHD
24,Non-Target,No,0,None,ADHD
25,Non-Target,No,0,None,ADHD
26,Non-Target,No,0,None,ADHD
27,Target,Yes,841,None,ADHD
28,Non-Target,No,0,None,ADHD
29,Non-Target,No,0,None,ADHD
30,Target,Yes,640,None,ADHD
31,Non-Target,No,0,None,ADHD
32,Non-Target,No,0,None,ADHD
33,Target,Yes,721,None,ADHD
34,Non-Target,No,0,None,ADHD
35,Target,No,0,Omission,ADHD
36,Non-Target,No,0,None,ADHD
37,Target,Yes,738,None,ADHD
38,Non-Target,No,0,None,ADHD
39,Target,Yes,768,None,ADHD
40,Target,Yes,817,None,ADHD
41,Non-Target,No,0,None,ADHD
42,Non-Target,Yes,748,Commission,ADHD
43,Non-Target,No,0,None,ADHD
44,Non-Target,No,0,None,ADHD
45,Non-Target,Yes,682,Commission,ADHD
46,Non-Target,No,0,None,ADHD
47,Non-Target,Yes,906,Commission,ADHD
48,Target,Yes,701,None,ADHD
49,Non-Target,No,0,None,ADHD
50,Non-Target,No,0,None,ADHD
51,Non-Target,No,0,None,ADHD
52,Target,Yes,736,None,ADHD
53,Non-Target,No,0,None,ADHD
54,Non-Target,No,0,None,ADHD
55,Non-Target,No,0,None,ADHD
56,Target,Yes,681,None,ADHD
57,Non-Target,No,0,None,ADHD
58,Non-Target,No,0,None,ADHD
59,Target,Yes,677,None,ADHD
60,Non-Target,No,0,None,ADHD
61,Non-Target,No,0,None,ADHD
62,Non-Target,No,0,None,ADHD
63,Non-Target,Yes,707,Commission,ADHD
64,Non-Target,No,0,None,ADHD
65,Non-Target,Yes,763,Commission,ADHD
66,Non-Target,No,0,None,ADHD
67,Non-Target,No,0,None,ADHD
68,Non-Target,No,0,None,ADHD
69,Non-Target,No,0,None,ADHD
70,Non-Target,No,0,None,ADHD
71,Non-Target,No,0,None,ADHD
72,Non-Target,No,0,None,ADHD
73,Non-Target,No,0,None,ADHD
74,Non-Target,No,0,None,ADHD
75,Non-Target,No,0,None,ADHD
76,Non-Target,No,0,None,ADHD
77,Non-Target,No,0,None,ADHD
78,Non-Target,No,0,None,ADHD
79,Non-Target,Yes,707,Commission,ADHD
80,Non-Target,No,0,None,ADHD
81,Non-Target,Yes,685,Commission,ADHD
82,Non-Target,No,0,None,ADHD
83,Non-Target,No,0,None,ADHD
84,Non-Target,No,0,None,ADHD
85,Non-Target,No,0,None,ADHD
86,Non-Target,No,0,None,ADHD
87,Non-Target,No,0,None,ADHD
88,Target,Yes,608,None,ADHD
89,Non-Target,No,0,None,ADHD
90,Target,Yes,861,None,ADHD
91,Non-Target,No,0,None,ADHD
92,Non-Target,No,0,None,ADHD
93,Non-Target,Yes,756,Commission,ADHD
94,Non-Target,No,0,None,ADHD
95,Non-Target,No,0,None,ADHD
96,Non-Target,No,0,None,ADHD
97,Non-Target,No,0,None,ADHD
98,Target,No,0,Omission,ADHD
99,Non-Target,Yes,443,Commission,ADHD
100,Non-Target,No,0,None,ADHD
101,Target,No,0,Omission,ADHD
102,Non-Target,No,0,None,ADHD
103,Target,No,0,Omission,ADHD
104,Non-Target,No,0,None,ADHD
105,Target,Yes,535,None,ADHD
106,Non-Target,Yes,671,Commission,ADHD
107,Non-Target,No,0,None,ADHD
108,Non-Target,No,0,None,ADHD
109,Non-Target,No,0,None,ADHD
110,Non-Target,No,0,None,ADHD
111,Non-Target,No,0,None,ADHD
112,Non-Target,No,0,None,ADHD
113,Target,Yes,648,None,ADHD
114,Non-Target,No,0,None,ADHD
115,Target,Yes,486,None,ADHD
116,Non-Target,No,0,None,ADHD
117,Non-Target,No,0,None,ADHD
118,Non-Target,No,0,None,ADHD
119,Non-Target,No,0,None,ADHD
120,Target,Yes,885,None,ADHD
121,Non-Target,No,0,None,ADHD
122,Non-Target,No,0,None,ADHD
123,Non-Target,No,0,None,ADHD
124,Non-Target,No,0,None,ADHD
125,Non-Target,No,0,None,ADHD
126,Non-Target,No,0,None,ADHD
127,Non-Target,No,0,None,ADHD
128,Non-Target,No,0,None,ADHD
129,Non-Target,No,0,None,ADHD
130,Target,Yes,781,None,ADHD
131,Non-Target,No,0,None,ADHD
132,Target,No,0,Omission,ADHD
133,Non-Target,No,0,None,ADHD
134,Non-Target,No,0,None,ADHD
135,Target,Yes,721,None,ADHD
136,Target,No,0,Omission,ADHD
137,Non-Target,Yes,790,Commission,ADHD
138,Non-Target,Yes,746,Commission,ADHD
139,Target,Yes,692,None,ADHD
140,Target,No,0,Omission,ADHD
141,Non-Target,No,0,None,ADHD
142,Non-Target,No,0,None,ADHD
143,Non-Target,No,0,None,ADHD
144,Target,Yes,722,None,ADHD
145,Target,Yes,661,None,ADHD
146,Non-Target,No,0,None,ADHD
147,Non-Target,No,0,None,ADHD
148,Non-Target,No,0,None,ADHD
149,Target,No,0,Omission,ADHD
150,Non-Target,Yes,706,Commission,ADHD
151,Non-Target,No,0,None,ADHD
152,Non-Target,No,0,None,ADHD
153,Target,Yes,683,None,ADHD
154,Non-Target,No,0,None,ADHD
155,Target,No,0,Omission,ADHD
156,Non-Target,No,0,None,ADHD
157,Target,Yes,884,None,ADHD
158,Non-Target,Yes,635,Commission,ADHD
159,Target,Yes,797,None,ADHD
160,Target,Yes,645,None,ADHD
161,Non-Target,No,0,None,ADHD
162,Non-Target,Yes,660,Commission,ADHD
163,Non-Target,Yes,866,Commission,ADHD
164,Non-Target,No,0,None,ADHD
165,Target,Yes,689,None,ADHD
166,Non-Target,No,0,None,ADHD
167,Target,Yes,871,None,ADHD
168,Non-Target,No,0,None,ADHD
169,Non-Target,No,0,None,ADHD
170,Non-Target,No,0,None,ADHD
171,Non-Target,No,0,None,ADHD
172,Non-Target,No,0,None,ADHD
173,Non-Target,No,0,None,ADHD
174,Target,No,0,Omission,ADHD
175,Non-Target,No,0,None,ADHD
176,Non-Target,No,0,None,ADHD
177,Non-Target,No,0,None,ADHD
178,Non-Target,No,0,None,ADHD
179,Non-Target,No,0,None,ADHD
180,Non-Target,No,0,None,ADHD
181,Target,Yes,629,None,ADHD
182,Non-Target,Yes,659,Commission,ADHD
183,Target,No,0,Omission,ADHD
184,Non-Target,No,0,None,ADHD
185,Non-Target,Yes,712,Commission,ADHD
186,Non-Target,No,0,None,ADHD
187,Non-Target,No,0,None,ADHD
188,Non-Target,No,0,None,ADHD
189,Non-Target,No,0,None,ADHD
190,Non-Target,No,0,None,ADHD
191,Target,Yes,917,None,ADHD
192,Target,Yes,836,None,ADHD
193,Non-Target,No,0,None,ADHD
194,Non-Target,Yes,611,Commission,ADHD
195,Non-Target,No,0,None,ADHD
196,Non-Target,No,0,None,ADHD
197,Non-Target,No,0,None,ADHD
198,Non-Target,No,0,None,ADHD
199,Target,Yes,634,None,ADHD
200,Non-Target,Yes,949,Commission,ADHD
201,Target,Yes,933,None,ADHD
202,Target,Yes,832,None,ADHD
203,Non-Target,Yes,598,Commission,ADHD
204,Non-Target,Yes,688,Commission,ADHD
205,Non-Target,No,0,None,ADHD
206,Non-Target,No,0,None,ADHD
207,Non-Target,Yes,675,Commission,ADHD
208,Non-Target,No,0,None,ADHD
209,Non-Target,Yes,733,Commission,ADHD
210,Non-Target,No,0,None,ADHD
211,Non-Target,No,0,None,ADHD
212,Non-Target,No,0,None,ADHD
213,Non-Target,No,0,None,ADHD
214,Target,Yes,857,None,ADHD
215,Non-Target,No,0,None,ADHD
216,Non-Target,No,0,None,ADHD
217,Non-Target,No,0,None,ADHD
218,Non-Target,No,0,None,ADHD
219,Non-Target,No,0,None,ADHD
220,Non-Target,Yes,663,Commission,ADHD
221,Target,Yes,1003,None,ADHD
222,Non-Target,Yes,799,Commission,ADHD
223,Non-Target,No,0,None,ADHD
224,Target,Yes,652,None,ADHD
225,Non-Target,No,0,None,ADHD
226,Non-Target,No,0,None,ADHD
227,Non-Target,No,0,None,ADHD
228,Non-Target,No,0,None,ADHD
229,Non-Target,No,0,None,ADHD
230,Non-Target,No,0,None,ADHD
231,Target,Yes,942,None,ADHD
232,Non-Target,Yes,619,Commission,ADHD
233,Target,No,0,Omission,ADHD
234,Non-Target,No,0,None,ADHD
235,Non-Target,No,0,None,ADHD
236,Non-Target,No,0,None,ADHD
237,Non-Target,No,0,None,ADHD
238,Non-Target,No,0,None,ADHD
239,Non-Target,No,0,None,ADHD
240,Non-Target,No,0,None,ADHD
241,Non-Target,No,0,None,ADHD
242,Non-Target,No,0,None,ADHD
243,Non-Target,No,0,None,ADHD
244,Target,No,0,Omission,ADHD
245,Non-Target,No,0,None,ADHD
246,Non-Target,No,0,None,ADHD
247,Target,No,0,Omission,ADHD
248,Non-Target,Yes,825,Commission,ADHD
249,Non-Target,No,0,None,ADHD
250,Non-Target,No,0,None,ADHD
251,Target,No,0,Omission,ADHD
252,Non-Target,No,0,None,ADHD
253,Non-Target,Yes,615,Commission,ADHD
254,Non-Target,No,0,None,ADHD
255,Non-Target,Yes,850,Commission,ADHD
256,Non-Target,No,0,None,ADHD
257,Target,Yes,659,None,ADHD
258,Target,Yes,683,None,ADHD
259,Target,Yes,544,None,ADHD
260,Non-Target,No,0,None,ADHD
261,Target,No,0,Omission,ADHD
262,Non-Target,Yes,765,Commission,ADHD
263,Non-Target,No,0,None,ADHD
264,Non-Target,No,0,None,ADHD
265,Non-Target,No,0,None,ADHD
266,Non-Target,No,0,None,ADHD
267,Target,Yes,763,None,ADHD
268,Target,Yes,690,None,ADHD
269,Target,Yes,783,None,ADHD
270,Target,No,0,Omission,ADHD
271,Non-Target,No,0,None,ADHD
272,Non-Target,No,0,None,ADHD
273,Non-Target,No,0,None,ADHD
274,Non-Target,No,0,None,ADHD
275,Non-Target,No,0,None,ADHD
276,Non-Target,No,0,None,ADHD
277,Non-Target,No,0,None,ADHD
278,Target,Yes,571,None,ADHD
279,Non-Target,No,0,None,ADHD
280,Target,No,0,Omission,ADHD
281,Target,Yes,808,None,ADHD
282,Non-Target,No,0,None,ADHD
283,Non-Target,No,0,None,ADHD
284,Target,Yes,837,None,ADHD
285,Target,Yes,781,None,ADHD
286,Target,Yes,740,None,ADHD
287,Target,No,0,Omission,ADHD
288,Non-Target,No,0,None,ADHD
289,Non-Target,No,0,None,ADHD
290,Non-Target,No,0,None,ADHD
291,Non-Target,No,0,None,ADHD
292,Target,Yes,936,None,ADHD
293,Non-Target,No,0,None,ADHD
294,Non-Target,No,0,None,ADHD
295,Non-Target,No,0,None,ADHD
296,Non-Target,No,0,None,ADHD
297,Target,Yes,1012,None,ADHD
298,Non-Target,Yes,858,Commission,ADHD
299,Non-Target,No,0,None,ADHD
300,Target,Yes,632,None,ADHD
301,Non-Target,No,0,None,ADHD
302,Non-Target,No,0,None,ADHD
303,Non-Target,No,0,None,ADHD
304,Non-Target,No,0,None,ADHD
305,Non-Target,No,0,None,ADHD
306,Non-Target,No,0,None,ADHD
307,Non-Target,No,0,None,ADHD
308,Non-Target,No,0,None,ADHD
309,Non-Target,No,0,None,ADHD
310,Target,No,0,Omission,ADHD
311,Non-Target,Yes,529,Commission,ADHD
312,Non-Target,No,0,None,ADHD
313,Non-Target,Yes,890,Commission,ADHD
314,Non-Target,No,0,None,ADHD
315,Target,Yes,744,None,ADHD
316,Non-Target,No,0,None,ADHD
317,Non-Target,No,0,None,ADHD
318,Non-Target,Yes,793,Commission,ADHD
319,Target,Yes,607,None,ADHD
320,Non-Target,Yes,930,Commission,ADHD
321,Non-Target,No,0,None,ADHD
322,Non-Target,No,0,None,ADHD
323,Non-Target,No,0,None,ADHD
324,Target,Yes,788,None,ADHD
325,Non-Target,No,0,None,ADHD
326,Non-Target,No,0,None,ADHD
327,Target,Yes,827,None,ADHD
328,Non-Target,No,0,None,ADHD
329,Non-Target,Yes,823,Commission,ADHD
330,Non-Target,Yes,407,Commission,ADHD
331,Target,Yes,785,None,ADHD
332,Non-Target,No,0,None,ADHD
333,Non-Target,No,0,None,ADHD
334,Non-Target,Yes,765,Commission,ADHD
335,Target,Yes,842,None,ADHD
336,Non-Target,No,0,None,ADHD
337,Non-Target,No,0,None,ADHD
338,Non-Target,No,0,None,ADHD
339,Non-Target,Yes,884,Commission,ADHD
340,Non-Target,No,0,None,ADHD
341,Non-Target,No,0,None,ADHD
342,Target,Yes,1000,None,ADHD
343,Non-Target,No,0,None,ADHD
344,Non-Target,No,0,None,ADHD
345,Non-Target,No,0,None,ADHD
346,Non-Target,No,0,None,ADHD
347,Target,No,0,Omission,ADHD
348,Non-Target,No,0,None,ADHD
349,Non-Target,No,0,None,ADHD
350,Target,Yes,697,None,ADHD
351,Target,No,0,Omission,ADHD
352,Non-Target,No,0,None,ADHD
353,Non-Target,No,0,None,ADHD
354,Target,Yes,517,None,ADHD
355,Target,No,0,Omission,ADHD
356,Non-Target,No,0,None,ADHD
357,Non-Target,No,0,None,ADHD
358,Target,Yes,390,None,ADHD
359,Target,No,0,Omission,ADHD
360,Non-Target,No,0,None,ADHD
361,Non-Target,No,0,None,ADHD
362,Target,Yes,593,None,ADHD
363,Non-Target,No,0,None,ADHD
364,Non-Target,No,0,None,ADHD
365,Non-Target,No,0,None,ADHD
366,Non-Target,No,0,None,ADHD
367,Non-Target,No,0,None,ADHD
368,Target,Yes,725,None,ADHD
369,Non-Target,Yes,615,Commission,ADHD
370,Non-Target,No,0,None,ADHD
371,Non-Target,No,0,None,ADHD
372,Non-Target,No,0,None,ADHD
373,Target,Yes,947,None,ADHD
374,Non-Target,No,0,None,ADHD
375,Target,Yes,617,None,ADHD
376,Non-Target,No,0,None,ADHD
377,Non-Target,No,0,None,ADHD
378,Target,No,0,Omission,ADHD
379,Non-Target,No,0,None,ADHD
380,Target,Yes,628,None,ADHD
381,Target,Yes,656,None,ADHD
382,Non-Target,No,0,None,ADHD
383,Non-Target,No,0,None,ADHD
384,Non-Target,No,0,None,ADHD
385,Non-Target,Yes,883,Commission,ADHD
386,Non-Target,No,0,None,ADHD
387,Non-Target,No,0,None,ADHD
388,Non-Target,No,0,None,ADHD
389,Non-Target,No,0,None,ADHD
390,Target,No,0,Omission,ADHD
391,Non-Target,No,0,None,ADHD
392,Target,Yes,1023,None,ADHD
393,Target,Yes,600,None,ADHD
394,Target,Yes,747,None,ADHD
395,Non-Target,No,0,None,ADHD
396,Target,Yes,662,None,ADHD
397,Non-Target,Yes,830,Commission,ADHD
398,Target,No,0,Omission,ADHD
399,Non-Target,Yes,625,Commission,ADHD
400,Target,Yes,620,None,ADHD
401,Non-Target,No,0,None,ADHD
402,Non-Target,No,0,None,ADHD
403,Target,Yes,754,None,ADHD
404,Target,Yes,460,None,ADHD
405,Target,Yes,512,None,ADHD
406,Target,Yes,828,None,ADHD
407,Non-Target,No,0,None,ADHD
408,Non-Target,Yes,917,Commission,ADHD
409,Non-Target,No,0,None,ADHD
410,Non-Target,Yes,770,Commission,ADHD
411,Non-Target,Yes,397,Commission,ADHD
412,Non-Target,No,0,None,ADHD
413,Non-Target,No,0,None,ADHD
414,Non-Target,No,0,None,ADHD
415,Non-Target,No,0,None,ADHD
416,Non-Target,No,0,None,ADHD
417,Non-Target,No,0,None,ADHD
418,Target,Yes,641,None,ADHD
419,Non-Target,Yes,692,Commission,ADHD
420,Target,Yes,899,None,ADHD
421,Target,Yes,792,None,ADHD
422,Non-Target,No,0,None,ADHD
423,Non-Target,No,0,None,ADHD
424,Non-Target,No,0,None,ADHD
425,Non-Target,No,0,None,ADHD
426,Target,Yes,685,None,ADHD
427,Target,No,0,Omission,ADHD
428,Non-Target,No,0,None,ADHD
429,Non-Target,Yes,619,Commission,ADHD
430,Non-Target,No,0,None,ADHD
431,Non-Target,No,0,None,ADHD
432,Target,No,0,Omission,ADHD
433,Target,No,0,Omission,ADHD
434,Non-Target,Yes,763,Commission,ADHD
435,Non-Target,No,0,None,ADHD
436,Non-Target,No,0,None,ADHD
437,Target,Yes,839,None,ADHD
438,Non-Target,No,0,None,ADHD
439,Target,Yes,933,None,ADHD
440,Target,Yes,831,None,ADHD
441,Target,Yes,856,None,ADHD
442,Non-Target,No,0,None,ADHD
443,Target,Yes,661,None,ADHD
444,Non-Target,No,0,None,ADHD
445,Non-Target,Yes,780,Commission,ADHD
446,Non-Target,Yes,790,Commission,ADHD
447,Non-Target,No,0,None,ADHD
448,Target,Yes,661,None,ADHD
449,Non-Target,Yes,687,Commission,ADHD
450,Target,Yes,586,None,ADHD
451,Target,Yes,469,None,ADHD
452,Target,Yes,922,None,ADHD
453,Non-Target,No,0,None,ADHD
454,Target,Yes,644,None,ADHD
455,Target,Yes,741,None,ADHD
456,Non-Target,No,0,None,ADHD
457,Target,Yes,588,None,ADHD
458,Target,Yes,766,None,ADHD
459,Non-Target,No,0,None,ADHD
460,Non-Target,No,0,None,ADHD
461,Non-Target,No,0,None,ADHD
462,Non-Target,No,0,None,ADHD
463,Non-Target,No,0,None,ADHD
464,Target,No,0,Omission,ADHD
465,Target,Yes,706,None,ADHD
466,Non-Target,Yes,845,Commission,ADHD
467,Non-Target,No,0,None,ADHD
468,Target,Yes,534,None,ADHD
469,Target,Yes,674,None,ADHD
470,Target,Yes,750,None,ADHD
471,Non-Target,No,0,None,ADHD
472,Non-Target,No,0,None,ADHD
473,Target,Yes,899,None,ADHD
474,Non-Target,No,0,None,ADHD
475,Non-Target,No,0,None,ADHD
476,Non-Target,No,0,None,ADHD
477,Non-Target,No,0,None,ADHD
478,Target,Yes,1000,None,ADHD
479,Target,No,0,Omission,ADHD
480,Target,Yes,781,None,ADHD
481,Non-Target,No,0,None,ADHD
482,Non-Target,No,0,None,ADHD
483,Target,Yes,1103,None,ADHD
484,Non-Target,No,0,None,ADHD
485,Non-Target,No,0,None,ADHD
486,Non-Target,No,0,None,ADHD
487,Non-Target,No,0,None,ADHD
488,Non-Target,No,0,None,ADHD
489,Non-Target,No,0,None,ADHD
490,Target,Yes,1102,None,ADHD
491,Non-Target,No,0,None,ADHD
492,Non-Target,No,0,None,ADHD
493,Non-Target,No,0,None,ADHD
494,Target,Yes,923,None,ADHD
495,Target,Yes,882,None,ADHD
496,Target,Yes,742,None,ADHD
497,Non-Target,No,0,None,ADHD
498,Non-Target,No,0,None,ADHD
499,Non-Target,No,0,None,ADHD
500,Non-Target,Yes,814,Commission,ADHD
501,Non-Target,No,0,None,ADHD
502,Target,Yes,841,None,ADHD
503,Non-Target,No,0,None,ADHD
504,Non-Target,No,0,None,ADHD
505,Target,Yes,576,None,ADHD
506,Non-Target,Yes,768,Commission,ADHD
507,Non-Target,No,0,None,ADHD
508,Target,Yes,801,None,ADHD
509,Target,No,0,Omission,ADHD
510,Non-Target,No,0,None,ADHD
511,Target,No,0,Omission,ADHD
512,Non-Target,No,0,None,ADHD
513,Target,Yes,747,None,ADHD
514,Non-Target,Yes,831,Commission,ADHD
515,Non-Target,Yes,1009,Commission,ADHD
516,Target,Yes,926,None,ADHD
517,Non-Target,No,0,None,ADHD
518,Non-Target,No,0,None,ADHD
519,Non-Target,No,0,None,ADHD
520,Non-Target,No,0,None,ADHD
521,Non-Target,No,0,None,ADHD
522,Target,Yes,810,None,ADHD
523,Target,Yes,775,None,ADHD
524,Non-Target,No,0,None,ADHD
525,Target,Yes,941,None,ADHD
526,Target,Yes,473,None,ADHD
527,Non-Target,No,0,None,ADHD
528,Non-Target,No,0,None,ADHD
529,Non-Target,No,0,None,ADHD
530,Non-Target,No,0,None,ADHD
531,Non-Target,Yes,657,Commission,ADHD
532,Non-Target,No,0,None,ADHD
533,Non-Target,No,0,None,ADHD
534,Target,No,0,Omission,ADHD
535,Non-Target,No,0,None,ADHD
536,Target,Yes,588,None,ADHD
537,Non-Target,Yes,557,Commission,ADHD
538,Target,Yes,571,None,ADHD
539,Non-Target,No,0,None,ADHD
540,Target,No,0,Omission,ADHD
541,Non-Target,No,0,None,ADHD
542,Non-Target,No,0,None,ADHD
543,Target,Yes,603,None,ADHD
544,Target,No,0,Omission,ADHD
545,Target,Yes,880,None,ADHD
546,Non-Target,No,0,None,ADHD
547,Non-Target,No,0,None,ADHD
548,Target,Yes,566,None,ADHD
549,Target,No,0,Omission,ADHD
550,Target,Yes,686,None,ADHD
551,Non-Target,No,0,None,ADHD
552,Target,Yes,926,None,ADHD
553,Target,Yes,670,None,ADHD
554,Non-Target,No,0,None,ADHD
555,Non-Target,No,0,None,ADHD
556,Non-Target,No,0,None,ADHD
557,Non-Target,No,0,None,ADHD
558,Target,Yes,724,None,ADHD
559,Target,Yes,839,None,ADHD
560,Target,No,0,Omission,ADHD
561,Non-Target,No,0,None,ADHD
562,Target,Yes,831,None,ADHD
563,Target,No,0,Omission,ADHD
564,Non-Target,No,0,None,ADHD
565,Target,Yes,742,None,ADHD
566,Non-Target,No,0,None,ADHD
567,Non-Target,No,0,None,ADHD
568,Non-Target,No,0,None,ADHD
569,Non-Target,No,0,None,ADHD
570,Non-Target,No,0,None,ADHD
571,Target,Yes,833,None,ADHD
572,Non-Target,Yes,830,Commission,ADHD
573,Target,Yes,765,None,ADHD
574,Non-Target,No,0,None,ADHD
575,Non-Target,No,0,None,ADHD
576,Non-Target,No,0,None,ADHD
577,Non-Target,No,0,None,ADHD
578,Non-Target,No,0,None,ADHD
579,Non-Target,No,0,None,ADHD
580,Target,Yes,695,None,ADHD
581,Non-Target,Yes,559,Commission,ADHD
582,Non-Target,No,0,None,ADHD
583,Target,Yes,917,None,ADHD
584,Target,No,0,Omission,ADHD
585,Non-Target,No,0,None,ADHD
586,Non-Target,No,0,None,ADHD
587,Target,Yes,734,None,ADHD
588,Target,Yes,767,None,ADHD
589,Non-Target,No,0,None,ADHD
590,Non-Target,Yes,655,Commission,ADHD
591,Target,Yes,774,None,ADHD
592,Non-Target,No,0,None,ADHD
593,Target,No,0,Omission,ADHD
594,Non-Target,Yes,765,Commission,ADHD
595,Non-Target,No,0,None,ADHD
596,Non-Target,No,0,None,ADHD
597,Non-Target,Yes,556,Commission,ADHD
598,Non-Target,No,0,None,ADHD
599,Non-Target,No,0,None,ADHD
600,Non-Target,No,0,None,ADHD
601,Non-Target,No,0,None,ADHD
602,Target,Yes,688,None,ADHD
603,Target,No,0,Omission,ADHD
604,Non-Target,No,0,None,ADHD
605,Non-Target,Yes,562,Commission,ADHD
606,Target,Yes,926,None,ADHD
607,Target,No,0,Omission,ADHD
608,Non-Target,No,0,None,ADHD
609,Non-Target,Yes,662,Commission,ADHD
610,Non-Target,Yes,583,Commission,ADHD
611,Non-Target,No,0,None,ADHD
612,Target,Yes,828,None,ADHD
613,Target,No,0,Omission,ADHD
614,Target,No,0,Omission,ADHD
615,Non-Target,No,0,None,ADHD
616,Target,Yes,683,None,ADHD
617,Non-Target,No,0,None,ADHD
618,Target,Yes,731,None,ADHD
619,Non-Target,Yes,793,Commission,ADHD
620,Non-Target,No,0,None,ADHD
621,Non-Target,No,0,None,ADHD
622,Target,Yes,841,None,ADHD
623,Non-Target,No,0,None,ADHD
624,Non-Target,No,0,None,ADHD
625,Non-Target,No,0,None,ADHD
626,Non-Target,Yes,863,Commission,ADHD
627,Target,Yes,783,None,ADHD
628,Target,Yes,900,None,ADHD
629,Target,Yes,871,None,ADHD
630,Target,Yes,756,None,ADHD
631,Non-Target,No,0,None,ADHD
632,Non-Target,Yes,860,Commission,ADHD
633,Non-Target,Yes,527,Commission,ADHD
634,Non-Target,Yes,642,Commission,ADHD
635,Non-Target,No,0,None,ADHD
636,Non-Target,No,0,None,ADHD
637,Target,Yes,864,None,ADHD
638,Non-Target,No,0,None,ADHD
639,Non-Target,No,0,None,ADHD
640,Non-Target,No,0,None,ADHD
641,Target,Yes,1000,None,ADHD
642,Non-Target,No,0,None,ADHD
643,Target,No,0,Omission,ADHD
644,Non-Target,Yes,612,Commission,ADHD
645,Non-Target,No,0,None,ADHD
646,Target,Yes,582,None,ADHD
647,Non-Target,No,0,None,ADHD
648,Non-Target,Yes,1017,Commission,ADHD
649,Target,Yes,592,None,ADHD
650,Target,Yes,743,None,ADHD
651,Non-Target,No,0,None,ADHD
652,Non-Target,No,0,None,ADHD
653,Target,Yes,666,None,ADHD
654,Target,No,0,Omission,ADHD
655,Non-Target,No,0,None,ADHD
656,Non-Target,No,0,None,ADHD
657,Target,Yes,761,None,ADHD
658,Non-Target,Yes,904,Commission,ADHD
659,Non-Target,No,0,None,ADHD
660,Non-Target,No,0,None,ADHD
661,Target,Yes,822,None,ADHD
662,Non-Target,No,0,None,ADHD
663,Non-Target,No,0,None,ADHD
664,Target,Yes,703,None,ADHD
665,Target,No,0,Omission,ADHD
666,Target,No,0,Omission,ADHD
667,Non-Target,No,0,None,ADHD
668,Target,Yes,756,None,ADHD
669,Non-Target,No,0,None,ADHD
670,Non-Target,No,0,None,ADHD
671,Target,Yes,659,None,ADHD
672,Target,Yes,749,None,ADHD
673,Target,Yes,484,None,ADHD
674,Target,Yes,606,None,ADHD
675,Non-Target,No,0,None,ADHD
676,Non-Target,No,0,None,ADHD
677,Non-Target,No,0,None,ADHD
678,Non-Target,No,0,None,ADHD
679,Target,Yes,343,None,ADHD
680,Non-Target,No,0,None,ADHD
681,Non-Target,Yes,783,Commission,ADHD
682,Target,Yes,687,None,ADHD
683,Non-Target,No,0,None,ADHD
684,Target,No,0,Omission,ADHD
685,Target,No,0,Omission,ADHD
686,Non-Target,No,0,None,ADHD
687,Non-Target,No,0,None,ADHD
688,Non-Target,No,0,None,ADHD
689,Non-Target,No,0,None,ADHD
690,Non-Target,No,0,None,ADHD
691,Non-Target,No,0,None,ADHD
692,Target,Yes,598,None,ADHD
693,Target,Yes,590,None,ADHD
694,Target,Yes,935,None,ADHD
695,Non-Target,No,0,None,ADHD
696,Non-Target,Yes,876,Commission,ADHD
697,Target,Yes,597,None,ADHD
698,Non-Target,No,0,None,ADHD
699,Target,Yes,693,None,ADHD
700,Target,Yes,879,None,ADHD
701,Target,Yes,834,None,ADHD
702,Non-Target,No,0,None,ADHD
703,Non-Target,No,0,None,ADHD
704,Non-Target,Yes,774,Commission,ADHD
705,Non-Target,Yes,858,Commission,ADHD
706,Non-Target,No,0,None,ADHD
707,Non-Target,No,0,None,ADHD
708,Non-Target,Yes,735,Commission,ADHD
709,Non-Target,No,0,None,ADHD
710,Non-Target,Yes,775,Commission,ADHD
711,Target,Yes,846,None,ADHD
712,Target,Yes,654,None,ADHD
713,Non-Target,Yes,559,Commission,ADHD
714,Non-Target,Yes,769,Commission,ADHD
715,Non-Target,No,0,None,ADHD
716,Non-Target,Yes,614,Commission,ADHD
717,Non-Target,No,0,None,ADHD
718,Non-Target,No,0,None,ADHD
719,Non-Target,No,0,None,ADHD
720,Target,No,0,Omission,ADHD
721,Target,No,0,Omission,ADHD
722,Target,Yes,652,None,ADHD
723,Non-Target,No,0,None,ADHD
724,Non-Target,Yes,571,Commission,ADHD
725,Non-Target,No,0,None,ADHD
726,Non-Target,No,0,None,ADHD
727,Non-Target,No,0,None,ADHD
728,Non-Target,No,0,None,ADHD
729,Target,Yes,613,None,ADHD
730,Target,No,0,Omission,ADHD
731,Non-Target,No,0,None,ADHD
732,Target,Yes,680,None,ADHD
733,Non-Target,No,0,None,ADHD
734,Non-Target,Yes,681,Commission,ADHD
735,Non-Target,No,0,None,ADHD
736,Target,Yes,705,None,ADHD
737,Non-Target,No,0,None,ADHD
738,Non-Target,Yes,703,Commission,ADHD
739,Non-Target,No,0,None,ADHD
740,Non-Target,No,0,None,ADHD
741,Target,Yes,615,None,ADHD
742,Non-Target,No,0,None,ADHD
743,Target,Yes,880,None,ADHD
744,Target,Yes,600,None,ADHD
745,Non-Target,No,0,None,ADHD
746,Target,No,0,Omission,ADHD
747,Non-Target,No,0,None,ADHD
748,Non-Target,No,0,None,ADHD
749,Target,Yes,784,None,ADHD
750,Target,No,0,Omission,ADHD
751,Non-Target,No,0,None,ADHD
752,Target,Yes,907,None,ADHD
753,Target,Yes,925,None,ADHD
754,Target,Yes,979,None,ADHD
755,Target,Yes,1041,None,ADHD
756,Non-Target,Yes,639,Commission,ADHD
757,Non-Target,Yes,780,Commission,ADHD
758,Non-Target,No,0,None,ADHD
759,Non-Target,No,0,None,ADHD
760,Non-Target,No,0,None,ADHD
761,Target,Yes,611,None,ADHD
762,Non-Target,No,0,None,ADHD
763,Target,No,0,Omission,ADHD
764,Non-Target,No,0,None,ADHD
765,Target,Yes,760,None,ADHD
766,Non-Target,Yes,721,Commission,ADHD
767,Target,Yes,911,None,ADHD
768,Target,Yes,882,None,ADHD
769,Non-Target,No,0,None,ADHD
770,Non-Target,No,0,None,ADHD
771,Target,Yes,624,None,ADHD
772,Non-Target,No,0,None,ADHD
773,Non-Target,No,0,None,ADHD
774,Non-Target,No,0,None,ADHD
775,Target,Yes,791,None,ADHD
776,Non-Target,No,0,None,ADHD
777,Non-Target,No,0,None,ADHD
778,Non-Target,No,0,None,ADHD
779,Non-Target,No,0,None,ADHD
780,Non-Target,No,0,None,ADHD
781,Non-Target,No,0,None,ADHD
782,Non-Target,No,0,None,ADHD
783,Target,Yes,830,None,ADHD
784,Target,Yes,1003,None,ADHD
785,Target,Yes,585,None,ADHD
786,Non-Target,No,0,None,ADHD
787,Target,Yes,666,None,ADHD
788,Non-Target,No,0,None,ADHD
789,Non-Target,No,0,None,ADHD
790,Non-Target,Yes,522,Commission,ADHD
791,Non-Target,No,0,None,ADHD
792,Non-Target,No,0,None,ADHD
793,Target,Yes,499,None,ADHD
794,Non-Target,No,0,None,ADHD
795,Non-Target,No,0,None,ADHD
796,Target,Yes,707,None,ADHD
797,Target,No,0,Omission,ADHD
798,Non-Target,No,0,None,ADHD
799,Non-Target,No,0,None,ADHD
800,Non-Target,No,0,None,ADHD
801,Non-Target,Yes,662,Commission,ADHD
802,Non-Target,No,0,None,ADHD
803,Non-Target,No,0,None,ADHD
804,Non-Target,No,0,None,ADHD
805,Non-Target,No,0,None,ADHD
806,Target,No,0,Omission,ADHD
807,Non-Target,Yes,574,Commission,ADHD
808,Non-Target,No,0,None,ADHD
809,Non-Target,Yes,762,Commission,ADHD
810,Non-Target,No,0,None,ADHD
811,Non-Target,No,0,None,ADHD
812,Non-Target,Yes,674,Commission,ADHD
813,Target,Yes,810,None,ADHD
814,Target,Yes,889,None,ADHD
815,Non-Target,Yes,780,Commission,ADHD
816,Non-Target,No,0,None,ADHD
817,Non-Target,Yes,1058,Commission,ADHD
818,Non-Target,No,0,None,ADHD
819,Target,Yes,562,None,ADHD
820,Target,No,0,Omission,ADHD
821,Target,No,0,Omission,ADHD
822,Non-Target,No,0,None,ADHD
823,Non-Target,No,0,None,ADHD
824,Non-Target,Yes,973,Commission,ADHD
825,Non-Target,No,0,None,ADHD
826,Non-Target,No,0,None,ADHD
827,Non-Target,No,0,None,ADHD
828,Non-Target,No,0,None,ADHD
829,Non-Target,No,0,None,ADHD
830,Non-Target,No,0,None,ADHD
831,Target,Yes,845,None,ADHD
832,Non-Target,Yes,711,Commission,ADHD
833,Non-Target,Yes,714,Commission,ADHD
834,Non-Target,Yes,848,Commission,ADHD
835,Target,Yes,772,None,ADHD
836,Non-Target,No,0,None,ADHD
837,Target,Yes,779,None,ADHD
838,Non-Target,No,0,None,ADHD
839,Target,Yes,723,None,ADHD
840,Non-Target,Yes,527,Commission,ADHD
841,Non-Target,No,0,None,ADHD
842,Non-Target,No,0,None,ADHD
843,Non-Target,No,0,None,ADHD
844,Target,Yes,777,None,ADHD
845,Non-Target,No,0,None,ADHD
846,Target,Yes,709,None,ADHD
847,Target,Yes,956,None,ADHD
848,Non-Target,No,0,None,ADHD
849,Non-Target,No,0,None,ADHD
850,Non-Target,Yes,892,Commission,ADHD
851,Target,No,0,Omission,ADHD
852,Non-Target,No,0,None,ADHD
853,Non-Target,No,0,None,ADHD
854,Non-Target,No,0,None,ADHD
855,Non-Target,No,0,None,ADHD
856,Non-Target,No,0,None,ADHD
857,Non-Target,Yes,713,Commission,ADHD
858,Target,Yes,756,None,ADHD
859,Non-Target,Yes,456,Commission,ADHD
860,Target,Yes,932,None,ADHD
861,Non-Target,No,0,None,ADHD
862,Non-Target,No,0,None,ADHD
863,Target,Yes,901,None,ADHD
864,Non-Target,No,0,None,ADHD
865,Non-Target,Yes,704,Commission,ADHD
866,Non-Target,No,0,None,ADHD
867,Target,Yes,641,None,ADHD
868,Non-Target,No,0,None,ADHD
869,Target,Yes,831,None,ADHD
870,Non-Target,No,0,None,ADHD
871,Non-Target,No,0,None,ADHD
872,Non-Target,No,0,None,ADHD
873,Target,Yes,577,None,ADHD
874,Non-Target,No,0,None,ADHD
875,Non-Target,No,0,None,ADHD
876,Non-Target,No,0,None,ADHD
877,Non-Target,No,0,None,ADHD
878,Non-Target,No,0,None,ADHD
879,Non-Target,No,0,None,ADHD
880,Non-Target,No,0,None,ADHD
881,Non-Target,No,0,None,ADHD
882,Non-Target,No,0,None,ADHD
883,Non-Target,No,0,None,ADHD
884,Non-Target,No,0,None,ADHD
885,Target,Yes,677,None,ADHD
886,Target,No,0,Omission,ADHD
887,Non-Target,No,0,None,ADHD
888,Non-Target,No,0,None,ADHD
889,Non-Target,No,0,None,ADHD
890,Non-Target,No,0,None,ADHD
891,Non-Target,No,0,None,ADHD
892,Non-Target,No,0,None,ADHD
893,Non-Target,No,0,None,ADHD
894,Target,Yes,671,None,ADHD
895,Non-Target,No,0,None,ADHD
896,Target,Yes,628,None,ADHD
897,Non-Target,No,0,None,ADHD
898,Target,Yes,790,None,ADHD
899,Non-Target,Yes,880,Commission,ADHD
900,Non-Target,No,0,None,ADHD
901,Non-Target,No,0,None,ADHD
902,Non-Target,No,0,None,ADHD
903,Non-Target,Yes,930,Commission,ADHD
904,Non-Target,No,0,None,ADHD
905,Target,Yes,607,None,ADHD
906,Target,Yes,730,None,ADHD
907,Target,Yes,823,None,ADHD
908,Non-Target,No,0,None,ADHD
909,Non-Target,Yes,526,Commission,ADHD
910,Target,Yes,875,None,ADHD
911,Non-Target,No,0,None,ADHD
912,Non-Target,No,0,None,ADHD
913,Non-Target,Yes,855,Commission,ADHD
914,Non-Target,No,0,None,ADHD
915,Target,No,0,Omission,ADHD
916,Non-Target,No,0,None,ADHD
917,Non-Target,No,0,None,ADHD
918,Non-Target,No,0,None,ADHD
919,Non-Target,No,0,None,ADHD
920,Non-Target,No,0,None,ADHD
921,Target,Yes,680,None,ADHD
922,Target,No,0,Omission,ADHD
923,Non-Target,No,0,None,ADHD
924,Non-Target,No,0,None,ADHD
925,Non-Target,No,0,None,ADHD
926,Non-Target,Yes,756,Commission,ADHD
927,Target,Yes,708,None,ADHD
928,Non-Target,No,0,None,ADHD
929,Non-Target,No,0,None,ADHD
930,Non-Target,No,0,None,ADHD
931,Target,Yes,837,None,ADHD
932,Non-Target,No,0,None,ADHD
933,Non-Target,No,0,None,ADHD
934,Non-Target,No,0,None,ADHD
935,Non-Target,No,0,None,ADHD
936,Non-Target,No,0,None,ADHD
937,Target,Yes,971,None,ADHD
938,Target,Yes,821,None,ADHD
939,Non-Target,No,0,None,ADHD
940,Non-Target,Yes,692,Commission,ADHD
941,Target,Yes,1018,None,ADHD
942,Target,Yes,685,None,ADHD
943,Non-Target,No,0,None,ADHD
944,Non-Target,No,0,None,ADHD
945,Target,No,0,Omission,ADHD
946,Non-Target,No,0,None,ADHD
947,Non-Target,No,0,None,ADHD
948,Non-Target,No,0,None,ADHD
949,Non-Target,No,0,None,ADHD
950,Non-Target,No,0,None,ADHD
951,Non-Target,No,0,None,ADHD
952,Non-Target,No,0,None,ADHD
953,Target,No,0,Omission,ADHD
954,Non-Target,Yes,996,Commission,ADHD
955,Non-Target,Yes,798,Commission,ADHD
956,Non-Target,Yes,705,Commission,ADHD
957,Non-Target,No,0,None,ADHD
958,Target,Yes,806,None,ADHD
959,Non-Target,No,0,None,ADHD
960,Non-Target,Yes,1030,Commission,ADHD
961,Non-Target,No,0,None,ADHD
962,Non-Target,Yes,628,Commission,ADHD
963,Non-Target,Yes,832,Commission,ADHD
964,Non-Target,Yes,621,Commission,ADHD
965,Non-Target,No,0,None,ADHD
966,Target,Yes,763,None,ADHD
967,Non-Target,No,0,None,ADHD
968,Non-Target,No,0,None,ADHD
969,Non-Target,Yes,768,Commission,ADHD
970,Non-Target,No,0,None,ADHD
971,Non-Target,No,0,None,ADHD
972,Non-Target,No,0,None,ADHD
973,Non-Target,Yes,706,Commission,ADHD
974,Non-Target,No,0,None,ADHD
975,Non-Target,No,0,None,ADHD
976,Non-Target,No,0,None,ADHD
977,Non-Target,No,0,None,ADHD
978,Non-Target,No,0,None,ADHD
979,Non-Target,No,0,None,ADHD
980,Target,Yes,857,None,ADHD
981,Non-Target,No,0,None,ADHD
982,Target,No,0,Omission,ADHD
983,Non-Target,No,0,None,ADHD
984,Non-Target,No,0,None,ADHD
985,Target,Yes,873,None,ADHD
986,Non-Target,No,0,None,ADHD
987,Target,No,0,Omission,ADHD
988,Non-Target,No,0,None,ADHD
989,Non-Target,No,0,None,ADHD
990,Non-Target,Yes,769,Commission,ADHD
991,Target,Yes,865,None,ADHD
992,Non-Target,No,0,None,ADHD
993,Non-Target,No,0,None,ADHD
994,Non-Target,No,0,None,ADHD
995,Target,No,0,Omission,ADHD
996,Target,Yes,757,None,ADHD
997,Target,Yes,814,None,ADHD
998,Target,Yes,683,None,ADHD
999,Non-Target,No,0,None,ADHD
1000,Non-Target,Yes,779,Commission,ADHD
1001,Target,Yes,995,None,ADHD
1002,Non-Target,No,0,None,ADHD
1003,Target,No,0,Omission,ADHD
1004,Target,Yes,872,None,ADHD
1005,Non-Target,No,0,None,ADHD
1006,Non-Target,No,0,None,ADHD
1007,Target,Yes,891,None,ADHD
1008,Target,Yes,735,None,ADHD
1009,Target,Yes,740,None,ADHD
1010,Non-Target,No,0,None,ADHD
1011,Target,Yes,774,None,ADHD
1012,Target,No,0,Omission,ADHD
1013,Non-Target,Yes,835,Commission,ADHD
1014,Non-Target,No,0,None,ADHD
1015,Non-Target,Yes,949,Commission,ADHD
1016,Non-Target,Yes,827,Commission,ADHD
1017,Non-Target,No,0,None,ADHD
1018,Target,Yes,782,None,ADHD
1019,Target,Yes,620,None,ADHD
1020,Non-Target,Yes,799,Commission,ADHD
1021,Non-Target,No,0,None,ADHD
1022,Non-Target,No,0,None,ADHD
1023,Non-Target,Yes,613,Commission,ADHD
1024,Non-Target,No,0,None,ADHD
1025,Target,No,0,Omission,ADHD
1026,Non-Target,Yes,521,Commission,ADHD
1027,Non-Target,No,0,None,ADHD
1028,Non-Target,No,0,None,ADHD
1029,Non-Target,No,0,None,ADHD
1030,Non-Target,Yes,713,Commission,ADHD
1031,Target,No,0,Omission,ADHD
1032,Non-Target,No,0,None,ADHD
1033,Target,Yes,672,None,ADHD
1034,Non-Target,No,0,None,ADHD
1035,Non-Target,No,0,None,ADHD
1036,Non-Target,Yes,653,Commission,ADHD
1037,Non-Target,No,0,None,ADHD
1038,Non-Target,No,0,None,ADHD
1039,Target,Yes,498,None,ADHD
1040,Target,Yes,754,None,ADHD
1041,Non-Target,No,0,None,ADHD
1042,Target,No,0,Omission,ADHD
1043,Target,No,0,Omission,ADHD
1044,Non-Target,No,0,None,ADHD
1045,Target,Yes,596,None,ADHD
1046,Non-Target,No,0,None,ADHD
1047,Non-Target,No,0,None,ADHD
1048,Non-Target,No,0,None,ADHD
1049,Target,Yes,661,None,ADHD
1050,Non-Target,Yes,917,Commission,ADHD
1051,Non-Target,Yes,778,Commission,ADHD
1052,Non-Target,No,0,None,ADHD
1053,Non-Target,No,0,None,ADHD
1054,Non-Target,No,0,None,ADHD
1055,Target,No,0,Omission,ADHD
1056,Non-Target,No,0,None,ADHD
1057,Non-Target,No,0,None,ADHD
1058,Non-Target,No,0,None,ADHD
1059,Target,Yes,774,None,ADHD
1060,Non-Target,No,0,None,ADHD
1061,Target,No,0,Omission,ADHD
1062,Non-Target,No,0,None,ADHD
1063,Target,Yes,506,None,ADHD
1064,Target,No,0,Omission,ADHD
1065,Target,Yes,844,None,ADHD
1066,Target,Yes,772,None,ADHD
1067,Target,No,0,Omission,ADHD
1068,Target,Yes,615,None,ADHD
1069,Non-Target,No,0,None,ADHD
1070,Non-Target,No,0,None,ADHD
1071,Target,Yes,818,None,ADHD
1072,Non-Target,No,0,None,ADHD
1073,Non-Target,No,0,None,ADHD
1074,Non-Target,No,0,None,ADHD
1075,Target,Yes,976,None,ADHD
1076,Non-Target,No,0,None,ADHD
1077,Non-Target,No,0,None,ADHD
1078,Non-Target,No,0,None,ADHD
1079,Non-Target,No,0,None,ADHD
1080,Non-Target,No,0,None,ADHD
1081,Non-Target,No,0,None,ADHD
1082,Non-Target,No,0,None,ADHD
1083,Non-Target,No,0,None,ADHD
1084,Target,Yes,744,None,ADHD
1085,Non-Target,Yes,783,Commission,ADHD
1086,Non-Target,No,0,None,ADHD
1087,Non-Target,No,0,None,ADHD
1088,Non-Target,No,0,None,ADHD
1089,Non-Target,No,0,None,ADHD
1090,Target,Yes,661,None,ADHD
1091,Non-Target,No,0,None,ADHD
1092,Target,Yes,805,None,ADHD
1093,Target,Yes,733,None,ADHD
1094,Non-Target,No,0,None,ADHD
1095,Non-Target,No,0,None,ADHD
1096,Non-Target,No,0,None,ADHD
1097,Non-Target,No,0,None,ADHD
1098,Non-Target,Yes,652,Commission,ADHD
1099,Non-Target,Yes,566,Commission,ADHD
1100,Target,Yes,392,None,ADHD
1101,Non-Target,No,0,None,ADHD
1102,Target,Yes,885,None,ADHD
1103,Target,Yes,684,None,ADHD
1104,Target,No,0,Omission,ADHD
1105,Target,Yes,863,None,ADHD
1106,Target,Yes,802,None,ADHD
1107,Non-Target,No,0,None,ADHD
1108,Non-Target,No,0,None,ADHD
1109,Non-Target,No,0,None,ADHD
1110,Non-Target,No,0,None,ADHD
1111,Target,Yes,623,None,ADHD
1112,Non-Target,No,0,None,ADHD
1113,Non-Target,Yes,498,Commission,ADHD
1114,Target,Yes,636,None,ADHD
1115,Non-Target,No,0,None,ADHD
1116,Non-Target,No,0,None,ADHD
1117,Non-Target,Yes,679,Commission,ADHD
1118,Non-Target,No,0,None,ADHD
1119,Non-Target,No,0,None,ADHD
1120,Non-Target,No,0,None,ADHD
1121,Non-Target,No,0,None,ADHD
1122,Non-Target,No,0,None,ADHD
1123,Target,Yes,756,None,ADHD
1124,Non-Target,No,0,None,ADHD
1125,Target,Yes,648,None,ADHD
1126,Target,Yes,763,None,ADHD
1127,Non-Target,No,0,None,ADHD
1128,Target,No,0,Omission,ADHD
1129,Target,No,0,Omission,ADHD
1130,Non-Target,Yes,718,Commission,ADHD
1131,Non-Target,No,0,None,ADHD
1132,Non-Target,No,0,None,ADHD
1133,Target,No,0,Omission,ADHD
1134,Target,No,0,Omission,ADHD
1135,Non-Target,No,0,None,ADHD
1136,Non-Target,Yes,715,Commission,ADHD
1137,Target,No,0,Omission,ADHD
1138,Non-Target,No,0,None,ADHD
1139,Non-Target,Yes,684,Commission,ADHD
1140,Non-Target,Yes,805,Commission,ADHD
1141,Non-Target,No,0,None,ADHD
1142,Target,Yes,624,None,ADHD
1143,Non-Target,No,0,None,ADHD
1144,Non-Target,Yes,599,Commission,ADHD
1145,Non-Target,No,0,None,ADHD
1146,Non-Target,No,0,None,ADHD
1147,Non-Target,No,0,None,ADHD
1148,Target,No,0,Omission,ADHD
1149,Non-Target,No,0,None,ADHD
1150,Target,Yes,854,None,ADHD
1151,Non-Target,Yes,819,Commission,ADHD
1152,Non-Target,No,0,None,ADHD
1153,Target,No,0,Omission,ADHD
1154,Target,Yes,757,None,ADHD
1155,Non-Target,No,0,None,ADHD
1156,Non-Target,No,0,None,ADHD
1157,Target,Yes,563,None,ADHD
1158,Target,Yes,616,None,ADHD
1159,Non-Target,No,0,None,ADHD
1160,Target,No,0,Omission,ADHD
1161,Non-Target,No,0,None,ADHD
1162,Target,Yes,783,None,ADHD
1163,Non-Target,No,0,None,ADHD
1164,Non-Target,No,0,None,ADHD
1165,Target,Yes,1029,None,ADHD
1166,Non-Target,No,0,None,ADHD
1167,Non-Target,Yes,614,Commission,ADHD
1168,Non-Target,No,0,None,ADHD
1169,Target,Yes,711,None,ADHD
1170,Non-Target,No,0,None,ADHD
1171,Non-Target,No,0,None,ADHD
1172,Non-Target,Yes,960,Commission,ADHD
1173,Target,Yes,931,None,ADHD
1174,Non-Target,Yes,706,Commission,ADHD
1175,Target,Yes,772,None,ADHD
1176,Non-Target,No,0,None,ADHD
1177,Non-Target,No,0,None,ADHD
1178,Non-Target,No,0,None,ADHD
1179,Non-Target,No,0,None,ADHD
1180,Non-Target,Yes,637,Commission,ADHD
1181,Non-Target,No,0,None,ADHD
1182,Non-Target,No,0,None,ADHD
1183,Non-Target,No,0,None,ADHD
1184,Non-Target,No,0,None,ADHD
1185,Non-Target,No,0,None,ADHD
1186,Non-Target,No,0,None,ADHD
1187,Non-Target,Yes,650,Commission,ADHD
1188,Target,Yes,766,None,ADHD
1189,Target,No,0,Omission,ADHD
1190,Non-Target,Yes,748,Commission,ADHD
1191,Non-Target,Yes,702,Commission,ADHD
1192,Non-Target,No,0,None,ADHD
1193,Non-Target,Yes,874,Commission,ADHD
1194,Non-Target,No,0,None,ADHD
1195,Non-Target,No,0,None,ADHD
1196,Non-Target,No,0,None,ADHD
1197,Non-Target,No,0,None,ADHD
1198,Non-Target,Yes,881,Commission,ADHD
1199,Non-Target,No,0,None,ADHD
1200,Non-Target,No,0,None,ADHD
