Trial,StimulusType,Reaction,ReactionTime(ms),ErrorType,Label
1,Non-Target,No,0,None,ADHD
2,Non-Target,No,0,None,ADHD
3,Target,Yes,624,None,ADHD
4,Non-Target,No,0,None,ADHD
5,Non-Target,No,0,None,ADHD
6,Non-Target,No,0,None,ADHD
7,Non-Target,No,0,None,ADHD
8,Non-Target,No,0,None,ADHD
9,Non-Target,Yes,757,Commission,ADHD
10,Target,Yes,899,None,ADHD
11,Non-Target,No,0,None,ADHD
12,Non-Target,No,0,None,ADHD
13,Non-Target,No,0,None,ADHD
14,Target,Yes,815,None,ADHD
15,Target,Yes,790,None,ADHD
16,Non-Target,No,0,None,ADHD
17,Target,Yes,784,None,ADHD
18,Non-Target,No,0,None,ADHD
19,Non-Target,Yes,722,Commission,ADHD
20,Target,Yes,768,None,ADHD
21,Target,Yes,752,None,ADHD
22,Non-Target,No,0,None,ADHD
23,Target,No,0,Omission,ADHD
24,Target,Yes,855,None,ADHD
25,Target,No,0,Omission,ADHD
26,Non-Target,No,0,None,ADHD
27,Non-Target,No,0,None,ADHD
28,Non-Target,No,0,None,ADHD
29,Target,Yes,913,None,ADHD
30,Non-Target,No,0,None,ADHD
31,Non-Target,No,0,None,ADHD
32,Non-Target,No,0,None,ADHD
33,Target,No,0,Omission,ADHD
34,Non-Target,No,0,None,ADHD
35,Target,Yes,678,None,ADHD
36,Non-Target,No,0,None,ADHD
37,Non-Target,No,0,None,ADHD
38,Non-Target,No,0,None,ADHD
39,Non-Target,No,0,None,ADHD
40,Non-Target,No,0,None,ADHD
41,Non-Target,Yes,586,Commission,ADHD
42,Non-Target,No,0,None,ADHD
43,Non-Target,No,0,None,ADHD
44,Non-Target,Yes,819,Commission,ADHD
45,Non-Target,No,0,None,ADHD
46,Non-Target,No,0,None,ADHD
47,Target,Yes,722,None,ADHD
48,Non-Target,No,0,None,ADHD
49,Non-Target,Yes,802,Commission,ADHD
50,Non-Target,No,0,None,ADHD
51,Target,Yes,654,None,ADHD
52,Target,Yes,830,None,ADHD
53,Target,No,0,Omission,ADHD
54,Non-Target,No,0,None,ADHD
55,Target,Yes,731,None,ADHD
56,Non-Target,No,0,None,ADHD
57,Non-Target,No,0,None,ADHD
58,Non-Target,No,0,None,ADHD
59,Non-Target,No,0,None,ADHD
60,Target,Yes,938,None,ADHD
61,Target,No,0,Omission,ADHD
62,Target,Yes,828,None,ADHD
63,Non-Target,No,0,None,ADHD
64,Target,Yes,742,None,ADHD
65,Non-Target,Yes,866,Commission,ADHD
66,Non-Target,No,0,None,ADHD
67,Non-Target,No,0,None,ADHD
68,Non-Target,No,0,None,ADHD
69,Non-Target,No,0,None,ADHD
70,Non-Target,No,0,None,ADHD
71,Non-Target,No,0,None,ADHD
72,Non-Target,Yes,711,Commission,ADHD
73,Non-Target,No,0,None,ADHD
74,Target,No,0,Omission,ADHD
75,Non-Target,No,0,None,ADHD
76,Target,No,0,Omission,ADHD
77,Non-Target,No,0,None,ADHD
78,Non-Target,No,0,None,ADHD
79,Non-Target,No,0,None,ADHD
80,Non-Target,No,0,None,ADHD
81,Non-Target,No,0,None,ADHD
82,Non-Target,No,0,None,ADHD
83,Non-Target,No,0,None,ADHD
84,Target,Yes,687,None,ADHD
85,Target,Yes,654,None,ADHD
86,Non-Target,No,0,None,ADHD
87,Target,Yes,691,None,ADHD
88,Non-Target,No,0,None,ADHD
89,Non-Target,No,0,None,ADHD
90,Non-Target,Yes,693,Commission,ADHD
91,Non-Target,Yes,823,Commission,ADHD
92,Target,Yes,858,None,ADHD
93,Non-Target,Yes,756,Commission,ADHD
94,Non-Target,No,0,None,ADHD
95,Non-Target,No,0,None,ADHD
96,Target,Yes,717,None,ADHD
97,Target,Yes,734,None,ADHD
98,Target,Yes,618,None,ADHD
99,Non-Target,No,0,None,ADHD
100,Non-Target,Yes,667,Commission,ADHD
101,Non-Target,Yes,787,Commission,ADHD
102,Non-Target,No,0,None,ADHD
103,Non-Target,No,0,None,ADHD
104,Non-Target,Yes,889,Commission,ADHD
105,Non-Target,Yes,813,Commission,ADHD
106,Non-Target,No,0,None,ADHD
107,Non-Target,No,0,None,ADHD
108,Non-Target,No,0,None,ADHD
109,Non-Target,No,0,None,ADHD
110,Target,No,0,Omission,ADHD
111,Non-Target,Yes,736,Commission,ADHD
112,Non-Target,No,0,None,ADHD
113,Non-Target,Yes,693,Commission,ADHD
114,Non-Target,No,0,None,ADHD
115,Non-Target,No,0,None,ADHD
116,Non-Target,No,0,None,ADHD
117,Target,Yes,830,None,ADHD
118,Target,Yes,880,None,ADHD
119,Non-Target,No,0,None,ADHD
120,Non-Target,No,0,None,ADHD
121,Non-Target,Yes,865,Commission,ADHD
122,Non-Target,Yes,695,Commission,ADHD
123,Non-Target,No,0,None,ADHD
124,Non-Target,Yes,644,Commission,ADHD
125,Non-Target,No,0,None,ADHD
126,Non-Target,Yes,800,Commission,ADHD
127,Non-Target,No,0,None,ADHD
128,Non-Target,No,0,None,ADHD
129,Non-Target,No,0,None,ADHD
130,Non-Target,No,0,None,ADHD
131,Target,Yes,709,None,ADHD
132,Target,Yes,734,None,ADHD
133,Non-Target,No,0,None,ADHD
134,Non-Target,No,0,None,ADHD
135,Target,Yes,900,None,ADHD
136,Target,Yes,633,None,ADHD
137,Target,No,0,Omission,ADHD
138,Non-Target,No,0,None,ADHD
139,Target,Yes,711,None,ADHD
140,Non-Target,No,0,None,ADHD
141,Non-Target,No,0,None,ADHD
142,Non-Target,No,0,None,ADHD
143,Target,Yes,799,None,ADHD
144,Non-Target,No,0,None,ADHD
145,Non-Target,No,0,None,ADHD
146,Non-Target,No,0,None,ADHD
147,Non-Target,No,0,None,ADHD
148,Non-Target,No,0,None,ADHD
149,Target,No,0,Omission,ADHD
150,Non-Target,No,0,None,ADHD
151,Non-Target,Yes,812,Commission,ADHD
152,Non-Target,No,0,None,ADHD
153,Non-Target,No,0,None,ADHD
154,Non-Target,No,0,None,ADHD
155,Target,No,0,Omission,ADHD
156,Target,Yes,591,None,ADHD
157,Target,Yes,818,None,ADHD
158,Non-Target,No,0,None,ADHD
159,Non-Target,No,0,None,ADHD
160,Non-Target,Yes,809,Commission,ADHD
161,Target,Yes,940,None,ADHD
162,Target,Yes,795,None,ADHD
163,Non-Target,No,0,None,ADHD
164,Target,Yes,944,None,ADHD
165,Non-Target,No,0,None,ADHD
166,Non-Target,No,0,None,ADHD
167,Non-Target,No,0,None,ADHD
168,Non-Target,No,0,None,ADHD
169,Non-Target,Yes,692,Commission,ADHD
170,Target,Yes,833,None,ADHD
171,Non-Target,No,0,None,ADHD
172,Non-Target,Yes,823,Commission,ADHD
173,Non-Target,No,0,None,ADHD
174,Target,Yes,763,None,ADHD
175,Non-Target,No,0,None,ADHD
176,Non-Target,Yes,685,Commission,ADHD
177,Non-Target,Yes,750,Commission,ADHD
178,Target,No,0,Omission,ADHD
179,Non-Target,No,0,None,ADHD
180,Non-Target,No,0,None,ADHD
181,Non-Target,Yes,829,Commission,ADHD
182,Non-Target,No,0,None,ADHD
183,Non-Target,No,0,None,ADHD
184,Non-Target,No,0,None,ADHD
185,Target,Yes,755,None,ADHD
186,Non-Target,Yes,642,Commission,ADHD
187,Target,No,0,Omission,ADHD
188,Target,Yes,731,None,ADHD
189,Non-Target,No,0,None,ADHD
190,Non-Target,No,0,None,ADHD
191,Non-Target,No,0,None,ADHD
192,Non-Target,Yes,1030,Commission,ADHD
193,Non-Target,No,0,None,ADHD
194,Non-Target,No,0,None,ADHD
195,Target,No,0,Omission,ADHD
196,Non-Target,No,0,None,ADHD
197,Target,Yes,917,None,ADHD
198,Non-Target,No,0,None,ADHD
199,Target,No,0,Omission,ADHD
200,Non-Target,No,0,None,ADHD
201,Non-Target,No,0,None,ADHD
202,Non-Target,No,0,None,ADHD
203,Target,Yes,775,None,ADHD
204,Target,Yes,804,None,ADHD
205,Non-Target,No,0,None,ADHD
206,Non-Target,No,0,None,ADHD
207,Non-Target,Yes,1056,Commission,ADHD
208,Non-Target,No,0,None,ADHD
209,Target,Yes,764,None,ADHD
210,Non-Target,No,0,None,ADHD
211,Non-Target,No,0,None,ADHD
212,Non-Target,No,0,None,ADHD
213,Target,Yes,633,None,ADHD
214,Non-Target,No,0,None,ADHD
215,Non-Target,No,0,None,ADHD
216,Non-Target,Yes,754,Commission,ADHD
217,Non-Target,Yes,734,Commission,ADHD
218,Target,Yes,475,None,ADHD
219,Target,No,0,Omission,ADHD
220,Non-Target,No,0,None,ADHD
221,Non-Target,No,0,None,ADHD
222,Non-Target,Yes,713,Commission,ADHD
223,Non-Target,No,0,None,ADHD
224,Non-Target,No,0,None,ADHD
225,Non-Target,No,0,None,ADHD
226,Non-Target,No,0,None,ADHD
227,Target,No,0,Omission,ADHD
228,Target,Yes,735,None,ADHD
229,Non-Target,No,0,None,ADHD
230,Non-Target,No,0,None,ADHD
231,Target,Yes,840,None,ADHD
232,Non-Target,No,0,None,ADHD
233,Target,Yes,999,None,ADHD
234,Non-Target,No,0,None,ADHD
235,Non-Target,No,0,None,ADHD
236,Non-Target,No,0,None,ADHD
237,Non-Target,Yes,687,Commission,ADHD
238,Non-Target,No,0,None,ADHD
239,Target,Yes,961,None,ADHD
240,Non-Target,No,0,None,ADHD
241,Non-Target,Yes,828,Commission,ADHD
242,Non-Target,Yes,871,Commission,ADHD
243,Non-Target,No,0,None,ADHD
244,Non-Target,No,0,None,ADHD
245,Non-Target,No,0,None,ADHD
246,Non-Target,No,0,None,ADHD
247,Non-Target,No,0,None,ADHD
248,Non-Target,No,0,None,ADHD
249,Non-Target,No,0,None,ADHD
250,Non-Target,No,0,None,ADHD
251,Target,Yes,801,None,ADHD
252,Target,Yes,975,None,ADHD
253,Non-Target,No,0,None,ADHD
254,Non-Target,No,0,None,ADHD
255,Non-Target,No,0,None,ADHD
256,Non-Target,Yes,804,Commission,ADHD
257,Non-Target,No,0,None,ADHD
258,Non-Target,No,0,None,ADHD
259,Non-Target,No,0,None,ADHD
260,Target,No,0,Omission,ADHD
261,Non-Target,No,0,None,ADHD
262,Target,Yes,627,None,ADHD
263,Non-Target,No,0,None,ADHD
264,Target,Yes,794,None,ADHD
265,Target,No,0,Omission,ADHD
266,Target,Yes,640,None,ADHD
267,Non-Target,No,0,None,ADHD
268,Non-Target,No,0,None,ADHD
269,Non-Target,Yes,674,Commission,ADHD
270,Non-Target,No,0,None,ADHD
271,Non-Target,Yes,745,Commission,ADHD
272,Non-Target,No,0,None,ADHD
273,Non-Target,No,0,None,ADHD
274,Non-Target,No,0,None,ADHD
275,Target,No,0,Omission,ADHD
276,Non-Target,Yes,552,Commission,ADHD
277,Non-Target,No,0,None,ADHD
278,Target,Yes,639,None,ADHD
279,Non-Target,No,0,None,ADHD
280,Non-Target,Yes,849,Commission,ADHD
281,Non-Target,No,0,None,ADHD
282,Target,No,0,Omission,ADHD
283,Non-Target,No,0,None,ADHD
284,Non-Target,No,0,None,ADHD
285,Non-Target,No,0,None,ADHD
286,Target,Yes,772,None,ADHD
287,Non-Target,No,0,None,ADHD
288,Target,Yes,748,None,ADHD
289,Target,Yes,681,None,ADHD
290,Non-Target,Yes,745,Commission,ADHD
291,Non-Target,No,0,None,ADHD
292,Non-Target,No,0,None,ADHD
293,Non-Target,Yes,696,Commission,ADHD
294,Target,No,0,Omission,ADHD
295,Target,Yes,915,None,ADHD
296,Non-Target,Yes,872,Commission,ADHD
297,Non-Target,No,0,None,ADHD
298,Non-Target,Yes,818,Commission,ADHD
299,Non-Target,Yes,918,Commission,ADHD
300,Target,No,0,Omission,ADHD
301,Non-Target,No,0,None,ADHD
302,Non-Target,Yes,988,Commission,ADHD
303,Non-Target,No,0,None,ADHD
304,Non-Target,No,0,None,ADHD
305,Non-Target,Yes,739,Commission,ADHD
306,Non-Target,No,0,None,ADHD
307,Non-Target,No,0,None,ADHD
308,Target,Yes,773,None,ADHD
309,Non-Target,No,0,None,ADHD
310,Non-Target,No,0,None,ADHD
311,Non-Target,No,0,None,ADHD
312,Target,No,0,Omission,ADHD
313,Target,Yes,891,None,ADHD
314,Non-Target,No,0,None,ADHD
315,Non-Target,No,0,None,ADHD
316,Non-Target,No,0,None,ADHD
317,Non-Target,No,0,None,ADHD
318,Target,Yes,699,None,ADHD
319,Non-Target,No,0,None,ADHD
320,Target,Yes,886,None,ADHD
321,Target,No,0,Omission,ADHD
322,Target,No,0,Omission,ADHD
323,Non-Target,No,0,None,ADHD
324,Non-Target,No,0,None,ADHD
325,Target,No,0,Omission,ADHD
326,Target,No,0,Omission,ADHD
327,Non-Target,No,0,None,ADHD
328,Non-Target,No,0,None,ADHD
329,Non-Target,No,0,None,ADHD
330,Non-Target,No,0,None,ADHD
331,Target,Yes,922,None,ADHD
332,Non-Target,No,0,None,ADHD
333,Target,Yes,796,None,ADHD
334,Target,Yes,841,None,ADHD
335,Non-Target,No,0,None,ADHD
336,Non-Target,No,0,None,ADHD
337,Non-Target,No,0,None,ADHD
338,Non-Target,No,0,None,ADHD
339,Non-Target,No,0,None,ADHD
340,Non-Target,No,0,None,ADHD
341,Target,Yes,608,None,ADHD
342,Non-Target,No,0,None,ADHD
343,Non-Target,No,0,None,ADHD
344,Target,Yes,878,None,ADHD
345,Non-Target,No,0,None,ADHD
346,Non-Target,No,0,None,ADHD
347,Non-Target,No,0,None,ADHD
348,Non-Target,No,0,None,ADHD
349,Non-Target,No,0,None,ADHD
350,Non-Target,No,0,None,ADHD
351,Non-Target,Yes,848,Commission,ADHD
352,Non-Target,No,0,None,ADHD
353,Non-Target,Yes,793,Commission,ADHD
354,Non-Target,No,0,None,ADHD
355,Target,No,0,Omission,ADHD
356,Target,No,0,Omission,ADHD
357,Non-Target,Yes,998,Commission,ADHD
358,Non-Target,No,0,None,ADHD
359,Non-Target,No,0,None,ADHD
360,Non-Target,Yes,750,Commission,ADHD
361,Non-Target,Yes,737,Commission,ADHD
362,Non-Target,No,0,None,ADHD
363,Non-Target,No,0,None,ADHD
364,Non-Target,No,0,None,ADHD
365,Non-Target,Yes,726,Commission,ADHD
366,Non-Target,No,0,None,ADHD
367,Non-Target,No,0,None,ADHD
368,Non-Target,No,0,None,ADHD
369,Non-Target,No,0,None,ADHD
370,Non-Target,Yes,815,Commission,ADHD
371,Non-Target,No,0,None,ADHD
372,Target,Yes,725,None,ADHD
373,Non-Target,No,0,None,ADHD
374,Non-Target,Yes,610,Commission,ADHD
375,Non-Target,No,0,None,ADHD
376,Target,Yes,706,None,ADHD
377,Target,No,0,Omission,ADHD
378,Non-Target,No,0,None,ADHD
379,Non-Target,No,0,None,ADHD
380,Target,Yes,821,None,ADHD
381,Target,Yes,700,None,ADHD
382,Non-Target,No,0,None,ADHD
383,Non-Target,No,0,None,ADHD
384,Non-Target,Yes,731,Commission,ADHD
385,Non-Target,No,0,None,ADHD
386,Non-Target,No,0,None,ADHD
387,Non-Target,No,0,None,ADHD
388,Non-Target,No,0,None,ADHD
389,Non-Target,No,0,None,ADHD
390,Non-Target,No,0,None,ADHD
391,Non-Target,No,0,None,ADHD
392,Non-Target,No,0,None,ADHD
393,Non-Target,Yes,668,Commission,ADHD
394,Non-Target,No,0,None,ADHD
395,Non-Target,No,0,None,ADHD
396,Non-Target,No,0,None,ADHD
397,Target,Yes,829,None,ADHD
398,Target,Yes,659,None,ADHD
399,Non-Target,No,0,None,ADHD
400,Non-Target,Yes,843,Commission,ADHD
401,Non-Target,Yes,748,Commission,ADHD
402,Non-Target,No,0,None,ADHD
403,Non-Target,No,0,None,ADHD
404,Non-Target,No,0,None,ADHD
405,Non-Target,No,0,None,ADHD
406,Non-Target,No,0,None,ADHD
407,Non-Target,Yes,842,Commission,ADHD
408,Target,Yes,732,None,ADHD
409,Non-Target,Yes,893,Commission,ADHD
410,Non-Target,Yes,624,Commission,ADHD
411,Non-Target,No,0,None,ADHD
412,Target,Yes,664,None,ADHD
413,Non-Target,No,0,None,ADHD
414,Non-Target,Yes,709,Commission,ADHD
415,Non-Target,No,0,None,ADHD
416,Non-Target,Yes,735,Commission,ADHD
417,Non-Target,No,0,None,ADHD
418,Target,Yes,1038,None,ADHD
419,Non-Target,No,0,None,ADHD
420,Non-Target,No,0,None,ADHD
421,Non-Target,Yes,772,Commission,ADHD
422,Non-Target,No,0,None,ADHD
423,Target,No,0,Omission,ADHD
424,Non-Target,No,0,None,ADHD
425,Target,Yes,821,None,ADHD
426,Non-Target,No,0,None,ADHD
427,Non-Target,No,0,None,ADHD
428,Non-Target,No,0,None,ADHD
429,Non-Target,No,0,None,ADHD
430,Non-Target,No,0,None,ADHD
431,Non-Target,No,0,None,ADHD
432,Non-Target,Yes,848,Commission,ADHD
433,Target,Yes,839,None,ADHD
434,Non-Target,No,0,None,ADHD
435,Target,Yes,732,None,ADHD
436,Non-Target,Yes,866,Commission,ADHD
437,Non-Target,No,0,None,ADHD
438,Non-Target,No,0,None,ADHD
439,Non-Target,No,0,None,ADHD
440,Target,Yes,717,None,ADHD
441,Non-Target,No,0,None,ADHD
442,Target,Yes,786,None,ADHD
443,Non-Target,Yes,800,Commission,ADHD
444,Non-Target,No,0,None,ADHD
445,Target,Yes,823,None,ADHD
446,Non-Target,No,0,None,ADHD
447,Non-Target,No,0,None,ADHD
448,Target,Yes,659,None,ADHD
449,Target,Yes,687,None,ADHD
450,Target,Yes,844,None,ADHD
451,Target,Yes,670,None,ADHD
452,Non-Target,Yes,666,Commission,ADHD
453,Non-Target,No,0,None,ADHD
454,Non-Target,No,0,None,ADHD
455,Target,Yes,728,None,ADHD
456,Non-Target,No,0,None,ADHD
457,Non-Target,Yes,809,Commission,ADHD
458,Non-Target,No,0,None,ADHD
459,Target,No,0,Omission,ADHD
460,Non-Target,No,0,None,ADHD
461,Non-Target,No,0,None,ADHD
462,Non-Target,Yes,707,Commission,ADHD
463,Target,Yes,616,None,ADHD
464,Non-Target,No,0,None,ADHD
465,Non-Target,Yes,809,Commission,ADHD
466,Non-Target,No,0,None,ADHD
467,Non-Target,No,0,None,ADHD
468,Non-Target,No,0,None,ADHD
469,Non-Target,No,0,None,ADHD
470,Non-Target,No,0,None,ADHD
471,Target,Yes,879,None,ADHD
472,Non-Target,No,0,None,ADHD
473,Target,Yes,897,None,ADHD
474,Non-Target,No,0,None,ADHD
475,Target,Yes,752,None,ADHD
476,Non-Target,No,0,None,ADHD
477,Non-Target,No,0,None,ADHD
478,Non-Target,No,0,None,ADHD
479,Non-Target,Yes,833,Commission,ADHD
480,Non-Target,No,0,None,ADHD
481,Target,Yes,820,None,ADHD
482,Target,No,0,Omission,ADHD
483,Target,Yes,785,None,ADHD
484,Non-Target,No,0,None,ADHD
485,Target,Yes,759,None,ADHD
486,Non-Target,No,0,None,ADHD
487,Non-Target,No,0,None,ADHD
488,Target,No,0,Omission,ADHD
489,Non-Target,No,0,None,ADHD
490,Non-Target,No,0,None,ADHD
491,Target,No,0,Omission,ADHD
492,Non-Target,Yes,801,Commission,ADHD
493,Non-Target,No,0,None,ADHD
494,Target,Yes,850,None,ADHD
495,Non-Target,Yes,735,Commission,ADHD
496,Target,Yes,942,None,ADHD
497,Target,Yes,831,None,ADHD
498,Non-Target,No,0,None,ADHD
499,Target,No,0,Omission,ADHD
500,Non-Target,No,0,None,ADHD
501,Target,Yes,522,None,ADHD
502,Target,No,0,Omission,ADHD
503,Non-Target,No,0,None,ADHD
504,Target,No,0,Omission,ADHD
505,Target,Yes,622,None,ADHD
506,Target,Yes,738,None,ADHD
507,Target,Yes,794,None,ADHD
508,Target,Yes,888,None,ADHD
509,Non-Target,No,0,None,ADHD
510,Non-Target,No,0,None,ADHD
511,Target,Yes,855,None,ADHD
512,Non-Target,No,0,None,ADHD
513,Non-Target,No,0,None,ADHD
514,Non-Target,No,0,None,ADHD
515,Non-Target,No,0,None,ADHD
516,Target,No,0,Omission,ADHD
517,Non-Target,Yes,855,Commission,ADHD
518,Non-Target,No,0,None,ADHD
519,Non-Target,No,0,None,ADHD
520,Non-Target,No,0,None,ADHD
521,Non-Target,No,0,None,ADHD
522,Target,Yes,744,None,ADHD
523,Non-Target,Yes,924,Commission,ADHD
524,Target,Yes,527,None,ADHD
525,Target,Yes,884,None,ADHD
526,Target,Yes,850,None,ADHD
527,Target,Yes,756,None,ADHD
528,Non-Target,Yes,819,Commission,ADHD
529,Non-Target,No,0,None,ADHD
530,Target,Yes,949,None,ADHD
531,Non-Target,No,0,None,ADHD
532,Non-Target,No,0,None,ADHD
533,Target,Yes,992,None,ADHD
534,Non-Target,No,0,None,ADHD
535,Non-Target,No,0,None,ADHD
536,Target,Yes,609,None,ADHD
537,Non-Target,Yes,794,Commission,ADHD
538,Non-Target,No,0,None,ADHD
539,Target,No,0,Omission,ADHD
540,Non-Target,Yes,816,Commission,ADHD
541,Target,No,0,Omission,ADHD
542,Non-Target,Yes,735,Commission,ADHD
543,Non-Target,No,0,None,ADHD
544,Target,Yes,786,None,ADHD
545,Non-Target,Yes,881,Commission,ADHD
546,Non-Target,No,0,None,ADHD
547,Non-Target,Yes,827,Commission,ADHD
548,Non-Target,No,0,None,ADHD
549,Non-Target,No,0,None,ADHD
550,Non-Target,No,0,None,ADHD
551,Non-Target,Yes,595,Commission,ADHD
552,Non-Target,Yes,573,Commission,ADHD
553,Non-Target,No,0,None,ADHD
554,Non-Target,Yes,551,Commission,ADHD
555,Target,Yes,646,None,ADHD
556,Target,Yes,804,None,ADHD
557,Target,Yes,736,None,ADHD
558,Non-Target,No,0,None,ADHD
559,Non-Target,No,0,None,ADHD
560,Non-Target,No,0,None,ADHD
561,Non-Target,No,0,None,ADHD
562,Target,Yes,846,None,ADHD
563,Target,Yes,693,None,ADHD
564,Non-Target,No,0,None,ADHD
565,Non-Target,Yes,749,Commission,ADHD
566,Target,Yes,753,None,ADHD
567,Non-Target,No,0,None,ADHD
568,Non-Target,No,0,None,ADHD
569,Non-Target,No,0,None,ADHD
570,Non-Target,No,0,None,ADHD
571,Non-Target,Yes,668,Commission,ADHD
572,Non-Target,No,0,None,ADHD
573,Non-Target,No,0,None,ADHD
574,Non-Target,Yes,840,Commission,ADHD
575,Target,Yes,776,None,ADHD
576,Non-Target,No,0,None,ADHD
577,Non-Target,Yes,739,Commission,ADHD
578,Non-Target,Yes,772,Commission,ADHD
579,Non-Target,No,0,None,ADHD
580,Target,No,0,Omission,ADHD
581,Target,Yes,825,None,ADHD
582,Non-Target,No,0,None,ADHD
583,Non-Target,No,0,None,ADHD
584,Non-Target,Yes,834,Commission,ADHD
585,Non-Target,No,0,None,ADHD
586,Non-Target,No,0,None,ADHD
587,Non-Target,No,0,None,ADHD
588,Target,Yes,689,None,ADHD
589,Target,No,0,Omission,ADHD
590,Non-Target,No,0,None,ADHD
591,Target,No,0,Omission,ADHD
592,Non-Target,Yes,793,Commission,ADHD
593,Non-Target,No,0,None,ADHD
594,Non-Target,Yes,783,Commission,ADHD
595,Non-Target,Yes,990,Commission,ADHD
596,Non-Target,No,0,None,ADHD
597,Non-Target,No,0,None,ADHD
598,Target,No,0,Omission,ADHD
599,Target,Yes,790,None,ADHD
600,Target,Yes,815,None,ADHD
601,Non-Target,No,0,None,ADHD
602,Non-Target,No,0,None,ADHD
603,Non-Target,No,0,None,ADHD
604,Non-Target,No,0,None,ADHD
605,Non-Target,No,0,None,ADHD
606,Target,Yes,1013,None,ADHD
607,Target,Yes,925,None,ADHD
608,Non-Target,No,0,None,ADHD
609,Non-Target,No,0,None,ADHD
610,Target,Yes,693,None,ADHD
611,Non-Target,No,0,None,ADHD
612,Non-Target,Yes,643,Commission,ADHD
613,Non-Target,No,0,None,ADHD
614,Non-Target,No,0,None,ADHD
615,Target,No,0,Omission,ADHD
616,Non-Target,Yes,810,Commission,ADHD
617,Non-Target,No,0,None,ADHD
618,Non-Target,No,0,None,ADHD
619,Target,No,0,Omission,ADHD
620,Non-Target,Yes,799,Commission,ADHD
621,Non-Target,No,0,None,ADHD
622,Target,Yes,737,None,ADHD
623,Target,Yes,805,None,ADHD
624,Non-Target,No,0,None,ADHD
625,Non-Target,No,0,None,ADHD
626,Non-Target,No,0,None,ADHD
627,Target,Yes,795,None,ADHD
628,Target,Yes,834,None,ADHD
629,Non-Target,No,0,None,ADHD
630,Non-Target,No,0,None,ADHD
631,Non-Target,No,0,None,ADHD
632,Target,Yes,652,None,ADHD
633,Non-Target,Yes,694,Commission,ADHD
634,Non-Target,No,0,None,ADHD
635,Target,Yes,871,None,ADHD
636,Non-Target,No,0,None,ADHD
637,Non-Target,No,0,None,ADHD
638,Non-Target,No,0,None,ADHD
639,Non-Target,No,0,None,ADHD
640,Non-Target,No,0,None,ADHD
641,Non-Target,No,0,None,ADHD
642,Target,Yes,832,None,ADHD
643,Target,Yes,913,None,ADHD
644,Non-Target,No,0,None,ADHD
645,Target,Yes,776,None,ADHD
646,Non-Target,No,0,None,ADHD
647,Non-Target,Yes,708,Commission,ADHD
648,Target,Yes,804,None,ADHD
649,Target,Yes,536,None,ADHD
650,Target,Yes,942,None,ADHD
651,Target,Yes,848,None,ADHD
652,Target,Yes,746,None,ADHD
653,Target,Yes,808,None,ADHD
654,Non-Target,No,0,None,ADHD
655,Target,Yes,710,None,ADHD
656,Target,Yes,939,None,ADHD
657,Non-Target,No,0,None,ADHD
658,Non-Target,No,0,None,ADHD
659,Target,No,0,Omission,ADHD
660,Target,Yes,842,None,ADHD
661,Non-Target,No,0,None,ADHD
662,Non-Target,No,0,None,ADHD
663,Target,Yes,821,None,ADHD
664,Non-Target,No,0,None,ADHD
665,Non-Target,No,0,None,ADHD
666,Non-Target,Yes,767,Commission,ADHD
667,Non-Target,No,0,None,ADHD
668,Target,Yes,808,None,ADHD
669,Target,Yes,847,None,ADHD
670,Non-Target,No,0,None,ADHD
671,Non-Target,No,0,None,ADHD
672,Non-Target,Yes,839,Commission,ADHD
673,Non-Target,No,0,None,ADHD
674,Non-Target,No,0,None,ADHD
675,Non-Target,No,0,None,ADHD
676,Target,Yes,944,None,ADHD
677,Target,Yes,849,None,ADHD
678,Target,Yes,779,None,ADHD
679,Target,No,0,Omission,ADHD
680,Non-Target,No,0,None,ADHD
681,Non-Target,No,0,None,ADHD
682,Target,Yes,858,None,ADHD
683,Target,Yes,746,None,ADHD
684,Non-Target,No,0,None,ADHD
685,Non-Target,No,0,None,ADHD
686,Non-Target,No,0,None,ADHD
687,Target,No,0,Omission,ADHD
688,Non-Target,No,0,None,ADHD
689,Non-Target,No,0,None,ADHD
690,Target,Yes,752,None,ADHD
691,Target,No,0,Omission,ADHD
692,Non-Target,Yes,745,Commission,ADHD
693,Non-Target,Yes,987,Commission,ADHD
694,Non-Target,Yes,945,Commission,ADHD
695,Target,Yes,815,None,ADHD
696,Non-Target,No,0,None,ADHD
697,Non-Target,No,0,None,ADHD
698,Non-Target,No,0,None,ADHD
699,Non-Target,No,0,None,ADHD
700,Non-Target,No,0,None,ADHD
701,Non-Target,No,0,None,ADHD
702,Non-Target,Yes,734,Commission,ADHD
703,Non-Target,Yes,820,Commission,ADHD
704,Non-Target,No,0,None,ADHD
705,Non-Target,No,0,None,ADHD
706,Non-Target,No,0,None,ADHD
707,Non-Target,No,0,None,ADHD
708,Non-Target,Yes,787,Commission,ADHD
709,Non-Target,No,0,None,ADHD
710,Non-Target,No,0,None,ADHD
711,Target,No,0,Omission,ADHD
712,Non-Target,No,0,None,ADHD
713,Non-Target,No,0,None,ADHD
714,Non-Target,Yes,657,Commission,ADHD
715,Non-Target,No,0,None,ADHD
716,Target,Yes,858,None,ADHD
717,Non-Target,Yes,682,Commission,ADHD
718,Non-Target,Yes,903,Commission,ADHD
719,Non-Target,No,0,None,ADHD
720,Non-Target,No,0,None,ADHD
721,Non-Target,No,0,None,ADHD
722,Target,Yes,800,None,ADHD
723,Non-Target,No,0,None,ADHD
724,Target,Yes,640,None,ADHD
725,Non-Target,No,0,None,ADHD
726,Target,No,0,Omission,ADHD
727,Non-Target,No,0,None,ADHD
728,Non-Target,Yes,879,Commission,ADHD
729,Non-Target,No,0,None,ADHD
730,Non-Target,No,0,None,ADHD
731,Target,Yes,880,None,ADHD
732,Non-Target,Yes,637,Commission,ADHD
733,Non-Target,No,0,None,ADHD
734,Non-Target,No,0,None,ADHD
735,Non-Target,No,0,None,ADHD
736,Target,Yes,700,None,ADHD
737,Target,Yes,764,None,ADHD
738,Target,Yes,788,None,ADHD
739,Non-Target,No,0,None,ADHD
740,Non-Target,No,0,None,ADHD
741,Target,No,0,Omission,ADHD
742,Non-Target,No,0,None,ADHD
743,Target,Yes,483,None,ADHD
744,Non-Target,No,0,None,ADHD
745,Non-Target,No,0,None,ADHD
746,Non-Target,Yes,794,Commission,ADHD
747,Non-Target,No,0,None,ADHD
748,Non-Target,No,0,None,ADHD
749,Non-Target,Yes,749,Commission,ADHD
750,Non-Target,No,0,None,ADHD
751,Target,Yes,791,None,ADHD
752,Non-Target,Yes,670,Commission,ADHD
753,Non-Target,No,0,None,ADHD
754,Non-Target,No,0,None,ADHD
755,Target,Yes,730,None,ADHD
756,Non-Target,No,0,None,ADHD
757,Non-Target,No,0,None,ADHD
758,Non-Target,Yes,815,Commission,ADHD
759,Target,Yes,857,None,ADHD
760,Target,No,0,Omission,ADHD
761,Target,Yes,748,None,ADHD
762,Target,Yes,811,None,ADHD
763,Non-Target,Yes,674,Commission,ADHD
764,Target,Yes,833,None,ADHD
765,Non-Target,No,0,None,ADHD
766,Non-Target,No,0,None,ADHD
767,Non-Target,No,0,None,ADHD
768,Non-Target,Yes,903,Commission,ADHD
769,Non-Target,No,0,None,ADHD
770,Non-Target,No,0,None,ADHD
771,Non-Target,No,0,None,ADHD
772,Non-Target,No,0,None,ADHD
773,Target,Yes,845,None,ADHD
774,Non-Target,Yes,740,Commission,ADHD
775,Non-Target,No,0,None,ADHD
776,Target,Yes,862,None,ADHD
777,Target,Yes,865,None,ADHD
778,Target,No,0,Omission,ADHD
779,Non-Target,No,0,None,ADHD
780,Non-Target,No,0,None,ADHD
781,Non-Target,No,0,None,ADHD
782,Non-Target,Yes,859,Commission,ADHD
783,Non-Target,No,0,None,ADHD
784,Non-Target,Yes,852,Commission,ADHD
785,Target,Yes,799,None,ADHD
786,Non-Target,Yes,968,Commission,ADHD
787,Non-Target,No,0,None,ADHD
788,Target,No,0,Omission,ADHD
789,Non-Target,No,0,None,ADHD
790,Target,Yes,828,None,ADHD
791,Non-Target,No,0,None,ADHD
792,Non-Target,No,0,None,ADHD
793,Non-Target,No,0,None,ADHD
794,Non-Target,No,0,None,ADHD
795,Non-Target,No,0,None,ADHD
796,Target,Yes,903,None,ADHD
797,Non-Target,No,0,None,ADHD
798,Non-Target,No,0,None,ADHD
799,Non-Target,No,0,None,ADHD
800,Non-Target,No,0,None,ADHD
801,Target,No,0,Omission,ADHD
802,Target,Yes,698,None,ADHD
803,Non-Target,No,0,None,ADHD
804,Non-Target,Yes,758,Commission,ADHD
805,Non-Target,No,0,None,ADHD
806,Target,No,0,Omission,ADHD
807,Non-Target,No,0,None,ADHD
808,Target,Yes,702,None,ADHD
809,Non-Target,No,0,None,ADHD
810,Target,Yes,668,None,ADHD
811,Target,Yes,696,None,ADHD
812,Target,Yes,819,None,ADHD
813,Non-Target,No,0,None,ADHD
814,Target,Yes,856,None,ADHD
815,Non-Target,No,0,None,ADHD
816,Target,Yes,929,None,ADHD
817,Non-Target,No,0,None,ADHD
818,Target,No,0,Omission,ADHD
819,Non-Target,No,0,None,ADHD
820,Non-Target,No,0,None,ADHD
821,Non-Target,No,0,None,ADHD
822,Target,Yes,669,None,ADHD
823,Target,Yes,1116,None,ADHD
824,Non-Target,No,0,None,ADHD
825,Non-Target,No,0,None,ADHD
826,Non-Target,No,0,None,ADHD
827,Non-Target,No,0,None,ADHD
828,Target,Yes,671,None,ADHD
829,Target,No,0,Omission,ADHD
830,Non-Target,No,0,None,ADHD
831,Non-Target,No,0,None,ADHD
832,Target,No,0,Omission,ADHD
833,Target,Yes,716,None,ADHD
834,Target,Yes,764,None,ADHD
835,Non-Target,No,0,None,ADHD
836,Non-Target,No,0,None,ADHD
837,Non-Target,No,0,None,ADHD
838,Target,Yes,766,None,ADHD
839,Non-Target,No,0,None,ADHD
840,Non-Target,Yes,891,Commission,ADHD
841,Non-Target,No,0,None,ADHD
842,Non-Target,No,0,None,ADHD
843,Non-Target,No,0,None,ADHD
844,Target,No,0,Omission,ADHD
845,Non-Target,No,0,None,ADHD
846,Non-Target,No,0,None,ADHD
847,Non-Target,No,0,None,ADHD
848,Non-Target,No,0,None,ADHD
849,Target,Yes,809,None,ADHD
850,Target,Yes,675,None,ADHD
851,Non-Target,No,0,None,ADHD
852,Target,Yes,583,None,ADHD
853,Non-Target,No,0,None,ADHD
854,Non-Target,No,0,None,ADHD
855,Non-Target,No,0,None,ADHD
856,Non-Target,No,0,None,ADHD
857,Non-Target,No,0,None,ADHD
858,Non-Target,No,0,None,ADHD
859,Target,Yes,665,None,ADHD
860,Non-Target,No,0,None,ADHD
861,Non-Target,Yes,815,Commission,ADHD
862,Target,Yes,642,None,ADHD
863,Target,Yes,786,None,ADHD
864,Target,Yes,793,None,ADHD
865,Non-Target,No,0,None,ADHD
866,Non-Target,No,0,None,ADHD
867,Non-Target,Yes,768,Commission,ADHD
868,Non-Target,No,0,None,ADHD
869,Non-Target,No,0,None,ADHD
870,Non-Target,No,0,None,ADHD
871,Non-Target,No,0,None,ADHD
872,Non-Target,Yes,797,Commission,ADHD
873,Non-Target,No,0,None,ADHD
874,Non-Target,No,0,None,ADHD
875,Non-Target,No,0,None,ADHD
876,Non-Target,No,0,None,ADHD
877,Non-Target,No,0,None,ADHD
878,Non-Target,No,0,None,ADHD
879,Target,Yes,823,None,ADHD
880,Target,Yes,707,None,ADHD
881,Non-Target,No,0,None,ADHD
882,Non-Target,Yes,795,Commission,ADHD
883,Non-Target,No,0,None,ADHD
884,Target,Yes,739,None,ADHD
885,Non-Target,No,0,None,ADHD
886,Non-Target,No,0,None,ADHD
887,Target,Yes,598,None,ADHD
888,Non-Target,No,0,None,ADHD
889,Target,Yes,744,None,ADHD
890,Non-Target,No,0,None,ADHD
891,Non-Target,No,0,None,ADHD
892,Non-Target,No,0,None,ADHD
893,Non-Target,No,0,None,ADHD
894,Non-Target,No,0,None,ADHD
895,Target,Yes,965,None,ADHD
896,Non-Target,No,0,None,ADHD
897,Non-Target,No,0,None,ADHD
898,Target,Yes,731,None,ADHD
899,Target,Yes,855,None,ADHD
900,Non-Target,No,0,None,ADHD
901,Non-Target,No,0,None,ADHD
902,Non-Target,No,0,None,ADHD
903,Target,Yes,621,None,ADHD
904,Non-Target,Yes,853,Commission,ADHD
905,Non-Target,No,0,None,ADHD
906,Non-Target,Yes,826,Commission,ADHD
907,Non-Target,No,0,None,ADHD
908,Target,Yes,664,None,ADHD
909,Target,Yes,850,None,ADHD
910,Non-Target,No,0,None,ADHD
911,Non-Target,No,0,None,ADHD
912,Target,Yes,888,None,ADHD
913,Non-Target,No,0,None,ADHD
914,Target,Yes,938,None,ADHD
915,Target,Yes,588,None,ADHD
916,Target,No,0,Omission,ADHD
917,Non-Target,No,0,None,ADHD
918,Non-Target,Yes,851,Commission,ADHD
919,Non-Target,Yes,842,Commission,ADHD
920,Non-Target,No,0,None,ADHD
921,Non-Target,Yes,863,Commission,ADHD
922,Non-Target,No,0,None,ADHD
923,Non-Target,No,0,None,ADHD
924,Target,Yes,757,None,ADHD
925,Non-Target,No,0,None,ADHD
926,Target,Yes,703,None,ADHD
927,Non-Target,Yes,863,Commission,ADHD
928,Non-Target,No,0,None,ADHD
929,Non-Target,No,0,None,ADHD
930,Non-Target,No,0,None,ADHD
931,Target,Yes,1006,None,ADHD
932,Target,Yes,779,None,ADHD
933,Non-Target,No,0,None,ADHD
934,Non-Target,No,0,None,ADHD
935,Non-Target,No,0,None,ADHD
936,Non-Target,No,0,None,ADHD
937,Non-Target,No,0,None,ADHD
938,Non-Target,Yes,829,Commission,ADHD
939,Non-Target,No,0,None,ADHD
940,Non-Target,No,0,None,ADHD
941,Non-Target,No,0,None,ADHD
942,Non-Target,No,0,None,ADHD
943,Target,Yes,865,None,ADHD
944,Non-Target,No,0,None,ADHD
945,Non-Target,No,0,None,ADHD
946,Non-Target,No,0,None,ADHD
947,Non-Target,No,0,None,ADHD
948,Target,Yes,796,None,ADHD
949,Non-Target,Yes,878,Commission,ADHD
950,Non-Target,No,0,None,ADHD
951,Target,Yes,774,None,ADHD
952,Non-Target,No,0,None,ADHD
953,Non-Target,No,0,None,ADHD
954,Non-Target,No,0,None,ADHD
955,Target,Yes,577,None,ADHD
956,Non-Target,No,0,None,ADHD
957,Non-Target,No,0,None,ADHD
958,Target,Yes,841,None,ADHD
959,Non-Target,Yes,911,Commission,ADHD
960,Non-Target,Yes,880,Commission,ADHD
961,Non-Target,No,0,None,ADHD
962,Non-Target,Yes,957,Commission,ADHD
963,Non-Target,Yes,768,Commission,ADHD
964,Non-Target,No,0,None,ADHD
965,Target,Yes,781,None,ADHD
966,Target,No,0,Omission,ADHD
967,Non-Target,No,0,None,ADHD
968,Non-Target,No,0,None,ADHD
969,Target,Yes,930,None,ADHD
970,Non-Target,No,0,None,ADHD
971,Target,No,0,Omission,ADHD
972,Non-Target,No,0,None,ADHD
973,Non-Target,No,0,None,ADHD
974,Non-Target,Yes,808,Commission,ADHD
975,Target,Yes,666,None,ADHD
976,Target,Yes,712,None,ADHD
977,Non-Target,Yes,791,Commission,ADHD
978,Target,Yes,867,None,ADHD
979,Non-Target,No,0,None,ADHD
980,Target,Yes,771,None,ADHD
981,Target,Yes,749,None,ADHD
982,Non-Target,Yes,649,Commission,ADHD
983,Non-Target,No,0,None,ADHD
984,Target,Yes,728,None,ADHD
985,Non-Target,No,0,None,ADHD
986,Non-Target,No,0,None,ADHD
987,Non-Target,No,0,None,ADHD
988,Non-Target,No,0,None,ADHD
989,Target,Yes,753,None,ADHD
990,Non-Target,No,0,None,ADHD
991,Non-Target,No,0,None,ADHD
992,Non-Target,No,0,None,ADHD
993,Non-Target,No,0,None,ADHD
994,Non-Target,Yes,897,Commission,ADHD
995,Non-Target,No,0,None,ADHD
996,Non-Target,No,0,None,ADHD
997,Target,No,0,Omission,ADHD
998,Non-Target,No,0,None,ADHD
999,Non-Target,No,0,None,ADHD
1000,Non-Target,No,0,None,ADHD
1001,Target,Yes,755,None,ADHD
1002,Non-Target,No,0,None,ADHD
1003,Non-Target,No,0,None,ADHD
1004,Non-Target,No,0,None,ADHD
1005,Non-Target,Yes,824,Commission,ADHD
1006,Non-Target,No,0,None,ADHD
1007,Target,No,0,Omission,ADHD
1008,Non-Target,No,0,None,ADHD
1009,Non-Target,No,0,None,ADHD
1010,Target,Yes,829,None,ADHD
1011,Non-Target,No,0,None,ADHD
1012,Non-Target,No,0,None,ADHD
1013,Non-Target,No,0,None,ADHD
1014,Non-Target,Yes,677,Commission,ADHD
1015,Non-Target,No,0,None,ADHD
1016,Non-Target,No,0,None,ADHD
1017,Non-Target,No,0,None,ADHD
1018,Non-Target,No,0,None,ADHD
1019,Target,Yes,785,None,ADHD
1020,Target,Yes,825,None,ADHD
1021,Non-Target,No,0,None,ADHD
1022,Non-Target,No,0,None,ADHD
1023,Target,Yes,785,None,ADHD
1024,Non-Target,Yes,738,Commission,ADHD
1025,Non-Target,No,0,None,ADHD
1026,Non-Target,No,0,None,ADHD
1027,Non-Target,No,0,None,ADHD
1028,Non-Target,No,0,None,ADHD
1029,Non-Target,No,0,None,ADHD
1030,Non-Target,No,0,None,ADHD
1031,Target,Yes,719,None,ADHD
1032,Non-Target,No,0,None,ADHD
1033,Non-Target,No,0,None,ADHD
1034,Non-Target,No,0,None,ADHD
1035,Non-Target,No,0,None,ADHD
1036,Non-Target,No,0,None,ADHD
1037,Non-Target,No,0,None,ADHD
1038,Target,Yes,744,None,ADHD
1039,Target,Yes,836,None,ADHD
1040,Target,Yes,765,None,ADHD
1041,Non-Target,Yes,653,Commission,ADHD
1042,Target,Yes,677,None,ADHD
1043,Non-Target,Yes,608,Commission,ADHD
1044,Non-Target,No,0,None,ADHD
1045,Non-Target,No,0,None,ADHD
1046,Target,Yes,819,None,ADHD
1047,Non-Target,Yes,739,Commission,ADHD
1048,Non-Target,Yes,719,Commission,ADHD
1049,Target,Yes,902,None,ADHD
1050,Non-Target,Yes,782,Commission,ADHD
1051,Target,No,0,Omission,ADHD
1052,Target,Yes,947,None,ADHD
1053,Non-Target,No,0,None,ADHD
1054,Non-Target,No,0,None,ADHD
1055,Target,Yes,794,None,ADHD
1056,Non-Target,No,0,None,ADHD
1057,Non-Target,Yes,1009,Commission,ADHD
1058,Non-Target,No,0,None,ADHD
1059,Non-Target,No,0,None,ADHD
1060,Non-Target,No,0,None,ADHD
1061,Non-Target,No,0,None,ADHD
1062,Target,Yes,889,None,ADHD
1063,Non-Target,No,0,None,ADHD
1064,Non-Target,No,0,None,ADHD
1065,Non-Target,No,0,None,ADHD
1066,Target,No,0,Omission,ADHD
1067,Non-Target,Yes,813,Commission,ADHD
1068,Non-Target,No,0,None,ADHD
1069,Non-Target,No,0,None,ADHD
1070,Target,Yes,833,None,ADHD
1071,Non-Target,No,0,None,ADHD
1072,Non-Target,Yes,741,Commission,ADHD
1073,Target,No,0,Omission,ADHD
1074,Non-Target,No,0,None,ADHD
1075,Non-Target,No,0,None,ADHD
1076,Non-Target,No,0,None,ADHD
1077,Target,Yes,745,None,ADHD
1078,Non-Target,No,0,None,ADHD
1079,Non-Target,No,0,None,ADHD
1080,Non-Target,Yes,683,Commission,ADHD
1081,Non-Target,No,0,None,ADHD
1082,Non-Target,No,0,None,ADHD
1083,Non-Target,Yes,814,Commission,ADHD
1084,Non-Target,No,0,None,ADHD
1085,Non-Target,No,0,None,ADHD
1086,Target,No,0,Omission,ADHD
1087,Non-Target,Yes,662,Commission,ADHD
1088,Target,No,0,Omission,ADHD
1089,Non-Target,No,0,None,ADHD
1090,Non-Target,No,0,None,ADHD
1091,Non-Target,No,0,None,ADHD
1092,Non-Target,No,0,None,ADHD
1093,Non-Target,No,0,None,ADHD
1094,Non-Target,No,0,None,ADHD
1095,Target,Yes,868,None,ADHD
1096,Target,Yes,834,None,ADHD
1097,Non-Target,No,0,None,ADHD
1098,Target,Yes,697,None,ADHD
1099,Non-Target,No,0,None,ADHD
1100,Target,Yes,731,None,ADHD
1101,Non-Target,Yes,693,Commission,ADHD
1102,Non-Target,No,0,None,ADHD
1103,Target,Yes,836,None,ADHD
1104,Non-Target,No,0,None,ADHD
1105,Target,Yes,872,None,ADHD
1106,Non-Target,No,0,None,ADHD
1107,Target,Yes,849,None,ADHD
1108,Target,Yes,648,None,ADHD
1109,Non-Target,No,0,None,ADHD
1110,Non-Target,No,0,None,ADHD
1111,Non-Target,Yes,846,Commission,ADHD
1112,Non-Target,No,0,None,ADHD
1113,Non-Target,No,0,None,ADHD
1114,Non-Target,No,0,None,ADHD
1115,Non-Target,No,0,None,ADHD
1116,Non-Target,Yes,670,Commission,ADHD
1117,Target,Yes,871,None,ADHD
1118,Non-Target,No,0,None,ADHD
1119,Target,Yes,843,None,ADHD
1120,Non-Target,No,0,None,ADHD
1121,Non-Target,No,0,None,ADHD
1122,Non-Target,No,0,None,ADHD
1123,Non-Target,No,0,None,ADHD
1124,Target,No,0,Omission,ADHD
1125,Non-Target,No,0,None,ADHD
1126,Non-Target,No,0,None,ADHD
1127,Non-Target,No,0,None,ADHD
1128,Target,Yes,666,None,ADHD
1129,Non-Target,No,0,None,ADHD
1130,Target,Yes,730,None,ADHD
1131,Target,No,0,Omission,ADHD
1132,Non-Target,No,0,None,ADHD
1133,Non-Target,No,0,None,ADHD
1134,Non-Target,No,0,None,ADHD
1135,Non-Target,Yes,661,Commission,ADHD
1136,Non-Target,No,0,None,ADHD
1137,Non-Target,Yes,616,Commission,ADHD
1138,Target,Yes,771,None,ADHD
1139,Non-Target,No,0,None,ADHD
1140,Target,No,0,Omission,ADHD
1141,Non-Target,No,0,None,ADHD
1142,Non-Target,No,0,None,ADHD
1143,Non-Target,Yes,726,Commission,ADHD
1144,Non-Target,No,0,None,ADHD
1145,Non-Target,No,0,None,ADHD
1146,Non-Target,No,0,None,ADHD
1147,Non-Target,No,0,None,ADHD
1148,Target,Yes,953,None,ADHD
1149,Non-Target,Yes,718,Commission,ADHD
1150,Target,Yes,893,None,ADHD
1151,Target,Yes,697,None,ADHD
1152,Non-Target,No,0,None,ADHD
1153,Non-Target,No,0,None,ADHD
1154,Target,Yes,895,None,ADHD
1155,Non-Target,Yes,859,Commission,ADHD
1156,Non-Target,No,0,None,ADHD
1157,Non-Target,Yes,904,Commission,ADHD
1158,Non-Target,No,0,None,ADHD
1159,Target,Yes,804,None,ADHD
1160,Non-Target,No,0,None,ADHD
1161,Non-Target,No,0,None,ADHD
1162,Non-Target,Yes,479,Commission,ADHD
1163,Target,Yes,831,None,ADHD
1164,Target,No,0,Omission,ADHD
1165,Non-Target,Yes,884,Commission,ADHD
1166,Non-Target,No,0,None,ADHD
1167,Non-Target,Yes,798,Commission,ADHD
1168,Non-Target,No,0,None,ADHD
1169,Non-Target,No,0,None,ADHD
1170,Non-Target,No,0,None,ADHD
1171,Target,Yes,769,None,ADHD
1172,Non-Target,Yes,756,Commission,ADHD
1173,Non-Target,No,0,None,ADHD
1174,Non-Target,Yes,649,Commission,ADHD
1175,Target,Yes,752,None,ADHD
1176,Target,Yes,782,None,ADHD
1177,Non-Target,No,0,None,ADHD
1178,Non-Target,No,0,None,ADHD
1179,Non-Target,No,0,None,ADHD
1180,Target,Yes,808,None,ADHD
1181,Target,Yes,714,None,ADHD
1182,Target,Yes,893,None,ADHD
1183,Non-Target,No,0,None,ADHD
1184,Target,Yes,859,None,ADHD
1185,Non-Target,No,0,None,ADHD
1186,Non-Target,No,0,None,ADHD
1187,Non-Target,No,0,None,ADHD
1188,Non-Target,No,0,None,ADHD
1189,Non-Target,No,0,None,ADHD
1190,Target,Yes,830,None,ADHD
1191,Non-Target,Yes,907,Commission,ADHD
1192,Non-Target,No,0,None,ADHD
1193,Non-Target,No,0,None,ADHD
1194,Non-Target,No,0,None,ADHD
1195,Target,Yes,782,None,ADHD
1196,Non-Target,No,0,None,ADHD
1197,Non-Target,No,0,None,ADHD
1198,Target,Yes,682,None,ADHD
1199,Non-Target,No,0,None,ADHD
1200,Non-Target,No,0,None,ADHD
