Trial,StimulusType,Reaction,ReactionTime(ms),ErrorType,Label
1,Non-Target,No,0,None,ADHD
2,Non-Target,No,0,None,ADHD
3,Non-Target,No,0,None,ADHD
4,Non-Target,No,0,None,ADHD
5,Non-Target,No,0,None,ADHD
6,Non-Target,No,0,None,ADHD
7,Non-Target,No,0,None,ADHD
8,Non-Target,Yes,770,Commission,ADHD
9,Non-Target,No,0,None,ADHD
10,Non-Target,No,0,None,ADHD
11,Non-Target,No,0,None,ADHD
12,Non-Target,No,0,None,ADHD
13,Target,Yes,717,None,ADHD
14,Target,No,0,Omission,ADHD
15,Non-Target,No,0,None,ADHD
16,Target,Yes,866,None,ADHD
17,Non-Target,No,0,None,ADHD
18,Non-Target,No,0,None,ADHD
19,Target,Yes,731,None,ADHD
20,Non-Target,No,0,None,ADHD
21,Non-Target,No,0,None,ADHD
22,Non-Target,No,0,None,ADHD
23,Non-Target,No,0,None,ADHD
24,Non-Target,No,0,None,ADHD
25,Non-Target,No,0,None,ADHD
26,Non-Target,No,0,None,ADHD
27,Non-Target,No,0,None,ADHD
28,Target,No,0,Omission,ADHD
29,Non-Target,No,0,None,ADHD
30,Target,Yes,913,None,ADHD
31,Non-Target,Yes,648,Commission,ADHD
32,Non-Target,No,0,None,ADHD
33,Non-Target,No,0,None,ADHD
34,Non-Target,No,0,None,ADHD
35,Non-Target,No,0,None,ADHD
36,Target,Yes,599,None,ADHD
37,Non-Target,No,0,None,ADHD
38,Non-Target,No,0,None,ADHD
39,Non-Target,Yes,730,Commission,ADHD
40,Target,No,0,Omission,ADHD
41,Target,Yes,734,None,ADHD
42,Non-Target,No,0,None,ADHD
43,Non-Target,No,0,None,ADHD
44,Non-Target,No,0,None,ADHD
45,Non-Target,Yes,687,Commission,ADHD
46,Non-Target,No,0,None,ADHD
47,Non-Target,Yes,955,Commission,ADHD
48,Target,No,0,Omission,ADHD
49,Non-Target,No,0,None,ADHD
50,Non-Target,No,0,None,ADHD
51,Non-Target,No,0,None,ADHD
52,Non-Target,No,0,None,ADHD
53,Non-Target,No,0,None,ADHD
54,Target,No,0,Omission,ADHD
55,Non-Target,No,0,None,ADHD
56,Non-Target,Yes,936,Commission,ADHD
57,Non-Target,Yes,906,Commission,ADHD
58,Target,Yes,661,None,ADHD
59,Non-Target,No,0,None,ADHD
60,Target,Yes,976,None,ADHD
61,Target,Yes,1017,None,ADHD
62,Non-Target,No,0,None,ADHD
63,Non-Target,No,0,None,ADHD
64,Non-Target,No,0,None,ADHD
65,Target,Yes,767,None,ADHD
66,Non-Target,Yes,650,Commission,ADHD
67,Target,Yes,698,None,ADHD
68,Non-Target,No,0,None,ADHD
69,Non-Target,No,0,None,ADHD
70,Non-Target,No,0,None,ADHD
71,Non-Target,No,0,None,ADHD
72,Non-Target,No,0,None,ADHD
73,Non-Target,No,0,None,ADHD
74,Non-Target,Yes,729,Commission,ADHD
75,Non-Target,No,0,None,ADHD
76,Target,Yes,741,None,ADHD
77,Non-Target,No,0,None,ADHD
78,Target,No,0,Omission,ADHD
79,Non-Target,No,0,None,ADHD
80,Non-Target,Yes,831,Commission,ADHD
81,Non-Target,No,0,None,ADHD
82,Non-Target,No,0,None,ADHD
83,Non-Target,No,0,None,ADHD
84,Non-Target,No,0,None,ADHD
85,Target,No,0,Omission,ADHD
86,Non-Target,Yes,641,Commission,ADHD
87,Non-Target,No,0,None,ADHD
88,Non-Target,No,0,None,ADHD
89,Target,Yes,519,None,ADHD
90,Non-Target,No,0,None,ADHD
91,Non-Target,Yes,884,Commission,ADHD
92,Target,Yes,866,None,ADHD
93,Non-Target,No,0,None,ADHD
94,Target,No,0,Omission,ADHD
95,Non-Target,Yes,770,Commission,ADHD
96,Non-Target,Yes,889,Commission,ADHD
97,Non-Target,No,0,None,ADHD
98,Non-Target,No,0,None,ADHD
99,Target,No,0,Omission,ADHD
100,Target,Yes,836,None,ADHD
101,Target,No,0,Omission,ADHD
102,Target,Yes,753,None,ADHD
103,Non-Target,Yes,710,Commission,ADHD
104,Target,No,0,Omission,ADHD
105,Target,Yes,635,None,ADHD
106,Non-Target,No,0,None,ADHD
107,Target,Yes,681,None,ADHD
108,Target,Yes,755,None,ADHD
109,Non-Target,No,0,None,ADHD
110,Non-Target,No,0,None,ADHD
111,Target,Yes,807,None,ADHD
112,Non-Target,Yes,854,Commission,ADHD
113,Non-Target,Yes,823,Commission,ADHD
114,Non-Target,No,0,None,ADHD
115,Target,Yes,645,None,ADHD
116,Non-Target,No,0,None,ADHD
117,Non-Target,No,0,None,ADHD
118,Target,No,0,Omission,ADHD
119,Non-Target,No,0,None,ADHD
120,Non-Target,No,0,None,ADHD
121,Non-Target,No,0,None,ADHD
122,Non-Target,No,0,None,ADHD
123,Target,No,0,Omission,ADHD
124,Non-Target,No,0,None,ADHD
125,Non-Target,No,0,None,ADHD
126,Non-Target,No,0,None,ADHD
127,Target,Yes,689,None,ADHD
128,Non-Target,Yes,716,Commission,ADHD
129,Non-Target,No,0,None,ADHD
130,Non-Target,Yes,940,Commission,ADHD
131,Target,Yes,669,None,ADHD
132,Non-Target,No,0,None,ADHD
133,Non-Target,Yes,866,Commission,ADHD
134,Target,Yes,711,None,ADHD
135,Non-Target,Yes,677,Commission,ADHD
136,Target,No,0,Omission,ADHD
137,Non-Target,Yes,820,Commission,ADHD
138,Non-Target,No,0,None,ADHD
139,Non-Target,No,0,None,ADHD
140,Target,Yes,1026,None,ADHD
141,Non-Target,No,0,None,ADHD
142,Non-Target,No,0,None,ADHD
143,Non-Target,No,0,None,ADHD
144,Target,No,0,Omission,ADHD
145,Non-Target,No,0,None,ADHD
146,Target,Yes,877,None,ADHD
147,Target,Yes,736,None,ADHD
148,Non-Target,No,0,None,ADHD
149,Target,Yes,716,None,ADHD
150,Non-Target,No,0,None,ADHD
151,Non-Target,No,0,None,ADHD
152,Non-Target,Yes,729,Commission,ADHD
153,Target,No,0,Omission,ADHD
154,Non-Target,No,0,None,ADHD
155,Non-Target,No,0,None,ADHD
156,Target,No,0,Omission,ADHD
157,Non-Target,No,0,None,ADHD
158,Non-Target,No,0,None,ADHD
159,Non-Target,No,0,None,ADHD
160,Target,No,0,Omission,ADHD
161,Non-Target,No,0,None,ADHD
162,Target,Yes,748,None,ADHD
163,Non-Target,No,0,None,ADHD
164,Non-Target,No,0,None,ADHD
165,Target,No,0,Omission,ADHD
166,Non-Target,No,0,None,ADHD
167,Target,Yes,732,None,ADHD
168,Non-Target,Yes,871,Commission,ADHD
169,Non-Target,No,0,None,ADHD
170,Non-Target,No,0,None,ADHD
171,Non-Target,No,0,None,ADHD
172,Target,Yes,818,None,ADHD
173,Non-Target,No,0,None,ADHD
174,Non-Target,Yes,762,Commission,ADHD
175,Non-Target,Yes,637,Commission,ADHD
176,Target,Yes,843,None,ADHD
177,Non-Target,No,0,None,ADHD
178,Non-Target,No,0,None,ADHD
179,Non-Target,No,0,None,ADHD
180,Non-Target,No,0,None,ADHD
181,Non-Target,No,0,None,ADHD
182,Non-Target,No,0,None,ADHD
183,Target,Yes,708,None,ADHD
184,Non-Target,No,0,None,ADHD
185,Non-Target,Yes,698,Commission,ADHD
186,Non-Target,No,0,None,ADHD
187,Non-Target,No,0,None,ADHD
188,Non-Target,No,0,None,ADHD
189,Non-Target,No,0,None,ADHD
190,Non-Target,No,0,None,ADHD
191,Target,Yes,924,None,ADHD
192,Target,No,0,Omission,ADHD
193,Non-Target,No,0,None,ADHD
194,Target,Yes,915,None,ADHD
195,Non-Target,No,0,None,ADHD
196,Target,No,0,Omission,ADHD
197,Target,No,0,Omission,ADHD
198,Non-Target,No,0,None,ADHD
199,Non-Target,No,0,None,ADHD
200,Non-Target,Yes,827,Commission,ADHD
201,Non-Target,No,0,None,ADHD
202,Non-Target,Yes,862,Commission,ADHD
203,Non-Target,No,0,None,ADHD
204,Target,Yes,685,None,ADHD
205,Non-Target,Yes,723,Commission,ADHD
206,Target,Yes,662,None,ADHD
207,Non-Target,No,0,None,ADHD
208,Non-Target,No,0,None,ADHD
209,Target,Yes,574,None,ADHD
210,Target,Yes,836,None,ADHD
211,Non-Target,No,0,None,ADHD
212,Non-Target,No,0,None,ADHD
213,Non-Target,No,0,None,ADHD
214,Target,Yes,937,None,ADHD
215,Target,Yes,759,None,ADHD
216,Target,Yes,821,None,ADHD
217,Non-Target,No,0,None,ADHD
218,Target,Yes,707,None,ADHD
219,Non-Target,No,0,None,ADHD
220,Non-Target,No,0,None,ADHD
221,Non-Target,No,0,None,ADHD
222,Non-Target,Yes,879,Commission,ADHD
223,Non-Target,No,0,None,ADHD
224,Non-Target,No,0,None,ADHD
225,Target,No,0,Omission,ADHD
226,Non-Target,No,0,None,ADHD
227,Non-Target,Yes,801,Commission,ADHD
228,Non-Target,No,0,None,ADHD
229,Non-Target,Yes,865,Commission,ADHD
230,Non-Target,No,0,None,ADHD
231,Target,Yes,596,None,ADHD
232,Non-Target,No,0,None,ADHD
233,Non-Target,No,0,None,ADHD
234,Target,No,0,Omission,ADHD
235,Non-Target,No,0,None,ADHD
236,Non-Target,Yes,903,Commission,ADHD
237,Non-Target,No,0,None,ADHD
238,Non-Target,No,0,None,ADHD
239,Target,Yes,803,None,ADHD
240,Non-Target,No,0,None,ADHD
241,Non-Target,Yes,779,Commission,ADHD
242,Non-Target,No,0,None,ADHD
243,Non-Target,No,0,None,ADHD
244,Non-Target,Yes,784,Commission,ADHD
245,Target,Yes,842,None,ADHD
246,Target,Yes,939,None,ADHD
247,Non-Target,No,0,None,ADHD
248,Target,Yes,915,None,ADHD
249,Non-Target,Yes,634,Commission,ADHD
250,Non-Target,No,0,None,ADHD
251,Non-Target,No,0,None,ADHD
252,Non-Target,No,0,None,ADHD
253,Target,Yes,763,None,ADHD
254,Target,Yes,697,None,ADHD
255,Non-Target,No,0,None,ADHD
256,Target,Yes,716,None,ADHD
257,Target,No,0,Omission,ADHD
258,Non-Target,No,0,None,ADHD
259,Non-Target,Yes,820,Commission,ADHD
260,Target,Yes,833,None,ADHD
261,Non-Target,No,0,None,ADHD
262,Non-Target,No,0,None,ADHD
263,Target,Yes,762,None,ADHD
264,Non-Target,No,0,None,ADHD
265,Target,Yes,739,None,ADHD
266,Non-Target,No,0,None,ADHD
267,Non-Target,No,0,None,ADHD
268,Non-Target,No,0,None,ADHD
269,Non-Target,No,0,None,ADHD
270,Target,Yes,895,None,ADHD
271,Target,Yes,713,None,ADHD
272,Non-Target,No,0,None,ADHD
273,Non-Target,No,0,None,ADHD
274,Non-Target,No,0,None,ADHD
275,Target,Yes,894,None,ADHD
276,Non-Target,Yes,803,Commission,ADHD
277,Target,Yes,776,None,ADHD
278,Non-Target,No,0,None,ADHD
279,Non-Target,Yes,767,Commission,ADHD
280,Target,Yes,881,None,ADHD
281,Target,No,0,Omission,ADHD
282,Non-Target,Yes,880,Commission,ADHD
283,Non-Target,No,0,None,ADHD
284,Non-Target,No,0,None,ADHD
285,Non-Target,No,0,None,ADHD
286,Target,Yes,731,None,ADHD
287,Target,Yes,827,None,ADHD
288,Target,Yes,677,None,ADHD
289,Non-Target,No,0,None,ADHD
290,Non-Target,No,0,None,ADHD
291,Target,Yes,713,None,ADHD
292,Non-Target,No,0,None,ADHD
293,Non-Target,Yes,715,Commission,ADHD
294,Target,Yes,675,None,ADHD
295,Target,No,0,Omission,ADHD
296,Non-Target,Yes,715,Commission,ADHD
297,Target,No,0,Omission,ADHD
298,Non-Target,No,0,None,ADHD
299,Non-Target,No,0,None,ADHD
300,Non-Target,No,0,None,ADHD
301,Non-Target,Yes,784,Commission,ADHD
302,Non-Target,Yes,719,Commission,ADHD
303,Target,Yes,817,None,ADHD
304,Non-Target,No,0,None,ADHD
305,Non-Target,No,0,None,ADHD
306,Non-Target,No,0,None,ADHD
307,Target,No,0,Omission,ADHD
308,Target,No,0,Omission,ADHD
309,Target,Yes,950,None,ADHD
310,Non-Target,No,0,None,ADHD
311,Non-Target,No,0,None,ADHD
312,Target,Yes,789,None,ADHD
313,Target,Yes,613,None,ADHD
314,Non-Target,Yes,633,Commission,ADHD
315,Non-Target,No,0,None,ADHD
316,Non-Target,Yes,876,Commission,ADHD
317,Non-Target,No,0,None,ADHD
318,Non-Target,No,0,None,ADHD
319,Non-Target,No,0,None,ADHD
320,Non-Target,Yes,735,Commission,ADHD
321,Target,Yes,886,None,ADHD
322,Target,Yes,732,None,ADHD
323,Target,Yes,871,None,ADHD
324,Non-Target,No,0,None,ADHD
325,Non-Target,No,0,None,ADHD
326,Target,Yes,908,None,ADHD
327,Non-Target,No,0,None,ADHD
328,Non-Target,No,0,None,ADHD
329,Non-Target,No,0,None,ADHD
330,Non-Target,No,0,None,ADHD
331,Non-Target,No,0,None,ADHD
332,Target,No,0,Omission,ADHD
333,Target,Yes,710,None,ADHD
334,Non-Target,No,0,None,ADHD
335,Non-Target,No,0,None,ADHD
336,Non-Target,No,0,None,ADHD
337,Target,Yes,685,None,ADHD
338,Non-Target,No,0,None,ADHD
339,Non-Target,Yes,772,Commission,ADHD
340,Non-Target,No,0,None,ADHD
341,Non-Target,No,0,None,ADHD
342,Target,Yes,745,None,ADHD
343,Target,Yes,892,None,ADHD
344,Non-Target,No,0,None,ADHD
345,Target,Yes,784,None,ADHD
346,Non-Target,Yes,737,Commission,ADHD
347,Target,Yes,893,None,ADHD
348,Target,No,0,Omission,ADHD
349,Non-Target,No,0,None,ADHD
350,Non-Target,No,0,None,ADHD
351,Target,Yes,586,None,ADHD
352,Non-Target,No,0,None,ADHD
353,Target,Yes,580,None,ADHD
354,Non-Target,No,0,None,ADHD
355,Non-Target,No,0,None,ADHD
356,Non-Target,Yes,786,Commission,ADHD
357,Target,Yes,738,None,ADHD
358,Target,Yes,928,None,ADHD
359,Non-Target,No,0,None,ADHD
360,Non-Target,No,0,None,ADHD
361,Target,No,0,Omission,ADHD
362,Non-Target,No,0,None,ADHD
363,Target,Yes,862,None,ADHD
364,Target,Yes,758,None,ADHD
365,Non-Target,Yes,726,Commission,ADHD
366,Non-Target,Yes,775,Commission,ADHD
367,Non-Target,No,0,None,ADHD
368,Non-Target,No,0,None,ADHD
369,Target,Yes,669,None,ADHD
370,Non-Target,No,0,None,ADHD
371,Non-Target,No,0,None,ADHD
372,Non-Target,No,0,None,ADHD
373,Non-Target,No,0,None,ADHD
374,Target,Yes,721,None,ADHD
375,Non-Target,No,0,None,ADHD
376,Non-Target,No,0,None,ADHD
377,Target,No,0,Omission,ADHD
378,Target,Yes,887,None,ADHD
379,Non-Target,No,0,None,ADHD
380,Non-Target,Yes,895,Commission,ADHD
381,Non-Target,No,0,None,ADHD
382,Non-Target,No,0,None,ADHD
383,Non-Target,Yes,648,Commission,ADHD
384,Non-Target,Yes,816,Commission,ADHD
385,Non-Target,No,0,None,ADHD
386,Non-Target,No,0,None,ADHD
387,Non-Target,No,0,None,ADHD
388,Target,Yes,802,None,ADHD
389,Non-Target,No,0,None,ADHD
390,Non-Target,No,0,None,ADHD
391,Target,Yes,708,None,ADHD
392,Non-Target,No,0,None,ADHD
393,Non-Target,No,0,None,ADHD
394,Target,No,0,Omission,ADHD
395,Target,Yes,501,None,ADHD
396,Target,Yes,611,None,ADHD
397,Non-Target,No,0,None,ADHD
398,Non-Target,No,0,None,ADHD
399,Non-Target,No,0,None,ADHD
400,Non-Target,No,0,None,ADHD
401,Target,Yes,768,None,ADHD
402,Target,Yes,837,None,ADHD
403,Non-Target,No,0,None,ADHD
404,Non-Target,No,0,None,ADHD
405,Non-Target,No,0,None,ADHD
406,Non-Target,No,0,None,ADHD
407,Non-Target,No,0,None,ADHD
408,Target,Yes,777,None,ADHD
409,Target,Yes,810,None,ADHD
410,Non-Target,No,0,None,ADHD
411,Non-Target,No,0,None,ADHD
412,Non-Target,No,0,None,ADHD
413,Target,No,0,Omission,ADHD
414,Target,Yes,814,None,ADHD
415,Non-Target,No,0,None,ADHD
416,Non-Target,No,0,None,ADHD
417,Non-Target,No,0,None,ADHD
418,Target,No,0,Omission,ADHD
419,Non-Target,No,0,None,ADHD
420,Target,Yes,771,None,ADHD
421,Target,Yes,1015,None,ADHD
422,Non-Target,No,0,None,ADHD
423,Non-Target,No,0,None,ADHD
424,Non-Target,No,0,None,ADHD
425,Non-Target,Yes,921,Commission,ADHD
426,Non-Target,No,0,None,ADHD
427,Non-Target,Yes,666,Commission,ADHD
428,Non-Target,No,0,None,ADHD
429,Target,Yes,772,None,ADHD
430,Target,Yes,576,None,ADHD
431,Non-Target,No,0,None,ADHD
432,Non-Target,No,0,None,ADHD
433,Non-Target,No,0,None,ADHD
434,Target,Yes,750,None,ADHD
435,Non-Target,Yes,840,Commission,ADHD
436,Non-Target,No,0,None,ADHD
437,Non-Target,No,0,None,ADHD
438,Non-Target,No,0,None,ADHD
439,Target,Yes,691,None,ADHD
440,Non-Target,Yes,668,Commission,ADHD
441,Non-Target,No,0,None,ADHD
442,Non-Target,Yes,762,Commission,ADHD
443,Target,Yes,737,None,ADHD
444,Non-Target,Yes,639,Commission,ADHD
445,Target,Yes,632,None,ADHD
446,Non-Target,No,0,None,ADHD
447,Non-Target,No,0,None,ADHD
448,Non-Target,No,0,None,ADHD
449,Non-Target,No,0,None,ADHD
450,Non-Target,No,0,None,ADHD
451,Target,Yes,830,None,ADHD
452,Non-Target,Yes,753,Commission,ADHD
453,Non-Target,No,0,None,ADHD
454,Target,Yes,796,None,ADHD
455,Non-Target,No,0,None,ADHD
456,Non-Target,No,0,None,ADHD
457,Non-Target,No,0,None,ADHD
458,Non-Target,No,0,None,ADHD
459,Non-Target,No,0,None,ADHD
460,Non-Target,No,0,None,ADHD
461,Target,Yes,751,None,ADHD
462,Non-Target,Yes,870,Commission,ADHD
463,Target,No,0,Omission,ADHD
464,Target,No,0,Omission,ADHD
465,Target,No,0,Omission,ADHD
466,Target,Yes,712,None,ADHD
467,Target,Yes,814,None,ADHD
468,Target,Yes,766,None,ADHD
469,Non-Target,No,0,None,ADHD
470,Target,Yes,551,None,ADHD
471,Non-Target,No,0,None,ADHD
472,Non-Target,Yes,843,Commission,ADHD
473,Non-Target,No,0,None,ADHD
474,Non-Target,Yes,740,Commission,ADHD
475,Non-Target,Yes,875,Commission,ADHD
476,Target,Yes,807,None,ADHD
477,Target,Yes,669,None,ADHD
478,Target,No,0,Omission,ADHD
479,Non-Target,No,0,None,ADHD
480,Non-Target,No,0,None,ADHD
481,Non-Target,No,0,None,ADHD
482,Target,Yes,741,None,ADHD
483,Non-Target,No,0,None,ADHD
484,Non-Target,No,0,None,ADHD
485,Target,Yes,654,None,ADHD
486,Non-Target,No,0,None,ADHD
487,Target,No,0,Omission,ADHD
488,Non-Target,No,0,None,ADHD
489,Non-Target,No,0,None,ADHD
490,Non-Target,No,0,None,ADHD
491,Non-Target,No,0,None,ADHD
492,Non-Target,No,0,None,ADHD
493,Non-Target,No,0,None,ADHD
494,Non-Target,No,0,None,ADHD
495,Non-Target,No,0,None,ADHD
496,Non-Target,No,0,None,ADHD
497,Non-Target,No,0,None,ADHD
498,Target,Yes,777,None,ADHD
499,Non-Target,No,0,None,ADHD
500,Non-Target,No,0,None,ADHD
501,Target,No,0,Omission,ADHD
502,Target,Yes,810,None,ADHD
503,Non-Target,No,0,None,ADHD
504,Non-Target,No,0,None,ADHD
505,Target,Yes,616,None,ADHD
506,Non-Target,Yes,870,Commission,ADHD
507,Non-Target,No,0,None,ADHD
508,Target,No,0,Omission,ADHD
509,Non-Target,Yes,871,Commission,ADHD
510,Non-Target,No,0,None,ADHD
511,Non-Target,No,0,None,ADHD
512,Non-Target,No,0,None,ADHD
513,Non-Target,No,0,None,ADHD
514,Non-Target,No,0,None,ADHD
515,Non-Target,No,0,None,ADHD
516,Non-Target,No,0,None,ADHD
517,Non-Target,No,0,None,ADHD
518,Non-Target,Yes,680,Commission,ADHD
519,Target,No,0,Omission,ADHD
520,Non-Target,No,0,None,ADHD
521,Non-Target,No,0,None,ADHD
522,Non-Target,No,0,None,ADHD
523,Non-Target,No,0,None,ADHD
524,Target,Yes,487,None,ADHD
525,Non-Target,No,0,None,ADHD
526,Target,Yes,613,None,ADHD
527,Non-Target,No,0,None,ADHD
528,Non-Target,No,0,None,ADHD
529,Non-Target,No,0,None,ADHD
530,Non-Target,Yes,752,Commission,ADHD
531,Non-Target,No,0,None,ADHD
532,Non-Target,No,0,None,ADHD
533,Non-Target,No,0,None,ADHD
534,Target,Yes,739,None,ADHD
535,Non-Target,Yes,608,Commission,ADHD
536,Non-Target,No,0,None,ADHD
537,Non-Target,No,0,None,ADHD
538,Non-Target,No,0,None,ADHD
539,Non-Target,No,0,None,ADHD
540,Non-Target,No,0,None,ADHD
541,Non-Target,Yes,763,Commission,ADHD
542,Target,No,0,Omission,ADHD
543,Target,No,0,Omission,ADHD
544,Target,Yes,822,None,ADHD
545,Non-Target,No,0,None,ADHD
546,Non-Target,No,0,None,ADHD
547,Target,Yes,779,None,ADHD
548,Non-Target,Yes,588,Commission,ADHD
549,Non-Target,No,0,None,ADHD
550,Non-Target,No,0,None,ADHD
551,Target,Yes,691,None,ADHD
552,Non-Target,No,0,None,ADHD
553,Non-Target,Yes,665,Commission,ADHD
554,Non-Target,Yes,935,Commission,ADHD
555,Non-Target,No,0,None,ADHD
556,Non-Target,No,0,None,ADHD
557,Target,No,0,Omission,ADHD
558,Target,Yes,753,None,ADHD
559,Target,No,0,Omission,ADHD
560,Target,Yes,729,None,ADHD
561,Non-Target,No,0,None,ADHD
562,Non-Target,Yes,731,Commission,ADHD
563,Target,Yes,787,None,ADHD
564,Non-Target,No,0,None,ADHD
565,Non-Target,No,0,None,ADHD
566,Non-Target,No,0,None,ADHD
567,Target,Yes,660,None,ADHD
568,Non-Target,No,0,None,ADHD
569,Target,No,0,Omission,ADHD
570,Non-Target,Yes,837,Commission,ADHD
571,Target,Yes,685,None,ADHD
572,Non-Target,No,0,None,ADHD
573,Non-Target,No,0,None,ADHD
574,Target,Yes,735,None,ADHD
575,Non-Target,Yes,919,Commission,ADHD
576,Non-Target,No,0,None,ADHD
577,Target,Yes,776,None,ADHD
578,Non-Target,No,0,None,ADHD
579,Non-Target,Yes,657,Commission,ADHD
580,Target,Yes,721,None,ADHD
581,Non-Target,No,0,None,ADHD
582,Target,Yes,785,None,ADHD
583,Non-Target,No,0,None,ADHD
584,Non-Target,No,0,None,ADHD
585,Non-Target,Yes,692,Commission,ADHD
586,Non-Target,Yes,782,Commission,ADHD
587,Non-Target,No,0,None,ADHD
588,Non-Target,Yes,840,Commission,ADHD
589,Non-Target,No,0,None,ADHD
590,Target,Yes,796,None,ADHD
591,Non-Target,Yes,822,Commission,ADHD
592,Non-Target,No,0,None,ADHD
593,Target,Yes,804,None,ADHD
594,Non-Target,No,0,None,ADHD
595,Target,Yes,747,None,ADHD
596,Non-Target,No,0,None,ADHD
597,Non-Target,No,0,None,ADHD
598,Non-Target,No,0,None,ADHD
599,Non-Target,No,0,None,ADHD
600,Non-Target,No,0,None,ADHD
601,Non-Target,No,0,None,ADHD
602,Non-Target,No,0,None,ADHD
603,Target,Yes,621,None,ADHD
604,Target,No,0,Omission,ADHD
605,Non-Target,Yes,724,Commission,ADHD
606,Non-Target,No,0,None,ADHD
607,Non-Target,Yes,833,Commission,ADHD
608,Non-Target,Yes,696,Commission,ADHD
609,Target,No,0,Omission,ADHD
610,Non-Target,No,0,None,ADHD
611,Non-Target,No,0,None,ADHD
612,Non-Target,No,0,None,ADHD
613,Target,No,0,Omission,ADHD
614,Non-Target,No,0,None,ADHD
615,Non-Target,Yes,636,Commission,ADHD
616,Non-Target,No,0,None,ADHD
617,Target,Yes,903,None,ADHD
618,Non-Target,No,0,None,ADHD
619,Target,Yes,742,None,ADHD
620,Non-Target,No,0,None,ADHD
621,Non-Target,No,0,None,ADHD
622,Target,Yes,755,None,ADHD
623,Target,Yes,643,None,ADHD
624,Target,Yes,888,None,ADHD
625,Non-Target,No,0,None,ADHD
626,Non-Target,No,0,None,ADHD
627,Target,Yes,593,None,ADHD
628,Non-Target,Yes,950,Commission,ADHD
629,Non-Target,No,0,None,ADHD
630,Target,Yes,739,None,ADHD
631,Non-Target,No,0,None,ADHD
632,Non-Target,No,0,None,ADHD
633,Non-Target,Yes,545,Commission,ADHD
634,Non-Target,No,0,None,ADHD
635,Non-Target,No,0,None,ADHD
636,Non-Target,No,0,None,ADHD
637,Non-Target,No,0,None,ADHD
638,Non-Target,Yes,792,Commission,ADHD
639,Non-Target,Yes,881,Commission,ADHD
640,Non-Target,No,0,None,ADHD
641,Non-Target,No,0,None,ADHD
642,Target,Yes,724,None,ADHD
643,Non-Target,No,0,None,ADHD
644,Non-Target,No,0,None,ADHD
645,Non-Target,No,0,None,ADHD
646,Target,Yes,924,None,ADHD
647,Non-Target,No,0,None,ADHD
648,Non-Target,No,0,None,ADHD
649,Non-Target,No,0,None,ADHD
650,Non-Target,No,0,None,ADHD
651,Target,Yes,567,None,ADHD
652,Non-Target,Yes,649,Commission,ADHD
653,Non-Target,No,0,None,ADHD
654,Non-Target,No,0,None,ADHD
655,Non-Target,No,0,None,ADHD
656,Target,No,0,Omission,ADHD
657,Target,Yes,577,None,ADHD
658,Non-Target,No,0,None,ADHD
659,Target,Yes,918,None,ADHD
660,Non-Target,Yes,897,Commission,ADHD
661,Target,Yes,774,None,ADHD
662,Non-Target,No,0,None,ADHD
663,Non-Target,No,0,None,ADHD
664,Non-Target,Yes,904,Commission,ADHD
665,Non-Target,No,0,None,ADHD
666,Non-Target,No,0,None,ADHD
667,Non-Target,No,0,None,ADHD
668,Target,Yes,834,None,ADHD
669,Non-Target,No,0,None,ADHD
670,Target,Yes,897,None,ADHD
671,Non-Target,No,0,None,ADHD
672,Non-Target,No,0,None,ADHD
673,Target,No,0,Omission,ADHD
674,Target,Yes,692,None,ADHD
675,Non-Target,No,0,None,ADHD
676,Non-Target,No,0,None,ADHD
677,Non-Target,No,0,None,ADHD
678,Non-Target,No,0,None,ADHD
679,Non-Target,No,0,None,ADHD
680,Target,Yes,937,None,ADHD
681,Target,Yes,630,None,ADHD
682,Non-Target,No,0,None,ADHD
683,Non-Target,Yes,610,Commission,ADHD
684,Target,No,0,Omission,ADHD
685,Non-Target,Yes,868,Commission,ADHD
686,Non-Target,No,0,None,ADHD
687,Non-Target,No,0,None,ADHD
688,Target,Yes,795,None,ADHD
689,Target,Yes,538,None,ADHD
690,Non-Target,Yes,736,Commission,ADHD
691,Non-Target,No,0,None,ADHD
692,Non-Target,No,0,None,ADHD
693,Non-Target,Yes,715,Commission,ADHD
694,Non-Target,No,0,None,ADHD
695,Target,Yes,765,None,ADHD
696,Non-Target,No,0,None,ADHD
697,Non-Target,No,0,None,ADHD
698,Non-Target,No,0,None,ADHD
699,Non-Target,No,0,None,ADHD
700,Non-Target,Yes,942,Commission,ADHD
701,Non-Target,No,0,None,ADHD
702,Target,Yes,831,None,ADHD
703,Target,No,0,Omission,ADHD
704,Non-Target,No,0,None,ADHD
705,Non-Target,No,0,None,ADHD
706,Target,No,0,Omission,ADHD
707,Non-Target,No,0,None,ADHD
708,Target,No,0,Omission,ADHD
709,Non-Target,No,0,None,ADHD
710,Target,Yes,702,None,ADHD
711,Target,No,0,Omission,ADHD
712,Target,Yes,798,None,ADHD
713,Target,Yes,972,None,ADHD
714,Target,Yes,744,None,ADHD
715,Non-Target,No,0,None,ADHD
716,Non-Target,No,0,None,ADHD
717,Target,Yes,719,None,ADHD
718,Non-Target,No,0,None,ADHD
719,Non-Target,No,0,None,ADHD
720,Non-Target,No,0,None,ADHD
721,Non-Target,Yes,722,Commission,ADHD
722,Target,No,0,Omission,ADHD
723,Target,No,0,Omission,ADHD
724,Non-Target,Yes,1134,Commission,ADHD
725,Non-Target,No,0,None,ADHD
726,Non-Target,No,0,None,ADHD
727,Non-Target,Yes,927,Commission,ADHD
728,Target,Yes,935,None,ADHD
729,Non-Target,No,0,None,ADHD
730,Non-Target,No,0,None,ADHD
731,Non-Target,No,0,None,ADHD
732,Target,Yes,855,None,ADHD
733,Target,No,0,Omission,ADHD
734,Non-Target,No,0,None,ADHD
735,Target,No,0,Omission,ADHD
736,Target,Yes,957,None,ADHD
737,Non-Target,No,0,None,ADHD
738,Non-Target,No,0,None,ADHD
739,Non-Target,Yes,684,Commission,ADHD
740,Non-Target,No,0,None,ADHD
741,Non-Target,Yes,744,Commission,ADHD
742,Non-Target,No,0,None,ADHD
743,Target,Yes,748,None,ADHD
744,Target,Yes,764,None,ADHD
745,Non-Target,No,0,None,ADHD
746,Target,Yes,801,None,ADHD
747,Non-Target,No,0,None,ADHD
748,Target,Yes,548,None,ADHD
749,Non-Target,No,0,None,ADHD
750,Non-Target,No,0,None,ADHD
751,Non-Target,No,0,None,ADHD
752,Non-Target,No,0,None,ADHD
753,Non-Target,No,0,None,ADHD
754,Non-Target,Yes,877,Commission,ADHD
755,Non-Target,Yes,713,Commission,ADHD
756,Target,Yes,697,None,ADHD
757,Non-Target,No,0,None,ADHD
758,Non-Target,No,0,None,ADHD
759,Target,Yes,692,None,ADHD
760,Non-Target,No,0,None,ADHD
761,Target,No,0,Omission,ADHD
762,Non-Target,No,0,None,ADHD
763,Target,No,0,Omission,ADHD
764,Non-Target,No,0,None,ADHD
765,Target,Yes,909,None,ADHD
766,Non-Target,No,0,None,ADHD
767,Non-Target,No,0,None,ADHD
768,Non-Target,Yes,880,Commission,ADHD
769,Target,Yes,958,None,ADHD
770,Non-Target,No,0,None,ADHD
771,Target,Yes,712,None,ADHD
772,Non-Target,No,0,None,ADHD
773,Non-Target,No,0,None,ADHD
774,Non-Target,No,0,None,ADHD
775,Non-Target,No,0,None,ADHD
776,Target,No,0,Omission,ADHD
777,Non-Target,Yes,907,Commission,ADHD
778,Non-Target,No,0,None,ADHD
779,Non-Target,No,0,None,ADHD
780,Non-Target,No,0,None,ADHD
781,Target,Yes,647,None,ADHD
782,Target,Yes,712,None,ADHD
783,Non-Target,No,0,None,ADHD
784,Non-Target,Yes,604,Commission,ADHD
785,Non-Target,Yes,891,Commission,ADHD
786,Target,Yes,942,None,ADHD
787,Target,Yes,907,None,ADHD
788,Non-Target,No,0,None,ADHD
789,Target,Yes,721,None,ADHD
790,Target,Yes,827,None,ADHD
791,Non-Target,No,0,None,ADHD
792,Non-Target,No,0,None,ADHD
793,Non-Target,No,0,None,ADHD
794,Non-Target,Yes,999,Commission,ADHD
795,Target,Yes,616,None,ADHD
796,Target,Yes,786,None,ADHD
797,Non-Target,No,0,None,ADHD
798,Target,No,0,Omission,ADHD
799,Non-Target,No,0,None,ADHD
800,Non-Target,No,0,None,ADHD
801,Non-Target,No,0,None,ADHD
802,Target,No,0,Omission,ADHD
803,Target,Yes,690,None,ADHD
804,Target,Yes,667,None,ADHD
805,Target,Yes,846,None,ADHD
806,Non-Target,No,0,None,ADHD
807,Non-Target,No,0,None,ADHD
808,Non-Target,No,0,None,ADHD
809,Non-Target,Yes,666,Commission,ADHD
810,Target,Yes,809,None,ADHD
811,Target,Yes,601,None,ADHD
812,Target,Yes,773,None,ADHD
813,Target,Yes,687,None,ADHD
814,Non-Target,No,0,None,ADHD
815,Non-Target,No,0,None,ADHD
816,Non-Target,No,0,None,ADHD
817,Non-Target,Yes,803,Commission,ADHD
818,Non-Target,No,0,None,ADHD
819,Target,Yes,703,None,ADHD
820,Non-Target,No,0,None,ADHD
821,Non-Target,No,0,None,ADHD
822,Non-Target,No,0,None,ADHD
823,Target,Yes,761,None,ADHD
824,Non-Target,No,0,None,ADHD
825,Non-Target,No,0,None,ADHD
826,Target,No,0,Omission,ADHD
827,Non-Target,No,0,None,ADHD
828,Target,No,0,Omission,ADHD
829,Non-Target,No,0,None,ADHD
830,Non-Target,No,0,None,ADHD
831,Non-Target,No,0,None,ADHD
832,Target,No,0,Omission,ADHD
833,Non-Target,No,0,None,ADHD
834,Non-Target,No,0,None,ADHD
835,Non-Target,No,0,None,ADHD
836,Target,Yes,697,None,ADHD
837,Non-Target,No,0,None,ADHD
838,Non-Target,Yes,726,Commission,ADHD
839,Non-Target,Yes,1002,Commission,ADHD
840,Target,No,0,Omission,ADHD
841,Non-Target,No,0,None,ADHD
842,Non-Target,No,0,None,ADHD
843,Target,Yes,845,None,ADHD
844,Non-Target,No,0,None,ADHD
845,Target,No,0,Omission,ADHD
846,Non-Target,No,0,None,ADHD
847,Non-Target,No,0,None,ADHD
848,Non-Target,No,0,None,ADHD
849,Non-Target,No,0,None,ADHD
850,Non-Target,No,0,None,ADHD
851,Target,Yes,856,None,ADHD
852,Non-Target,No,0,None,ADHD
853,Target,Yes,693,None,ADHD
854,Non-Target,No,0,None,ADHD
855,Non-Target,No,0,None,ADHD
856,Non-Target,No,0,None,ADHD
857,Non-Target,Yes,778,Commission,ADHD
858,Non-Target,No,0,None,ADHD
859,Target,Yes,939,None,ADHD
860,Non-Target,No,0,None,ADHD
861,Target,Yes,963,None,ADHD
862,Target,Yes,828,None,ADHD
863,Non-Target,Yes,605,Commission,ADHD
864,Non-Target,No,0,None,ADHD
865,Non-Target,Yes,667,Commission,ADHD
866,Target,Yes,874,None,ADHD
867,Non-Target,No,0,None,ADHD
868,Non-Target,No,0,None,ADHD
869,Non-Target,No,0,None,ADHD
870,Non-Target,No,0,None,ADHD
871,Non-Target,No,0,None,ADHD
872,Non-Target,No,0,None,ADHD
873,Non-Target,No,0,None,ADHD
874,Target,Yes,888,None,ADHD
875,Target,No,0,Omission,ADHD
876,Non-Target,No,0,None,ADHD
877,Non-Target,No,0,None,ADHD
878,Non-Target,No,0,None,ADHD
879,Target,No,0,Omission,ADHD
880,Non-Target,Yes,754,Commission,ADHD
881,Target,Yes,732,None,ADHD
882,Target,No,0,Omission,ADHD
883,Target,No,0,Omission,ADHD
884,Non-Target,No,0,None,ADHD
885,Non-Target,Yes,835,Commission,ADHD
886,Non-Target,No,0,None,ADHD
887,Non-Target,No,0,None,ADHD
888,Non-Target,No,0,None,ADHD
889,Target,Yes,808,None,ADHD
890,Target,No,0,Omission,ADHD
891,Target,Yes,1003,None,ADHD
892,Non-Target,No,0,None,ADHD
893,Non-Target,No,0,None,ADHD
894,Non-Target,No,0,None,ADHD
895,Target,No,0,Omission,ADHD
896,Non-Target,No,0,None,ADHD
897,Non-Target,No,0,None,ADHD
898,Non-Target,No,0,None,ADHD
899,Non-Target,No,0,None,ADHD
900,Non-Target,No,0,None,ADHD
901,Target,Yes,784,None,ADHD
902,Non-Target,No,0,None,ADHD
903,Target,Yes,731,None,ADHD
904,Target,Yes,698,None,ADHD
905,Non-Target,Yes,729,Commission,ADHD
906,Non-Target,No,0,None,ADHD
907,Non-Target,No,0,None,ADHD
908,Non-Target,No,0,None,ADHD
909,Non-Target,No,0,None,ADHD
910,Non-Target,Yes,840,Commission,ADHD
911,Target,No,0,Omission,ADHD
912,Non-Target,Yes,689,Commission,ADHD
913,Non-Target,Yes,829,Commission,ADHD
914,Target,Yes,753,None,ADHD
915,Non-Target,No,0,None,ADHD
916,Non-Target,No,0,None,ADHD
917,Non-Target,Yes,737,Commission,ADHD
918,Non-Target,No,0,None,ADHD
919,Target,No,0,Omission,ADHD
920,Non-Target,No,0,None,ADHD
921,Non-Target,No,0,None,ADHD
922,Non-Target,No,0,None,ADHD
923,Target,Yes,727,None,ADHD
924,Target,Yes,771,None,ADHD
925,Non-Target,No,0,None,ADHD
926,Non-Target,Yes,897,Commission,ADHD
927,Target,Yes,618,None,ADHD
928,Non-Target,No,0,None,ADHD
929,Non-Target,No,0,None,ADHD
930,Target,Yes,655,None,ADHD
931,Non-Target,No,0,None,ADHD
932,Non-Target,No,0,None,ADHD
933,Target,Yes,899,None,ADHD
934,Non-Target,Yes,590,Commission,ADHD
935,Non-Target,No,0,None,ADHD
936,Non-Target,No,0,None,ADHD
937,Non-Target,Yes,847,Commission,ADHD
938,Target,No,0,Omission,ADHD
939,Non-Target,No,0,None,ADHD
940,Target,Yes,622,None,ADHD
941,Target,No,0,Omission,ADHD
942,Non-Target,No,0,None,ADHD
943,Target,Yes,734,None,ADHD
944,Target,Yes,727,None,ADHD
945,Target,No,0,Omission,ADHD
946,Non-Target,No,0,None,ADHD
947,Non-Target,No,0,None,ADHD
948,Non-Target,No,0,None,ADHD
949,Target,No,0,Omission,ADHD
950,Non-Target,No,0,None,ADHD
951,Non-Target,Yes,776,Commission,ADHD
952,Non-Target,No,0,None,ADHD
953,Non-Target,No,0,None,ADHD
954,Non-Target,No,0,None,ADHD
955,Non-Target,No,0,None,ADHD
956,Non-Target,No,0,None,ADHD
957,Non-Target,No,0,None,ADHD
958,Target,Yes,742,None,ADHD
959,Non-Target,No,0,None,ADHD
960,Non-Target,No,0,None,ADHD
961,Non-Target,No,0,None,ADHD
962,Non-Target,No,0,None,ADHD
963,Target,Yes,745,None,ADHD
964,Non-Target,No,0,None,ADHD
965,Non-Target,No,0,None,ADHD
966,Non-Target,No,0,None,ADHD
967,Non-Target,No,0,None,ADHD
968,Non-Target,No,0,None,ADHD
969,Non-Target,No,0,None,ADHD
970,Non-Target,Yes,784,Commission,ADHD
971,Non-Target,No,0,None,ADHD
972,Non-Target,No,0,None,ADHD
973,Non-Target,No,0,None,ADHD
974,Non-Target,Yes,826,Commission,ADHD
975,Non-Target,No,0,None,ADHD
976,Non-Target,No,0,None,ADHD
977,Non-Target,No,0,None,ADHD
978,Target,No,0,Omission,ADHD
979,Non-Target,No,0,None,ADHD
980,Target,Yes,652,None,ADHD
981,Non-Target,No,0,None,ADHD
982,Non-Target,Yes,741,Commission,ADHD
983,Non-Target,Yes,635,Commission,ADHD
984,Non-Target,No,0,None,ADHD
985,Target,Yes,862,None,ADHD
986,Non-Target,No,0,None,ADHD
987,Non-Target,No,0,None,ADHD
988,Target,Yes,846,None,ADHD
989,Non-Target,No,0,None,ADHD
990,Target,Yes,828,None,ADHD
991,Non-Target,No,0,None,ADHD
992,Non-Target,No,0,None,ADHD
993,Non-Target,No,0,None,ADHD
994,Target,Yes,579,None,ADHD
995,Non-Target,Yes,653,Commission,ADHD
996,Non-Target,No,0,None,ADHD
997,Target,Yes,730,None,ADHD
998,Non-Target,No,0,None,ADHD
999,Target,No,0,Omission,ADHD
1000,Target,Yes,656,None,ADHD
1001,Non-Target,Yes,781,Commission,ADHD
1002,Target,No,0,Omission,ADHD
1003,Non-Target,No,0,None,ADHD
1004,Non-Target,No,0,None,ADHD
1005,Non-Target,No,0,None,ADHD
1006,Target,Yes,905,None,ADHD
1007,Non-Target,No,0,None,ADHD
1008,Non-Target,No,0,None,ADHD
1009,Non-Target,Yes,803,Commission,ADHD
1010,Non-Target,No,0,None,ADHD
1011,Non-Target,No,0,None,ADHD
1012,Non-Target,No,0,None,ADHD
1013,Non-Target,No,0,None,ADHD
1014,Non-Target,No,0,None,ADHD
1015,Target,No,0,Omission,ADHD
1016,Non-Target,No,0,None,ADHD
1017,Non-Target,No,0,None,ADHD
1018,Target,No,0,Omission,ADHD
1019,Non-Target,Yes,795,Commission,ADHD
1020,Target,No,0,Omission,ADHD
1021,Target,Yes,859,None,ADHD
1022,Non-Target,No,0,None,ADHD
1023,Target,Yes,792,None,ADHD
1024,Non-Target,Yes,648,Commission,ADHD
1025,Non-Target,Yes,662,Commission,ADHD
1026,Target,No,0,Omission,ADHD
1027,Non-Target,No,0,None,ADHD
1028,Non-Target,No,0,None,ADHD
1029,Target,No,0,Omission,ADHD
1030,Target,Yes,576,None,ADHD
1031,Non-Target,Yes,655,Commission,ADHD
1032,Non-Target,No,0,None,ADHD
1033,Non-Target,No,0,None,ADHD
1034,Target,Yes,612,None,ADHD
1035,Non-Target,No,0,None,ADHD
1036,Non-Target,No,0,None,ADHD
1037,Non-Target,No,0,None,ADHD
1038,Non-Target,No,0,None,ADHD
1039,Target,Yes,865,None,ADHD
1040,Non-Target,No,0,None,ADHD
1041,Non-Target,Yes,754,Commission,ADHD
1042,Non-Target,No,0,None,ADHD
1043,Non-Target,No,0,None,ADHD
1044,Non-Target,No,0,None,ADHD
1045,Non-Target,Yes,733,Commission,ADHD
1046,Target,Yes,686,None,ADHD
1047,Non-Target,No,0,None,ADHD
1048,Non-Target,No,0,None,ADHD
1049,Non-Target,No,0,None,ADHD
1050,Non-Target,Yes,684,Commission,ADHD
1051,Target,No,0,Omission,ADHD
1052,Non-Target,No,0,None,ADHD
1053,Target,Yes,813,None,ADHD
1054,Non-Target,No,0,None,ADHD
1055,Non-Target,No,0,None,ADHD
1056,Non-Target,No,0,None,ADHD
1057,Non-Target,No,0,None,ADHD
1058,Non-Target,No,0,None,ADHD
1059,Target,Yes,713,None,ADHD
1060,Non-Target,No,0,None,ADHD
1061,Non-Target,No,0,None,ADHD
1062,Target,Yes,713,None,ADHD
1063,Non-Target,Yes,850,Commission,ADHD
1064,Non-Target,No,0,None,ADHD
1065,Target,Yes,762,None,ADHD
1066,Non-Target,No,0,None,ADHD
1067,Non-Target,No,0,None,ADHD
1068,Non-Target,No,0,None,ADHD
1069,Non-Target,No,0,None,ADHD
1070,Non-Target,No,0,None,ADHD
1071,Target,Yes,851,None,ADHD
1072,Non-Target,No,0,None,ADHD
1073,Non-Target,No,0,None,ADHD
1074,Non-Target,No,0,None,ADHD
1075,Non-Target,No,0,None,ADHD
1076,Target,Yes,759,None,ADHD
1077,Non-Target,No,0,None,ADHD
1078,Target,Yes,801,None,ADHD
1079,Target,Yes,922,None,ADHD
1080,Target,Yes,542,None,ADHD
1081,Non-Target,No,0,None,ADHD
1082,Non-Target,No,0,None,ADHD
1083,Target,Yes,551,None,ADHD
1084,Non-Target,No,0,None,ADHD
1085,Non-Target,No,0,None,ADHD
1086,Non-Target,No,0,None,ADHD
1087,Target,No,0,Omission,ADHD
1088,Non-Target,No,0,None,ADHD
1089,Non-Target,No,0,None,ADHD
1090,Non-Target,No,0,None,ADHD
1091,Target,Yes,860,None,ADHD
1092,Non-Target,No,0,None,ADHD
1093,Non-Target,No,0,None,ADHD
1094,Target,No,0,Omission,ADHD
1095,Non-Target,Yes,909,Commission,ADHD
1096,Non-Target,Yes,713,Commission,ADHD
1097,Non-Target,No,0,None,ADHD
1098,Non-Target,No,0,None,ADHD
1099,Non-Target,No,0,None,ADHD
1100,Target,No,0,Omission,ADHD
1101,Target,No,0,Omission,ADHD
1102,Non-Target,No,0,None,ADHD
1103,Non-Target,Yes,790,Commission,ADHD
1104,Non-Target,No,0,None,ADHD
1105,Target,Yes,775,None,ADHD
1106,Non-Target,No,0,None,ADHD
1107,Non-Target,No,0,None,ADHD
1108,Target,Yes,687,None,ADHD
1109,Non-Target,No,0,None,ADHD
1110,Non-Target,No,0,None,ADHD
1111,Non-Target,No,0,None,ADHD
1112,Non-Target,No,0,None,ADHD
1113,Non-Target,No,0,None,ADHD
1114,Non-Target,No,0,None,ADHD
1115,Non-Target,Yes,771,Commission,ADHD
1116,Target,Yes,580,None,ADHD
1117,Non-Target,No,0,None,ADHD
1118,Non-Target,No,0,None,ADHD
1119,Target,Yes,737,None,ADHD
1120,Non-Target,No,0,None,ADHD
1121,Non-Target,No,0,None,ADHD
1122,Non-Target,No,0,None,ADHD
1123,Non-Target,No,0,None,ADHD
1124,Target,No,0,Omission,ADHD
1125,Non-Target,No,0,None,ADHD
1126,Non-Target,No,0,None,ADHD
1127,Target,Yes,759,None,ADHD
1128,Target,Yes,751,None,ADHD
1129,Target,No,0,Omission,ADHD
1130,Target,Yes,894,None,ADHD
1131,Non-Target,No,0,None,ADHD
1132,Non-Target,Yes,717,Commission,ADHD
1133,Non-Target,No,0,None,ADHD
1134,Non-Target,No,0,None,ADHD
1135,Target,No,0,Omission,ADHD
1136,Non-Target,No,0,None,ADHD
1137,Target,No,0,Omission,ADHD
1138,Non-Target,No,0,None,ADHD
1139,Non-Target,No,0,None,ADHD
1140,Target,Yes,871,None,ADHD
1141,Target,No,0,Omission,ADHD
1142,Non-Target,No,0,None,ADHD
1143,Non-Target,No,0,None,ADHD
1144,Target,Yes,853,None,ADHD
1145,Non-Target,No,0,None,ADHD
1146,Non-Target,No,0,None,ADHD
1147,Non-Target,Yes,645,Commission,ADHD
1148,Target,Yes,776,None,ADHD
1149,Target,Yes,815,None,ADHD
1150,Non-Target,No,0,None,ADHD
1151,Non-Target,No,0,None,ADHD
1152,Non-Target,Yes,759,Commission,ADHD
1153,Non-Target,No,0,None,ADHD
1154,Non-Target,No,0,None,ADHD
1155,Non-Target,No,0,None,ADHD
1156,Non-Target,No,0,None,ADHD
1157,Non-Target,No,0,None,ADHD
1158,Target,Yes,815,None,ADHD
1159,Non-Target,No,0,None,ADHD
1160,Non-Target,No,0,None,ADHD
1161,Non-Target,No,0,None,ADHD
1162,Non-Target,Yes,658,Commission,ADHD
1163,Non-Target,No,0,None,ADHD
1164,Non-Target,Yes,819,Commission,ADHD
1165,Non-Target,No,0,None,ADHD
1166,Target,No,0,Omission,ADHD
1167,Target,No,0,Omission,ADHD
1168,Non-Target,No,0,None,ADHD
1169,Non-Target,Yes,643,Commission,ADHD
1170,Non-Target,No,0,None,ADHD
1171,Non-Target,No,0,None,ADHD
1172,Non-Target,No,0,None,ADHD
1173,Non-Target,No,0,None,ADHD
1174,Non-Target,No,0,None,ADHD
1175,Target,No,0,Omission,ADHD
1176,Non-Target,No,0,None,ADHD
1177,Non-Target,No,0,None,ADHD
1178,Target,Yes,533,None,ADHD
1179,Non-Target,No,0,None,ADHD
1180,Non-Target,No,0,None,ADHD
1181,Non-Target,No,0,None,ADHD
1182,Target,No,0,Omission,ADHD
1183,Non-Target,Yes,690,Commission,ADHD
1184,Target,No,0,Omission,ADHD
1185,Non-Target,No,0,None,ADHD
1186,Target,Yes,718,None,ADHD
1187,Non-Target,No,0,None,ADHD
1188,Non-Target,No,0,None,ADHD
1189,Non-Target,Yes,893,Commission,ADHD
1190,Target,Yes,831,None,ADHD
1191,Non-Target,Yes,953,Commission,ADHD
1192,Non-Target,No,0,None,ADHD
1193,Non-Target,No,0,None,ADHD
1194,Non-Target,No,0,None,ADHD
1195,Non-Target,No,0,None,ADHD
1196,Non-Target,No,0,None,ADHD
1197,Target,Yes,774,None,ADHD
1198,Target,Yes,853,None,ADHD
1199,Non-Target,No,0,None,ADHD
1200,Non-Target,No,0,None,ADHD
