Trial,StimulusType,Reaction,ReactionTime(ms),ErrorType,Label
1,Non-Target,No,0,None,ADHD
2,Non-Target,No,0,None,ADHD
3,Non-Target,No,0,None,ADHD
4,Non-Target,No,0,None,ADHD
5,Target,Yes,747,None,ADHD
6,Non-Target,Yes,750,Commission,ADHD
7,Target,Yes,557,None,ADHD
8,Non-Target,No,0,None,ADHD
9,Non-Target,No,0,None,ADHD
10,Target,No,0,Omission,ADHD
11,Target,Yes,968,None,ADHD
12,Target,Yes,705,None,ADHD
13,Target,Yes,635,None,ADHD
14,Non-Target,No,0,None,ADHD
15,Non-Target,No,0,None,ADHD
16,Target,Yes,707,None,ADHD
17,Non-Target,No,0,None,ADHD
18,Target,Yes,799,None,ADHD
19,Target,Yes,858,None,ADHD
20,Non-Target,No,0,None,ADHD
21,Non-Target,No,0,None,ADHD
22,Target,Yes,768,None,ADHD
23,Non-Target,No,0,None,ADHD
24,Non-Target,No,0,None,ADHD
25,Target,Yes,632,None,ADHD
26,Non-Target,No,0,None,ADHD
27,Target,Yes,715,None,ADHD
28,Target,Yes,746,None,ADHD
29,Non-Target,No,0,None,ADHD
30,Non-Target,No,0,None,ADHD
31,Target,Yes,708,None,ADHD
32,Target,Yes,787,None,ADHD
33,Non-Target,No,0,None,ADHD
34,Non-Target,No,0,None,ADHD
35,Non-Target,No,0,None,ADHD
36,Non-Target,No,0,None,ADHD
37,Non-Target,No,0,None,ADHD
38,Non-Target,No,0,None,ADHD
39,Non-Target,No,0,None,ADHD
40,Non-Target,No,0,None,ADHD
41,Non-Target,No,0,None,ADHD
42,Non-Target,No,0,None,ADHD
43,Non-Target,No,0,None,ADHD
44,Non-Target,No,0,None,ADHD
45,Target,No,0,Omission,ADHD
46,Non-Target,No,0,None,ADHD
47,Target,Yes,685,None,ADHD
48,Target,No,0,Omission,ADHD
49,Non-Target,No,0,None,ADHD
50,Non-Target,No,0,None,ADHD
51,Non-Target,No,0,None,ADHD
52,Non-Target,No,0,None,ADHD
53,Non-Target,No,0,None,ADHD
54,Non-Target,No,0,None,ADHD
55,Non-Target,No,0,None,ADHD
56,Non-Target,Yes,772,Commission,ADHD
57,Non-Target,No,0,None,ADHD
58,Target,Yes,749,None,ADHD
59,Non-Target,No,0,None,ADHD
60,Target,Yes,758,None,ADHD
61,Non-Target,No,0,None,ADHD
62,Non-Target,No,0,None,ADHD
63,Non-Target,No,0,None,ADHD
64,Non-Target,No,0,None,ADHD
65,Non-Target,No,0,None,ADHD
66,Non-Target,No,0,None,ADHD
67,Non-Target,No,0,None,ADHD
68,Target,Yes,682,None,ADHD
69,Non-Target,No,0,None,ADHD
70,Non-Target,No,0,None,ADHD
71,Non-Target,No,0,None,ADHD
72,Target,Yes,801,None,ADHD
73,Target,Yes,827,None,ADHD
74,Non-Target,No,0,None,ADHD
75,Non-Target,Yes,679,Commission,ADHD
76,Non-Target,No,0,None,ADHD
77,Target,Yes,674,None,ADHD
78,Target,Yes,877,None,ADHD
79,Non-Target,No,0,None,ADHD
80,Target,Yes,717,None,ADHD
81,Non-Target,No,0,None,ADHD
82,Target,Yes,784,None,ADHD
83,Non-Target,No,0,None,ADHD
84,Non-Target,No,0,None,ADHD
85,Non-Target,No,0,None,ADHD
86,Target,Yes,785,None,ADHD
87,Non-Target,No,0,None,ADHD
88,Target,Yes,701,None,ADHD
89,Non-Target,No,0,None,ADHD
90,Non-Target,No,0,None,ADHD
91,Non-Target,No,0,None,ADHD
92,Non-Target,No,0,None,ADHD
93,Non-Target,No,0,None,ADHD
94,Non-Target,No,0,None,ADHD
95,Non-Target,No,0,None,ADHD
96,Non-Target,No,0,None,ADHD
97,Target,Yes,669,None,ADHD
98,Target,No,0,Omission,ADHD
99,Target,Yes,725,None,ADHD
100,Non-Target,No,0,None,ADHD
101,Target,Yes,755,None,ADHD
102,Non-Target,No,0,None,ADHD
103,Target,Yes,519,None,ADHD
104,Target,Yes,754,None,ADHD
105,Non-Target,No,0,None,ADHD
106,Non-Target,No,0,None,ADHD
107,Non-Target,No,0,None,ADHD
108,Non-Target,No,0,None,ADHD
109,Target,Yes,579,None,ADHD
110,Non-Target,No,0,None,ADHD
111,Non-Target,Yes,569,Commission,ADHD
112,Target,Yes,768,None,ADHD
113,Non-Target,No,0,None,ADHD
114,Non-Target,No,0,None,ADHD
115,Target,No,0,Omission,ADHD
116,Non-Target,No,0,None,ADHD
117,Non-Target,No,0,None,ADHD
118,Target,Yes,644,None,ADHD
119,Non-Target,No,0,None,ADHD
120,Non-Target,No,0,None,ADHD
121,Non-Target,No,0,None,ADHD
122,Non-Target,No,0,None,ADHD
123,Non-Target,Yes,572,Commission,ADHD
124,Non-Target,No,0,None,ADHD
125,Target,Yes,790,None,ADHD
126,Target,Yes,670,None,ADHD
127,Non-Target,No,0,None,ADHD
128,Target,No,0,Omission,ADHD
129,Target,Yes,906,None,ADHD
130,Non-Target,No,0,None,ADHD
131,Non-Target,No,0,None,ADHD
132,Target,Yes,671,None,ADHD
133,Non-Target,No,0,None,ADHD
134,Target,No,0,Omission,ADHD
135,Non-Target,No,0,None,ADHD
136,Non-Target,Yes,805,Commission,ADHD
137,Non-Target,No,0,None,ADHD
138,Non-Target,No,0,None,ADHD
139,Non-Target,No,0,None,ADHD
140,Target,Yes,731,None,ADHD
141,Non-Target,No,0,None,ADHD
142,Non-Target,No,0,None,ADHD
143,Target,Yes,739,None,ADHD
144,Non-Target,No,0,None,ADHD
145,Non-Target,No,0,None,ADHD
146,Non-Target,No,0,None,ADHD
147,Non-Target,No,0,None,ADHD
148,Non-Target,No,0,None,ADHD
149,Non-Target,No,0,None,ADHD
150,Non-Target,No,0,None,ADHD
151,Target,Yes,831,None,ADHD
152,Non-Target,No,0,None,ADHD
153,Target,Yes,751,None,ADHD
154,Target,Yes,886,None,ADHD
155,Non-Target,No,0,None,ADHD
156,Target,Yes,662,None,ADHD
157,Non-Target,No,0,None,ADHD
158,Non-Target,No,0,None,ADHD
159,Non-Target,No,0,None,ADHD
160,Non-Target,No,0,None,ADHD
161,Non-Target,No,0,None,ADHD
162,Non-Target,No,0,None,ADHD
163,Target,Yes,862,None,ADHD
164,Non-Target,No,0,None,ADHD
165,Non-Target,No,0,None,ADHD
166,Non-Target,No,0,None,ADHD
167,Non-Target,No,0,None,ADHD
168,Non-Target,No,0,None,ADHD
169,Non-Target,No,0,None,ADHD
170,Target,Yes,670,None,ADHD
171,Non-Target,No,0,None,ADHD
172,Target,Yes,808,None,ADHD
173,Target,Yes,658,None,ADHD
174,Non-Target,No,0,None,ADHD
175,Non-Target,No,0,None,ADHD
176,Non-Target,No,0,None,ADHD
177,Non-Target,No,0,None,ADHD
178,Non-Target,Yes,828,Commission,ADHD
179,Non-Target,No,0,None,ADHD
180,Target,Yes,909,None,ADHD
181,Target,Yes,645,None,ADHD
182,Non-Target,No,0,None,ADHD
183,Target,Yes,585,None,ADHD
184,Non-Target,No,0,None,ADHD
185,Non-Target,No,0,None,ADHD
186,Target,Yes,836,None,ADHD
187,Non-Target,Yes,621,Commission,ADHD
188,Non-Target,No,0,None,ADHD
189,Non-Target,No,0,None,ADHD
190,Target,Yes,484,None,ADHD
191,Target,Yes,694,None,ADHD
192,Target,Yes,741,None,ADHD
193,Non-Target,Yes,873,Commission,ADHD
194,Target,Yes,747,None,ADHD
195,Target,Yes,751,None,ADHD
196,Target,Yes,638,None,ADHD
197,Target,Yes,665,None,ADHD
198,Non-Target,No,0,None,ADHD
199,Non-Target,No,0,None,ADHD
200,Non-Target,No,0,None,ADHD
201,Non-Target,No,0,None,ADHD
202,Non-Target,No,0,None,ADHD
203,Non-Target,No,0,None,ADHD
204,Non-Target,No,0,None,ADHD
205,Target,Yes,713,None,ADHD
206,Non-Target,No,0,None,ADHD
207,Target,Yes,907,None,ADHD
208,Non-Target,No,0,None,ADHD
209,Non-Target,No,0,None,ADHD
210,Non-Target,No,0,None,ADHD
211,Non-Target,No,0,None,ADHD
212,Target,Yes,967,None,ADHD
213,Target,Yes,666,None,ADHD
214,Non-Target,Yes,907,Commission,ADHD
215,Target,Yes,606,None,ADHD
216,Target,Yes,598,None,ADHD
217,Non-Target,No,0,None,ADHD
218,Non-Target,No,0,None,ADHD
219,Non-Target,No,0,None,ADHD
220,Non-Target,No,0,None,ADHD
221,Target,Yes,865,None,ADHD
222,Non-Target,No,0,None,ADHD
223,Non-Target,No,0,None,ADHD
224,Non-Target,No,0,None,ADHD
225,Non-Target,No,0,None,ADHD
226,Non-Target,No,0,None,ADHD
227,Target,Yes,806,None,ADHD
228,Target,Yes,768,None,ADHD
229,Non-Target,No,0,None,ADHD
230,Non-Target,No,0,None,ADHD
231,Target,Yes,622,None,ADHD
232,Non-Target,No,0,None,ADHD
233,Non-Target,No,0,None,ADHD
234,Target,Yes,1033,None,ADHD
235,Non-Target,Yes,709,Commission,ADHD
236,Target,Yes,804,None,ADHD
237,Target,Yes,614,None,ADHD
238,Non-Target,No,0,None,ADHD
239,Target,Yes,558,None,ADHD
240,Non-Target,No,0,None,ADHD
241,Non-Target,No,0,None,ADHD
242,Non-Target,No,0,None,ADHD
243,Non-Target,No,0,None,ADHD
244,Non-Target,Yes,490,Commission,ADHD
245,Non-Target,No,0,None,ADHD
246,Target,Yes,492,None,ADHD
247,Non-Target,No,0,None,ADHD
248,Target,Yes,776,None,ADHD
249,Non-Target,No,0,None,ADHD
250,Non-Target,No,0,None,ADHD
251,Non-Target,No,0,None,ADHD
252,Non-Target,No,0,None,ADHD
253,Target,No,0,Omission,ADHD
254,Non-Target,No,0,None,ADHD
255,Non-Target,No,0,None,ADHD
256,Non-Target,No,0,None,ADHD
257,Non-Target,No,0,None,ADHD
258,Non-Target,No,0,None,ADHD
259,Non-Target,No,0,None,ADHD
260,Target,Yes,714,None,ADHD
261,Target,Yes,815,None,ADHD
262,Non-Target,No,0,None,ADHD
263,Target,Yes,856,None,ADHD
264,Non-Target,No,0,None,ADHD
265,Non-Target,No,0,None,ADHD
266,Non-Target,Yes,645,Commission,ADHD
267,Non-Target,No,0,None,ADHD
268,Target,Yes,792,None,ADHD
269,Non-Target,No,0,None,ADHD
270,Non-Target,Yes,741,Commission,ADHD
271,Target,Yes,675,None,ADHD
272,Target,Yes,639,None,ADHD
273,Non-Target,No,0,None,ADHD
274,Target,Yes,624,None,ADHD
275,Non-Target,No,0,None,ADHD
276,Non-Target,No,0,None,ADHD
277,Target,Yes,488,None,ADHD
278,Target,Yes,890,None,ADHD
279,Target,Yes,716,None,ADHD
280,Non-Target,No,0,None,ADHD
281,Target,Yes,685,None,ADHD
282,Non-Target,No,0,None,ADHD
283,Non-Target,No,0,None,ADHD
284,Non-Target,No,0,None,ADHD
285,Non-Target,No,0,None,ADHD
286,Non-Target,No,0,None,ADHD
287,Target,Yes,910,None,ADHD
288,Target,Yes,878,None,ADHD
289,Non-Target,No,0,None,ADHD
290,Target,Yes,625,None,ADHD
291,Non-Target,No,0,None,ADHD
292,Target,Yes,720,None,ADHD
293,Target,Yes,645,None,ADHD
294,Non-Target,No,0,None,ADHD
295,Target,Yes,769,None,ADHD
296,Target,Yes,650,None,ADHD
297,Target,Yes,641,None,ADHD
298,Non-Target,No,0,None,ADHD
299,Non-Target,No,0,None,ADHD
300,Non-Target,No,0,None,ADHD
301,Non-Target,No,0,None,ADHD
302,Target,Yes,763,None,ADHD
303,Non-Target,No,0,None,ADHD
304,Non-Target,No,0,None,ADHD
305,Non-Target,No,0,None,ADHD
306,Non-Target,No,0,None,ADHD
307,Non-Target,No,0,None,ADHD
308,Target,Yes,653,None,ADHD
309,Non-Target,No,0,None,ADHD
310,Target,Yes,769,None,ADHD
311,Target,Yes,748,None,ADHD
312,Non-Target,No,0,None,ADHD
313,Target,Yes,692,None,ADHD
314,Non-Target,No,0,None,ADHD
315,Non-Target,No,0,None,ADHD
316,Target,Yes,864,None,ADHD
317,Non-Target,No,0,None,ADHD
318,Non-Target,No,0,None,ADHD
319,Non-Target,No,0,None,ADHD
320,Non-Target,No,0,None,ADHD
321,Non-Target,No,0,None,ADHD
322,Non-Target,No,0,None,ADHD
323,Non-Target,No,0,None,ADHD
324,Non-Target,No,0,None,ADHD
325,Non-Target,No,0,None,ADHD
326,Target,Yes,639,None,ADHD
327,Non-Target,No,0,None,ADHD
328,Non-Target,No,0,None,ADHD
329,Non-Target,No,0,None,ADHD
330,Target,Yes,646,None,ADHD
331,Non-Target,Yes,747,Commission,ADHD
332,Non-Target,No,0,None,ADHD
333,Non-Target,Yes,789,Commission,ADHD
334,Non-Target,No,0,None,ADHD
335,Target,Yes,853,None,ADHD
336,Non-Target,No,0,None,ADHD
337,Non-Target,No,0,None,ADHD
338,Target,Yes,679,None,ADHD
339,Non-Target,No,0,None,ADHD
340,Target,Yes,755,None,ADHD
341,Non-Target,No,0,None,ADHD
342,Non-Target,No,0,None,ADHD
343,Non-Target,No,0,None,ADHD
344,Non-Target,No,0,None,ADHD
345,Target,Yes,869,None,ADHD
346,Target,Yes,711,None,ADHD
347,Non-Target,No,0,None,ADHD
348,Target,Yes,907,None,ADHD
349,Target,Yes,821,None,ADHD
350,Non-Target,No,0,None,ADHD
351,Target,Yes,878,None,ADHD
352,Non-Target,No,0,None,ADHD
353,Target,Yes,494,None,ADHD
354,Non-Target,No,0,None,ADHD
355,Target,Yes,787,None,ADHD
356,Non-Target,No,0,None,ADHD
357,Non-Target,No,0,None,ADHD
358,Non-Target,No,0,None,ADHD
359,Target,Yes,709,None,ADHD
360,Target,No,0,Omission,ADHD
361,Non-Target,No,0,None,ADHD
362,Target,Yes,697,None,ADHD
363,Non-Target,Yes,796,Commission,ADHD
364,Target,Yes,675,None,ADHD
365,Non-Target,Yes,842,Commission,ADHD
366,Non-Target,Yes,695,Commission,ADHD
367,Non-Target,No,0,None,ADHD
368,Target,Yes,845,None,ADHD
369,Target,Yes,825,None,ADHD
370,Non-Target,No,0,None,ADHD
371,Non-Target,No,0,None,ADHD
372,Non-Target,No,0,None,ADHD
373,Non-Target,No,0,None,ADHD
374,Target,Yes,695,None,ADHD
375,Non-Target,No,0,None,ADHD
376,Non-Target,Yes,753,Commission,ADHD
377,Target,Yes,737,None,ADHD
378,Non-Target,No,0,None,ADHD
379,Non-Target,No,0,None,ADHD
380,Non-Target,No,0,None,ADHD
381,Non-Target,No,0,None,ADHD
382,Non-Target,No,0,None,ADHD
383,Non-Target,No,0,None,ADHD
384,Non-Target,No,0,None,ADHD
385,Target,Yes,513,None,ADHD
386,Non-Target,No,0,None,ADHD
387,Target,Yes,725,None,ADHD
388,Non-Target,No,0,None,ADHD
389,Target,No,0,Omission,ADHD
390,Non-Target,Yes,772,Commission,ADHD
391,Non-Target,No,0,None,ADHD
392,Non-Target,No,0,None,ADHD
393,Non-Target,No,0,None,ADHD
394,Non-Target,No,0,None,ADHD
395,Target,Yes,830,None,ADHD
396,Target,No,0,Omission,ADHD
397,Non-Target,No,0,None,ADHD
398,Non-Target,No,0,None,ADHD
399,Non-Target,No,0,None,ADHD
400,Non-Target,No,0,None,ADHD
401,Non-Target,No,0,None,ADHD
402,Target,Yes,721,None,ADHD
403,Target,Yes,869,None,ADHD
404,Non-Target,No,0,None,ADHD
405,Non-Target,No,0,None,ADHD
406,Target,Yes,701,None,ADHD
407,Non-Target,Yes,825,Commission,ADHD
408,Non-Target,No,0,None,ADHD
409,Non-Target,No,0,None,ADHD
410,Non-Target,Yes,759,Commission,ADHD
411,Non-Target,No,0,None,ADHD
412,Non-Target,No,0,None,ADHD
413,Target,Yes,494,None,ADHD
414,Non-Target,No,0,None,ADHD
415,Non-Target,No,0,None,ADHD
416,Target,Yes,815,None,ADHD
417,Non-Target,No,0,None,ADHD
418,Non-Target,No,0,None,ADHD
419,Non-Target,Yes,919,Commission,ADHD
420,Non-Target,No,0,None,ADHD
421,Non-Target,No,0,None,ADHD
422,Non-Target,No,0,None,ADHD
423,Target,Yes,902,None,ADHD
424,Non-Target,No,0,None,ADHD
425,Non-Target,Yes,668,Commission,ADHD
426,Non-Target,No,0,None,ADHD
427,Non-Target,No,0,None,ADHD
428,Target,Yes,697,None,ADHD
429,Non-Target,No,0,None,ADHD
430,Target,Yes,653,None,ADHD
431,Target,Yes,602,None,ADHD
432,Non-Target,No,0,None,ADHD
433,Non-Target,Yes,710,Commission,ADHD
434,Non-Target,No,0,None,ADHD
435,Non-Target,Yes,816,Commission,ADHD
436,Non-Target,No,0,None,ADHD
437,Target,Yes,806,None,ADHD
438,Non-Target,No,0,None,ADHD
439,Target,Yes,717,None,ADHD
440,Target,Yes,750,None,ADHD
441,Non-Target,No,0,None,ADHD
442,Non-Target,No,0,None,ADHD
443,Non-Target,No,0,None,ADHD
444,Non-Target,No,0,None,ADHD
445,Target,Yes,816,None,ADHD
446,Non-Target,No,0,None,ADHD
447,Non-Target,No,0,None,ADHD
448,Non-Target,No,0,None,ADHD
449,Non-Target,No,0,None,ADHD
450,Non-Target,No,0,None,ADHD
451,Non-Target,No,0,None,ADHD
452,Non-Target,No,0,None,ADHD
453,Non-Target,No,0,None,ADHD
454,Non-Target,No,0,None,ADHD
455,Non-Target,No,0,None,ADHD
456,Non-Target,No,0,None,ADHD
457,Non-Target,Yes,703,Commission,ADHD
458,Non-Target,No,0,None,ADHD
459,Target,Yes,712,None,ADHD
460,Target,No,0,Omission,ADHD
461,Target,Yes,778,None,ADHD
462,Target,Yes,680,None,ADHD
463,Non-Target,No,0,None,ADHD
464,Target,Yes,805,None,ADHD
465,Target,Yes,710,None,ADHD
466,Non-Target,No,0,None,ADHD
467,Non-Target,No,0,None,ADHD
468,Non-Target,No,0,None,ADHD
469,Non-Target,No,0,None,ADHD
470,Target,Yes,787,None,ADHD
471,Target,No,0,Omission,ADHD
472,Non-Target,No,0,None,ADHD
473,Target,Yes,677,None,ADHD
474,Target,Yes,646,None,ADHD
475,Non-Target,No,0,None,ADHD
476,Non-Target,No,0,None,ADHD
477,Non-Target,No,0,None,ADHD
478,Target,Yes,759,None,ADHD
479,Non-Target,Yes,580,Commission,ADHD
480,Non-Target,No,0,None,ADHD
481,Non-Target,No,0,None,ADHD
482,Non-Target,No,0,None,ADHD
483,Target,No,0,Omission,ADHD
484,Non-Target,No,0,None,ADHD
485,Target,Yes,799,None,ADHD
486,Target,Yes,581,None,ADHD
487,Non-Target,Yes,807,Commission,ADHD
488,Non-Target,No,0,None,ADHD
489,Non-Target,No,0,None,ADHD
490,Non-Target,No,0,None,ADHD
491,Non-Target,No,0,None,ADHD
492,Target,Yes,827,None,ADHD
493,Target,Yes,866,None,ADHD
494,Non-Target,No,0,None,ADHD
495,Target,Yes,702,None,ADHD
496,Non-Target,No,0,None,ADHD
497,Non-Target,No,0,None,ADHD
498,Non-Target,No,0,None,ADHD
499,Non-Target,No,0,None,ADHD
500,Target,Yes,669,None,ADHD
501,Non-Target,No,0,None,ADHD
502,Target,No,0,Omission,ADHD
503,Target,Yes,747,None,ADHD
504,Non-Target,Yes,816,Commission,ADHD
505,Target,Yes,615,None,ADHD
506,Non-Target,No,0,None,ADHD
507,Target,Yes,755,None,ADHD
508,Target,Yes,603,None,ADHD
509,Non-Target,No,0,None,ADHD
510,Non-Target,No,0,None,ADHD
511,Target,Yes,677,None,ADHD
512,Non-Target,No,0,None,ADHD
513,Non-Target,No,0,None,ADHD
514,Non-Target,No,0,None,ADHD
515,Non-Target,No,0,None,ADHD
516,Non-Target,Yes,845,Commission,ADHD
517,Non-Target,Yes,834,Commission,ADHD
518,Non-Target,No,0,None,ADHD
519,Non-Target,No,0,None,ADHD
520,Non-Target,No,0,None,ADHD
521,Target,Yes,746,None,ADHD
522,Target,Yes,715,None,ADHD
523,Target,Yes,684,None,ADHD
524,Non-Target,No,0,None,ADHD
525,Non-Target,No,0,None,ADHD
526,Non-Target,No,0,None,ADHD
527,Non-Target,No,0,None,ADHD
528,Non-Target,No,0,None,ADHD
529,Non-Target,No,0,None,ADHD
530,Non-Target,No,0,None,ADHD
531,Non-Target,No,0,None,ADHD
532,Non-Target,No,0,None,ADHD
533,Non-Target,No,0,None,ADHD
534,Non-Target,No,0,None,ADHD
535,Non-Target,Yes,781,Commission,ADHD
536,Non-Target,No,0,None,ADHD
537,Target,Yes,525,None,ADHD
538,Non-Target,No,0,None,ADHD
539,Non-Target,No,0,None,ADHD
540,Non-Target,No,0,None,ADHD
541,Non-Target,No,0,None,ADHD
542,Non-Target,No,0,None,ADHD
543,Non-Target,Yes,940,Commission,ADHD
544,Target,Yes,703,None,ADHD
545,Target,Yes,832,None,ADHD
546,Target,Yes,825,None,ADHD
547,Non-Target,No,0,None,ADHD
548,Non-Target,No,0,None,ADHD
549,Non-Target,No,0,None,ADHD
550,Target,Yes,852,None,ADHD
551,Non-Target,Yes,736,Commission,ADHD
552,Target,Yes,758,None,ADHD
553,Non-Target,No,0,None,ADHD
554,Target,Yes,584,None,ADHD
555,Non-Target,Yes,753,Commission,ADHD
556,Non-Target,No,0,None,ADHD
557,Non-Target,No,0,None,ADHD
558,Non-Target,No,0,None,ADHD
559,Non-Target,Yes,795,Commission,ADHD
560,Non-Target,No,0,None,ADHD
561,Non-Target,No,0,None,ADHD
562,Non-Target,No,0,None,ADHD
563,Non-Target,No,0,None,ADHD
564,Non-Target,No,0,None,ADHD
565,Target,Yes,795,None,ADHD
566,Target,Yes,881,None,ADHD
567,Non-Target,Yes,479,Commission,ADHD
568,Non-Target,No,0,None,ADHD
569,Target,No,0,Omission,ADHD
570,Non-Target,No,0,None,ADHD
571,Non-Target,No,0,None,ADHD
572,Target,Yes,686,None,ADHD
573,Non-Target,No,0,None,ADHD
574,Non-Target,No,0,None,ADHD
575,Non-Target,No,0,None,ADHD
576,Target,Yes,718,None,ADHD
577,Target,No,0,Omission,ADHD
578,Non-Target,Yes,647,Commission,ADHD
579,Non-Target,No,0,None,ADHD
580,Target,Yes,628,None,ADHD
581,Non-Target,No,0,None,ADHD
582,Non-Target,No,0,None,ADHD
583,Non-Target,No,0,None,ADHD
584,Non-Target,No,0,None,ADHD
585,Non-Target,No,0,None,ADHD
586,Target,Yes,666,None,ADHD
587,Target,Yes,812,None,ADHD
588,Non-Target,Yes,822,Commission,ADHD
589,Non-Target,No,0,None,ADHD
590,Non-Target,No,0,None,ADHD
591,Non-Target,No,0,None,ADHD
592,Non-Target,No,0,None,ADHD
593,Non-Target,No,0,None,ADHD
594,Non-Target,No,0,None,ADHD
595,Target,No,0,Omission,ADHD
596,Non-Target,No,0,None,ADHD
597,Non-Target,No,0,None,ADHD
598,Target,Yes,779,None,ADHD
599,Non-Target,No,0,None,ADHD
600,Non-Target,No,0,None,ADHD
601,Non-Target,Yes,694,Commission,ADHD
602,Non-Target,No,0,None,ADHD
603,Target,Yes,585,None,ADHD
604,Non-Target,Yes,824,Commission,ADHD
605,Non-Target,Yes,880,Commission,ADHD
606,Non-Target,No,0,None,ADHD
607,Non-Target,No,0,None,ADHD
608,Non-Target,No,0,None,ADHD
609,Target,Yes,922,None,ADHD
610,Non-Target,No,0,None,ADHD
611,Non-Target,No,0,None,ADHD
612,Non-Target,No,0,None,ADHD
613,Non-Target,No,0,None,ADHD
614,Non-Target,Yes,801,Commission,ADHD
615,Non-Target,No,0,None,ADHD
616,Non-Target,No,0,None,ADHD
617,Non-Target,No,0,None,ADHD
618,Non-Target,No,0,None,ADHD
619,Non-Target,No,0,None,ADHD
620,Non-Target,Yes,813,Commission,ADHD
621,Non-Target,No,0,None,ADHD
622,Target,No,0,Omission,ADHD
623,Non-Target,Yes,607,Commission,ADHD
624,Non-Target,No,0,None,ADHD
625,Non-Target,No,0,None,ADHD
626,Non-Target,No,0,None,ADHD
627,Target,Yes,571,None,ADHD
628,Non-Target,No,0,None,ADHD
629,Target,Yes,609,None,ADHD
630,Non-Target,No,0,None,ADHD
631,Non-Target,No,0,None,ADHD
632,Target,Yes,803,None,ADHD
633,Non-Target,No,0,None,ADHD
634,Non-Target,No,0,None,ADHD
635,Non-Target,Yes,453,Commission,ADHD
636,Non-Target,No,0,None,ADHD
637,Non-Target,No,0,None,ADHD
638,Target,No,0,Omission,ADHD
639,Non-Target,No,0,None,ADHD
640,Non-Target,Yes,696,Commission,ADHD
641,Non-Target,No,0,None,ADHD
642,Non-Target,No,0,None,ADHD
643,Non-Target,No,0,None,ADHD
644,Target,Yes,700,None,ADHD
645,Non-Target,No,0,None,ADHD
646,Non-Target,No,0,None,ADHD
647,Non-Target,No,0,None,ADHD
648,Target,No,0,Omission,ADHD
649,Non-Target,No,0,None,ADHD
650,Non-Target,Yes,712,Commission,ADHD
651,Target,No,0,Omission,ADHD
652,Target,Yes,978,None,ADHD
653,Non-Target,Yes,766,Commission,ADHD
654,Non-Target,No,0,None,ADHD
655,Non-Target,No,0,None,ADHD
656,Non-Target,No,0,None,ADHD
657,Non-Target,No,0,None,ADHD
658,Non-Target,No,0,None,ADHD
659,Target,Yes,855,None,ADHD
660,Non-Target,No,0,None,ADHD
661,Non-Target,No,0,None,ADHD
662,Non-Target,No,0,None,ADHD
663,Non-Target,No,0,None,ADHD
664,Target,Yes,740,None,ADHD
665,Non-Target,No,0,None,ADHD
666,Non-Target,No,0,None,ADHD
667,Non-Target,No,0,None,ADHD
668,Non-Target,No,0,None,ADHD
669,Non-Target,No,0,None,ADHD
670,Target,Yes,703,None,ADHD
671,Non-Target,No,0,None,ADHD
672,Non-Target,No,0,None,ADHD
673,Non-Target,No,0,None,ADHD
674,Non-Target,No,0,None,ADHD
675,Non-Target,No,0,None,ADHD
676,Non-Target,No,0,None,ADHD
677,Non-Target,No,0,None,ADHD
678,Non-Target,No,0,None,ADHD
679,Non-Target,No,0,None,ADHD
680,Non-Target,No,0,None,ADHD
681,Non-Target,No,0,None,ADHD
682,Non-Target,No,0,None,ADHD
683,Target,No,0,Omission,ADHD
684,Non-Target,No,0,None,ADHD
685,Non-Target,No,0,None,ADHD
686,Target,Yes,714,None,ADHD
687,Non-Target,No,0,None,ADHD
688,Target,Yes,755,None,ADHD
689,Non-Target,No,0,None,ADHD
690,Non-Target,No,0,None,ADHD
691,Non-Target,Yes,798,Commission,ADHD
692,Non-Target,Yes,785,Commission,ADHD
693,Non-Target,No,0,None,ADHD
694,Target,No,0,Omission,ADHD
695,Non-Target,No,0,None,ADHD
696,Non-Target,Yes,635,Commission,ADHD
697,Target,Yes,704,None,ADHD
698,Target,Yes,798,None,ADHD
699,Non-Target,No,0,None,ADHD
700,Non-Target,No,0,None,ADHD
701,Target,No,0,Omission,ADHD
702,Target,No,0,Omission,ADHD
703,Non-Target,No,0,None,ADHD
704,Non-Target,No,0,None,ADHD
705,Non-Target,No,0,None,ADHD
706,Target,Yes,820,None,ADHD
707,Non-Target,No,0,None,ADHD
708,Non-Target,No,0,None,ADHD
709,Non-Target,No,0,None,ADHD
710,Non-Target,No,0,None,ADHD
711,Non-Target,No,0,None,ADHD
712,Target,Yes,690,None,ADHD
713,Non-Target,No,0,None,ADHD
714,Non-Target,Yes,938,Commission,ADHD
715,Target,No,0,Omission,ADHD
716,Target,No,0,Omission,ADHD
717,Non-Target,No,0,None,ADHD
718,Target,Yes,797,None,ADHD
719,Non-Target,No,0,None,ADHD
720,Non-Target,No,0,None,ADHD
721,Non-Target,No,0,None,ADHD
722,Non-Target,No,0,None,ADHD
723,Target,No,0,Omission,ADHD
724,Non-Target,No,0,None,ADHD
725,Non-Target,Yes,648,Commission,ADHD
726,Non-Target,No,0,None,ADHD
727,Non-Target,Yes,784,Commission,ADHD
728,Non-Target,No,0,None,ADHD
729,Non-Target,No,0,None,ADHD
730,Non-Target,No,0,None,ADHD
731,Non-Target,No,0,None,ADHD
732,Non-Target,No,0,None,ADHD
733,Non-Target,No,0,None,ADHD
734,Non-Target,Yes,863,Commission,ADHD
735,Non-Target,No,0,None,ADHD
736,Non-Target,No,0,None,ADHD
737,Non-Target,No,0,None,ADHD
738,Non-Target,No,0,None,ADHD
739,Non-Target,No,0,None,ADHD
740,Non-Target,No,0,None,ADHD
741,Non-Target,No,0,None,ADHD
742,Non-Target,No,0,None,ADHD
743,Non-Target,No,0,None,ADHD
744,Non-Target,No,0,None,ADHD
745,Non-Target,No,0,None,ADHD
746,Non-Target,No,0,None,ADHD
747,Non-Target,No,0,None,ADHD
748,Non-Target,No,0,None,ADHD
749,Non-Target,Yes,886,Commission,ADHD
750,Non-Target,No,0,None,ADHD
751,Non-Target,Yes,890,Commission,ADHD
752,Non-Target,No,0,None,ADHD
753,Target,Yes,721,None,ADHD
754,Non-Target,No,0,None,ADHD
755,Non-Target,No,0,None,ADHD
756,Non-Target,No,0,None,ADHD
757,Non-Target,No,0,None,ADHD
758,Target,Yes,813,None,ADHD
759,Non-Target,Yes,530,Commission,ADHD
760,Non-Target,No,0,None,ADHD
761,Non-Target,Yes,700,Commission,ADHD
762,Non-Target,No,0,None,ADHD
763,Non-Target,No,0,None,ADHD
764,Target,No,0,Omission,ADHD
765,Target,Yes,733,None,ADHD
766,Non-Target,Yes,486,Commission,ADHD
767,Target,Yes,777,None,ADHD
768,Non-Target,No,0,None,ADHD
769,Non-Target,No,0,None,ADHD
770,Non-Target,Yes,748,Commission,ADHD
771,Target,Yes,658,None,ADHD
772,Non-Target,No,0,None,ADHD
773,Non-Target,Yes,816,Commission,ADHD
774,Target,Yes,644,None,ADHD
775,Non-Target,No,0,None,ADHD
776,Non-Target,Yes,683,Commission,ADHD
777,Target,Yes,602,None,ADHD
778,Non-Target,Yes,786,Commission,ADHD
779,Non-Target,Yes,856,Commission,ADHD
780,Target,Yes,676,None,ADHD
781,Non-Target,No,0,None,ADHD
782,Non-Target,No,0,None,ADHD
783,Non-Target,No,0,None,ADHD
784,Target,Yes,751,None,ADHD
785,Non-Target,No,0,None,ADHD
786,Non-Target,No,0,None,ADHD
787,Target,Yes,780,None,ADHD
788,Non-Target,No,0,None,ADHD
789,Non-Target,No,0,None,ADHD
790,Non-Target,No,0,None,ADHD
791,Non-Target,No,0,None,ADHD
792,Non-Target,No,0,None,ADHD
793,Non-Target,No,0,None,ADHD
794,Non-Target,No,0,None,ADHD
795,Target,Yes,749,None,ADHD
796,Target,Yes,618,None,ADHD
797,Non-Target,No,0,None,ADHD
798,Non-Target,No,0,None,ADHD
799,Target,Yes,701,None,ADHD
800,Target,Yes,646,None,ADHD
801,Target,Yes,813,None,ADHD
802,Non-Target,No,0,None,ADHD
803,Target,No,0,Omission,ADHD
804,Non-Target,No,0,None,ADHD
805,Non-Target,Yes,682,Commission,ADHD
806,Non-Target,No,0,None,ADHD
807,Non-Target,No,0,None,ADHD
808,Target,Yes,773,None,ADHD
809,Target,No,0,Omission,ADHD
810,Non-Target,Yes,712,Commission,ADHD
811,Non-Target,Yes,458,Commission,ADHD
812,Target,Yes,778,None,ADHD
813,Target,Yes,685,None,ADHD
814,Target,Yes,803,None,ADHD
815,Target,Yes,964,None,ADHD
816,Non-Target,Yes,628,Commission,ADHD
817,Non-Target,No,0,None,ADHD
818,Target,Yes,713,None,ADHD
819,Non-Target,No,0,None,ADHD
820,Non-Target,No,0,None,ADHD
821,Non-Target,No,0,None,ADHD
822,Non-Target,No,0,None,ADHD
823,Non-Target,No,0,None,ADHD
824,Non-Target,No,0,None,ADHD
825,Target,Yes,780,None,ADHD
826,Target,Yes,649,None,ADHD
827,Non-Target,No,0,None,ADHD
828,Non-Target,No,0,None,ADHD
829,Target,No,0,Omission,ADHD
830,Non-Target,Yes,855,Commission,ADHD
831,Non-Target,No,0,None,ADHD
832,Non-Target,No,0,None,ADHD
833,Non-Target,No,0,None,ADHD
834,Non-Target,No,0,None,ADHD
835,Target,Yes,740,None,ADHD
836,Target,No,0,Omission,ADHD
837,Target,Yes,703,None,ADHD
838,Target,Yes,756,None,ADHD
839,Non-Target,No,0,None,ADHD
840,Non-Target,No,0,None,ADHD
841,Target,No,0,Omission,ADHD
842,Target,Yes,751,None,ADHD
843,Target,Yes,804,None,ADHD
844,Non-Target,No,0,None,ADHD
845,Non-Target,Yes,799,Commission,ADHD
846,Target,Yes,794,None,ADHD
847,Non-Target,No,0,None,ADHD
848,Target,No,0,Omission,ADHD
849,Non-Target,No,0,None,ADHD
850,Target,Yes,809,None,ADHD
851,Non-Target,Yes,724,Commission,ADHD
852,Non-Target,No,0,None,ADHD
853,Target,Yes,681,None,ADHD
854,Target,Yes,649,None,ADHD
855,Non-Target,No,0,None,ADHD
856,Non-Target,No,0,None,ADHD
857,Non-Target,No,0,None,ADHD
858,Non-Target,No,0,None,ADHD
859,Non-Target,Yes,710,Commission,ADHD
860,Non-Target,No,0,None,ADHD
861,Target,Yes,573,None,ADHD
862,Target,Yes,659,None,ADHD
863,Non-Target,No,0,None,ADHD
864,Target,Yes,598,None,ADHD
865,Non-Target,Yes,459,Commission,ADHD
866,Non-Target,No,0,None,ADHD
867,Non-Target,No,0,None,ADHD
868,Non-Target,Yes,722,Commission,ADHD
869,Non-Target,Yes,868,Commission,ADHD
870,Non-Target,No,0,None,ADHD
871,Non-Target,No,0,None,ADHD
872,Non-Target,No,0,None,ADHD
873,Target,Yes,772,None,ADHD
874,Non-Target,No,0,None,ADHD
875,Non-Target,No,0,None,ADHD
876,Non-Target,No,0,None,ADHD
877,Non-Target,No,0,None,ADHD
878,Non-Target,No,0,None,ADHD
879,Non-Target,No,0,None,ADHD
880,Non-Target,No,0,None,ADHD
881,Non-Target,No,0,None,ADHD
882,Non-Target,No,0,None,ADHD
883,Non-Target,No,0,None,ADHD
884,Target,Yes,726,None,ADHD
885,Target,Yes,647,None,ADHD
886,Target,Yes,864,None,ADHD
887,Target,Yes,808,None,ADHD
888,Target,Yes,827,None,ADHD
889,Target,Yes,655,None,ADHD
890,Non-Target,No,0,None,ADHD
891,Target,Yes,841,None,ADHD
892,Non-Target,No,0,None,ADHD
893,Target,Yes,739,None,ADHD
894,Non-Target,No,0,None,ADHD
895,Non-Target,No,0,None,ADHD
896,Non-Target,Yes,631,Commission,ADHD
897,Non-Target,No,0,None,ADHD
898,Non-Target,No,0,None,ADHD
899,Non-Target,No,0,None,ADHD
900,Target,Yes,869,None,ADHD
901,Non-Target,No,0,None,ADHD
902,Non-Target,No,0,None,ADHD
903,Non-Target,No,0,None,ADHD
904,Target,No,0,Omission,ADHD
905,Non-Target,No,0,None,ADHD
906,Non-Target,No,0,None,ADHD
907,Non-Target,No,0,None,ADHD
908,Non-Target,No,0,None,ADHD
909,Non-Target,No,0,None,ADHD
910,Non-Target,No,0,None,ADHD
911,Target,Yes,711,None,ADHD
912,Target,Yes,794,None,ADHD
913,Non-Target,No,0,None,ADHD
914,Target,Yes,775,None,ADHD
915,Non-Target,No,0,None,ADHD
916,Non-Target,No,0,None,ADHD
917,Target,No,0,Omission,ADHD
918,Non-Target,Yes,680,Commission,ADHD
919,Target,No,0,Omission,ADHD
920,Target,Yes,838,None,ADHD
921,Non-Target,Yes,827,Commission,ADHD
922,Target,Yes,795,None,ADHD
923,Non-Target,No,0,None,ADHD
924,Non-Target,No,0,None,ADHD
925,Non-Target,Yes,886,Commission,ADHD
926,Non-Target,No,0,None,ADHD
927,Non-Target,No,0,None,ADHD
928,Non-Target,No,0,None,ADHD
929,Non-Target,No,0,None,ADHD
930,Target,Yes,668,None,ADHD
931,Non-Target,No,0,None,ADHD
932,Non-Target,No,0,None,ADHD
933,Target,Yes,866,None,ADHD
934,Target,Yes,817,None,ADHD
935,Non-Target,No,0,None,ADHD
936,Target,No,0,Omission,ADHD
937,Non-Target,No,0,None,ADHD
938,Non-Target,No,0,None,ADHD
939,Non-Target,No,0,None,ADHD
940,Target,Yes,606,None,ADHD
941,Non-Target,No,0,None,ADHD
942,Non-Target,No,0,None,ADHD
943,Target,No,0,Omission,ADHD
944,Target,Yes,820,None,ADHD
945,Non-Target,No,0,None,ADHD
946,Non-Target,No,0,None,ADHD
947,Non-Target,No,0,None,ADHD
948,Target,No,0,Omission,ADHD
949,Non-Target,No,0,None,ADHD
950,Non-Target,No,0,None,ADHD
951,Non-Target,No,0,None,ADHD
952,Non-Target,No,0,None,ADHD
953,Non-Target,No,0,None,ADHD
954,Non-Target,No,0,None,ADHD
955,Non-Target,No,0,None,ADHD
956,Non-Target,No,0,None,ADHD
957,Target,Yes,743,None,ADHD
958,Non-Target,No,0,None,ADHD
959,Non-Target,No,0,None,ADHD
960,Target,Yes,621,None,ADHD
961,Non-Target,No,0,None,ADHD
962,Target,Yes,896,None,ADHD
963,Non-Target,No,0,None,ADHD
964,Non-Target,No,0,None,ADHD
965,Non-Target,Yes,632,Commission,ADHD
966,Non-Target,No,0,None,ADHD
967,Non-Target,No,0,None,ADHD
968,Target,Yes,903,None,ADHD
969,Non-Target,No,0,None,ADHD
970,Target,Yes,607,None,ADHD
971,Non-Target,No,0,None,ADHD
972,Non-Target,No,0,None,ADHD
973,Non-Target,No,0,None,ADHD
974,Non-Target,No,0,None,ADHD
975,Non-Target,No,0,None,ADHD
976,Non-Target,No,0,None,ADHD
977,Non-Target,Yes,657,Commission,ADHD
978,Non-Target,Yes,645,Commission,ADHD
979,Non-Target,Yes,639,Commission,ADHD
980,Non-Target,No,0,None,ADHD
981,Non-Target,No,0,None,ADHD
982,Non-Target,No,0,None,ADHD
983,Non-Target,No,0,None,ADHD
984,Target,Yes,663,None,ADHD
985,Target,Yes,758,None,ADHD
986,Non-Target,No,0,None,ADHD
987,Non-Target,No,0,None,ADHD
988,Target,Yes,685,None,ADHD
989,Target,No,0,Omission,ADHD
990,Target,Yes,855,None,ADHD
991,Non-Target,No,0,None,ADHD
992,Target,No,0,Omission,ADHD
993,Target,Yes,611,None,ADHD
994,Non-Target,Yes,689,Commission,ADHD
995,Non-Target,Yes,803,Commission,ADHD
996,Non-Target,Yes,709,Commission,ADHD
997,Target,Yes,663,None,ADHD
998,Non-Target,No,0,None,ADHD
999,Non-Target,Yes,634,Commission,ADHD
1000,Target,Yes,823,None,ADHD
1001,Non-Target,No,0,None,ADHD
1002,Non-Target,No,0,None,ADHD
1003,Non-Target,No,0,None,ADHD
1004,Non-Target,No,0,None,ADHD
1005,Target,Yes,569,None,ADHD
1006,Non-Target,No,0,None,ADHD
1007,Target,No,0,Omission,ADHD
1008,Non-Target,Yes,845,Commission,ADHD
1009,Target,Yes,774,None,ADHD
1010,Target,Yes,804,None,ADHD
1011,Target,No,0,Omission,ADHD
1012,Target,Yes,838,None,ADHD
1013,Non-Target,No,0,None,ADHD
1014,Non-Target,No,0,None,ADHD
1015,Non-Target,No,0,None,ADHD
1016,Non-Target,No,0,None,ADHD
1017,Non-Target,No,0,None,ADHD
1018,Non-Target,No,0,None,ADHD
1019,Non-Target,No,0,None,ADHD
1020,Non-Target,No,0,None,ADHD
1021,Non-Target,No,0,None,ADHD
1022,Non-Target,No,0,None,ADHD
1023,Non-Target,No,0,None,ADHD
1024,Target,Yes,748,None,ADHD
1025,Non-Target,No,0,None,ADHD
1026,Non-Target,No,0,None,ADHD
1027,Target,No,0,Omission,ADHD
1028,Non-Target,No,0,None,ADHD
1029,Non-Target,No,0,None,ADHD
1030,Non-Target,No,0,None,ADHD
1031,Non-Target,No,0,None,ADHD
1032,Target,Yes,756,None,ADHD
1033,Non-Target,No,0,None,ADHD
1034,Non-Target,No,0,None,ADHD
1035,Target,Yes,800,None,ADHD
1036,Non-Target,No,0,None,ADHD
1037,Non-Target,Yes,783,Commission,ADHD
1038,Target,Yes,666,None,ADHD
1039,Non-Target,Yes,846,Commission,ADHD
1040,Non-Target,No,0,None,ADHD
1041,Non-Target,No,0,None,ADHD
1042,Target,No,0,Omission,ADHD
1043,Non-Target,No,0,None,ADHD
1044,Non-Target,No,0,None,ADHD
1045,Non-Target,No,0,None,ADHD
1046,Target,Yes,760,None,ADHD
1047,Target,Yes,655,None,ADHD
1048,Target,Yes,727,None,ADHD
1049,Non-Target,No,0,None,ADHD
1050,Non-Target,No,0,None,ADHD
1051,Non-Target,Yes,820,Commission,ADHD
1052,Non-Target,Yes,842,Commission,ADHD
1053,Target,Yes,694,None,ADHD
1054,Target,Yes,901,None,ADHD
1055,Target,Yes,575,None,ADHD
1056,Target,Yes,820,None,ADHD
1057,Non-Target,No,0,None,ADHD
1058,Target,Yes,703,None,ADHD
1059,Non-Target,No,0,None,ADHD
1060,Non-Target,No,0,None,ADHD
1061,Target,Yes,725,None,ADHD
1062,Non-Target,No,0,None,ADHD
1063,Non-Target,No,0,None,ADHD
1064,Non-Target,Yes,556,Commission,ADHD
1065,Non-Target,No,0,None,ADHD
1066,Target,No,0,Omission,ADHD
1067,Target,No,0,Omission,ADHD
1068,Non-Target,No,0,None,ADHD
1069,Non-Target,No,0,None,ADHD
1070,Non-Target,No,0,None,ADHD
1071,Non-Target,Yes,623,Commission,ADHD
1072,Non-Target,No,0,None,ADHD
1073,Target,Yes,834,None,ADHD
1074,Non-Target,No,0,None,ADHD
1075,Non-Target,No,0,None,ADHD
1076,Non-Target,No,0,None,ADHD
1077,Non-Target,No,0,None,ADHD
1078,Non-Target,No,0,None,ADHD
1079,Target,Yes,712,None,ADHD
1080,Target,Yes,640,None,ADHD
1081,Non-Target,No,0,None,ADHD
1082,Non-Target,Yes,703,Commission,ADHD
1083,Non-Target,No,0,None,ADHD
1084,Non-Target,No,0,None,ADHD
1085,Non-Target,No,0,None,ADHD
1086,Non-Target,No,0,None,ADHD
1087,Non-Target,No,0,None,ADHD
1088,Non-Target,No,0,None,ADHD
1089,Non-Target,No,0,None,ADHD
1090,Non-Target,No,0,None,ADHD
1091,Non-Target,No,0,None,ADHD
1092,Target,No,0,Omission,ADHD
1093,Non-Target,No,0,None,ADHD
1094,Non-Target,No,0,None,ADHD
1095,Non-Target,No,0,None,ADHD
1096,Target,Yes,807,None,ADHD
1097,Non-Target,No,0,None,ADHD
1098,Non-Target,No,0,None,ADHD
1099,Non-Target,No,0,None,ADHD
1100,Target,Yes,579,None,ADHD
1101,Non-Target,No,0,None,ADHD
1102,Non-Target,No,0,None,ADHD
1103,Non-Target,Yes,909,Commission,ADHD
1104,Target,Yes,805,None,ADHD
1105,Non-Target,No,0,None,ADHD
1106,Non-Target,No,0,None,ADHD
1107,Non-Target,Yes,777,Commission,ADHD
1108,Target,No,0,Omission,ADHD
1109,Non-Target,No,0,None,ADHD
1110,Non-Target,No,0,None,ADHD
1111,Non-Target,No,0,None,ADHD
1112,Target,Yes,782,None,ADHD
1113,Non-Target,No,0,None,ADHD
1114,Non-Target,No,0,None,ADHD
1115,Non-Target,No,0,None,ADHD
1116,Non-Target,No,0,None,ADHD
1117,Non-Target,No,0,None,ADHD
1118,Target,Yes,783,None,ADHD
1119,Target,Yes,803,None,ADHD
1120,Target,No,0,Omission,ADHD
1121,Non-Target,No,0,None,ADHD
1122,Non-Target,No,0,None,ADHD
1123,Non-Target,No,0,None,ADHD
1124,Non-Target,No,0,None,ADHD
1125,Non-Target,No,0,None,ADHD
1126,Non-Target,No,0,None,ADHD
1127,Target,Yes,756,None,ADHD
1128,Non-Target,No,0,None,ADHD
1129,Non-Target,No,0,None,ADHD
1130,Non-Target,No,0,None,ADHD
1131,Non-Target,No,0,None,ADHD
1132,Non-Target,No,0,None,ADHD
1133,Target,Yes,786,None,ADHD
1134,Non-Target,No,0,None,ADHD
1135,Non-Target,No,0,None,ADHD
1136,Target,Yes,901,None,ADHD
1137,Non-Target,No,0,None,ADHD
1138,Target,Yes,707,None,ADHD
1139,Target,No,0,Omission,ADHD
1140,Non-Target,Yes,831,Commission,ADHD
1141,Non-Target,No,0,None,ADHD
1142,Non-Target,No,0,None,ADHD
1143,Target,Yes,798,None,ADHD
1144,Non-Target,No,0,None,ADHD
1145,Target,Yes,651,None,ADHD
1146,Non-Target,No,0,None,ADHD
1147,Target,Yes,770,None,ADHD
1148,Non-Target,No,0,None,ADHD
1149,Target,Yes,834,None,ADHD
1150,Non-Target,No,0,None,ADHD
1151,Target,Yes,729,None,ADHD
1152,Non-Target,No,0,None,ADHD
1153,Non-Target,No,0,None,ADHD
1154,Non-Target,No,0,None,ADHD
1155,Non-Target,No,0,None,ADHD
1156,Non-Target,No,0,None,ADHD
1157,Non-Target,Yes,867,Commission,ADHD
1158,Non-Target,No,0,None,ADHD
1159,Target,Yes,719,None,ADHD
1160,Non-Target,No,0,None,ADHD
1161,Target,Yes,813,None,ADHD
1162,Non-Target,No,0,None,ADHD
1163,Non-Target,No,0,None,ADHD
1164,Target,Yes,727,None,ADHD
1165,Target,Yes,960,None,ADHD
1166,Non-Target,No,0,None,ADHD
1167,Target,Yes,696,None,ADHD
1168,Target,No,0,Omission,ADHD
1169,Non-Target,No,0,None,ADHD
1170,Non-Target,No,0,None,ADHD
1171,Non-Target,No,0,None,ADHD
1172,Non-Target,No,0,None,ADHD
1173,Non-Target,No,0,None,ADHD
1174,Non-Target,No,0,None,ADHD
1175,Non-Target,No,0,None,ADHD
1176,Non-Target,No,0,None,ADHD
1177,Target,Yes,741,None,ADHD
1178,Target,Yes,715,None,ADHD
1179,Non-Target,No,0,None,ADHD
1180,Target,Yes,802,None,ADHD
1181,Non-Target,No,0,None,ADHD
1182,Non-Target,No,0,None,ADHD
1183,Non-Target,No,0,None,ADHD
1184,Non-Target,No,0,None,ADHD
1185,Non-Target,No,0,None,ADHD
1186,Non-Target,No,0,None,ADHD
1187,Non-Target,No,0,None,ADHD
1188,Non-Target,No,0,None,ADHD
1189,Target,Yes,812,None,ADHD
1190,Non-Target,No,0,None,ADHD
1191,Target,Yes,885,None,ADHD
1192,Target,Yes,633,None,ADHD
1193,Target,Yes,770,None,ADHD
1194,Target,Yes,706,None,ADHD
1195,Target,No,0,Omission,ADHD
1196,Non-Target,Yes,746,Commission,ADHD
1197,Target,Yes,662,None,ADHD
1198,Non-Target,No,0,None,ADHD
1199,Target,No,0,Omission,ADHD
1200,Target,Yes,794,None,ADHD
