Trial,StimulusType,Reaction,ReactionTime(ms),ErrorType,Label
1,Non-Target,Yes,690,Commission,ADHD
2,Non-Target,Yes,940,Commission,ADHD
3,Non-Target,No,0,None,ADHD
4,Target,Yes,669,None,ADHD
5,Target,Yes,872,None,ADHD
6,Target,Yes,810,None,ADHD
7,Non-Target,Yes,779,Commission,ADHD
8,Non-Target,No,0,None,ADHD
9,Non-Target,No,0,None,ADHD
10,Target,Yes,843,None,ADHD
11,Non-Target,No,0,None,ADHD
12,Non-Target,No,0,None,ADHD
13,Non-Target,No,0,None,ADHD
14,Non-Target,No,0,None,ADHD
15,Non-Target,No,0,None,ADHD
16,Non-Target,Yes,683,Commission,ADHD
17,Non-Target,No,0,None,ADHD
18,Non-Target,Yes,892,Commission,ADHD
19,Non-Target,No,0,None,ADHD
20,Non-Target,No,0,None,ADHD
21,Non-Target,No,0,None,ADHD
22,Non-Target,No,0,None,ADHD
23,Non-Target,Yes,689,Commission,ADHD
24,Non-Target,Yes,852,Commission,ADHD
25,Non-Target,No,0,None,ADHD
26,Non-Target,No,0,None,ADHD
27,Non-Target,No,0,None,ADHD
28,Non-Target,No,0,None,ADHD
29,Non-Target,No,0,None,ADHD
30,Non-Target,Yes,822,Commission,ADHD
31,Target,No,0,Omission,ADHD
32,Target,Yes,906,None,ADHD
33,Non-Target,Yes,825,Commission,ADHD
34,Non-Target,Yes,651,Commission,ADHD
35,Non-Target,No,0,None,ADHD
36,Non-Target,No,0,None,ADHD
37,Non-Target,Yes,892,Commission,ADHD
38,Non-Target,No,0,None,ADHD
39,Target,Yes,696,None,ADHD
40,Target,Yes,609,None,ADHD
41,Non-Target,Yes,680,Commission,ADHD
42,Target,Yes,575,None,ADHD
43,Non-Target,Yes,745,Commission,ADHD
44,Target,No,0,Omission,ADHD
45,Target,No,0,Omission,ADHD
46,Non-Target,No,0,None,ADHD
47,Non-Target,No,0,None,ADHD
48,Target,No,0,Omission,ADHD
49,Non-Target,No,0,None,ADHD
50,Non-Target,Yes,797,Commission,ADHD
51,Non-Target,Yes,643,Commission,ADHD
52,Non-Target,No,0,None,ADHD
53,Non-Target,No,0,None,ADHD
54,Non-Target,No,0,None,ADHD
55,Non-Target,Yes,662,Commission,ADHD
56,Non-Target,Yes,926,Commission,ADHD
57,Target,No,0,Omission,ADHD
58,Non-Target,No,0,None,ADHD
59,Target,Yes,536,None,ADHD
60,Non-Target,No,0,None,ADHD
61,Target,Yes,578,None,ADHD
62,Target,Yes,891,None,ADHD
63,Non-Target,No,0,None,ADHD
64,Non-Target,Yes,823,Commission,ADHD
65,Non-Target,No,0,None,ADHD
66,Non-Target,Yes,837,Commission,ADHD
67,Non-Target,Yes,590,Commission,ADHD
68,Target,Yes,693,None,ADHD
69,Target,Yes,765,None,ADHD
70,Non-Target,No,0,None,ADHD
71,Non-Target,No,0,None,ADHD
72,Target,Yes,704,None,ADHD
73,Target,No,0,Omission,ADHD
74,Non-Target,No,0,None,ADHD
75,Non-Target,Yes,521,Commission,ADHD
76,Non-Target,No,0,None,ADHD
77,Non-Target,Yes,693,Commission,ADHD
78,Non-Target,No,0,None,ADHD
79,Non-Target,No,0,None,ADHD
80,Target,Yes,834,None,ADHD
81,Non-Target,No,0,None,ADHD
82,Non-Target,No,0,None,ADHD
83,Non-Target,Yes,965,Commission,ADHD
84,Non-Target,No,0,None,ADHD
85,Non-Target,No,0,None,ADHD
86,Non-Target,No,0,None,ADHD
87,Target,Yes,785,None,ADHD
88,Non-Target,No,0,None,ADHD
89,Non-Target,No,0,None,ADHD
90,Target,Yes,736,None,ADHD
91,Target,Yes,821,None,ADHD
92,Non-Target,Yes,839,Commission,ADHD
93,Non-Target,No,0,None,ADHD
94,Target,Yes,958,None,ADHD
95,Target,Yes,868,None,ADHD
96,Non-Target,No,0,None,ADHD
97,Non-Target,No,0,None,ADHD
98,Non-Target,No,0,None,ADHD
99,Target,Yes,823,None,ADHD
100,Non-Target,No,0,None,ADHD
101,Target,No,0,Omission,ADHD
102,Target,Yes,725,None,ADHD
103,Non-Target,No,0,None,ADHD
104,Non-Target,Yes,765,Commission,ADHD
105,Non-Target,No,0,None,ADHD
106,Target,Yes,765,None,ADHD
107,Non-Target,No,0,None,ADHD
108,Non-Target,Yes,1091,Commission,ADHD
109,Target,Yes,714,None,ADHD
110,Target,Yes,930,None,ADHD
111,Non-Target,No,0,None,ADHD
112,Non-Target,No,0,None,ADHD
113,Non-Target,No,0,None,ADHD
114,Non-Target,No,0,None,ADHD
115,Target,No,0,Omission,ADHD
116,Non-Target,No,0,None,ADHD
117,Non-Target,No,0,None,ADHD
118,Non-Target,No,0,None,ADHD
119,Non-Target,No,0,None,ADHD
120,Target,Yes,902,None,ADHD
121,Non-Target,No,0,None,ADHD
122,Target,Yes,956,None,ADHD
123,Target,Yes,689,None,ADHD
124,Non-Target,Yes,720,Commission,ADHD
125,Target,Yes,849,None,ADHD
126,Non-Target,No,0,None,ADHD
127,Non-Target,No,0,None,ADHD
128,Target,No,0,Omission,ADHD
129,Non-Target,No,0,None,ADHD
130,Non-Target,No,0,None,ADHD
131,Non-Target,No,0,None,ADHD
132,Non-Target,No,0,None,ADHD
133,Non-Target,No,0,None,ADHD
134,Non-Target,No,0,None,ADHD
135,Non-Target,No,0,None,ADHD
136,Non-Target,No,0,None,ADHD
137,Target,Yes,853,None,ADHD
138,Non-Target,No,0,None,ADHD
139,Non-Target,No,0,None,ADHD
140,Non-Target,No,0,None,ADHD
141,Non-Target,No,0,None,ADHD
142,Target,Yes,872,None,ADHD
143,Target,Yes,752,None,ADHD
144,Non-Target,No,0,None,ADHD
145,Non-Target,No,0,None,ADHD
146,Non-Target,No,0,None,ADHD
147,Non-Target,No,0,None,ADHD
148,Non-Target,Yes,834,Commission,ADHD
149,Non-Target,Yes,574,Commission,ADHD
150,Non-Target,No,0,None,ADHD
151,Non-Target,No,0,None,ADHD
152,Non-Target,No,0,None,ADHD
153,Non-Target,No,0,None,ADHD
154,Target,Yes,616,None,ADHD
155,Target,Yes,594,None,ADHD
156,Non-Target,No,0,None,ADHD
157,Target,Yes,645,None,ADHD
158,Non-Target,No,0,None,ADHD
159,Target,Yes,926,None,ADHD
160,Target,No,0,Omission,ADHD
161,Non-Target,No,0,None,ADHD
162,Non-Target,No,0,None,ADHD
163,Non-Target,Yes,588,Commission,ADHD
164,Non-Target,No,0,None,ADHD
165,Non-Target,No,0,None,ADHD
166,Non-Target,Yes,703,Commission,ADHD
167,Non-Target,Yes,860,Commission,ADHD
168,Target,Yes,941,None,ADHD
169,Non-Target,No,0,None,ADHD
170,Target,Yes,771,None,ADHD
171,Non-Target,No,0,None,ADHD
172,Non-Target,No,0,None,ADHD
173,Non-Target,No,0,None,ADHD
174,Non-Target,No,0,None,ADHD
175,Non-Target,No,0,None,ADHD
176,Non-Target,No,0,None,ADHD
177,Target,No,0,Omission,ADHD
178,Target,Yes,763,None,ADHD
179,Target,Yes,632,None,ADHD
180,Target,No,0,Omission,ADHD
181,Non-Target,No,0,None,ADHD
182,Non-Target,No,0,None,ADHD
183,Non-Target,No,0,None,ADHD
184,Non-Target,No,0,None,ADHD
185,Non-Target,No,0,None,ADHD
186,Non-Target,No,0,None,ADHD
187,Non-Target,No,0,None,ADHD
188,Non-Target,No,0,None,ADHD
189,Non-Target,No,0,None,ADHD
190,Non-Target,No,0,None,ADHD
191,Non-Target,No,0,None,ADHD
192,Non-Target,No,0,None,ADHD
193,Non-Target,No,0,None,ADHD
194,Target,Yes,650,None,ADHD
195,Non-Target,No,0,None,ADHD
196,Target,Yes,778,None,ADHD
197,Non-Target,No,0,None,ADHD
198,Non-Target,No,0,None,ADHD
199,Target,No,0,Omission,ADHD
200,Target,Yes,770,None,ADHD
201,Target,No,0,Omission,ADHD
202,Non-Target,Yes,751,Commission,ADHD
203,Non-Target,No,0,None,ADHD
204,Non-Target,No,0,None,ADHD
205,Non-Target,No,0,None,ADHD
206,Non-Target,No,0,None,ADHD
207,Non-Target,No,0,None,ADHD
208,Target,Yes,604,None,ADHD
209,Non-Target,No,0,None,ADHD
210,Target,Yes,946,None,ADHD
211,Non-Target,Yes,674,Commission,ADHD
212,Non-Target,No,0,None,ADHD
213,Target,Yes,708,None,ADHD
214,Non-Target,No,0,None,ADHD
215,Non-Target,No,0,None,ADHD
216,Non-Target,Yes,754,Commission,ADHD
217,Non-Target,No,0,None,ADHD
218,Non-Target,No,0,None,ADHD
219,Non-Target,No,0,None,ADHD
220,Non-Target,No,0,None,ADHD
221,Non-Target,No,0,None,ADHD
222,Non-Target,No,0,None,ADHD
223,Non-Target,No,0,None,ADHD
224,Target,Yes,721,None,ADHD
225,Non-Target,No,0,None,ADHD
226,Non-Target,Yes,673,Commission,ADHD
227,Non-Target,No,0,None,ADHD
228,Non-Target,No,0,None,ADHD
229,Target,Yes,962,None,ADHD
230,Non-Target,No,0,None,ADHD
231,Target,Yes,686,None,ADHD
232,Non-Target,No,0,None,ADHD
233,Target,Yes,679,None,ADHD
234,Non-Target,No,0,None,ADHD
235,Non-Target,No,0,None,ADHD
236,Target,No,0,Omission,ADHD
237,Non-Target,No,0,None,ADHD
238,Non-Target,No,0,None,ADHD
239,Non-Target,No,0,None,ADHD
240,Target,Yes,692,None,ADHD
241,Non-Target,No,0,None,ADHD
242,Non-Target,Yes,477,Commission,ADHD
243,Non-Target,No,0,None,ADHD
244,Non-Target,No,0,None,ADHD
245,Target,Yes,950,None,ADHD
246,Non-Target,No,0,None,ADHD
247,Non-Target,No,0,None,ADHD
248,Non-Target,Yes,869,Commission,ADHD
249,Non-Target,No,0,None,ADHD
250,Non-Target,Yes,758,Commission,ADHD
251,Non-Target,No,0,None,ADHD
252,Non-Target,No,0,None,ADHD
253,Non-Target,Yes,752,Commission,ADHD
254,Target,Yes,661,None,ADHD
255,Target,Yes,571,None,ADHD
256,Non-Target,No,0,None,ADHD
257,Non-Target,No,0,None,ADHD
258,Non-Target,No,0,None,ADHD
259,Non-Target,No,0,None,ADHD
260,Non-Target,No,0,None,ADHD
261,Non-Target,No,0,None,ADHD
262,Non-Target,No,0,None,ADHD
263,Non-Target,No,0,None,ADHD
264,Target,Yes,868,None,ADHD
265,Non-Target,No,0,None,ADHD
266,Non-Target,No,0,None,ADHD
267,Non-Target,No,0,None,ADHD
268,Non-Target,No,0,None,ADHD
269,Target,Yes,536,None,ADHD
270,Non-Target,No,0,None,ADHD
271,Non-Target,No,0,None,ADHD
272,Target,Yes,681,None,ADHD
273,Non-Target,No,0,None,ADHD
274,Non-Target,No,0,None,ADHD
275,Non-Target,No,0,None,ADHD
276,Non-Target,Yes,628,Commission,ADHD
277,Target,Yes,762,None,ADHD
278,Non-Target,No,0,None,ADHD
279,Non-Target,No,0,None,ADHD
280,Non-Target,No,0,None,ADHD
281,Target,Yes,667,None,ADHD
282,Target,No,0,Omission,ADHD
283,Target,No,0,Omission,ADHD
284,Non-Target,No,0,None,ADHD
285,Non-Target,No,0,None,ADHD
286,Target,Yes,813,None,ADHD
287,Target,Yes,901,None,ADHD
288,Target,Yes,997,None,ADHD
289,Non-Target,No,0,None,ADHD
290,Non-Target,No,0,None,ADHD
291,Target,Yes,401,None,ADHD
292,Non-Target,Yes,816,Commission,ADHD
293,Non-Target,No,0,None,ADHD
294,Non-Target,No,0,None,ADHD
295,Target,Yes,518,None,ADHD
296,Non-Target,Yes,667,Commission,ADHD
297,Target,Yes,692,None,ADHD
298,Target,Yes,406,None,ADHD
299,Non-Target,No,0,None,ADHD
300,Non-Target,No,0,None,ADHD
301,Non-Target,Yes,918,Commission,ADHD
302,Non-Target,Yes,889,Commission,ADHD
303,Non-Target,Yes,815,Commission,ADHD
304,Non-Target,No,0,None,ADHD
305,Non-Target,No,0,None,ADHD
306,Non-Target,No,0,None,ADHD
307,Non-Target,Yes,698,Commission,ADHD
308,Target,Yes,683,None,ADHD
309,Non-Target,No,0,None,ADHD
310,Non-Target,No,0,None,ADHD
311,Target,Yes,897,None,ADHD
312,Non-Target,No,0,None,ADHD
313,Target,Yes,526,None,ADHD
314,Non-Target,No,0,None,ADHD
315,Non-Target,No,0,None,ADHD
316,Target,No,0,Omission,ADHD
317,Target,Yes,674,None,ADHD
318,Target,Yes,759,None,ADHD
319,Non-Target,No,0,None,ADHD
320,Target,Yes,849,None,ADHD
321,Target,Yes,928,None,ADHD
322,Non-Target,No,0,None,ADHD
323,Target,No,0,Omission,ADHD
324,Non-Target,No,0,None,ADHD
325,Non-Target,Yes,899,Commission,ADHD
326,Target,Yes,967,None,ADHD
327,Non-Target,No,0,None,ADHD
328,Non-Target,No,0,None,ADHD
329,Target,Yes,677,None,ADHD
330,Non-Target,No,0,None,ADHD
331,Non-Target,No,0,None,ADHD
332,Non-Target,No,0,None,ADHD
333,Non-Target,Yes,972,Commission,ADHD
334,Target,Yes,704,None,ADHD
335,Non-Target,No,0,None,ADHD
336,Non-Target,No,0,None,ADHD
337,Target,No,0,Omission,ADHD
338,Non-Target,No,0,None,ADHD
339,Target,Yes,653,None,ADHD
340,Target,Yes,1036,None,ADHD
341,Non-Target,No,0,None,ADHD
342,Non-Target,No,0,None,ADHD
343,Non-Target,No,0,None,ADHD
344,Non-Target,No,0,None,ADHD
345,Target,Yes,578,None,ADHD
346,Non-Target,No,0,None,ADHD
347,Target,No,0,Omission,ADHD
348,Non-Target,Yes,738,Commission,ADHD
349,Non-Target,No,0,None,ADHD
350,Non-Target,No,0,None,ADHD
351,Target,Yes,675,None,ADHD
352,Non-Target,Yes,835,Commission,ADHD
353,Non-Target,No,0,None,ADHD
354,Non-Target,No,0,None,ADHD
355,Non-Target,No,0,None,ADHD
356,Non-Target,No,0,None,ADHD
357,Non-Target,No,0,None,ADHD
358,Non-Target,Yes,650,Commission,ADHD
359,Non-Target,No,0,None,ADHD
360,Non-Target,No,0,None,ADHD
361,Non-Target,No,0,None,ADHD
362,Non-Target,No,0,None,ADHD
363,Non-Target,Yes,754,Commission,ADHD
364,Target,Yes,575,None,ADHD
365,Target,Yes,1055,None,ADHD
366,Target,Yes,583,None,ADHD
367,Non-Target,No,0,None,ADHD
368,Target,No,0,Omission,ADHD
369,Non-Target,No,0,None,ADHD
370,Target,Yes,838,None,ADHD
371,Non-Target,No,0,None,ADHD
372,Non-Target,No,0,None,ADHD
373,Target,Yes,724,None,ADHD
374,Non-Target,No,0,None,ADHD
375,Non-Target,No,0,None,ADHD
376,Target,No,0,Omission,ADHD
377,Non-Target,No,0,None,ADHD
378,Non-Target,Yes,817,Commission,ADHD
379,Non-Target,No,0,None,ADHD
380,Non-Target,No,0,None,ADHD
381,Target,No,0,Omission,ADHD
382,Non-Target,No,0,None,ADHD
383,Non-Target,No,0,None,ADHD
384,Non-Target,No,0,None,ADHD
385,Non-Target,No,0,None,ADHD
386,Target,Yes,589,None,ADHD
387,Non-Target,Yes,618,Commission,ADHD
388,Non-Target,Yes,832,Commission,ADHD
389,Target,No,0,Omission,ADHD
390,Non-Target,No,0,None,ADHD
391,Non-Target,No,0,None,ADHD
392,Non-Target,No,0,None,ADHD
393,Target,No,0,Omission,ADHD
394,Non-Target,Yes,763,Commission,ADHD
395,Target,Yes,893,None,ADHD
396,Non-Target,Yes,912,Commission,ADHD
397,Non-Target,No,0,None,ADHD
398,Non-Target,No,0,None,ADHD
399,Non-Target,No,0,None,ADHD
400,Target,No,0,Omission,ADHD
401,Non-Target,No,0,None,ADHD
402,Target,Yes,561,None,ADHD
403,Non-Target,Yes,852,Commission,ADHD
404,Non-Target,No,0,None,ADHD
405,Target,Yes,672,None,ADHD
406,Non-Target,No,0,None,ADHD
407,Non-Target,No,0,None,ADHD
408,Non-Target,No,0,None,ADHD
409,Target,Yes,729,None,ADHD
410,Non-Target,Yes,718,Commission,ADHD
411,Non-Target,No,0,None,ADHD
412,Non-Target,No,0,None,ADHD
413,Target,Yes,833,None,ADHD
414,Target,Yes,593,None,ADHD
415,Target,Yes,597,None,ADHD
416,Non-Target,No,0,None,ADHD
417,Non-Target,No,0,None,ADHD
418,Target,Yes,679,None,ADHD
419,Non-Target,No,0,None,ADHD
420,Non-Target,No,0,None,ADHD
421,Non-Target,No,0,None,ADHD
422,Non-Target,No,0,None,ADHD
423,Target,Yes,600,None,ADHD
424,Target,No,0,Omission,ADHD
425,Non-Target,No,0,None,ADHD
426,Target,Yes,519,None,ADHD
427,Non-Target,Yes,1071,Commission,ADHD
428,Non-Target,No,0,None,ADHD
429,Target,No,0,Omission,ADHD
430,Non-Target,No,0,None,ADHD
431,Non-Target,No,0,None,ADHD
432,Non-Target,No,0,None,ADHD
433,Non-Target,No,0,None,ADHD
434,Target,Yes,809,None,ADHD
435,Non-Target,No,0,None,ADHD
436,Non-Target,Yes,590,Commission,ADHD
437,Non-Target,No,0,None,ADHD
438,Non-Target,No,0,None,ADHD
439,Non-Target,No,0,None,ADHD
440,Target,No,0,Omission,ADHD
441,Non-Target,No,0,None,ADHD
442,Target,No,0,Omission,ADHD
443,Non-Target,No,0,None,ADHD
444,Non-Target,Yes,481,Commission,ADHD
445,Non-Target,No,0,None,ADHD
446,Non-Target,No,0,None,ADHD
447,Non-Target,No,0,None,ADHD
448,Non-Target,No,0,None,ADHD
449,Target,Yes,580,None,ADHD
450,Non-Target,No,0,None,ADHD
451,Non-Target,No,0,None,ADHD
452,Non-Target,No,0,None,ADHD
453,Non-Target,No,0,None,ADHD
454,Target,Yes,684,None,ADHD
455,Target,Yes,715,None,ADHD
456,Non-Target,No,0,None,ADHD
457,Target,Yes,782,None,ADHD
458,Target,No,0,Omission,ADHD
459,Non-Target,No,0,None,ADHD
460,Non-Target,Yes,840,Commission,ADHD
461,Non-Target,No,0,None,ADHD
462,Non-Target,No,0,None,ADHD
463,Non-Target,No,0,None,ADHD
464,Non-Target,No,0,None,ADHD
465,Target,Yes,914,None,ADHD
466,Non-Target,No,0,None,ADHD
467,Non-Target,No,0,None,ADHD
468,Non-Target,No,0,None,ADHD
469,Non-Target,Yes,861,Commission,ADHD
470,Non-Target,No,0,None,ADHD
471,Non-Target,No,0,None,ADHD
472,Non-Target,No,0,None,ADHD
473,Non-Target,No,0,None,ADHD
474,Non-Target,No,0,None,ADHD
475,Target,Yes,491,None,ADHD
476,Non-Target,No,0,None,ADHD
477,Non-Target,No,0,None,ADHD
478,Non-Target,No,0,None,ADHD
479,Non-Target,Yes,695,Commission,ADHD
480,Non-Target,No,0,None,ADHD
481,Non-Target,No,0,None,ADHD
482,Non-Target,Yes,863,Commission,ADHD
483,Non-Target,No,0,None,ADHD
484,Target,Yes,586,None,ADHD
485,Target,No,0,Omission,ADHD
486,Target,Yes,636,None,ADHD
487,Non-Target,No,0,None,ADHD
488,Target,Yes,890,None,ADHD
489,Non-Target,No,0,None,ADHD
490,Non-Target,No,0,None,ADHD
491,Target,Yes,1019,None,ADHD
492,Non-Target,No,0,None,ADHD
493,Target,Yes,628,None,ADHD
494,Non-Target,No,0,None,ADHD
495,Non-Target,No,0,None,ADHD
496,Non-Target,No,0,None,ADHD
497,Non-Target,No,0,None,ADHD
498,Non-Target,Yes,731,Commission,ADHD
499,Non-Target,No,0,None,ADHD
500,Non-Target,No,0,None,ADHD
501,Target,Yes,791,None,ADHD
502,Non-Target,No,0,None,ADHD
503,Target,No,0,Omission,ADHD
504,Non-Target,No,0,None,ADHD
505,Non-Target,No,0,None,ADHD
506,Non-Target,No,0,None,ADHD
507,Non-Target,Yes,846,Commission,ADHD
508,Non-Target,Yes,755,Commission,ADHD
509,Non-Target,Yes,988,Commission,ADHD
510,Non-Target,Yes,646,Commission,ADHD
511,Non-Target,No,0,None,ADHD
512,Non-Target,No,0,None,ADHD
513,Non-Target,No,0,None,ADHD
514,Target,Yes,486,None,ADHD
515,Non-Target,No,0,None,ADHD
516,Non-Target,No,0,None,ADHD
517,Non-Target,No,0,None,ADHD
518,Non-Target,No,0,None,ADHD
519,Non-Target,No,0,None,ADHD
520,Non-Target,Yes,794,Commission,ADHD
521,Target,Yes,786,None,ADHD
522,Non-Target,No,0,None,ADHD
523,Non-Target,No,0,None,ADHD
524,Non-Target,No,0,None,ADHD
525,Non-Target,Yes,567,Commission,ADHD
526,Non-Target,No,0,None,ADHD
527,Non-Target,No,0,None,ADHD
528,Target,No,0,Omission,ADHD
529,Non-Target,No,0,None,ADHD
530,Non-Target,No,0,None,ADHD
531,Non-Target,No,0,None,ADHD
532,Non-Target,No,0,None,ADHD
533,Target,Yes,858,None,ADHD
534,Non-Target,Yes,832,Commission,ADHD
535,Non-Target,No,0,None,ADHD
536,Non-Target,Yes,867,Commission,ADHD
537,Non-Target,No,0,None,ADHD
538,Target,Yes,700,None,ADHD
539,Non-Target,No,0,None,ADHD
540,Target,No,0,Omission,ADHD
541,Non-Target,Yes,447,Commission,ADHD
542,Non-Target,No,0,None,ADHD
543,Target,Yes,700,None,ADHD
544,Non-Target,No,0,None,ADHD
545,Target,No,0,Omission,ADHD
546,Non-Target,No,0,None,ADHD
547,Non-Target,No,0,None,ADHD
548,Target,Yes,810,None,ADHD
549,Non-Target,No,0,None,ADHD
550,Non-Target,Yes,704,Commission,ADHD
551,Non-Target,No,0,None,ADHD
552,Non-Target,No,0,None,ADHD
553,Target,Yes,439,None,ADHD
554,Target,Yes,646,None,ADHD
555,Non-Target,No,0,None,ADHD
556,Target,Yes,811,None,ADHD
557,Target,Yes,717,None,ADHD
558,Non-Target,Yes,768,Commission,ADHD
559,Non-Target,Yes,756,Commission,ADHD
560,Non-Target,No,0,None,ADHD
561,Non-Target,Yes,771,Commission,ADHD
562,Non-Target,No,0,None,ADHD
563,Non-Target,Yes,891,Commission,ADHD
564,Non-Target,No,0,None,ADHD
565,Non-Target,No,0,None,ADHD
566,Non-Target,No,0,None,ADHD
567,Non-Target,Yes,858,Commission,ADHD
568,Target,Yes,601,None,ADHD
569,Non-Target,No,0,None,ADHD
570,Non-Target,No,0,None,ADHD
571,Non-Target,No,0,None,ADHD
572,Non-Target,No,0,None,ADHD
573,Non-Target,No,0,None,ADHD
574,Non-Target,Yes,766,Commission,ADHD
575,Non-Target,Yes,991,Commission,ADHD
576,Non-Target,No,0,None,ADHD
577,Non-Target,No,0,None,ADHD
578,Target,Yes,836,None,ADHD
579,Non-Target,Yes,769,Commission,ADHD
580,Non-Target,Yes,715,Commission,ADHD
581,Non-Target,No,0,None,ADHD
582,Target,Yes,682,None,ADHD
583,Non-Target,Yes,738,Commission,ADHD
584,Target,Yes,851,None,ADHD
585,Non-Target,No,0,None,ADHD
586,Non-Target,No,0,None,ADHD
587,Non-Target,No,0,None,ADHD
588,Non-Target,No,0,None,ADHD
589,Non-Target,Yes,675,Commission,ADHD
590,Non-Target,No,0,None,ADHD
591,Target,Yes,770,None,ADHD
592,Non-Target,No,0,None,ADHD
593,Non-Target,Yes,782,Commission,ADHD
594,Target,Yes,699,None,ADHD
595,Non-Target,No,0,None,ADHD
596,Target,No,0,Omission,ADHD
597,Non-Target,No,0,None,ADHD
598,Target,Yes,708,None,ADHD
599,Non-Target,No,0,None,ADHD
600,Non-Target,No,0,None,ADHD
601,Non-Target,No,0,None,ADHD
602,Non-Target,No,0,None,ADHD
603,Target,Yes,460,None,ADHD
604,Target,No,0,Omission,ADHD
605,Target,Yes,767,None,ADHD
606,Non-Target,No,0,None,ADHD
607,Non-Target,Yes,704,Commission,ADHD
608,Target,Yes,848,None,ADHD
609,Non-Target,No,0,None,ADHD
610,Non-Target,No,0,None,ADHD
611,Target,No,0,Omission,ADHD
612,Non-Target,No,0,None,ADHD
613,Target,No,0,Omission,ADHD
614,Non-Target,No,0,None,ADHD
615,Target,No,0,Omission,ADHD
616,Non-Target,Yes,624,Commission,ADHD
617,Non-Target,No,0,None,ADHD
618,Non-Target,No,0,None,ADHD
619,Non-Target,No,0,None,ADHD
620,Non-Target,No,0,None,ADHD
621,Target,Yes,714,None,ADHD
622,Non-Target,No,0,None,ADHD
623,Target,Yes,598,None,ADHD
624,Target,Yes,609,None,ADHD
625,Non-Target,No,0,None,ADHD
626,Target,Yes,750,None,ADHD
627,Target,Yes,518,None,ADHD
628,Non-Target,No,0,None,ADHD
629,Target,Yes,747,None,ADHD
630,Non-Target,No,0,None,ADHD
631,Target,Yes,617,None,ADHD
632,Non-Target,No,0,None,ADHD
633,Target,Yes,678,None,ADHD
634,Non-Target,Yes,755,Commission,ADHD
635,Target,Yes,719,None,ADHD
636,Non-Target,No,0,None,ADHD
637,Target,Yes,454,None,ADHD
638,Target,Yes,592,None,ADHD
639,Non-Target,No,0,None,ADHD
640,Non-Target,No,0,None,ADHD
641,Target,Yes,663,None,ADHD
642,Target,No,0,Omission,ADHD
643,Non-Target,No,0,None,ADHD
644,Non-Target,No,0,None,ADHD
645,Target,Yes,771,None,ADHD
646,Target,Yes,712,None,ADHD
647,Target,Yes,824,None,ADHD
648,Target,No,0,Omission,ADHD
649,Target,No,0,Omission,ADHD
650,Non-Target,No,0,None,ADHD
651,Target,No,0,Omission,ADHD
652,Target,Yes,571,None,ADHD
653,Non-Target,No,0,None,ADHD
654,Target,No,0,Omission,ADHD
655,Non-Target,Yes,698,Commission,ADHD
656,Non-Target,No,0,None,ADHD
657,Non-Target,No,0,None,ADHD
658,Non-Target,No,0,None,ADHD
659,Non-Target,No,0,None,ADHD
660,Non-Target,No,0,None,ADHD
661,Target,Yes,528,None,ADHD
662,Non-Target,No,0,None,ADHD
663,Non-Target,Yes,880,Commission,ADHD
664,Non-Target,Yes,620,Commission,ADHD
665,Target,Yes,693,None,ADHD
666,Non-Target,No,0,None,ADHD
667,Non-Target,No,0,None,ADHD
668,Non-Target,No,0,None,ADHD
669,Non-Target,No,0,None,ADHD
670,Non-Target,Yes,679,Commission,ADHD
671,Target,Yes,707,None,ADHD
672,Non-Target,No,0,None,ADHD
673,Non-Target,Yes,651,Commission,ADHD
674,Target,Yes,813,None,ADHD
675,Target,Yes,855,None,ADHD
676,Non-Target,No,0,None,ADHD
677,Non-Target,No,0,None,ADHD
678,Target,Yes,550,None,ADHD
679,Target,Yes,551,None,ADHD
680,Non-Target,No,0,None,ADHD
681,Non-Target,No,0,None,ADHD
682,Non-Target,No,0,None,ADHD
683,Non-Target,No,0,None,ADHD
684,Non-Target,No,0,None,ADHD
685,Target,Yes,746,None,ADHD
686,Target,Yes,645,None,ADHD
687,Non-Target,No,0,None,ADHD
688,Non-Target,Yes,564,Commission,ADHD
689,Target,Yes,850,None,ADHD
690,Non-Target,No,0,None,ADHD
691,Non-Target,No,0,None,ADHD
692,Target,Yes,685,None,ADHD
693,Non-Target,No,0,None,ADHD
694,Target,No,0,Omission,ADHD
695,Non-Target,No,0,None,ADHD
696,Non-Target,No,0,None,ADHD
697,Non-Target,No,0,None,ADHD
698,Non-Target,No,0,None,ADHD
699,Target,Yes,513,None,ADHD
700,Non-Target,No,0,None,ADHD
701,Non-Target,No,0,None,ADHD
702,Non-Target,No,0,None,ADHD
703,Target,Yes,903,None,ADHD
704,Non-Target,No,0,None,ADHD
705,Target,Yes,698,None,ADHD
706,Non-Target,No,0,None,ADHD
707,Target,Yes,693,None,ADHD
708,Non-Target,No,0,None,ADHD
709,Target,Yes,1047,None,ADHD
710,Non-Target,No,0,None,ADHD
711,Non-Target,No,0,None,ADHD
712,Target,No,0,Omission,ADHD
713,Non-Target,No,0,None,ADHD
714,Target,Yes,723,None,ADHD
715,Non-Target,No,0,None,ADHD
716,Non-Target,No,0,None,ADHD
717,Non-Target,No,0,None,ADHD
718,Target,No,0,Omission,ADHD
719,Non-Target,No,0,None,ADHD
720,Non-Target,No,0,None,ADHD
721,Non-Target,No,0,None,ADHD
722,Non-Target,No,0,None,ADHD
723,Non-Target,No,0,None,ADHD
724,Non-Target,No,0,None,ADHD
725,Target,Yes,690,None,ADHD
726,Target,Yes,754,None,ADHD
727,Non-Target,Yes,863,Commission,ADHD
728,Target,Yes,768,None,ADHD
729,Non-Target,No,0,None,ADHD
730,Non-Target,No,0,None,ADHD
731,Target,Yes,630,None,ADHD
732,Target,Yes,618,None,ADHD
733,Target,Yes,848,None,ADHD
734,Non-Target,No,0,None,ADHD
735,Non-Target,Yes,592,Commission,ADHD
736,Non-Target,No,0,None,ADHD
737,Non-Target,No,0,None,ADHD
738,Non-Target,Yes,883,Commission,ADHD
739,Non-Target,No,0,None,ADHD
740,Non-Target,No,0,None,ADHD
741,Target,Yes,588,None,ADHD
742,Target,Yes,648,None,ADHD
743,Non-Target,No,0,None,ADHD
744,Non-Target,No,0,None,ADHD
745,Non-Target,No,0,None,ADHD
746,Non-Target,No,0,None,ADHD
747,Non-Target,Yes,918,Commission,ADHD
748,Non-Target,Yes,803,Commission,ADHD
749,Target,Yes,806,None,ADHD
750,Target,No,0,Omission,ADHD
751,Non-Target,No,0,None,ADHD
752,Non-Target,No,0,None,ADHD
753,Target,Yes,841,None,ADHD
754,Target,Yes,596,None,ADHD
755,Non-Target,No,0,None,ADHD
756,Non-Target,No,0,None,ADHD
757,Non-Target,Yes,861,Commission,ADHD
758,Target,Yes,673,None,ADHD
759,Non-Target,No,0,None,ADHD
760,Non-Target,No,0,None,ADHD
761,Non-Target,No,0,None,ADHD
762,Non-Target,No,0,None,ADHD
763,Non-Target,No,0,None,ADHD
764,Non-Target,No,0,None,ADHD
765,Non-Target,No,0,None,ADHD
766,Non-Target,Yes,680,Commission,ADHD
767,Target,No,0,Omission,ADHD
768,Non-Target,No,0,None,ADHD
769,Target,Yes,699,None,ADHD
770,Target,Yes,811,None,ADHD
771,Target,No,0,Omission,ADHD
772,Non-Target,No,0,None,ADHD
773,Target,Yes,832,None,ADHD
774,Target,Yes,584,None,ADHD
775,Target,Yes,535,None,ADHD
776,Non-Target,No,0,None,ADHD
777,Non-Target,No,0,None,ADHD
778,Non-Target,No,0,None,ADHD
779,Non-Target,Yes,785,Commission,ADHD
780,Non-Target,Yes,760,Commission,ADHD
781,Target,Yes,928,None,ADHD
782,Non-Target,No,0,None,ADHD
783,Non-Target,No,0,None,ADHD
784,Non-Target,No,0,None,ADHD
785,Non-Target,No,0,None,ADHD
786,Non-Target,No,0,None,ADHD
787,Non-Target,No,0,None,ADHD
788,Target,Yes,658,None,ADHD
789,Non-Target,Yes,638,Commission,ADHD
790,Non-Target,Yes,732,Commission,ADHD
791,Non-Target,No,0,None,ADHD
792,Non-Target,Yes,701,Commission,ADHD
793,Non-Target,No,0,None,ADHD
794,Non-Target,No,0,None,ADHD
795,Non-Target,No,0,None,ADHD
796,Non-Target,Yes,830,Commission,ADHD
797,Non-Target,No,0,None,ADHD
798,Non-Target,No,0,None,ADHD
799,Target,Yes,683,None,ADHD
800,Target,Yes,631,None,ADHD
801,Non-Target,Yes,883,Commission,ADHD
802,Non-Target,No,0,None,ADHD
803,Non-Target,Yes,644,Commission,ADHD
804,Non-Target,No,0,None,ADHD
805,Non-Target,No,0,None,ADHD
806,Target,No,0,Omission,ADHD
807,Non-Target,No,0,None,ADHD
808,Target,Yes,693,None,ADHD
809,Target,Yes,673,None,ADHD
810,Non-Target,No,0,None,ADHD
811,Non-Target,No,0,None,ADHD
812,Non-Target,Yes,608,Commission,ADHD
813,Target,Yes,588,None,ADHD
814,Target,Yes,773,None,ADHD
815,Non-Target,No,0,None,ADHD
816,Non-Target,No,0,None,ADHD
817,Target,No,0,Omission,ADHD
818,Non-Target,No,0,None,ADHD
819,Target,Yes,849,None,ADHD
820,Target,Yes,631,None,ADHD
821,Non-Target,No,0,None,ADHD
822,Non-Target,No,0,None,ADHD
823,Non-Target,No,0,None,ADHD
824,Non-Target,No,0,None,ADHD
825,Non-Target,No,0,None,ADHD
826,Non-Target,No,0,None,ADHD
827,Non-Target,No,0,None,ADHD
828,Target,No,0,Omission,ADHD
829,Non-Target,No,0,None,ADHD
830,Non-Target,No,0,None,ADHD
831,Non-Target,No,0,None,ADHD
832,Non-Target,No,0,None,ADHD
833,Non-Target,Yes,788,Commission,ADHD
834,Non-Target,No,0,None,ADHD
835,Non-Target,No,0,None,ADHD
836,Non-Target,No,0,None,ADHD
837,Target,No,0,Omission,ADHD
838,Non-Target,No,0,None,ADHD
839,Non-Target,No,0,None,ADHD
840,Target,No,0,Omission,ADHD
841,Non-Target,No,0,None,ADHD
842,Non-Target,No,0,None,ADHD
843,Target,Yes,639,None,ADHD
844,Target,No,0,Omission,ADHD
845,Non-Target,No,0,None,ADHD
846,Non-Target,Yes,626,Commission,ADHD
847,Non-Target,Yes,764,Commission,ADHD
848,Non-Target,Yes,587,Commission,ADHD
849,Target,Yes,702,None,ADHD
850,Non-Target,No,0,None,ADHD
851,Target,No,0,Omission,ADHD
852,Non-Target,Yes,816,Commission,ADHD
853,Non-Target,No,0,None,ADHD
854,Non-Target,No,0,None,ADHD
855,Non-Target,No,0,None,ADHD
856,Non-Target,Yes,837,Commission,ADHD
857,Non-Target,Yes,369,Commission,ADHD
858,Target,Yes,684,None,ADHD
859,Non-Target,No,0,None,ADHD
860,Target,No,0,Omission,ADHD
861,Non-Target,No,0,None,ADHD
862,Non-Target,No,0,None,ADHD
863,Non-Target,No,0,None,ADHD
864,Target,Yes,896,None,ADHD
865,Target,Yes,774,None,ADHD
866,Non-Target,Yes,624,Commission,ADHD
867,Target,Yes,611,None,ADHD
868,Target,No,0,Omission,ADHD
869,Non-Target,No,0,None,ADHD
870,Non-Target,No,0,None,ADHD
871,Non-Target,No,0,None,ADHD
872,Non-Target,No,0,None,ADHD
873,Non-Target,No,0,None,ADHD
874,Non-Target,No,0,None,ADHD
875,Target,Yes,883,None,ADHD
876,Target,Yes,1092,None,ADHD
877,Target,Yes,868,None,ADHD
878,Target,No,0,Omission,ADHD
879,Target,Yes,844,None,ADHD
880,Non-Target,No,0,None,ADHD
881,Non-Target,No,0,None,ADHD
882,Non-Target,No,0,None,ADHD
883,Non-Target,No,0,None,ADHD
884,Target,No,0,Omission,ADHD
885,Non-Target,No,0,None,ADHD
886,Non-Target,Yes,572,Commission,ADHD
887,Non-Target,No,0,None,ADHD
888,Target,No,0,Omission,ADHD
889,Non-Target,No,0,None,ADHD
890,Non-Target,No,0,None,ADHD
891,Non-Target,No,0,None,ADHD
892,Target,Yes,843,None,ADHD
893,Non-Target,No,0,None,ADHD
894,Non-Target,No,0,None,ADHD
895,Non-Target,No,0,None,ADHD
896,Target,Yes,599,None,ADHD
897,Non-Target,No,0,None,ADHD
898,Non-Target,No,0,None,ADHD
899,Non-Target,No,0,None,ADHD
900,Non-Target,No,0,None,ADHD
901,Non-Target,No,0,None,ADHD
902,Target,Yes,630,None,ADHD
903,Non-Target,No,0,None,ADHD
904,Target,No,0,Omission,ADHD
905,Target,Yes,749,None,ADHD
906,Non-Target,Yes,699,Commission,ADHD
907,Non-Target,No,0,None,ADHD
908,Non-Target,No,0,None,ADHD
909,Target,No,0,Omission,ADHD
910,Non-Target,No,0,None,ADHD
911,Non-Target,No,0,None,ADHD
912,Non-Target,No,0,None,ADHD
913,Non-Target,No,0,None,ADHD
914,Non-Target,No,0,None,ADHD
915,Non-Target,No,0,None,ADHD
916,Non-Target,No,0,None,ADHD
917,Non-Target,No,0,None,ADHD
918,Non-Target,No,0,None,ADHD
919,Non-Target,No,0,None,ADHD
920,Non-Target,Yes,772,Commission,ADHD
921,Target,Yes,694,None,ADHD
922,Non-Target,No,0,None,ADHD
923,Non-Target,No,0,None,ADHD
924,Target,No,0,Omission,ADHD
925,Non-Target,No,0,None,ADHD
926,Non-Target,No,0,None,ADHD
927,Target,Yes,763,None,ADHD
928,Non-Target,No,0,None,ADHD
929,Non-Target,No,0,None,ADHD
930,Target,Yes,595,None,ADHD
931,Target,Yes,759,None,ADHD
932,Non-Target,No,0,None,ADHD
933,Non-Target,No,0,None,ADHD
934,Non-Target,No,0,None,ADHD
935,Non-Target,No,0,None,ADHD
936,Non-Target,No,0,None,ADHD
937,Target,Yes,852,None,ADHD
938,Target,Yes,717,None,ADHD
939,Non-Target,No,0,None,ADHD
940,Non-Target,No,0,None,ADHD
941,Target,Yes,699,None,ADHD
942,Non-Target,No,0,None,ADHD
943,Non-Target,Yes,607,Commission,ADHD
944,Non-Target,No,0,None,ADHD
945,Target,Yes,633,None,ADHD
946,Non-Target,No,0,None,ADHD
947,Non-Target,No,0,None,ADHD
948,Non-Target,No,0,None,ADHD
949,Non-Target,No,0,None,ADHD
950,Target,Yes,973,None,ADHD
951,Non-Target,No,0,None,ADHD
952,Non-Target,No,0,None,ADHD
953,Non-Target,Yes,595,Commission,ADHD
954,Target,No,0,Omission,ADHD
955,Non-Target,No,0,None,ADHD
956,Non-Target,Yes,639,Commission,ADHD
957,Non-Target,No,0,None,ADHD
958,Non-Target,No,0,None,ADHD
959,Non-Target,No,0,None,ADHD
960,Target,Yes,733,None,ADHD
961,Non-Target,Yes,788,Commission,ADHD
962,Target,Yes,855,None,ADHD
963,Non-Target,Yes,712,Commission,ADHD
964,Non-Target,No,0,None,ADHD
965,Target,No,0,Omission,ADHD
966,Target,Yes,783,None,ADHD
967,Non-Target,No,0,None,ADHD
968,Non-Target,No,0,None,ADHD
969,Target,Yes,792,None,ADHD
970,Non-Target,No,0,None,ADHD
971,Non-Target,No,0,None,ADHD
972,Non-Target,No,0,None,ADHD
973,Non-Target,No,0,None,ADHD
974,Target,Yes,594,None,ADHD
975,Non-Target,No,0,None,ADHD
976,Non-Target,No,0,None,ADHD
977,Target,Yes,642,None,ADHD
978,Non-Target,No,0,None,ADHD
979,Non-Target,No,0,None,ADHD
980,Non-Target,No,0,None,ADHD
981,Non-Target,Yes,810,Commission,ADHD
982,Non-Target,No,0,None,ADHD
983,Non-Target,No,0,None,ADHD
984,Non-Target,No,0,None,ADHD
985,Non-Target,No,0,None,ADHD
986,Non-Target,No,0,None,ADHD
987,Non-Target,No,0,None,ADHD
988,Non-Target,No,0,None,ADHD
989,Non-Target,No,0,None,ADHD
990,Target,Yes,580,None,ADHD
991,Non-Target,No,0,None,ADHD
992,Non-Target,No,0,None,ADHD
993,Non-Target,No,0,None,ADHD
994,Non-Target,No,0,None,ADHD
995,Non-Target,Yes,799,Commission,ADHD
996,Target,No,0,Omission,ADHD
997,Non-Target,No,0,None,ADHD
998,Non-Target,No,0,None,ADHD
999,Target,Yes,839,None,ADHD
1000,Target,Yes,750,None,ADHD
1001,Non-Target,Yes,686,Commission,ADHD
1002,Non-Target,No,0,None,ADHD
1003,Target,Yes,851,None,ADHD
1004,Non-Target,No,0,None,ADHD
1005,Non-Target,No,0,None,ADHD
1006,Non-Target,Yes,631,Commission,ADHD
1007,Non-Target,Yes,750,Commission,ADHD
1008,Non-Target,No,0,None,ADHD
1009,Non-Target,No,0,None,ADHD
1010,Target,No,0,Omission,ADHD
1011,Non-Target,No,0,None,ADHD
1012,Target,Yes,522,None,ADHD
1013,Non-Target,No,0,None,ADHD
1014,Target,No,0,Omission,ADHD
1015,Non-Target,No,0,None,ADHD
1016,Target,Yes,814,None,ADHD
1017,Non-Target,No,0,None,ADHD
1018,Non-Target,No,0,None,ADHD
1019,Target,Yes,631,None,ADHD
1020,Non-Target,No,0,None,ADHD
1021,Non-Target,Yes,925,Commission,ADHD
1022,Non-Target,No,0,None,ADHD
1023,Non-Target,No,0,None,ADHD
1024,Target,Yes,771,None,ADHD
1025,Non-Target,Yes,721,Commission,ADHD
1026,Non-Target,Yes,798,Commission,ADHD
1027,Target,Yes,779,None,ADHD
1028,Non-Target,No,0,None,ADHD
1029,Non-Target,No,0,None,ADHD
1030,Non-Target,No,0,None,ADHD
1031,Non-Target,No,0,None,ADHD
1032,Non-Target,No,0,None,ADHD
1033,Non-Target,No,0,None,ADHD
1034,Non-Target,No,0,None,ADHD
1035,Target,Yes,848,None,ADHD
1036,Non-Target,No,0,None,ADHD
1037,Target,Yes,666,None,ADHD
1038,Non-Target,No,0,None,ADHD
1039,Target,Yes,737,None,ADHD
1040,Non-Target,No,0,None,ADHD
1041,Non-Target,No,0,None,ADHD
1042,Non-Target,No,0,None,ADHD
1043,Non-Target,No,0,None,ADHD
1044,Non-Target,No,0,None,ADHD
1045,Target,Yes,611,None,ADHD
1046,Target,Yes,591,None,ADHD
1047,Non-Target,No,0,None,ADHD
1048,Non-Target,No,0,None,ADHD
1049,Target,Yes,568,None,ADHD
1050,Non-Target,No,0,None,ADHD
1051,Non-Target,No,0,None,ADHD
1052,Target,Yes,731,None,ADHD
1053,Non-Target,No,0,None,ADHD
1054,Non-Target,Yes,551,Commission,ADHD
1055,Non-Target,No,0,None,ADHD
1056,Non-Target,No,0,None,ADHD
1057,Non-Target,No,0,None,ADHD
1058,Non-Target,No,0,None,ADHD
1059,Non-Target,Yes,746,Commission,ADHD
1060,Non-Target,Yes,516,Commission,ADHD
1061,Target,Yes,968,None,ADHD
1062,Non-Target,No,0,None,ADHD
1063,Non-Target,Yes,592,Commission,ADHD
1064,Non-Target,No,0,None,ADHD
1065,Non-Target,No,0,None,ADHD
1066,Non-Target,No,0,None,ADHD
1067,Non-Target,No,0,None,ADHD
1068,Non-Target,No,0,None,ADHD
1069,Non-Target,No,0,None,ADHD
1070,Non-Target,No,0,None,ADHD
1071,Target,Yes,520,None,ADHD
1072,Target,Yes,881,None,ADHD
1073,Non-Target,No,0,None,ADHD
1074,Non-Target,No,0,None,ADHD
1075,Non-Target,No,0,None,ADHD
1076,Target,Yes,690,None,ADHD
1077,Target,Yes,636,None,ADHD
1078,Non-Target,Yes,670,Commission,ADHD
1079,Non-Target,No,0,None,ADHD
1080,Non-Target,No,0,None,ADHD
1081,Target,No,0,Omission,ADHD
1082,Target,No,0,Omission,ADHD
1083,Non-Target,No,0,None,ADHD
1084,Non-Target,No,0,None,ADHD
1085,Non-Target,No,0,None,ADHD
1086,Target,No,0,Omission,ADHD
1087,Target,Yes,936,None,ADHD
1088,Non-Target,Yes,665,Commission,ADHD
1089,Non-Target,No,0,None,ADHD
1090,Non-Target,Yes,714,Commission,ADHD
1091,Target,Yes,886,None,ADHD
1092,Non-Target,No,0,None,ADHD
1093,Non-Target,Yes,681,Commission,ADHD
1094,Target,Yes,727,None,ADHD
1095,Target,Yes,590,None,ADHD
1096,Target,No,0,Omission,ADHD
1097,Non-Target,No,0,None,ADHD
1098,Non-Target,No,0,None,ADHD
1099,Target,Yes,642,None,ADHD
1100,Target,No,0,Omission,ADHD
1101,Non-Target,No,0,None,ADHD
1102,Non-Target,No,0,None,ADHD
1103,Target,Yes,1004,None,ADHD
1104,Non-Target,No,0,None,ADHD
1105,Target,Yes,824,None,ADHD
1106,Non-Target,No,0,None,ADHD
1107,Non-Target,Yes,657,Commission,ADHD
1108,Non-Target,No,0,None,ADHD
1109,Non-Target,No,0,None,ADHD
1110,Non-Target,No,0,None,ADHD
1111,Non-Target,No,0,None,ADHD
1112,Target,Yes,677,None,ADHD
1113,Non-Target,Yes,667,Commission,ADHD
1114,Non-Target,No,0,None,ADHD
1115,Non-Target,Yes,737,Commission,ADHD
1116,Non-Target,No,0,None,ADHD
1117,Non-Target,No,0,None,ADHD
1118,Target,Yes,758,None,ADHD
1119,Non-Target,No,0,None,ADHD
1120,Non-Target,No,0,None,ADHD
1121,Non-Target,No,0,None,ADHD
1122,Non-Target,No,0,None,ADHD
1123,Non-Target,No,0,None,ADHD
1124,Non-Target,No,0,None,ADHD
1125,Non-Target,No,0,None,ADHD
1126,Target,Yes,770,None,ADHD
1127,Non-Target,No,0,None,ADHD
1128,Non-Target,No,0,None,ADHD
1129,Non-Target,No,0,None,ADHD
1130,Non-Target,No,0,None,ADHD
1131,Target,No,0,Omission,ADHD
1132,Non-Target,No,0,None,ADHD
1133,Non-Target,No,0,None,ADHD
1134,Target,Yes,697,None,ADHD
1135,Non-Target,No,0,None,ADHD
1136,Non-Target,No,0,None,ADHD
1137,Non-Target,No,0,None,ADHD
1138,Non-Target,No,0,None,ADHD
1139,Non-Target,No,0,None,ADHD
1140,Non-Target,Yes,896,Commission,ADHD
1141,Target,Yes,1011,None,ADHD
1142,Non-Target,No,0,None,ADHD
1143,Non-Target,No,0,None,ADHD
1144,Non-Target,Yes,749,Commission,ADHD
1145,Non-Target,No,0,None,ADHD
1146,Non-Target,No,0,None,ADHD
1147,Non-Target,No,0,None,ADHD
1148,Non-Target,Yes,731,Commission,ADHD
1149,Non-Target,No,0,None,ADHD
1150,Non-Target,No,0,None,ADHD
1151,Non-Target,No,0,None,ADHD
1152,Non-Target,No,0,None,ADHD
1153,Non-Target,Yes,803,Commission,ADHD
1154,Non-Target,Yes,863,Commission,ADHD
1155,Non-Target,Yes,694,Commission,ADHD
1156,Target,Yes,701,None,ADHD
1157,Target,Yes,777,None,ADHD
1158,Target,Yes,825,None,ADHD
1159,Non-Target,Yes,437,Commission,ADHD
1160,Non-Target,No,0,None,ADHD
1161,Non-Target,No,0,None,ADHD
1162,Non-Target,No,0,None,ADHD
1163,Non-Target,No,0,None,ADHD
1164,Non-Target,No,0,None,ADHD
1165,Non-Target,No,0,None,ADHD
1166,Non-Target,No,0,None,ADHD
1167,Non-Target,No,0,None,ADHD
1168,Non-Target,No,0,None,ADHD
1169,Target,Yes,803,None,ADHD
1170,Non-Target,No,0,None,ADHD
1171,Target,Yes,798,None,ADHD
1172,Non-Target,No,0,None,ADHD
1173,Non-Target,No,0,None,ADHD
1174,Non-Target,Yes,716,Commission,ADHD
1175,Target,Yes,682,None,ADHD
1176,Non-Target,No,0,None,ADHD
1177,Non-Target,No,0,None,ADHD
1178,Non-Target,No,0,None,ADHD
1179,Non-Target,No,0,None,ADHD
1180,Target,Yes,525,None,ADHD
1181,Non-Target,No,0,None,ADHD
1182,Non-Target,Yes,715,Commission,ADHD
1183,Target,Yes,701,None,ADHD
1184,Non-Target,No,0,None,ADHD
1185,Non-Target,No,0,None,ADHD
1186,Non-Target,No,0,None,ADHD
1187,Target,No,0,Omission,ADHD
1188,Non-Target,No,0,None,ADHD
1189,Target,Yes,826,None,ADHD
1190,Non-Target,No,0,None,ADHD
1191,Target,No,0,Omission,ADHD
1192,Non-Target,No,0,None,ADHD
1193,Non-Target,No,0,None,ADHD
1194,Non-Target,No,0,None,ADHD
1195,Non-Target,Yes,606,Commission,ADHD
1196,Non-Target,No,0,None,ADHD
1197,Non-Target,No,0,None,ADHD
1198,Non-Target,No,0,None,ADHD
1199,Non-Target,No,0,None,ADHD
1200,Non-Target,No,0,None,ADHD
