Trial,StimulusType,Reaction,ReactionTime(ms),ErrorType,Label
1,Non-Target,No,0,None,ADHD
2,Target,Yes,640,None,ADHD
3,Target,Yes,959,None,ADHD
4,Target,Yes,923,None,ADHD
5,Non-Target,No,0,None,ADHD
6,Non-Target,No,0,None,ADHD
7,Target,Yes,836,None,ADHD
8,Target,Yes,640,None,ADHD
9,Target,Yes,708,None,ADHD
10,Target,Yes,585,None,ADHD
11,Non-Target,Yes,776,Commission,ADHD
12,Target,Yes,721,None,ADHD
13,Non-Target,No,0,None,ADHD
14,Non-Target,No,0,None,ADHD
15,Non-Target,Yes,914,Commission,ADHD
16,Non-Target,No,0,None,ADHD
17,Non-Target,No,0,None,ADHD
18,Target,No,0,Omission,ADHD
19,Target,Yes,953,None,ADHD
20,Target,Yes,936,None,ADHD
21,Non-Target,Yes,693,Commission,ADHD
22,Target,Yes,614,None,ADHD
23,Non-Target,No,0,None,ADHD
24,Non-Target,No,0,None,ADHD
25,Target,Yes,606,None,ADHD
26,Target,Yes,757,None,ADHD
27,Non-Target,No,0,None,ADHD
28,Target,No,0,Omission,ADHD
29,Target,Yes,879,None,ADHD
30,Target,Yes,847,None,ADHD
31,Non-Target,No,0,None,ADHD
32,Non-Target,No,0,None,ADHD
33,Non-Target,Yes,611,Commission,ADHD
34,Non-Target,No,0,None,ADHD
35,Non-Target,Yes,572,Commission,ADHD
36,Non-Target,Yes,714,Commission,ADHD
37,Non-Target,No,0,None,ADHD
38,Non-Target,No,0,None,ADHD
39,Non-Target,No,0,None,ADHD
40,Non-Target,No,0,None,ADHD
41,Non-Target,No,0,None,ADHD
42,Non-Target,No,0,None,ADHD
43,Non-Target,No,0,None,ADHD
44,Non-Target,No,0,None,ADHD
45,Target,No,0,Omission,ADHD
46,Non-Target,No,0,None,ADHD
47,Non-Target,No,0,None,ADHD
48,Non-Target,Yes,735,Commission,ADHD
49,Target,Yes,856,None,ADHD
50,Non-Target,No,0,None,ADHD
51,Target,Yes,792,None,ADHD
52,Target,Yes,737,None,ADHD
53,Target,Yes,771,None,ADHD
54,Non-Target,No,0,None,ADHD
55,Non-Target,Yes,632,Commission,ADHD
56,Non-Target,No,0,None,ADHD
57,Non-Target,No,0,None,ADHD
58,Target,Yes,758,None,ADHD
59,Target,Yes,892,None,ADHD
60,Non-Target,No,0,None,ADHD
61,Non-Target,No,0,None,ADHD
62,Non-Target,Yes,1076,Commission,ADHD
63,Non-Target,No,0,None,ADHD
64,Non-Target,No,0,None,ADHD
65,Non-Target,No,0,None,ADHD
66,Non-Target,No,0,None,ADHD
67,Non-Target,No,0,None,ADHD
68,Non-Target,Yes,350,Commission,ADHD
69,Non-Target,Yes,809,Commission,ADHD
70,Non-Target,No,0,None,ADHD
71,Non-Target,Yes,851,Commission,ADHD
72,Non-Target,No,0,None,ADHD
73,Target,No,0,Omission,ADHD
74,Non-Target,No,0,None,ADHD
75,Non-Target,No,0,None,ADHD
76,Non-Target,No,0,None,ADHD
77,Non-Target,Yes,1100,Commission,ADHD
78,Target,Yes,808,None,ADHD
79,Non-Target,No,0,None,ADHD
80,Non-Target,No,0,None,ADHD
81,Target,No,0,Omission,ADHD
82,Non-Target,No,0,None,ADHD
83,Non-Target,No,0,None,ADHD
84,Non-Target,Yes,902,Commission,ADHD
85,Non-Target,No,0,None,ADHD
86,Non-Target,No,0,None,ADHD
87,Non-Target,Yes,697,Commission,ADHD
88,Non-Target,No,0,None,ADHD
89,Non-Target,Yes,780,Commission,ADHD
90,Non-Target,No,0,None,ADHD
91,Target,No,0,Omission,ADHD
92,Target,Yes,657,None,ADHD
93,Non-Target,No,0,None,ADHD
94,Target,Yes,782,None,ADHD
95,Target,No,0,Omission,ADHD
96,Non-Target,No,0,None,ADHD
97,Non-Target,No,0,None,ADHD
98,Target,Yes,815,None,ADHD
99,Non-Target,No,0,None,ADHD
100,Target,No,0,Omission,ADHD
101,Non-Target,No,0,None,ADHD
102,Target,Yes,521,None,ADHD
103,Target,No,0,Omission,ADHD
104,Non-Target,Yes,645,Commission,ADHD
105,Non-Target,No,0,None,ADHD
106,Target,Yes,797,None,ADHD
107,Non-Target,No,0,None,ADHD
108,Non-Target,No,0,None,ADHD
109,Non-Target,No,0,None,ADHD
110,Non-Target,No,0,None,ADHD
111,Non-Target,No,0,None,ADHD
112,Non-Target,No,0,None,ADHD
113,Target,No,0,Omission,ADHD
114,Non-Target,No,0,None,ADHD
115,Non-Target,No,0,None,ADHD
116,Non-Target,No,0,None,ADHD
117,Non-Target,No,0,None,ADHD
118,Non-Target,No,0,None,ADHD
119,Target,Yes,806,None,ADHD
120,Non-Target,No,0,None,ADHD
121,Target,No,0,Omission,ADHD
122,Non-Target,No,0,None,ADHD
123,Target,Yes,692,None,ADHD
124,Target,Yes,602,None,ADHD
125,Non-Target,Yes,786,Commission,ADHD
126,Target,Yes,716,None,ADHD
127,Target,Yes,679,None,ADHD
128,Target,Yes,980,None,ADHD
129,Non-Target,No,0,None,ADHD
130,Non-Target,No,0,None,ADHD
131,Non-Target,No,0,None,ADHD
132,Non-Target,No,0,None,ADHD
133,Non-Target,No,0,None,ADHD
134,Non-Target,No,0,None,ADHD
135,Target,Yes,880,None,ADHD
136,Non-Target,No,0,None,ADHD
137,Target,Yes,646,None,ADHD
138,Non-Target,No,0,None,ADHD
139,Non-Target,No,0,None,ADHD
140,Non-Target,No,0,None,ADHD
141,Non-Target,No,0,None,ADHD
142,Target,No,0,Omission,ADHD
143,Non-Target,No,0,None,ADHD
144,Non-Target,No,0,None,ADHD
145,Non-Target,No,0,None,ADHD
146,Non-Target,No,0,None,ADHD
147,Target,Yes,813,None,ADHD
148,Non-Target,No,0,None,ADHD
149,Non-Target,No,0,None,ADHD
150,Non-Target,No,0,None,ADHD
151,Non-Target,No,0,None,ADHD
152,Non-Target,No,0,None,ADHD
153,Target,Yes,905,None,ADHD
154,Non-Target,No,0,None,ADHD
155,Non-Target,No,0,None,ADHD
156,Non-Target,No,0,None,ADHD
157,Target,Yes,775,None,ADHD
158,Target,No,0,Omission,ADHD
159,Non-Target,No,0,None,ADHD
160,Non-Target,No,0,None,ADHD
161,Non-Target,No,0,None,ADHD
162,Non-Target,Yes,776,Commission,ADHD
163,Non-Target,No,0,None,ADHD
164,Target,Yes,722,None,ADHD
165,Non-Target,Yes,827,Commission,ADHD
166,Target,No,0,Omission,ADHD
167,Non-Target,No,0,None,ADHD
168,Non-Target,No,0,None,ADHD
169,Target,No,0,Omission,ADHD
170,Non-Target,No,0,None,ADHD
171,Non-Target,No,0,None,ADHD
172,Non-Target,No,0,None,ADHD
173,Target,Yes,870,None,ADHD
174,Non-Target,No,0,None,ADHD
175,Non-Target,No,0,None,ADHD
176,Non-Target,No,0,None,ADHD
177,Non-Target,No,0,None,ADHD
178,Non-Target,No,0,None,ADHD
179,Target,No,0,Omission,ADHD
180,Target,Yes,675,None,ADHD
181,Non-Target,No,0,None,ADHD
182,Target,Yes,869,None,ADHD
183,Target,No,0,Omission,ADHD
184,Non-Target,No,0,None,ADHD
185,Non-Target,No,0,None,ADHD
186,Target,No,0,Omission,ADHD
187,Non-Target,No,0,None,ADHD
188,Non-Target,No,0,None,ADHD
189,Target,Yes,760,None,ADHD
190,Non-Target,No,0,None,ADHD
191,Non-Target,No,0,None,ADHD
192,Non-Target,No,0,None,ADHD
193,Non-Target,No,0,None,ADHD
194,Target,No,0,Omission,ADHD
195,Non-Target,No,0,None,ADHD
196,Target,Yes,832,None,ADHD
197,Target,Yes,1051,None,ADHD
198,Target,Yes,719,None,ADHD
199,Non-Target,No,0,None,ADHD
200,Target,Yes,818,None,ADHD
201,Target,Yes,678,None,ADHD
202,Non-Target,Yes,789,Commission,ADHD
203,Target,No,0,Omission,ADHD
204,Non-Target,No,0,None,ADHD
205,Non-Target,No,0,None,ADHD
206,Target,Yes,837,None,ADHD
207,Target,Yes,624,None,ADHD
208,Non-Target,No,0,None,ADHD
209,Non-Target,No,0,None,ADHD
210,Target,Yes,870,None,ADHD
211,Non-Target,No,0,None,ADHD
212,Non-Target,No,0,None,ADHD
213,Non-Target,No,0,None,ADHD
214,Non-Target,No,0,None,ADHD
215,Non-Target,No,0,None,ADHD
216,Non-Target,No,0,None,ADHD
217,Target,Yes,644,None,ADHD
218,Non-Target,No,0,None,ADHD
219,Non-Target,No,0,None,ADHD
220,Non-Target,No,0,None,ADHD
221,Non-Target,No,0,None,ADHD
222,Non-Target,No,0,None,ADHD
223,Target,Yes,897,None,ADHD
224,Non-Target,No,0,None,ADHD
225,Non-Target,No,0,None,ADHD
226,Non-Target,No,0,None,ADHD
227,Non-Target,No,0,None,ADHD
228,Non-Target,No,0,None,ADHD
229,Non-Target,No,0,None,ADHD
230,Non-Target,No,0,None,ADHD
231,Non-Target,No,0,None,ADHD
232,Target,Yes,828,None,ADHD
233,Non-Target,No,0,None,ADHD
234,Non-Target,No,0,None,ADHD
235,Non-Target,No,0,None,ADHD
236,Non-Target,No,0,None,ADHD
237,Non-Target,Yes,723,Commission,ADHD
238,Non-Target,No,0,None,ADHD
239,Target,Yes,779,None,ADHD
240,Target,Yes,631,None,ADHD
241,Non-Target,No,0,None,ADHD
242,Non-Target,Yes,701,Commission,ADHD
243,Non-Target,No,0,None,ADHD
244,Non-Target,No,0,None,ADHD
245,Non-Target,Yes,900,Commission,ADHD
246,Non-Target,Yes,1047,Commission,ADHD
247,Target,Yes,735,None,ADHD
248,Non-Target,No,0,None,ADHD
249,Non-Target,No,0,None,ADHD
250,Target,Yes,637,None,ADHD
251,Non-Target,No,0,None,ADHD
252,Non-Target,No,0,None,ADHD
253,Non-Target,Yes,507,Commission,ADHD
254,Non-Target,No,0,None,ADHD
255,Non-Target,No,0,None,ADHD
256,Target,No,0,Omission,ADHD
257,Non-Target,No,0,None,ADHD
258,Non-Target,No,0,None,ADHD
259,Non-Target,No,0,None,ADHD
260,Non-Target,No,0,None,ADHD
261,Non-Target,No,0,None,ADHD
262,Non-Target,No,0,None,ADHD
263,Target,No,0,Omission,ADHD
264,Target,Yes,723,None,ADHD
265,Non-Target,No,0,None,ADHD
266,Non-Target,No,0,None,ADHD
267,Non-Target,No,0,None,ADHD
268,Non-Target,Yes,866,Commission,ADHD
269,Non-Target,No,0,None,ADHD
270,Non-Target,Yes,803,Commission,ADHD
271,Non-Target,No,0,None,ADHD
272,Non-Target,No,0,None,ADHD
273,Target,Yes,916,None,ADHD
274,Non-Target,No,0,None,ADHD
275,Target,No,0,Omission,ADHD
276,Non-Target,No,0,None,ADHD
277,Non-Target,No,0,None,ADHD
278,Non-Target,No,0,None,ADHD
279,Non-Target,No,0,None,ADHD
280,Target,Yes,827,None,ADHD
281,Target,Yes,793,None,ADHD
282,Non-Target,No,0,None,ADHD
283,Target,No,0,Omission,ADHD
284,Non-Target,No,0,None,ADHD
285,Target,Yes,721,None,ADHD
286,Non-Target,No,0,None,ADHD
287,Non-Target,Yes,680,Commission,ADHD
288,Target,Yes,904,None,ADHD
289,Non-Target,No,0,None,ADHD
290,Non-Target,No,0,None,ADHD
291,Target,Yes,728,None,ADHD
292,Non-Target,No,0,None,ADHD
293,Target,No,0,Omission,ADHD
294,Non-Target,No,0,None,ADHD
295,Target,No,0,Omission,ADHD
296,Non-Target,No,0,None,ADHD
297,Target,No,0,Omission,ADHD
298,Target,Yes,905,None,ADHD
299,Target,No,0,Omission,ADHD
300,Non-Target,No,0,None,ADHD
301,Non-Target,No,0,None,ADHD
302,Non-Target,No,0,None,ADHD
303,Non-Target,No,0,None,ADHD
304,Target,Yes,942,None,ADHD
305,Non-Target,No,0,None,ADHD
306,Target,No,0,Omission,ADHD
307,Non-Target,No,0,None,ADHD
308,Non-Target,Yes,1135,Commission,ADHD
309,Non-Target,No,0,None,ADHD
310,Non-Target,No,0,None,ADHD
311,Non-Target,No,0,None,ADHD
312,Non-Target,No,0,None,ADHD
313,Non-Target,Yes,1006,Commission,ADHD
314,Target,No,0,Omission,ADHD
315,Non-Target,Yes,677,Commission,ADHD
316,Non-Target,No,0,None,ADHD
317,Non-Target,Yes,756,Commission,ADHD
318,Target,Yes,639,None,ADHD
319,Target,Yes,872,None,ADHD
320,Non-Target,No,0,None,ADHD
321,Non-Target,No,0,None,ADHD
322,Non-Target,Yes,838,Commission,ADHD
323,Non-Target,No,0,None,ADHD
324,Non-Target,No,0,None,ADHD
325,Target,Yes,771,None,ADHD
326,Non-Target,No,0,None,ADHD
327,Non-Target,No,0,None,ADHD
328,Non-Target,No,0,None,ADHD
329,Non-Target,No,0,None,ADHD
330,Target,Yes,649,None,ADHD
331,Non-Target,Yes,763,Commission,ADHD
332,Non-Target,No,0,None,ADHD
333,Non-Target,Yes,620,Commission,ADHD
334,Target,Yes,373,None,ADHD
335,Non-Target,Yes,943,Commission,ADHD
336,Non-Target,No,0,None,ADHD
337,Non-Target,No,0,None,ADHD
338,Non-Target,No,0,None,ADHD
339,Target,Yes,580,None,ADHD
340,Non-Target,No,0,None,ADHD
341,Non-Target,No,0,None,ADHD
342,Non-Target,No,0,None,ADHD
343,Non-Target,No,0,None,ADHD
344,Target,Yes,1154,None,ADHD
345,Non-Target,No,0,None,ADHD
346,Non-Target,Yes,1020,Commission,ADHD
347,Non-Target,No,0,None,ADHD
348,Non-Target,Yes,952,Commission,ADHD
349,Non-Target,Yes,766,Commission,ADHD
350,Non-Target,Yes,580,Commission,ADHD
351,Non-Target,No,0,None,ADHD
352,Non-Target,No,0,None,ADHD
353,Target,Yes,1030,None,ADHD
354,Non-Target,No,0,None,ADHD
355,Non-Target,No,0,None,ADHD
356,Non-Target,No,0,None,ADHD
357,Target,Yes,817,None,ADHD
358,Target,Yes,835,None,ADHD
359,Non-Target,No,0,None,ADHD
360,Target,Yes,592,None,ADHD
361,Target,Yes,660,None,ADHD
362,Target,No,0,Omission,ADHD
363,Non-Target,No,0,None,ADHD
364,Target,No,0,Omission,ADHD
365,Target,Yes,818,None,ADHD
366,Target,Yes,635,None,ADHD
367,Non-Target,No,0,None,ADHD
368,Non-Target,Yes,641,Commission,ADHD
369,Non-Target,No,0,None,ADHD
370,Non-Target,No,0,None,ADHD
371,Non-Target,No,0,None,ADHD
372,Non-Target,Yes,780,Commission,ADHD
373,Non-Target,No,0,None,ADHD
374,Non-Target,No,0,None,ADHD
375,Target,No,0,Omission,ADHD
376,Non-Target,No,0,None,ADHD
377,Target,Yes,892,None,ADHD
378,Non-Target,No,0,None,ADHD
379,Target,Yes,831,None,ADHD
380,Target,No,0,Omission,ADHD
381,Target,No,0,Omission,ADHD
382,Non-Target,No,0,None,ADHD
383,Target,Yes,739,None,ADHD
384,Non-Target,No,0,None,ADHD
385,Non-Target,Yes,1197,Commission,ADHD
386,Non-Target,No,0,None,ADHD
387,Target,Yes,749,None,ADHD
388,Target,Yes,875,None,ADHD
389,Non-Target,No,0,None,ADHD
390,Non-Target,No,0,None,ADHD
391,Target,No,0,Omission,ADHD
392,Non-Target,No,0,None,ADHD
393,Non-Target,No,0,None,ADHD
394,Non-Target,No,0,None,ADHD
395,Non-Target,No,0,None,ADHD
396,Target,Yes,601,None,ADHD
397,Non-Target,No,0,None,ADHD
398,Target,Yes,937,None,ADHD
399,Non-Target,No,0,None,ADHD
400,Non-Target,No,0,None,ADHD
401,Target,Yes,680,None,ADHD
402,Non-Target,Yes,625,Commission,ADHD
403,Non-Target,No,0,None,ADHD
404,Non-Target,No,0,None,ADHD
405,Non-Target,No,0,None,ADHD
406,Non-Target,Yes,812,Commission,ADHD
407,Non-Target,No,0,None,ADHD
408,Non-Target,No,0,None,ADHD
409,Non-Target,No,0,None,ADHD
410,Non-Target,Yes,575,Commission,ADHD
411,Non-Target,No,0,None,ADHD
412,Non-Target,No,0,None,ADHD
413,Non-Target,No,0,None,ADHD
414,Target,Yes,744,None,ADHD
415,Non-Target,Yes,776,Commission,ADHD
416,Non-Target,Yes,807,Commission,ADHD
417,Non-Target,No,0,None,ADHD
418,Non-Target,No,0,None,ADHD
419,Non-Target,Yes,897,Commission,ADHD
420,Target,Yes,678,None,ADHD
421,Non-Target,No,0,None,ADHD
422,Non-Target,Yes,846,Commission,ADHD
423,Target,No,0,Omission,ADHD
424,Target,Yes,594,None,ADHD
425,Non-Target,No,0,None,ADHD
426,Non-Target,No,0,None,ADHD
427,Non-Target,No,0,None,ADHD
428,Non-Target,Yes,628,Commission,ADHD
429,Target,Yes,941,None,ADHD
430,Non-Target,No,0,None,ADHD
431,Non-Target,No,0,None,ADHD
432,Non-Target,No,0,None,ADHD
433,Target,Yes,897,None,ADHD
434,Non-Target,No,0,None,ADHD
435,Non-Target,No,0,None,ADHD
436,Target,Yes,698,None,ADHD
437,Non-Target,Yes,822,Commission,ADHD
438,Target,No,0,Omission,ADHD
439,Non-Target,No,0,None,ADHD
440,Non-Target,No,0,None,ADHD
441,Non-Target,No,0,None,ADHD
442,Non-Target,No,0,None,ADHD
443,Non-Target,No,0,None,ADHD
444,Non-Target,No,0,None,ADHD
445,Non-Target,No,0,None,ADHD
446,Non-Target,No,0,None,ADHD
447,Non-Target,No,0,None,ADHD
448,Target,Yes,890,None,ADHD
449,Non-Target,No,0,None,ADHD
450,Non-Target,No,0,None,ADHD
451,Non-Target,No,0,None,ADHD
452,Non-Target,No,0,None,ADHD
453,Target,No,0,Omission,ADHD
454,Non-Target,Yes,762,Commission,ADHD
455,Non-Target,No,0,None,ADHD
456,Non-Target,No,0,None,ADHD
457,Non-Target,No,0,None,ADHD
458,Target,Yes,786,None,ADHD
459,Non-Target,No,0,None,ADHD
460,Non-Target,No,0,None,ADHD
461,Non-Target,No,0,None,ADHD
462,Target,No,0,Omission,ADHD
463,Non-Target,No,0,None,ADHD
464,Non-Target,Yes,1090,Commission,ADHD
465,Target,No,0,Omission,ADHD
466,Non-Target,No,0,None,ADHD
467,Non-Target,No,0,None,ADHD
468,Non-Target,No,0,None,ADHD
469,Target,No,0,Omission,ADHD
470,Non-Target,No,0,None,ADHD
471,Target,Yes,778,None,ADHD
472,Non-Target,No,0,None,ADHD
473,Target,Yes,503,None,ADHD
474,Non-Target,Yes,776,Commission,ADHD
475,Non-Target,No,0,None,ADHD
476,Target,No,0,Omission,ADHD
477,Non-Target,No,0,None,ADHD
478,Non-Target,No,0,None,ADHD
479,Non-Target,No,0,None,ADHD
480,Target,Yes,839,None,ADHD
481,Non-Target,No,0,None,ADHD
482,Non-Target,No,0,None,ADHD
483,Target,Yes,811,None,ADHD
484,Target,No,0,Omission,ADHD
485,Non-Target,No,0,None,ADHD
486,Non-Target,Yes,641,Commission,ADHD
487,Non-Target,No,0,None,ADHD
488,Non-Target,No,0,None,ADHD
489,Target,Yes,703,None,ADHD
490,Non-Target,No,0,None,ADHD
491,Non-Target,No,0,None,ADHD
492,Target,Yes,821,None,ADHD
493,Target,Yes,384,None,ADHD
494,Non-Target,No,0,None,ADHD
495,Non-Target,Yes,825,Commission,ADHD
496,Non-Target,Yes,621,Commission,ADHD
497,Non-Target,No,0,None,ADHD
498,Target,Yes,849,None,ADHD
499,Non-Target,No,0,None,ADHD
500,Non-Target,No,0,None,ADHD
501,Non-Target,Yes,840,Commission,ADHD
502,Non-Target,No,0,None,ADHD
503,Non-Target,No,0,None,ADHD
504,Target,Yes,730,None,ADHD
505,Non-Target,No,0,None,ADHD
506,Target,Yes,702,None,ADHD
507,Target,Yes,710,None,ADHD
508,Target,No,0,Omission,ADHD
509,Non-Target,No,0,None,ADHD
510,Non-Target,No,0,None,ADHD
511,Non-Target,No,0,None,ADHD
512,Non-Target,No,0,None,ADHD
513,Non-Target,No,0,None,ADHD
514,Target,Yes,741,None,ADHD
515,Non-Target,No,0,None,ADHD
516,Non-Target,No,0,None,ADHD
517,Non-Target,No,0,None,ADHD
518,Target,Yes,657,None,ADHD
519,Non-Target,No,0,None,ADHD
520,Target,Yes,954,None,ADHD
521,Non-Target,No,0,None,ADHD
522,Non-Target,No,0,None,ADHD
523,Non-Target,No,0,None,ADHD
524,Non-Target,No,0,None,ADHD
525,Non-Target,No,0,None,ADHD
526,Non-Target,No,0,None,ADHD
527,Target,No,0,Omission,ADHD
528,Non-Target,No,0,None,ADHD
529,Target,Yes,875,None,ADHD
530,Non-Target,No,0,None,ADHD
531,Target,Yes,803,None,ADHD
532,Non-Target,No,0,None,ADHD
533,Target,No,0,Omission,ADHD
534,Non-Target,No,0,None,ADHD
535,Non-Target,No,0,None,ADHD
536,Non-Target,Yes,990,Commission,ADHD
537,Non-Target,No,0,None,ADHD
538,Non-Target,No,0,None,ADHD
539,Target,Yes,879,None,ADHD
540,Non-Target,No,0,None,ADHD
541,Non-Target,No,0,None,ADHD
542,Non-Target,Yes,767,Commission,ADHD
543,Target,No,0,Omission,ADHD
544,Non-Target,No,0,None,ADHD
545,Target,Yes,743,None,ADHD
546,Non-Target,No,0,None,ADHD
547,Non-Target,No,0,None,ADHD
548,Non-Target,No,0,None,ADHD
549,Non-Target,No,0,None,ADHD
550,Non-Target,Yes,1036,Commission,ADHD
551,Target,Yes,510,None,ADHD
552,Non-Target,No,0,None,ADHD
553,Non-Target,No,0,None,ADHD
554,Target,Yes,934,None,ADHD
555,Non-Target,No,0,None,ADHD
556,Target,No,0,Omission,ADHD
557,Non-Target,No,0,None,ADHD
558,Non-Target,No,0,None,ADHD
559,Target,Yes,746,None,ADHD
560,Non-Target,No,0,None,ADHD
561,Non-Target,Yes,548,Commission,ADHD
562,Target,No,0,Omission,ADHD
563,Target,No,0,Omission,ADHD
564,Non-Target,No,0,None,ADHD
565,Target,No,0,Omission,ADHD
566,Non-Target,No,0,None,ADHD
567,Non-Target,No,0,None,ADHD
568,Non-Target,No,0,None,ADHD
569,Non-Target,No,0,None,ADHD
570,Non-Target,No,0,None,ADHD
571,Non-Target,No,0,None,ADHD
572,Non-Target,No,0,None,ADHD
573,Non-Target,No,0,None,ADHD
574,Non-Target,No,0,None,ADHD
575,Non-Target,Yes,642,Commission,ADHD
576,Target,Yes,834,None,ADHD
577,Non-Target,No,0,None,ADHD
578,Target,No,0,Omission,ADHD
579,Non-Target,No,0,None,ADHD
580,Non-Target,No,0,None,ADHD
581,Non-Target,No,0,None,ADHD
582,Non-Target,No,0,None,ADHD
583,Target,Yes,820,None,ADHD
584,Non-Target,No,0,None,ADHD
585,Non-Target,No,0,None,ADHD
586,Target,Yes,727,None,ADHD
587,Target,Yes,794,None,ADHD
588,Non-Target,Yes,784,Commission,ADHD
589,Non-Target,No,0,None,ADHD
590,Target,No,0,Omission,ADHD
591,Target,Yes,714,None,ADHD
592,Target,Yes,553,None,ADHD
593,Target,Yes,653,None,ADHD
594,Non-Target,No,0,None,ADHD
595,Non-Target,No,0,None,ADHD
596,Target,Yes,703,None,ADHD
597,Non-Target,No,0,None,ADHD
598,Non-Target,No,0,None,ADHD
599,Target,Yes,655,None,ADHD
600,Non-Target,No,0,None,ADHD
601,Target,No,0,Omission,ADHD
602,Non-Target,No,0,None,ADHD
603,Non-Target,No,0,None,ADHD
604,Target,Yes,714,None,ADHD
605,Non-Target,No,0,None,ADHD
606,Non-Target,No,0,None,ADHD
607,Non-Target,No,0,None,ADHD
608,Non-Target,No,0,None,ADHD
609,Target,Yes,783,None,ADHD
610,Non-Target,Yes,598,Commission,ADHD
611,Target,No,0,Omission,ADHD
612,Non-Target,Yes,718,Commission,ADHD
613,Non-Target,Yes,559,Commission,ADHD
614,Non-Target,Yes,675,Commission,ADHD
615,Non-Target,No,0,None,ADHD
616,Non-Target,No,0,None,ADHD
617,Non-Target,No,0,None,ADHD
618,Non-Target,No,0,None,ADHD
619,Non-Target,No,0,None,ADHD
620,Target,Yes,969,None,ADHD
621,Non-Target,No,0,None,ADHD
622,Target,No,0,Omission,ADHD
623,Non-Target,No,0,None,ADHD
624,Non-Target,No,0,None,ADHD
625,Non-Target,No,0,None,ADHD
626,Non-Target,No,0,None,ADHD
627,Non-Target,No,0,None,ADHD
628,Non-Target,No,0,None,ADHD
629,Target,Yes,797,None,ADHD
630,Non-Target,No,0,None,ADHD
631,Target,No,0,Omission,ADHD
632,Non-Target,No,0,None,ADHD
633,Non-Target,No,0,None,ADHD
634,Target,Yes,597,None,ADHD
635,Non-Target,No,0,None,ADHD
636,Non-Target,No,0,None,ADHD
637,Non-Target,No,0,None,ADHD
638,Non-Target,No,0,None,ADHD
639,Target,Yes,716,None,ADHD
640,Non-Target,No,0,None,ADHD
641,Non-Target,No,0,None,ADHD
642,Non-Target,No,0,None,ADHD
643,Target,Yes,690,None,ADHD
644,Non-Target,No,0,None,ADHD
645,Non-Target,No,0,None,ADHD
646,Non-Target,No,0,None,ADHD
647,Non-Target,No,0,None,ADHD
648,Non-Target,No,0,None,ADHD
649,Non-Target,No,0,None,ADHD
650,Non-Target,No,0,None,ADHD
651,Non-Target,No,0,None,ADHD
652,Non-Target,No,0,None,ADHD
653,Non-Target,No,0,None,ADHD
654,Target,Yes,459,None,ADHD
655,Target,No,0,Omission,ADHD
656,Non-Target,No,0,None,ADHD
657,Non-Target,Yes,704,Commission,ADHD
658,Non-Target,No,0,None,ADHD
659,Non-Target,No,0,None,ADHD
660,Target,Yes,613,None,ADHD
661,Non-Target,No,0,None,ADHD
662,Non-Target,No,0,None,ADHD
663,Non-Target,No,0,None,ADHD
664,Non-Target,No,0,None,ADHD
665,Non-Target,No,0,None,ADHD
666,Non-Target,No,0,None,ADHD
667,Non-Target,Yes,782,Commission,ADHD
668,Non-Target,No,0,None,ADHD
669,Target,Yes,972,None,ADHD
670,Non-Target,No,0,None,ADHD
671,Target,Yes,865,None,ADHD
672,Target,Yes,856,None,ADHD
673,Non-Target,No,0,None,ADHD
674,Non-Target,No,0,None,ADHD
675,Target,Yes,687,None,ADHD
676,Non-Target,No,0,None,ADHD
677,Non-Target,Yes,768,Commission,ADHD
678,Non-Target,No,0,None,ADHD
679,Non-Target,Yes,782,Commission,ADHD
680,Non-Target,No,0,None,ADHD
681,Non-Target,No,0,None,ADHD
682,Non-Target,No,0,None,ADHD
683,Non-Target,No,0,None,ADHD
684,Non-Target,No,0,None,ADHD
685,Non-Target,Yes,670,Commission,ADHD
686,Target,Yes,704,None,ADHD
687,Non-Target,No,0,None,ADHD
688,Non-Target,No,0,None,ADHD
689,Non-Target,No,0,None,ADHD
690,Non-Target,No,0,None,ADHD
691,Non-Target,No,0,None,ADHD
692,Target,Yes,615,None,ADHD
693,Target,Yes,642,None,ADHD
694,Non-Target,No,0,None,ADHD
695,Non-Target,Yes,892,Commission,ADHD
696,Non-Target,No,0,None,ADHD
697,Non-Target,No,0,None,ADHD
698,Target,Yes,1020,None,ADHD
699,Non-Target,No,0,None,ADHD
700,Target,No,0,Omission,ADHD
701,Target,Yes,600,None,ADHD
702,Non-Target,No,0,None,ADHD
703,Non-Target,No,0,None,ADHD
704,Non-Target,No,0,None,ADHD
705,Non-Target,No,0,None,ADHD
706,Non-Target,No,0,None,ADHD
707,Non-Target,No,0,None,ADHD
708,Non-Target,No,0,None,ADHD
709,Non-Target,No,0,None,ADHD
710,Target,Yes,740,None,ADHD
711,Non-Target,No,0,None,ADHD
712,Target,Yes,887,None,ADHD
713,Non-Target,No,0,None,ADHD
714,Non-Target,No,0,None,ADHD
715,Non-Target,No,0,None,ADHD
716,Non-Target,No,0,None,ADHD
717,Non-Target,Yes,926,Commission,ADHD
718,Non-Target,No,0,None,ADHD
719,Non-Target,No,0,None,ADHD
720,Target,Yes,716,None,ADHD
721,Non-Target,No,0,None,ADHD
722,Non-Target,No,0,None,ADHD
723,Non-Target,No,0,None,ADHD
724,Non-Target,No,0,None,ADHD
725,Non-Target,Yes,678,Commission,ADHD
726,Non-Target,No,0,None,ADHD
727,Non-Target,No,0,None,ADHD
728,Target,No,0,Omission,ADHD
729,Target,Yes,819,None,ADHD
730,Non-Target,No,0,None,ADHD
731,Non-Target,No,0,None,ADHD
732,Non-Target,No,0,None,ADHD
733,Target,Yes,537,None,ADHD
734,Non-Target,No,0,None,ADHD
735,Non-Target,No,0,None,ADHD
736,Non-Target,No,0,None,ADHD
737,Target,Yes,885,None,ADHD
738,Non-Target,Yes,843,Commission,ADHD
739,Non-Target,No,0,None,ADHD
740,Non-Target,No,0,None,ADHD
741,Target,Yes,823,None,ADHD
742,Non-Target,No,0,None,ADHD
743,Non-Target,No,0,None,ADHD
744,Target,Yes,983,None,ADHD
745,Non-Target,No,0,None,ADHD
746,Target,No,0,Omission,ADHD
747,Non-Target,No,0,None,ADHD
748,Non-Target,Yes,725,Commission,ADHD
749,Non-Target,No,0,None,ADHD
750,Non-Target,Yes,775,Commission,ADHD
751,Target,No,0,Omission,ADHD
752,Target,No,0,Omission,ADHD
753,Non-Target,No,0,None,ADHD
754,Non-Target,No,0,None,ADHD
755,Non-Target,No,0,None,ADHD
756,Non-Target,No,0,None,ADHD
757,Non-Target,No,0,None,ADHD
758,Non-Target,No,0,None,ADHD
759,Target,Yes,845,None,ADHD
760,Target,Yes,807,None,ADHD
761,Target,Yes,1097,None,ADHD
762,Target,Yes,686,None,ADHD
763,Non-Target,No,0,None,ADHD
764,Target,Yes,835,None,ADHD
765,Target,Yes,584,None,ADHD
766,Non-Target,No,0,None,ADHD
767,Non-Target,Yes,921,Commission,ADHD
768,Target,No,0,Omission,ADHD
769,Non-Target,No,0,None,ADHD
770,Non-Target,No,0,None,ADHD
771,Non-Target,No,0,None,ADHD
772,Non-Target,No,0,None,ADHD
773,Non-Target,No,0,None,ADHD
774,Target,No,0,Omission,ADHD
775,Non-Target,No,0,None,ADHD
776,Non-Target,No,0,None,ADHD
777,Target,Yes,700,None,ADHD
778,Target,No,0,Omission,ADHD
779,Target,Yes,834,None,ADHD
780,Target,Yes,863,None,ADHD
781,Non-Target,No,0,None,ADHD
782,Non-Target,No,0,None,ADHD
783,Non-Target,No,0,None,ADHD
784,Non-Target,No,0,None,ADHD
785,Non-Target,No,0,None,ADHD
786,Target,Yes,757,None,ADHD
787,Non-Target,No,0,None,ADHD
788,Non-Target,No,0,None,ADHD
789,Non-Target,No,0,None,ADHD
790,Non-Target,No,0,None,ADHD
791,Non-Target,Yes,706,Commission,ADHD
792,Target,Yes,724,None,ADHD
793,Non-Target,No,0,None,ADHD
794,Target,Yes,680,None,ADHD
795,Non-Target,No,0,None,ADHD
796,Non-Target,No,0,None,ADHD
797,Non-Target,No,0,None,ADHD
798,Target,Yes,814,None,ADHD
799,Non-Target,No,0,None,ADHD
800,Non-Target,Yes,988,Commission,ADHD
801,Non-Target,No,0,None,ADHD
802,Non-Target,Yes,871,Commission,ADHD
803,Target,Yes,791,None,ADHD
804,Non-Target,No,0,None,ADHD
805,Target,Yes,759,None,ADHD
806,Non-Target,No,0,None,ADHD
807,Target,Yes,731,None,ADHD
808,Non-Target,Yes,799,Commission,ADHD
809,Non-Target,No,0,None,ADHD
810,Non-Target,No,0,None,ADHD
811,Non-Target,No,0,None,ADHD
812,Non-Target,No,0,None,ADHD
813,Non-Target,No,0,None,ADHD
814,Non-Target,No,0,None,ADHD
815,Target,Yes,1000,None,ADHD
816,Non-Target,No,0,None,ADHD
817,Non-Target,No,0,None,ADHD
818,Target,Yes,778,None,ADHD
819,Target,Yes,546,None,ADHD
820,Non-Target,No,0,None,ADHD
821,Non-Target,No,0,None,ADHD
822,Target,No,0,Omission,ADHD
823,Non-Target,Yes,752,Commission,ADHD
824,Target,Yes,657,None,ADHD
825,Non-Target,No,0,None,ADHD
826,Target,Yes,808,None,ADHD
827,Non-Target,No,0,None,ADHD
828,Non-Target,No,0,None,ADHD
829,Non-Target,No,0,None,ADHD
830,Target,Yes,789,None,ADHD
831,Target,No,0,Omission,ADHD
832,Non-Target,No,0,None,ADHD
833,Target,No,0,Omission,ADHD
834,Non-Target,No,0,None,ADHD
835,Non-Target,No,0,None,ADHD
836,Target,Yes,912,None,ADHD
837,Non-Target,Yes,751,Commission,ADHD
838,Non-Target,No,0,None,ADHD
839,Non-Target,No,0,None,ADHD
840,Non-Target,Yes,699,Commission,ADHD
841,Non-Target,Yes,840,Commission,ADHD
842,Non-Target,No,0,None,ADHD
843,Non-Target,No,0,None,ADHD
844,Non-Target,Yes,707,Commission,ADHD
845,Target,Yes,1045,None,ADHD
846,Target,No,0,Omission,ADHD
847,Non-Target,No,0,None,ADHD
848,Target,Yes,885,None,ADHD
849,Non-Target,No,0,None,ADHD
850,Non-Target,No,0,None,ADHD
851,Non-Target,No,0,None,ADHD
852,Non-Target,No,0,None,ADHD
853,Target,Yes,765,None,ADHD
854,Non-Target,No,0,None,ADHD
855,Non-Target,No,0,None,ADHD
856,Non-Target,No,0,None,ADHD
857,Target,Yes,604,None,ADHD
858,Non-Target,No,0,None,ADHD
859,Non-Target,No,0,None,ADHD
860,Target,Yes,923,None,ADHD
861,Target,Yes,830,None,ADHD
862,Target,Yes,827,None,ADHD
863,Non-Target,No,0,None,ADHD
864,Non-Target,No,0,None,ADHD
865,Target,Yes,706,None,ADHD
866,Non-Target,No,0,None,ADHD
867,Target,No,0,Omission,ADHD
868,Non-Target,No,0,None,ADHD
869,Target,No,0,Omission,ADHD
870,Target,Yes,916,None,ADHD
871,Non-Target,No,0,None,ADHD
872,Non-Target,No,0,None,ADHD
873,Non-Target,No,0,None,ADHD
874,Non-Target,No,0,None,ADHD
875,Target,No,0,Omission,ADHD
876,Non-Target,No,0,None,ADHD
877,Target,Yes,743,None,ADHD
878,Non-Target,No,0,None,ADHD
879,Non-Target,No,0,None,ADHD
880,Target,Yes,620,None,ADHD
881,Non-Target,No,0,None,ADHD
882,Non-Target,No,0,None,ADHD
883,Target,No,0,Omission,ADHD
884,Non-Target,No,0,None,ADHD
885,Non-Target,No,0,None,ADHD
886,Non-Target,No,0,None,ADHD
887,Target,Yes,824,None,ADHD
888,Target,Yes,817,None,ADHD
889,Non-Target,No,0,None,ADHD
890,Non-Target,No,0,None,ADHD
891,Non-Target,No,0,None,ADHD
892,Non-Target,No,0,None,ADHD
893,Target,Yes,1026,None,ADHD
894,Non-Target,No,0,None,ADHD
895,Non-Target,No,0,None,ADHD
896,Non-Target,Yes,578,Commission,ADHD
897,Non-Target,No,0,None,ADHD
898,Non-Target,No,0,None,ADHD
899,Non-Target,No,0,None,ADHD
900,Non-Target,No,0,None,ADHD
901,Target,Yes,689,None,ADHD
902,Non-Target,Yes,650,Commission,ADHD
903,Non-Target,Yes,903,Commission,ADHD
904,Non-Target,No,0,None,ADHD
905,Target,No,0,Omission,ADHD
906,Non-Target,No,0,None,ADHD
907,Non-Target,No,0,None,ADHD
908,Non-Target,Yes,543,Commission,ADHD
909,Non-Target,No,0,None,ADHD
910,Target,No,0,Omission,ADHD
911,Target,Yes,875,None,ADHD
912,Non-Target,No,0,None,ADHD
913,Non-Target,No,0,None,ADHD
914,Target,No,0,Omission,ADHD
915,Non-Target,No,0,None,ADHD
916,Target,Yes,520,None,ADHD
917,Target,Yes,724,None,ADHD
918,Non-Target,No,0,None,ADHD
919,Non-Target,No,0,None,ADHD
920,Non-Target,No,0,None,ADHD
921,Non-Target,No,0,None,ADHD
922,Non-Target,No,0,None,ADHD
923,Non-Target,No,0,None,ADHD
924,Non-Target,No,0,None,ADHD
925,Non-Target,No,0,None,ADHD
926,Non-Target,No,0,None,ADHD
927,Non-Target,No,0,None,ADHD
928,Target,Yes,611,None,ADHD
929,Non-Target,No,0,None,ADHD
930,Non-Target,No,0,None,ADHD
931,Non-Target,No,0,None,ADHD
932,Non-Target,No,0,None,ADHD
933,Target,No,0,Omission,ADHD
934,Non-Target,No,0,None,ADHD
935,Non-Target,Yes,806,Commission,ADHD
936,Non-Target,Yes,822,Commission,ADHD
937,Target,Yes,779,None,ADHD
938,Non-Target,No,0,None,ADHD
939,Target,Yes,594,None,ADHD
940,Non-Target,No,0,None,ADHD
941,Non-Target,No,0,None,ADHD
942,Non-Target,No,0,None,ADHD
943,Non-Target,No,0,None,ADHD
944,Target,Yes,925,None,ADHD
945,Target,Yes,719,None,ADHD
946,Non-Target,No,0,None,ADHD
947,Target,Yes,816,None,ADHD
948,Non-Target,No,0,None,ADHD
949,Target,No,0,Omission,ADHD
950,Target,Yes,805,None,ADHD
951,Non-Target,No,0,None,ADHD
952,Non-Target,No,0,None,ADHD
953,Non-Target,No,0,None,ADHD
954,Non-Target,No,0,None,ADHD
955,Target,Yes,790,None,ADHD
956,Target,Yes,712,None,ADHD
957,Non-Target,No,0,None,ADHD
958,Non-Target,No,0,None,ADHD
959,Non-Target,No,0,None,ADHD
960,Non-Target,No,0,None,ADHD
961,Non-Target,No,0,None,ADHD
962,Target,No,0,Omission,ADHD
963,Non-Target,No,0,None,ADHD
964,Target,Yes,785,None,ADHD
965,Non-Target,No,0,None,ADHD
966,Non-Target,No,0,None,ADHD
967,Non-Target,No,0,None,ADHD
968,Non-Target,Yes,696,Commission,ADHD
969,Non-Target,No,0,None,ADHD
970,Non-Target,No,0,None,ADHD
971,Non-Target,Yes,1095,Commission,ADHD
972,Non-Target,No,0,None,ADHD
973,Non-Target,No,0,None,ADHD
974,Non-Target,No,0,None,ADHD
975,Target,Yes,554,None,ADHD
976,Non-Target,No,0,None,ADHD
977,Non-Target,No,0,None,ADHD
978,Non-Target,No,0,None,ADHD
979,Non-Target,No,0,None,ADHD
980,Non-Target,No,0,None,ADHD
981,Target,No,0,Omission,ADHD
982,Non-Target,No,0,None,ADHD
983,Target,Yes,593,None,ADHD
984,Target,Yes,803,None,ADHD
985,Non-Target,No,0,None,ADHD
986,Non-Target,No,0,None,ADHD
987,Non-Target,No,0,None,ADHD
988,Non-Target,No,0,None,ADHD
989,Non-Target,No,0,None,ADHD
990,Target,Yes,766,None,ADHD
991,Non-Target,No,0,None,ADHD
992,Target,Yes,637,None,ADHD
993,Non-Target,No,0,None,ADHD
994,Target,Yes,856,None,ADHD
995,Non-Target,No,0,None,ADHD
996,Non-Target,No,0,None,ADHD
997,Non-Target,No,0,None,ADHD
998,Non-Target,No,0,None,ADHD
999,Non-Target,No,0,None,ADHD
1000,Target,Yes,570,None,ADHD
1001,Non-Target,No,0,None,ADHD
1002,Non-Target,No,0,None,ADHD
1003,Target,Yes,738,None,ADHD
1004,Target,Yes,973,None,ADHD
1005,Target,Yes,466,None,ADHD
1006,Non-Target,No,0,None,ADHD
1007,Non-Target,No,0,None,ADHD
1008,Non-Target,No,0,None,ADHD
1009,Target,No,0,Omission,ADHD
1010,Target,Yes,908,None,ADHD
1011,Non-Target,No,0,None,ADHD
1012,Target,No,0,Omission,ADHD
1013,Non-Target,No,0,None,ADHD
1014,Non-Target,No,0,None,ADHD
1015,Target,No,0,Omission,ADHD
1016,Non-Target,No,0,None,ADHD
1017,Non-Target,No,0,None,ADHD
1018,Target,Yes,734,None,ADHD
1019,Non-Target,No,0,None,ADHD
1020,Target,Yes,703,None,ADHD
1021,Target,Yes,952,None,ADHD
1022,Target,Yes,785,None,ADHD
1023,Non-Target,No,0,None,ADHD
1024,Target,Yes,1077,None,ADHD
1025,Non-Target,No,0,None,ADHD
1026,Non-Target,No,0,None,ADHD
1027,Non-Target,No,0,None,ADHD
1028,Non-Target,No,0,None,ADHD
1029,Non-Target,No,0,None,ADHD
1030,Non-Target,No,0,None,ADHD
1031,Non-Target,No,0,None,ADHD
1032,Non-Target,No,0,None,ADHD
1033,Non-Target,No,0,None,ADHD
1034,Target,Yes,894,None,ADHD
1035,Non-Target,Yes,1005,Commission,ADHD
1036,Target,Yes,1102,None,ADHD
1037,Target,Yes,737,None,ADHD
1038,Target,No,0,Omission,ADHD
1039,Non-Target,No,0,None,ADHD
1040,Target,Yes,819,None,ADHD
1041,Non-Target,No,0,None,ADHD
1042,Non-Target,Yes,928,Commission,ADHD
1043,Target,Yes,668,None,ADHD
1044,Non-Target,No,0,None,ADHD
1045,Non-Target,No,0,None,ADHD
1046,Non-Target,No,0,None,ADHD
1047,Non-Target,No,0,None,ADHD
1048,Target,Yes,846,None,ADHD
1049,Target,Yes,887,None,ADHD
1050,Non-Target,No,0,None,ADHD
1051,Target,No,0,Omission,ADHD
1052,Non-Target,No,0,None,ADHD
1053,Non-Target,Yes,718,Commission,ADHD
1054,Target,Yes,492,None,ADHD
1055,Non-Target,No,0,None,ADHD
1056,Non-Target,No,0,None,ADHD
1057,Non-Target,No,0,None,ADHD
1058,Non-Target,No,0,None,ADHD
1059,Non-Target,No,0,None,ADHD
1060,Non-Target,No,0,None,ADHD
1061,Non-Target,No,0,None,ADHD
1062,Non-Target,No,0,None,ADHD
1063,Non-Target,Yes,1072,Commission,ADHD
1064,Non-Target,No,0,None,ADHD
1065,Target,No,0,Omission,ADHD
1066,Non-Target,No,0,None,ADHD
1067,Target,No,0,Omission,ADHD
1068,Non-Target,No,0,None,ADHD
1069,Non-Target,Yes,817,Commission,ADHD
1070,Non-Target,Yes,916,Commission,ADHD
1071,Non-Target,No,0,None,ADHD
1072,Non-Target,No,0,None,ADHD
1073,Target,No,0,Omission,ADHD
1074,Non-Target,No,0,None,ADHD
1075,Non-Target,No,0,None,ADHD
1076,Non-Target,No,0,None,ADHD
1077,Target,Yes,851,None,ADHD
1078,Non-Target,Yes,459,Commission,ADHD
1079,Non-Target,No,0,None,ADHD
1080,Non-Target,No,0,None,ADHD
1081,Non-Target,Yes,637,Commission,ADHD
1082,Non-Target,Yes,716,Commission,ADHD
1083,Non-Target,No,0,None,ADHD
1084,Target,Yes,859,None,ADHD
1085,Non-Target,No,0,None,ADHD
1086,Non-Target,No,0,None,ADHD
1087,Non-Target,No,0,None,ADHD
1088,Non-Target,No,0,None,ADHD
1089,Target,Yes,1065,None,ADHD
1090,Target,Yes,907,None,ADHD
1091,Non-Target,No,0,None,ADHD
1092,Non-Target,No,0,None,ADHD
1093,Non-Target,Yes,594,Commission,ADHD
1094,Target,Yes,840,None,ADHD
1095,Non-Target,No,0,None,ADHD
1096,Non-Target,No,0,None,ADHD
1097,Target,Yes,992,None,ADHD
1098,Non-Target,Yes,856,Commission,ADHD
1099,Non-Target,Yes,705,Commission,ADHD
1100,Non-Target,Yes,805,Commission,ADHD
1101,Target,No,0,Omission,ADHD
1102,Non-Target,No,0,None,ADHD
1103,Target,Yes,668,None,ADHD
1104,Non-Target,Yes,737,Commission,ADHD
1105,Non-Target,No,0,None,ADHD
1106,Target,Yes,617,None,ADHD
1107,Non-Target,No,0,None,ADHD
1108,Non-Target,No,0,None,ADHD
1109,Non-Target,No,0,None,ADHD
1110,Non-Target,No,0,None,ADHD
1111,Non-Target,No,0,None,ADHD
1112,Target,Yes,629,None,ADHD
1113,Target,Yes,807,None,ADHD
1114,Target,Yes,794,None,ADHD
1115,Non-Target,No,0,None,ADHD
1116,Non-Target,Yes,844,Commission,ADHD
1117,Non-Target,No,0,None,ADHD
1118,Non-Target,No,0,None,ADHD
1119,Non-Target,Yes,595,Commission,ADHD
1120,Non-Target,No,0,None,ADHD
1121,Non-Target,No,0,None,ADHD
1122,Target,Yes,562,None,ADHD
1123,Target,No,0,Omission,ADHD
1124,Non-Target,No,0,None,ADHD
1125,Target,Yes,739,None,ADHD
1126,Non-Target,No,0,None,ADHD
1127,Non-Target,No,0,None,ADHD
1128,Non-Target,No,0,None,ADHD
1129,Non-Target,No,0,None,ADHD
1130,Non-Target,No,0,None,ADHD
1131,Non-Target,No,0,None,ADHD
1132,Non-Target,No,0,None,ADHD
1133,Non-Target,No,0,None,ADHD
1134,Non-Target,No,0,None,ADHD
1135,Target,Yes,801,None,ADHD
1136,Non-Target,No,0,None,ADHD
1137,Non-Target,Yes,718,Commission,ADHD
1138,Non-Target,No,0,None,ADHD
1139,Non-Target,No,0,None,ADHD
1140,Non-Target,No,0,None,ADHD
1141,Non-Target,No,0,None,ADHD
1142,Target,Yes,693,None,ADHD
1143,Non-Target,No,0,None,ADHD
1144,Non-Target,No,0,None,ADHD
1145,Target,Yes,1010,None,ADHD
1146,Target,Yes,917,None,ADHD
1147,Non-Target,No,0,None,ADHD
1148,Target,Yes,669,None,ADHD
1149,Target,Yes,845,None,ADHD
1150,Non-Target,No,0,None,ADHD
1151,Non-Target,No,0,None,ADHD
1152,Target,No,0,Omission,ADHD
1153,Non-Target,No,0,None,ADHD
1154,Target,Yes,901,None,ADHD
1155,Non-Target,No,0,None,ADHD
1156,Non-Target,Yes,702,Commission,ADHD
1157,Non-Target,No,0,None,ADHD
1158,Non-Target,No,0,None,ADHD
1159,Target,Yes,697,None,ADHD
1160,Non-Target,No,0,None,ADHD
1161,Non-Target,No,0,None,ADHD
1162,Non-Target,No,0,None,ADHD
1163,Non-Target,No,0,None,ADHD
1164,Non-Target,Yes,830,Commission,ADHD
1165,Non-Target,Yes,573,Commission,ADHD
1166,Non-Target,No,0,None,ADHD
1167,Target,Yes,992,None,ADHD
1168,Non-Target,No,0,None,ADHD
1169,Non-Target,Yes,1044,Commission,ADHD
1170,Non-Target,No,0,None,ADHD
1171,Non-Target,No,0,None,ADHD
1172,Target,Yes,787,None,ADHD
1173,Non-Target,No,0,None,ADHD
1174,Non-Target,No,0,None,ADHD
1175,Non-Target,No,0,None,ADHD
1176,Non-Target,No,0,None,ADHD
1177,Target,No,0,Omission,ADHD
1178,Target,Yes,741,None,ADHD
1179,Target,Yes,566,None,ADHD
1180,Target,No,0,Omission,ADHD
1181,Non-Target,No,0,None,ADHD
1182,Non-Target,No,0,None,ADHD
1183,Non-Target,No,0,None,ADHD
1184,Non-Target,No,0,None,ADHD
1185,Non-Target,No,0,None,ADHD
1186,Non-Target,No,0,None,ADHD
1187,Non-Target,No,0,None,ADHD
1188,Non-Target,Yes,784,Commission,ADHD
1189,Non-Target,No,0,None,ADHD
1190,Target,No,0,Omission,ADHD
1191,Non-Target,Yes,739,Commission,ADHD
1192,Non-Target,No,0,None,ADHD
1193,Non-Target,No,0,None,ADHD
1194,Non-Target,No,0,None,ADHD
1195,Target,No,0,Omission,ADHD
1196,Non-Target,No,0,None,ADHD
1197,Non-Target,No,0,None,ADHD
1198,Target,Yes,839,None,ADHD
1199,Non-Target,No,0,None,ADHD
1200,Non-Target,No,0,None,ADHD
