Trial,StimulusType,Reaction,ReactionTime(ms),ErrorType,Label
1,Target,Yes,792,None,ADHD
2,Target,Yes,651,None,ADHD
3,Target,Yes,737,None,ADHD
4,Non-Target,No,0,None,ADHD
5,Target,Yes,618,None,ADHD
6,Non-Target,Yes,715,Commission,ADHD
7,Non-Target,No,0,None,ADHD
8,Non-Target,Yes,757,Commission,ADHD
9,Non-Target,Yes,786,Commission,ADHD
10,Non-Target,No,0,None,ADHD
11,Non-Target,No,0,None,ADHD
12,Target,Yes,672,None,ADHD
13,Target,Yes,603,None,ADHD
14,Non-Target,No,0,None,ADHD
15,Non-Target,No,0,None,ADHD
16,Target,No,0,Omission,ADHD
17,Non-Target,No,0,None,ADHD
18,Non-Target,No,0,None,ADHD
19,Target,Yes,707,None,ADHD
20,Target,Yes,626,None,ADHD
21,Target,No,0,Omission,ADHD
22,Target,Yes,746,None,ADHD
23,Non-Target,No,0,None,ADHD
24,Target,Yes,615,None,ADHD
25,Non-Target,Yes,605,Commission,ADHD
26,Non-Target,No,0,None,ADHD
27,Target,Yes,614,None,ADHD
28,Target,No,0,Omission,ADHD
29,Non-Target,No,0,None,ADHD
30,Non-Target,No,0,None,ADHD
31,Non-Target,No,0,None,ADHD
32,Target,Yes,670,None,ADHD
33,Target,Yes,698,None,ADHD
34,Non-Target,No,0,None,ADHD
35,Non-Target,No,0,None,ADHD
36,Non-Target,No,0,None,ADHD
37,Non-Target,No,0,None,ADHD
38,Non-Target,No,0,None,ADHD
39,Target,Yes,688,None,ADHD
40,Target,Yes,742,None,ADHD
41,Target,No,0,Omission,ADHD
42,Non-Target,No,0,None,ADHD
43,Non-Target,No,0,None,ADHD
44,Target,Yes,656,None,ADHD
45,Target,Yes,862,None,ADHD
46,Target,Yes,596,None,ADHD
47,Target,Yes,717,None,ADHD
48,Non-Target,No,0,None,ADHD
49,Non-Target,No,0,None,ADHD
50,Target,Yes,803,None,ADHD
51,Non-Target,No,0,None,ADHD
52,Non-Target,No,0,None,ADHD
53,Non-Target,Yes,778,Commission,ADHD
54,Target,Yes,646,None,ADHD
55,Non-Target,No,0,None,ADHD
56,Target,Yes,670,None,ADHD
57,Non-Target,No,0,None,ADHD
58,Non-Target,No,0,None,ADHD
59,Non-Target,No,0,None,ADHD
60,Target,Yes,737,None,ADHD
61,Non-Target,No,0,None,ADHD
62,Target,Yes,664,None,ADHD
63,Non-Target,No,0,None,ADHD
64,Non-Target,No,0,None,ADHD
65,Non-Target,No,0,None,ADHD
66,Non-Target,No,0,None,ADHD
67,Target,Yes,834,None,ADHD
68,Target,Yes,862,None,ADHD
69,Target,Yes,711,None,ADHD
70,Target,Yes,698,None,ADHD
71,Non-Target,Yes,646,Commission,ADHD
72,Non-Target,Yes,551,Commission,ADHD
73,Non-Target,Yes,855,Commission,ADHD
74,Target,Yes,887,None,ADHD
75,Target,Yes,875,None,ADHD
76,Non-Target,Yes,624,Commission,ADHD
77,Target,Yes,795,None,ADHD
78,Target,Yes,727,None,ADHD
79,Target,Yes,627,None,ADHD
80,Target,Yes,821,None,ADHD
81,Non-Target,No,0,None,ADHD
82,Non-Target,No,0,None,ADHD
83,Target,Yes,768,None,ADHD
84,Non-Target,No,0,None,ADHD
85,Non-Target,No,0,None,ADHD
86,Target,No,0,Omission,ADHD
87,Non-Target,No,0,None,ADHD
88,Non-Target,Yes,688,Commission,ADHD
89,Non-Target,No,0,None,ADHD
90,Non-Target,Yes,795,Commission,ADHD
91,Target,Yes,705,None,ADHD
92,Target,Yes,804,None,ADHD
93,Target,No,0,Omission,ADHD
94,Non-Target,No,0,None,ADHD
95,Non-Target,No,0,None,ADHD
96,Target,No,0,Omission,ADHD
97,Non-Target,No,0,None,ADHD
98,Non-Target,No,0,None,ADHD
99,Non-Target,Yes,683,Commission,ADHD
100,Non-Target,No,0,None,ADHD
101,Target,Yes,792,None,ADHD
102,Non-Target,No,0,None,ADHD
103,Non-Target,No,0,None,ADHD
104,Target,Yes,643,None,ADHD
105,Non-Target,No,0,None,ADHD
106,Target,Yes,814,None,ADHD
107,Target,Yes,554,None,ADHD
108,Non-Target,No,0,None,ADHD
109,Non-Target,No,0,None,ADHD
110,Target,Yes,729,None,ADHD
111,Target,Yes,767,None,ADHD
112,Non-Target,No,0,None,ADHD
113,Non-Target,Yes,722,Commission,ADHD
114,Non-Target,Yes,1022,Commission,ADHD
115,Non-Target,No,0,None,ADHD
116,Non-Target,No,0,None,ADHD
117,Non-Target,No,0,None,ADHD
118,Non-Target,No,0,None,ADHD
119,Target,Yes,671,None,ADHD
120,Target,Yes,725,None,ADHD
121,Non-Target,No,0,None,ADHD
122,Non-Target,No,0,None,ADHD
123,Non-Target,No,0,None,ADHD
124,Target,Yes,756,None,ADHD
125,Non-Target,Yes,685,Commission,ADHD
126,Non-Target,No,0,None,ADHD
127,Non-Target,No,0,None,ADHD
128,Target,Yes,771,None,ADHD
129,Non-Target,No,0,None,ADHD
130,Non-Target,No,0,None,ADHD
131,Non-Target,No,0,None,ADHD
132,Non-Target,No,0,None,ADHD
133,Non-Target,Yes,541,Commission,ADHD
134,Target,No,0,Omission,ADHD
135,Non-Target,No,0,None,ADHD
136,Target,Yes,624,None,ADHD
137,Non-Target,No,0,None,ADHD
138,Target,Yes,635,None,ADHD
139,Target,Yes,678,None,ADHD
140,Non-Target,No,0,None,ADHD
141,Target,No,0,Omission,ADHD
142,Non-Target,No,0,None,ADHD
143,Non-Target,No,0,None,ADHD
144,Non-Target,No,0,None,ADHD
145,Non-Target,No,0,None,ADHD
146,Non-Target,No,0,None,ADHD
147,Non-Target,No,0,None,ADHD
148,Non-Target,No,0,None,ADHD
149,Non-Target,No,0,None,ADHD
150,Non-Target,No,0,None,ADHD
151,Non-Target,No,0,None,ADHD
152,Non-Target,No,0,None,ADHD
153,Non-Target,No,0,None,ADHD
154,Non-Target,No,0,None,ADHD
155,Non-Target,No,0,None,ADHD
156,Non-Target,No,0,None,ADHD
157,Non-Target,No,0,None,ADHD
158,Non-Target,No,0,None,ADHD
159,Non-Target,No,0,None,ADHD
160,Non-Target,No,0,None,ADHD
161,Non-Target,No,0,None,ADHD
162,Target,Yes,731,None,ADHD
163,Non-Target,No,0,None,ADHD
164,Non-Target,No,0,None,ADHD
165,Non-Target,No,0,None,ADHD
166,Non-Target,No,0,None,ADHD
167,Non-Target,No,0,None,ADHD
168,Non-Target,No,0,None,ADHD
169,Non-Target,Yes,704,Commission,ADHD
170,Target,Yes,628,None,ADHD
171,Non-Target,No,0,None,ADHD
172,Non-Target,No,0,None,ADHD
173,Target,Yes,565,None,ADHD
174,Non-Target,No,0,None,ADHD
175,Non-Target,No,0,None,ADHD
176,Non-Target,No,0,None,ADHD
177,Target,No,0,Omission,ADHD
178,Target,Yes,860,None,ADHD
179,Non-Target,Yes,728,Commission,ADHD
180,Target,Yes,776,None,ADHD
181,Non-Target,Yes,678,Commission,ADHD
182,Non-Target,No,0,None,ADHD
183,Non-Target,No,0,None,ADHD
184,Non-Target,No,0,None,ADHD
185,Target,Yes,704,None,ADHD
186,Target,Yes,810,None,ADHD
187,Target,Yes,746,None,ADHD
188,Non-Target,No,0,None,ADHD
189,Target,Yes,855,None,ADHD
190,Non-Target,No,0,None,ADHD
191,Non-Target,No,0,None,ADHD
192,Target,Yes,591,None,ADHD
193,Target,Yes,797,None,ADHD
194,Target,Yes,617,None,ADHD
195,Non-Target,Yes,704,Commission,ADHD
196,Non-Target,No,0,None,ADHD
197,Non-Target,No,0,None,ADHD
198,Non-Target,No,0,None,ADHD
199,Non-Target,No,0,None,ADHD
200,Non-Target,No,0,None,ADHD
201,Non-Target,No,0,None,ADHD
202,Non-Target,No,0,None,ADHD
203,Non-Target,No,0,None,ADHD
204,Non-Target,No,0,None,ADHD
205,Target,Yes,753,None,ADHD
206,Non-Target,No,0,None,ADHD
207,Non-Target,Yes,734,Commission,ADHD
208,Non-Target,No,0,None,ADHD
209,Target,Yes,627,None,ADHD
210,Non-Target,No,0,None,ADHD
211,Non-Target,No,0,None,ADHD
212,Non-Target,No,0,None,ADHD
213,Non-Target,No,0,None,ADHD
214,Non-Target,No,0,None,ADHD
215,Non-Target,No,0,None,ADHD
216,Target,Yes,623,None,ADHD
217,Target,Yes,651,None,ADHD
218,Non-Target,No,0,None,ADHD
219,Non-Target,No,0,None,ADHD
220,Non-Target,No,0,None,ADHD
221,Non-Target,No,0,None,ADHD
222,Non-Target,No,0,None,ADHD
223,Target,Yes,726,None,ADHD
224,Non-Target,Yes,762,Commission,ADHD
225,Non-Target,No,0,None,ADHD
226,Target,Yes,686,None,ADHD
227,Non-Target,No,0,None,ADHD
228,Non-Target,No,0,None,ADHD
229,Target,No,0,Omission,ADHD
230,Target,Yes,660,None,ADHD
231,Non-Target,Yes,884,Commission,ADHD
232,Target,Yes,756,None,ADHD
233,Target,Yes,745,None,ADHD
234,Target,Yes,801,None,ADHD
235,Non-Target,Yes,840,Commission,ADHD
236,Target,No,0,Omission,ADHD
237,Target,Yes,703,None,ADHD
238,Non-Target,Yes,720,Commission,ADHD
239,Non-Target,No,0,None,ADHD
240,Target,No,0,Omission,ADHD
241,Target,Yes,662,None,ADHD
242,Non-Target,Yes,715,Commission,ADHD
243,Target,Yes,864,None,ADHD
244,Non-Target,No,0,None,ADHD
245,Non-Target,No,0,None,ADHD
246,Target,Yes,762,None,ADHD
247,Target,Yes,881,None,ADHD
248,Non-Target,No,0,None,ADHD
249,Target,Yes,474,None,ADHD
250,Non-Target,No,0,None,ADHD
251,Non-Target,No,0,None,ADHD
252,Non-Target,No,0,None,ADHD
253,Target,Yes,633,None,ADHD
254,Non-Target,No,0,None,ADHD
255,Non-Target,No,0,None,ADHD
256,Non-Target,No,0,None,ADHD
257,Non-Target,No,0,None,ADHD
258,Non-Target,No,0,None,ADHD
259,Non-Target,Yes,606,Commission,ADHD
260,Target,Yes,712,None,ADHD
261,Non-Target,No,0,None,ADHD
262,Target,Yes,702,None,ADHD
263,Non-Target,No,0,None,ADHD
264,Non-Target,No,0,None,ADHD
265,Non-Target,No,0,None,ADHD
266,Non-Target,No,0,None,ADHD
267,Target,Yes,729,None,ADHD
268,Non-Target,No,0,None,ADHD
269,Non-Target,No,0,None,ADHD
270,Non-Target,No,0,None,ADHD
271,Non-Target,No,0,None,ADHD
272,Non-Target,Yes,747,Commission,ADHD
273,Target,No,0,Omission,ADHD
274,Non-Target,Yes,850,Commission,ADHD
275,Target,Yes,636,None,ADHD
276,Non-Target,No,0,None,ADHD
277,Non-Target,No,0,None,ADHD
278,Non-Target,No,0,None,ADHD
279,Non-Target,Yes,854,Commission,ADHD
280,Non-Target,No,0,None,ADHD
281,Non-Target,No,0,None,ADHD
282,Non-Target,No,0,None,ADHD
283,Non-Target,No,0,None,ADHD
284,Non-Target,No,0,None,ADHD
285,Non-Target,No,0,None,ADHD
286,Non-Target,No,0,None,ADHD
287,Non-Target,Yes,780,Commission,ADHD
288,Non-Target,No,0,None,ADHD
289,Target,Yes,589,None,ADHD
290,Non-Target,No,0,None,ADHD
291,Non-Target,No,0,None,ADHD
292,Non-Target,Yes,704,Commission,ADHD
293,Non-Target,No,0,None,ADHD
294,Target,Yes,778,None,ADHD
295,Non-Target,No,0,None,ADHD
296,Non-Target,No,0,None,ADHD
297,Non-Target,No,0,None,ADHD
298,Non-Target,No,0,None,ADHD
299,Non-Target,No,0,None,ADHD
300,Non-Target,No,0,None,ADHD
301,Non-Target,No,0,None,ADHD
302,Non-Target,No,0,None,ADHD
303,Non-Target,No,0,None,ADHD
304,Non-Target,Yes,694,Commission,ADHD
305,Non-Target,No,0,None,ADHD
306,Non-Target,No,0,None,ADHD
307,Non-Target,Yes,699,Commission,ADHD
308,Non-Target,No,0,None,ADHD
309,Non-Target,No,0,None,ADHD
310,Non-Target,No,0,None,ADHD
311,Non-Target,No,0,None,ADHD
312,Non-Target,No,0,None,ADHD
313,Non-Target,No,0,None,ADHD
314,Target,Yes,766,None,ADHD
315,Non-Target,No,0,None,ADHD
316,Non-Target,No,0,None,ADHD
317,Non-Target,Yes,785,Commission,ADHD
318,Non-Target,No,0,None,ADHD
319,Non-Target,No,0,None,ADHD
320,Non-Target,No,0,None,ADHD
321,Target,Yes,708,None,ADHD
322,Non-Target,No,0,None,ADHD
323,Target,Yes,589,None,ADHD
324,Non-Target,No,0,None,ADHD
325,Non-Target,No,0,None,ADHD
326,Target,No,0,Omission,ADHD
327,Non-Target,No,0,None,ADHD
328,Non-Target,No,0,None,ADHD
329,Non-Target,No,0,None,ADHD
330,Target,No,0,Omission,ADHD
331,Non-Target,No,0,None,ADHD
332,Target,No,0,Omission,ADHD
333,Target,Yes,646,None,ADHD
334,Non-Target,No,0,None,ADHD
335,Non-Target,No,0,None,ADHD
336,Target,No,0,Omission,ADHD
337,Non-Target,Yes,681,Commission,ADHD
338,Non-Target,No,0,None,ADHD
339,Target,Yes,698,None,ADHD
340,Non-Target,No,0,None,ADHD
341,Target,Yes,531,None,ADHD
342,Target,Yes,861,None,ADHD
343,Non-Target,No,0,None,ADHD
344,Non-Target,No,0,None,ADHD
345,Non-Target,No,0,None,ADHD
346,Target,Yes,590,None,ADHD
347,Target,Yes,719,None,ADHD
348,Non-Target,No,0,None,ADHD
349,Non-Target,Yes,612,Commission,ADHD
350,Non-Target,No,0,None,ADHD
351,Non-Target,Yes,567,Commission,ADHD
352,Non-Target,No,0,None,ADHD
353,Non-Target,No,0,None,ADHD
354,Non-Target,No,0,None,ADHD
355,Target,Yes,637,None,ADHD
356,Non-Target,No,0,None,ADHD
357,Non-Target,No,0,None,ADHD
358,Non-Target,No,0,None,ADHD
359,Target,Yes,746,None,ADHD
360,Target,Yes,598,None,ADHD
361,Non-Target,No,0,None,ADHD
362,Non-Target,No,0,None,ADHD
363,Non-Target,No,0,None,ADHD
364,Non-Target,No,0,None,ADHD
365,Non-Target,No,0,None,ADHD
366,Non-Target,No,0,None,ADHD
367,Non-Target,No,0,None,ADHD
368,Non-Target,No,0,None,ADHD
369,Non-Target,No,0,None,ADHD
370,Target,No,0,Omission,ADHD
371,Non-Target,No,0,None,ADHD
372,Non-Target,No,0,None,ADHD
373,Non-Target,No,0,None,ADHD
374,Non-Target,No,0,None,ADHD
375,Non-Target,No,0,None,ADHD
376,Non-Target,No,0,None,ADHD
377,Non-Target,Yes,671,Commission,ADHD
378,Non-Target,No,0,None,ADHD
379,Non-Target,No,0,None,ADHD
380,Non-Target,No,0,None,ADHD
381,Non-Target,No,0,None,ADHD
382,Non-Target,No,0,None,ADHD
383,Non-Target,No,0,None,ADHD
384,Non-Target,No,0,None,ADHD
385,Non-Target,No,0,None,ADHD
386,Non-Target,No,0,None,ADHD
387,Non-Target,No,0,None,ADHD
388,Non-Target,Yes,766,Commission,ADHD
389,Target,Yes,750,None,ADHD
390,Target,Yes,709,None,ADHD
391,Target,Yes,837,None,ADHD
392,Non-Target,No,0,None,ADHD
393,Non-Target,No,0,None,ADHD
394,Non-Target,No,0,None,ADHD
395,Non-Target,No,0,None,ADHD
396,Non-Target,No,0,None,ADHD
397,Non-Target,Yes,727,Commission,ADHD
398,Non-Target,No,0,None,ADHD
399,Target,Yes,728,None,ADHD
400,Target,Yes,806,None,ADHD
401,Non-Target,No,0,None,ADHD
402,Target,Yes,661,None,ADHD
403,Non-Target,Yes,552,Commission,ADHD
404,Non-Target,Yes,880,Commission,ADHD
405,Target,No,0,Omission,ADHD
406,Target,Yes,751,None,ADHD
407,Non-Target,Yes,706,Commission,ADHD
408,Non-Target,No,0,None,ADHD
409,Target,No,0,Omission,ADHD
410,Non-Target,Yes,634,Commission,ADHD
411,Target,Yes,911,None,ADHD
412,Non-Target,No,0,None,ADHD
413,Non-Target,No,0,None,ADHD
414,Non-Target,No,0,None,ADHD
415,Non-Target,No,0,None,ADHD
416,Target,Yes,850,None,ADHD
417,Target,Yes,819,None,ADHD
418,Non-Target,No,0,None,ADHD
419,Non-Target,No,0,None,ADHD
420,Target,Yes,734,None,ADHD
421,Target,No,0,Omission,ADHD
422,Non-Target,No,0,None,ADHD
423,Target,Yes,690,None,ADHD
424,Non-Target,No,0,None,ADHD
425,Target,Yes,767,None,ADHD
426,Non-Target,No,0,None,ADHD
427,Target,Yes,818,None,ADHD
428,Non-Target,No,0,None,ADHD
429,Non-Target,No,0,None,ADHD
430,Non-Target,No,0,None,ADHD
431,Target,Yes,731,None,ADHD
432,Non-Target,No,0,None,ADHD
433,Non-Target,No,0,None,ADHD
434,Non-Target,No,0,None,ADHD
435,Non-Target,No,0,None,ADHD
436,Non-Target,No,0,None,ADHD
437,Non-Target,No,0,None,ADHD
438,Target,No,0,Omission,ADHD
439,Non-Target,No,0,None,ADHD
440,Non-Target,No,0,None,ADHD
441,Target,No,0,Omission,ADHD
442,Non-Target,No,0,None,ADHD
443,Non-Target,No,0,None,ADHD
444,Non-Target,No,0,None,ADHD
445,Non-Target,No,0,None,ADHD
446,Non-Target,No,0,None,ADHD
447,Target,Yes,672,None,ADHD
448,Non-Target,No,0,None,ADHD
449,Non-Target,No,0,None,ADHD
450,Non-Target,No,0,None,ADHD
451,Non-Target,No,0,None,ADHD
452,Target,Yes,608,None,ADHD
453,Non-Target,No,0,None,ADHD
454,Non-Target,Yes,745,Commission,ADHD
455,Non-Target,Yes,832,Commission,ADHD
456,Non-Target,No,0,None,ADHD
457,Non-Target,No,0,None,ADHD
458,Target,Yes,785,None,ADHD
459,Non-Target,Yes,602,Commission,ADHD
460,Non-Target,No,0,None,ADHD
461,Non-Target,No,0,None,ADHD
462,Non-Target,No,0,None,ADHD
463,Target,Yes,833,None,ADHD
464,Non-Target,No,0,None,ADHD
465,Non-Target,Yes,804,Commission,ADHD
466,Non-Target,Yes,800,Commission,ADHD
467,Target,Yes,852,None,ADHD
468,Non-Target,No,0,None,ADHD
469,Non-Target,No,0,None,ADHD
470,Non-Target,No,0,None,ADHD
471,Target,No,0,Omission,ADHD
472,Target,Yes,760,None,ADHD
473,Target,Yes,544,None,ADHD
474,Non-Target,No,0,None,ADHD
475,Non-Target,No,0,None,ADHD
476,Non-Target,No,0,None,ADHD
477,Target,Yes,812,None,ADHD
478,Target,Yes,647,None,ADHD
479,Non-Target,No,0,None,ADHD
480,Non-Target,No,0,None,ADHD
481,Non-Target,No,0,None,ADHD
482,Non-Target,No,0,None,ADHD
483,Non-Target,No,0,None,ADHD
484,Non-Target,No,0,None,ADHD
485,Non-Target,Yes,616,Commission,ADHD
486,Non-Target,No,0,None,ADHD
487,Target,No,0,Omission,ADHD
488,Non-Target,No,0,None,ADHD
489,Non-Target,No,0,None,ADHD
490,Non-Target,No,0,None,ADHD
491,Non-Target,No,0,None,ADHD
492,Non-Target,No,0,None,ADHD
493,Non-Target,Yes,713,Commission,ADHD
494,Non-Target,No,0,None,ADHD
495,Non-Target,No,0,None,ADHD
496,Non-Target,No,0,None,ADHD
497,Target,Yes,1022,None,ADHD
498,Non-Target,No,0,None,ADHD
499,Non-Target,Yes,643,Commission,ADHD
500,Non-Target,No,0,None,ADHD
501,Non-Target,No,0,None,ADHD
502,Non-Target,No,0,None,ADHD
503,Target,Yes,719,None,ADHD
504,Non-Target,No,0,None,ADHD
505,Non-Target,No,0,None,ADHD
506,Target,Yes,880,None,ADHD
507,Target,Yes,678,None,ADHD
508,Non-Target,No,0,None,ADHD
509,Non-Target,No,0,None,ADHD
510,Non-Target,Yes,742,Commission,ADHD
511,Non-Target,No,0,None,ADHD
512,Non-Target,No,0,None,ADHD
513,Non-Target,No,0,None,ADHD
514,Target,Yes,735,None,ADHD
515,Non-Target,No,0,None,ADHD
516,Target,Yes,763,None,ADHD
517,Non-Target,No,0,None,ADHD
518,Non-Target,No,0,None,ADHD
519,Non-Target,No,0,None,ADHD
520,Non-Target,No,0,None,ADHD
521,Non-Target,No,0,None,ADHD
522,Non-Target,No,0,None,ADHD
523,Target,Yes,790,None,ADHD
524,Target,Yes,771,None,ADHD
525,Non-Target,No,0,None,ADHD
526,Target,Yes,686,None,ADHD
527,Non-Target,No,0,None,ADHD
528,Target,Yes,788,None,ADHD
529,Target,Yes,607,None,ADHD
530,Non-Target,No,0,None,ADHD
531,Non-Target,No,0,None,ADHD
532,Non-Target,No,0,None,ADHD
533,Non-Target,No,0,None,ADHD
534,Non-Target,No,0,None,ADHD
535,Non-Target,No,0,None,ADHD
536,Non-Target,No,0,None,ADHD
537,Non-Target,No,0,None,ADHD
538,Non-Target,No,0,None,ADHD
539,Non-Target,Yes,804,Commission,ADHD
540,Non-Target,No,0,None,ADHD
541,Non-Target,No,0,None,ADHD
542,Target,Yes,766,None,ADHD
543,Non-Target,No,0,None,ADHD
544,Non-Target,No,0,None,ADHD
545,Target,No,0,Omission,ADHD
546,Non-Target,No,0,None,ADHD
547,Target,No,0,Omission,ADHD
548,Non-Target,No,0,None,ADHD
549,Non-Target,No,0,None,ADHD
550,Non-Target,No,0,None,ADHD
551,Non-Target,No,0,None,ADHD
552,Target,Yes,852,None,ADHD
553,Non-Target,No,0,None,ADHD
554,Target,Yes,626,None,ADHD
555,Non-Target,No,0,None,ADHD
556,Non-Target,Yes,808,Commission,ADHD
557,Non-Target,No,0,None,ADHD
558,Non-Target,No,0,None,ADHD
559,Target,Yes,718,None,ADHD
560,Non-Target,No,0,None,ADHD
561,Target,Yes,774,None,ADHD
562,Non-Target,No,0,None,ADHD
563,Non-Target,No,0,None,ADHD
564,Non-Target,Yes,716,Commission,ADHD
565,Non-Target,No,0,None,ADHD
566,Non-Target,No,0,None,ADHD
567,Non-Target,No,0,None,ADHD
568,Non-Target,No,0,None,ADHD
569,Non-Target,No,0,None,ADHD
570,Non-Target,No,0,None,ADHD
571,Non-Target,No,0,None,ADHD
572,Non-Target,Yes,718,Commission,ADHD
573,Non-Target,No,0,None,ADHD
574,Target,No,0,Omission,ADHD
575,Non-Target,No,0,None,ADHD
576,Non-Target,No,0,None,ADHD
577,Non-Target,No,0,None,ADHD
578,Non-Target,No,0,None,ADHD
579,Non-Target,No,0,None,ADHD
580,Non-Target,No,0,None,ADHD
581,Non-Target,No,0,None,ADHD
582,Target,Yes,887,None,ADHD
583,Non-Target,No,0,None,ADHD
584,Non-Target,No,0,None,ADHD
585,Target,Yes,831,None,ADHD
586,Non-Target,No,0,None,ADHD
587,Target,Yes,705,None,ADHD
588,Non-Target,Yes,666,Commission,ADHD
589,Target,Yes,718,None,ADHD
590,Non-Target,No,0,None,ADHD
591,Non-Target,No,0,None,ADHD
592,Non-Target,Yes,697,Commission,ADHD
593,Target,Yes,794,None,ADHD
594,Non-Target,No,0,None,ADHD
595,Target,Yes,881,None,ADHD
596,Non-Target,No,0,None,ADHD
597,Non-Target,No,0,None,ADHD
598,Target,Yes,745,None,ADHD
599,Non-Target,No,0,None,ADHD
600,Target,Yes,640,None,ADHD
601,Non-Target,Yes,737,Commission,ADHD
602,Non-Target,No,0,None,ADHD
603,Non-Target,No,0,None,ADHD
604,Non-Target,Yes,647,Commission,ADHD
605,Non-Target,No,0,None,ADHD
606,Non-Target,No,0,None,ADHD
607,Non-Target,Yes,772,Commission,ADHD
608,Target,No,0,Omission,ADHD
609,Non-Target,No,0,None,ADHD
610,Non-Target,No,0,None,ADHD
611,Non-Target,No,0,None,ADHD
612,Non-Target,No,0,None,ADHD
613,Non-Target,No,0,None,ADHD
614,Non-Target,Yes,660,Commission,ADHD
615,Non-Target,No,0,None,ADHD
616,Non-Target,No,0,None,ADHD
617,Non-Target,No,0,None,ADHD
618,Non-Target,Yes,696,Commission,ADHD
619,Non-Target,No,0,None,ADHD
620,Non-Target,No,0,None,ADHD
621,Non-Target,No,0,None,ADHD
622,Non-Target,No,0,None,ADHD
623,Target,Yes,717,None,ADHD
624,Target,Yes,687,None,ADHD
625,Target,Yes,753,None,ADHD
626,Target,Yes,676,None,ADHD
627,Non-Target,No,0,None,ADHD
628,Target,No,0,Omission,ADHD
629,Non-Target,Yes,806,Commission,ADHD
630,Non-Target,No,0,None,ADHD
631,Non-Target,No,0,None,ADHD
632,Non-Target,No,0,None,ADHD
633,Target,Yes,809,None,ADHD
634,Non-Target,No,0,None,ADHD
635,Non-Target,Yes,893,Commission,ADHD
636,Non-Target,Yes,811,Commission,ADHD
637,Target,No,0,Omission,ADHD
638,Non-Target,No,0,None,ADHD
639,Target,Yes,799,None,ADHD
640,Non-Target,No,0,None,ADHD
641,Non-Target,No,0,None,ADHD
642,Non-Target,No,0,None,ADHD
643,Non-Target,No,0,None,ADHD
644,Target,Yes,722,None,ADHD
645,Non-Target,No,0,None,ADHD
646,Non-Target,No,0,None,ADHD
647,Target,Yes,699,None,ADHD
648,Non-Target,No,0,None,ADHD
649,Non-Target,No,0,None,ADHD
650,Non-Target,No,0,None,ADHD
651,Non-Target,Yes,681,Commission,ADHD
652,Target,Yes,597,None,ADHD
653,Non-Target,No,0,None,ADHD
654,Non-Target,No,0,None,ADHD
655,Target,Yes,791,None,ADHD
656,Non-Target,Yes,708,Commission,ADHD
657,Non-Target,No,0,None,ADHD
658,Target,Yes,674,None,ADHD
659,Target,No,0,Omission,ADHD
660,Non-Target,No,0,None,ADHD
661,Non-Target,No,0,None,ADHD
662,Target,No,0,Omission,ADHD
663,Target,No,0,Omission,ADHD
664,Target,Yes,864,None,ADHD
665,Non-Target,No,0,None,ADHD
666,Target,Yes,784,None,ADHD
667,Non-Target,No,0,None,ADHD
668,Target,No,0,Omission,ADHD
669,Target,Yes,842,None,ADHD
670,Non-Target,No,0,None,ADHD
671,Non-Target,No,0,None,ADHD
672,Non-Target,No,0,None,ADHD
673,Non-Target,No,0,None,ADHD
674,Non-Target,No,0,None,ADHD
675,Target,Yes,760,None,ADHD
676,Non-Target,No,0,None,ADHD
677,Non-Target,No,0,None,ADHD
678,Non-Target,No,0,None,ADHD
679,Non-Target,No,0,None,ADHD
680,Non-Target,No,0,None,ADHD
681,Non-Target,No,0,None,ADHD
682,Non-Target,Yes,669,Commission,ADHD
683,Non-Target,No,0,None,ADHD
684,Non-Target,No,0,None,ADHD
685,Non-Target,No,0,None,ADHD
686,Target,No,0,Omission,ADHD
687,Non-Target,No,0,None,ADHD
688,Non-Target,No,0,None,ADHD
689,Non-Target,No,0,None,ADHD
690,Target,No,0,Omission,ADHD
691,Non-Target,No,0,None,ADHD
692,Non-Target,Yes,703,Commission,ADHD
693,Non-Target,No,0,None,ADHD
694,Non-Target,No,0,None,ADHD
695,Non-Target,No,0,None,ADHD
696,Target,Yes,686,None,ADHD
697,Target,Yes,722,None,ADHD
698,Non-Target,No,0,None,ADHD
699,Non-Target,Yes,665,Commission,ADHD
700,Non-Target,No,0,None,ADHD
701,Non-Target,No,0,None,ADHD
702,Non-Target,No,0,None,ADHD
703,Non-Target,No,0,None,ADHD
704,Non-Target,No,0,None,ADHD
705,Non-Target,No,0,None,ADHD
706,Non-Target,No,0,None,ADHD
707,Non-Target,No,0,None,ADHD
708,Target,Yes,830,None,ADHD
709,Non-Target,No,0,None,ADHD
710,Non-Target,No,0,None,ADHD
711,Non-Target,No,0,None,ADHD
712,Target,Yes,777,None,ADHD
713,Target,Yes,401,None,ADHD
714,Target,Yes,692,None,ADHD
715,Non-Target,Yes,753,Commission,ADHD
716,Target,Yes,617,None,ADHD
717,Target,Yes,634,None,ADHD
718,Target,Yes,605,None,ADHD
719,Non-Target,No,0,None,ADHD
720,Non-Target,No,0,None,ADHD
721,Target,Yes,839,None,ADHD
722,Non-Target,No,0,None,ADHD
723,Non-Target,No,0,None,ADHD
724,Target,Yes,733,None,ADHD
725,Target,Yes,645,None,ADHD
726,Non-Target,No,0,None,ADHD
727,Non-Target,No,0,None,ADHD
728,Non-Target,No,0,None,ADHD
729,Non-Target,No,0,None,ADHD
730,Non-Target,Yes,644,Commission,ADHD
731,Non-Target,Yes,899,Commission,ADHD
732,Non-Target,No,0,None,ADHD
733,Non-Target,No,0,None,ADHD
734,Target,Yes,805,None,ADHD
735,Target,Yes,907,None,ADHD
736,Non-Target,No,0,None,ADHD
737,Non-Target,No,0,None,ADHD
738,Non-Target,No,0,None,ADHD
739,Non-Target,No,0,None,ADHD
740,Non-Target,No,0,None,ADHD
741,Non-Target,No,0,None,ADHD
742,Non-Target,Yes,646,Commission,ADHD
743,Non-Target,No,0,None,ADHD
744,Non-Target,No,0,None,ADHD
745,Non-Target,No,0,None,ADHD
746,Non-Target,No,0,None,ADHD
747,Non-Target,No,0,None,ADHD
748,Target,Yes,998,None,ADHD
749,Non-Target,No,0,None,ADHD
750,Target,Yes,787,None,ADHD
751,Target,Yes,821,None,ADHD
752,Target,No,0,Omission,ADHD
753,Target,No,0,Omission,ADHD
754,Non-Target,No,0,None,ADHD
755,Target,No,0,Omission,ADHD
756,Non-Target,No,0,None,ADHD
757,Non-Target,No,0,None,ADHD
758,Non-Target,Yes,915,Commission,ADHD
759,Non-Target,No,0,None,ADHD
760,Non-Target,Yes,653,Commission,ADHD
761,Non-Target,Yes,677,Commission,ADHD
762,Non-Target,No,0,None,ADHD
763,Target,Yes,592,None,ADHD
764,Non-Target,No,0,None,ADHD
765,Non-Target,No,0,None,ADHD
766,Non-Target,No,0,None,ADHD
767,Non-Target,No,0,None,ADHD
768,Non-Target,No,0,None,ADHD
769,Non-Target,No,0,None,ADHD
770,Non-Target,No,0,None,ADHD
771,Non-Target,No,0,None,ADHD
772,Non-Target,Yes,644,Commission,ADHD
773,Target,Yes,796,None,ADHD
774,Non-Target,No,0,None,ADHD
775,Target,Yes,611,None,ADHD
776,Target,Yes,775,None,ADHD
777,Non-Target,No,0,None,ADHD
778,Non-Target,No,0,None,ADHD
779,Non-Target,No,0,None,ADHD
780,Target,Yes,691,None,ADHD
781,Non-Target,Yes,705,Commission,ADHD
782,Non-Target,Yes,746,Commission,ADHD
783,Non-Target,No,0,None,ADHD
784,Non-Target,Yes,745,Commission,ADHD
785,Non-Target,Yes,735,Commission,ADHD
786,Non-Target,No,0,None,ADHD
787,Non-Target,No,0,None,ADHD
788,Non-Target,Yes,747,Commission,ADHD
789,Non-Target,No,0,None,ADHD
790,Non-Target,Yes,747,Commission,ADHD
791,Non-Target,No,0,None,ADHD
792,Non-Target,No,0,None,ADHD
793,Non-Target,No,0,None,ADHD
794,Non-Target,No,0,None,ADHD
795,Target,Yes,694,None,ADHD
796,Non-Target,No,0,None,ADHD
797,Non-Target,Yes,728,Commission,ADHD
798,Non-Target,No,0,None,ADHD
799,Target,Yes,769,None,ADHD
800,Non-Target,Yes,791,Commission,ADHD
801,Non-Target,Yes,642,Commission,ADHD
802,Non-Target,No,0,None,ADHD
803,Non-Target,No,0,None,ADHD
804,Non-Target,No,0,None,ADHD
805,Target,Yes,642,None,ADHD
806,Non-Target,No,0,None,ADHD
807,Non-Target,No,0,None,ADHD
808,Non-Target,Yes,829,Commission,ADHD
809,Non-Target,No,0,None,ADHD
810,Non-Target,No,0,None,ADHD
811,Non-Target,No,0,None,ADHD
812,Target,Yes,786,None,ADHD
813,Target,No,0,Omission,ADHD
814,Non-Target,No,0,None,ADHD
815,Non-Target,No,0,None,ADHD
816,Non-Target,No,0,None,ADHD
817,Target,No,0,Omission,ADHD
818,Non-Target,No,0,None,ADHD
819,Non-Target,No,0,None,ADHD
820,Non-Target,No,0,None,ADHD
821,Non-Target,No,0,None,ADHD
822,Target,Yes,734,None,ADHD
823,Non-Target,Yes,620,Commission,ADHD
824,Non-Target,No,0,None,ADHD
825,Non-Target,No,0,None,ADHD
826,Non-Target,No,0,None,ADHD
827,Non-Target,No,0,None,ADHD
828,Target,No,0,Omission,ADHD
829,Non-Target,No,0,None,ADHD
830,Non-Target,No,0,None,ADHD
831,Non-Target,Yes,625,Commission,ADHD
832,Non-Target,No,0,None,ADHD
833,Target,Yes,726,None,ADHD
834,Target,Yes,766,None,ADHD
835,Non-Target,No,0,None,ADHD
836,Target,Yes,678,None,ADHD
837,Non-Target,No,0,None,ADHD
838,Target,No,0,Omission,ADHD
839,Non-Target,Yes,566,Commission,ADHD
840,Non-Target,No,0,None,ADHD
841,Non-Target,No,0,None,ADHD
842,Non-Target,No,0,None,ADHD
843,Non-Target,No,0,None,ADHD
844,Target,Yes,669,None,ADHD
845,Non-Target,No,0,None,ADHD
846,Non-Target,No,0,None,ADHD
847,Non-Target,Yes,413,Commission,ADHD
848,Non-Target,No,0,None,ADHD
849,Non-Target,Yes,758,Commission,ADHD
850,Non-Target,No,0,None,ADHD
851,Non-Target,No,0,None,ADHD
852,Non-Target,No,0,None,ADHD
853,Non-Target,No,0,None,ADHD
854,Non-Target,Yes,587,Commission,ADHD
855,Non-Target,No,0,None,ADHD
856,Non-Target,Yes,702,Commission,ADHD
857,Target,Yes,684,None,ADHD
858,Non-Target,No,0,None,ADHD
859,Non-Target,Yes,647,Commission,ADHD
860,Non-Target,No,0,None,ADHD
861,Non-Target,No,0,None,ADHD
862,Target,No,0,Omission,ADHD
863,Non-Target,No,0,None,ADHD
864,Non-Target,No,0,None,ADHD
865,Target,Yes,630,None,ADHD
866,Target,Yes,648,None,ADHD
867,Non-Target,Yes,686,Commission,ADHD
868,Non-Target,No,0,None,ADHD
869,Target,No,0,Omission,ADHD
870,Non-Target,No,0,None,ADHD
871,Non-Target,Yes,815,Commission,ADHD
872,Target,Yes,681,None,ADHD
873,Target,No,0,Omission,ADHD
874,Target,Yes,791,None,ADHD
875,Non-Target,Yes,711,Commission,ADHD
876,Target,Yes,709,None,ADHD
877,Non-Target,Yes,759,Commission,ADHD
878,Target,Yes,715,None,ADHD
879,Target,Yes,884,None,ADHD
880,Non-Target,Yes,747,Commission,ADHD
881,Non-Target,No,0,None,ADHD
882,Non-Target,No,0,None,ADHD
883,Non-Target,No,0,None,ADHD
884,Non-Target,No,0,None,ADHD
885,Non-Target,No,0,None,ADHD
886,Non-Target,No,0,None,ADHD
887,Non-Target,Yes,613,Commission,ADHD
888,Target,No,0,Omission,ADHD
889,Non-Target,Yes,632,Commission,ADHD
890,Non-Target,No,0,None,ADHD
891,Non-Target,Yes,987,Commission,ADHD
892,Non-Target,No,0,None,ADHD
893,Non-Target,No,0,None,ADHD
894,Non-Target,No,0,None,ADHD
895,Non-Target,Yes,786,Commission,ADHD
896,Non-Target,No,0,None,ADHD
897,Non-Target,No,0,None,ADHD
898,Non-Target,Yes,781,Commission,ADHD
899,Target,Yes,692,None,ADHD
900,Non-Target,No,0,None,ADHD
901,Target,Yes,756,None,ADHD
902,Target,Yes,581,None,ADHD
903,Target,Yes,699,None,ADHD
904,Target,Yes,682,None,ADHD
905,Non-Target,No,0,None,ADHD
906,Non-Target,No,0,None,ADHD
907,Non-Target,No,0,None,ADHD
908,Target,No,0,Omission,ADHD
909,Non-Target,No,0,None,ADHD
910,Non-Target,No,0,None,ADHD
911,Target,Yes,666,None,ADHD
912,Non-Target,No,0,None,ADHD
913,Non-Target,No,0,None,ADHD
914,Target,Yes,669,None,ADHD
915,Target,Yes,641,None,ADHD
916,Non-Target,No,0,None,ADHD
917,Non-Target,No,0,None,ADHD
918,Non-Target,Yes,799,Commission,ADHD
919,Non-Target,Yes,710,Commission,ADHD
920,Non-Target,No,0,None,ADHD
921,Target,Yes,716,None,ADHD
922,Non-Target,No,0,None,ADHD
923,Target,Yes,813,None,ADHD
924,Target,No,0,Omission,ADHD
925,Non-Target,Yes,663,Commission,ADHD
926,Target,Yes,704,None,ADHD
927,Non-Target,No,0,None,ADHD
928,Non-Target,No,0,None,ADHD
929,Non-Target,Yes,628,Commission,ADHD
930,Non-Target,No,0,None,ADHD
931,Non-Target,No,0,None,ADHD
932,Non-Target,No,0,None,ADHD
933,Target,No,0,Omission,ADHD
934,Non-Target,No,0,None,ADHD
935,Non-Target,No,0,None,ADHD
936,Non-Target,No,0,None,ADHD
937,Non-Target,No,0,None,ADHD
938,Non-Target,No,0,None,ADHD
939,Non-Target,No,0,None,ADHD
940,Non-Target,No,0,None,ADHD
941,Target,Yes,702,None,ADHD
942,Non-Target,No,0,None,ADHD
943,Target,Yes,650,None,ADHD
944,Non-Target,Yes,854,Commission,ADHD
945,Non-Target,No,0,None,ADHD
946,Non-Target,No,0,None,ADHD
947,Non-Target,No,0,None,ADHD
948,Non-Target,No,0,None,ADHD
949,Non-Target,No,0,None,ADHD
950,Non-Target,No,0,None,ADHD
951,Target,Yes,865,None,ADHD
952,Non-Target,No,0,None,ADHD
953,Non-Target,Yes,688,Commission,ADHD
954,Non-Target,No,0,None,ADHD
955,Non-Target,No,0,None,ADHD
956,Non-Target,Yes,656,Commission,ADHD
957,Target,Yes,701,None,ADHD
958,Target,Yes,660,None,ADHD
959,Non-Target,No,0,None,ADHD
960,Non-Target,No,0,None,ADHD
961,Non-Target,No,0,None,ADHD
962,Target,Yes,859,None,ADHD
963,Non-Target,No,0,None,ADHD
964,Non-Target,No,0,None,ADHD
965,Non-Target,Yes,647,Commission,ADHD
966,Non-Target,No,0,None,ADHD
967,Non-Target,No,0,None,ADHD
968,Target,Yes,888,None,ADHD
969,Non-Target,No,0,None,ADHD
970,Non-Target,No,0,None,ADHD
971,Non-Target,No,0,None,ADHD
972,Target,Yes,767,None,ADHD
973,Non-Target,Yes,683,Commission,ADHD
974,Target,No,0,Omission,ADHD
975,Target,Yes,593,None,ADHD
976,Non-Target,No,0,None,ADHD
977,Target,Yes,785,None,ADHD
978,Non-Target,No,0,None,ADHD
979,Target,Yes,889,None,ADHD
980,Non-Target,No,0,None,ADHD
981,Target,Yes,519,None,ADHD
982,Non-Target,No,0,None,ADHD
983,Non-Target,No,0,None,ADHD
984,Non-Target,No,0,None,ADHD
985,Non-Target,No,0,None,ADHD
986,Target,No,0,Omission,ADHD
987,Target,Yes,760,None,ADHD
988,Target,Yes,845,None,ADHD
989,Non-Target,No,0,None,ADHD
990,Non-Target,No,0,None,ADHD
991,Non-Target,No,0,None,ADHD
992,Non-Target,No,0,None,ADHD
993,Non-Target,No,0,None,ADHD
994,Non-Target,No,0,None,ADHD
995,Target,Yes,752,None,ADHD
996,Non-Target,No,0,None,ADHD
997,Target,Yes,743,None,ADHD
998,Non-Target,No,0,None,ADHD
999,Non-Target,No,0,None,ADHD
1000,Non-Target,No,0,None,ADHD
1001,Target,No,0,Omission,ADHD
1002,Non-Target,Yes,781,Commission,ADHD
1003,Non-Target,No,0,None,ADHD
1004,Non-Target,No,0,None,ADHD
1005,Non-Target,No,0,None,ADHD
1006,Non-Target,No,0,None,ADHD
1007,Target,Yes,579,None,ADHD
1008,Target,Yes,781,None,ADHD
1009,Non-Target,No,0,None,ADHD
1010,Non-Target,No,0,None,ADHD
1011,Non-Target,No,0,None,ADHD
1012,Non-Target,Yes,691,Commission,ADHD
1013,Non-Target,No,0,None,ADHD
1014,Target,Yes,536,None,ADHD
1015,Non-Target,No,0,None,ADHD
1016,Non-Target,No,0,None,ADHD
1017,Non-Target,No,0,None,ADHD
1018,Target,Yes,716,None,ADHD
1019,Target,Yes,711,None,ADHD
1020,Target,Yes,614,None,ADHD
1021,Target,No,0,Omission,ADHD
1022,Non-Target,No,0,None,ADHD
1023,Non-Target,No,0,None,ADHD
1024,Non-Target,No,0,None,ADHD
1025,Non-Target,Yes,769,Commission,ADHD
1026,Non-Target,No,0,None,ADHD
1027,Target,Yes,623,None,ADHD
1028,Non-Target,Yes,756,Commission,ADHD
1029,Non-Target,No,0,None,ADHD
1030,Non-Target,No,0,None,ADHD
1031,Target,Yes,744,None,ADHD
1032,Non-Target,No,0,None,ADHD
1033,Target,No,0,Omission,ADHD
1034,Non-Target,No,0,None,ADHD
1035,Non-Target,No,0,None,ADHD
1036,Non-Target,No,0,None,ADHD
1037,Non-Target,No,0,None,ADHD
1038,Target,Yes,708,None,ADHD
1039,Non-Target,No,0,None,ADHD
1040,Target,Yes,599,None,ADHD
1041,Target,Yes,816,None,ADHD
1042,Non-Target,No,0,None,ADHD
1043,Non-Target,Yes,638,Commission,ADHD
1044,Target,Yes,632,None,ADHD
1045,Target,No,0,Omission,ADHD
1046,Non-Target,No,0,None,ADHD
1047,Non-Target,Yes,700,Commission,ADHD
1048,Non-Target,Yes,618,Commission,ADHD
1049,Target,Yes,755,None,ADHD
1050,Non-Target,No,0,None,ADHD
1051,Non-Target,No,0,None,ADHD
1052,Target,Yes,744,None,ADHD
1053,Non-Target,Yes,696,Commission,ADHD
1054,Target,No,0,Omission,ADHD
1055,Non-Target,No,0,None,ADHD
1056,Non-Target,Yes,772,Commission,ADHD
1057,Non-Target,No,0,None,ADHD
1058,Non-Target,No,0,None,ADHD
1059,Target,No,0,Omission,ADHD
1060,Non-Target,No,0,None,ADHD
1061,Target,Yes,539,None,ADHD
1062,Target,Yes,668,None,ADHD
1063,Target,Yes,1043,None,ADHD
1064,Non-Target,No,0,None,ADHD
1065,Non-Target,No,0,None,ADHD
1066,Non-Target,Yes,749,Commission,ADHD
1067,Target,Yes,926,None,ADHD
1068,Non-Target,Yes,792,Commission,ADHD
1069,Non-Target,No,0,None,ADHD
1070,Non-Target,Yes,740,Commission,ADHD
1071,Non-Target,No,0,None,ADHD
1072,Non-Target,No,0,None,ADHD
1073,Non-Target,No,0,None,ADHD
1074,Non-Target,Yes,801,Commission,ADHD
1075,Target,Yes,697,None,ADHD
1076,Target,Yes,758,None,ADHD
1077,Non-Target,No,0,None,ADHD
1078,Target,Yes,724,None,ADHD
1079,Non-Target,No,0,None,ADHD
1080,Non-Target,Yes,876,Commission,ADHD
1081,Non-Target,No,0,None,ADHD
1082,Non-Target,No,0,None,ADHD
1083,Non-Target,No,0,None,ADHD
1084,Non-Target,No,0,None,ADHD
1085,Target,Yes,896,None,ADHD
1086,Non-Target,No,0,None,ADHD
1087,Target,Yes,830,None,ADHD
1088,Non-Target,No,0,None,ADHD
1089,Non-Target,No,0,None,ADHD
1090,Non-Target,No,0,None,ADHD
1091,Target,Yes,784,None,ADHD
1092,Non-Target,No,0,None,ADHD
1093,Non-Target,No,0,None,ADHD
1094,Target,Yes,856,None,ADHD
1095,Non-Target,No,0,None,ADHD
1096,Non-Target,Yes,624,Commission,ADHD
1097,Non-Target,No,0,None,ADHD
1098,Non-Target,Yes,558,Commission,ADHD
1099,Non-Target,No,0,None,ADHD
1100,Non-Target,No,0,None,ADHD
1101,Non-Target,No,0,None,ADHD
1102,Non-Target,No,0,None,ADHD
1103,Target,Yes,818,None,ADHD
1104,Non-Target,No,0,None,ADHD
1105,Target,Yes,710,None,ADHD
1106,Target,No,0,Omission,ADHD
1107,Non-Target,No,0,None,ADHD
1108,Target,Yes,697,None,ADHD
1109,Non-Target,Yes,665,Commission,ADHD
1110,Non-Target,No,0,None,ADHD
1111,Non-Target,No,0,None,ADHD
1112,Non-Target,No,0,None,ADHD
1113,Non-Target,No,0,None,ADHD
1114,Non-Target,Yes,720,Commission,ADHD
1115,Target,Yes,443,None,ADHD
1116,Non-Target,Yes,498,Commission,ADHD
1117,Non-Target,No,0,None,ADHD
1118,Non-Target,No,0,None,ADHD
1119,Non-Target,No,0,None,ADHD
1120,Non-Target,No,0,None,ADHD
1121,Non-Target,No,0,None,ADHD
1122,Non-Target,No,0,None,ADHD
1123,Non-Target,No,0,None,ADHD
1124,Non-Target,No,0,None,ADHD
1125,Non-Target,Yes,731,Commission,ADHD
1126,Target,Yes,769,None,ADHD
1127,Non-Target,No,0,None,ADHD
1128,Non-Target,No,0,None,ADHD
1129,Non-Target,No,0,None,ADHD
1130,Non-Target,No,0,None,ADHD
1131,Non-Target,No,0,None,ADHD
1132,Non-Target,No,0,None,ADHD
1133,Non-Target,No,0,None,ADHD
1134,Non-Target,No,0,None,ADHD
1135,Non-Target,No,0,None,ADHD
1136,Non-Target,No,0,None,ADHD
1137,Non-Target,No,0,None,ADHD
1138,Target,Yes,703,None,ADHD
1139,Non-Target,No,0,None,ADHD
1140,Non-Target,No,0,None,ADHD
1141,Target,Yes,911,None,ADHD
1142,Non-Target,No,0,None,ADHD
1143,Non-Target,No,0,None,ADHD
1144,Non-Target,No,0,None,ADHD
1145,Target,Yes,815,None,ADHD
1146,Non-Target,No,0,None,ADHD
1147,Non-Target,No,0,None,ADHD
1148,Non-Target,No,0,None,ADHD
1149,Target,Yes,784,None,ADHD
1150,Target,No,0,Omission,ADHD
1151,Target,No,0,Omission,ADHD
1152,Target,No,0,Omission,ADHD
1153,Target,No,0,Omission,ADHD
1154,Non-Target,No,0,None,ADHD
1155,Non-Target,Yes,681,Commission,ADHD
1156,Non-Target,No,0,None,ADHD
1157,Non-Target,No,0,None,ADHD
1158,Target,No,0,Omission,ADHD
1159,Non-Target,No,0,None,ADHD
1160,Non-Target,No,0,None,ADHD
1161,Non-Target,No,0,None,ADHD
1162,Non-Target,No,0,None,ADHD
1163,Target,Yes,782,None,ADHD
1164,Non-Target,No,0,None,ADHD
1165,Non-Target,No,0,None,ADHD
1166,Non-Target,No,0,None,ADHD
1167,Non-Target,No,0,None,ADHD
1168,Non-Target,No,0,None,ADHD
1169,Non-Target,No,0,None,ADHD
1170,Non-Target,No,0,None,ADHD
1171,Non-Target,No,0,None,ADHD
1172,Non-Target,No,0,None,ADHD
1173,Non-Target,No,0,None,ADHD
1174,Non-Target,No,0,None,ADHD
1175,Target,Yes,742,None,ADHD
1176,Non-Target,No,0,None,ADHD
1177,Target,Yes,671,None,ADHD
1178,Non-Target,No,0,None,ADHD
1179,Non-Target,No,0,None,ADHD
1180,Non-Target,No,0,None,ADHD
1181,Non-Target,No,0,None,ADHD
1182,Non-Target,No,0,None,ADHD
1183,Non-Target,No,0,None,ADHD
1184,Non-Target,No,0,None,ADHD
1185,Non-Target,No,0,None,ADHD
1186,Non-Target,No,0,None,ADHD
1187,Non-Target,No,0,None,ADHD
1188,Target,Yes,740,None,ADHD
1189,Target,Yes,737,None,ADHD
1190,Non-Target,Yes,612,Commission,ADHD
1191,Non-Target,Yes,685,Commission,ADHD
1192,Target,Yes,567,None,ADHD
1193,Non-Target,Yes,596,Commission,ADHD
1194,Target,Yes,663,None,ADHD
1195,Non-Target,No,0,None,ADHD
1196,Target,Yes,584,None,ADHD
1197,Non-Target,No,0,None,ADHD
1198,Target,Yes,825,None,ADHD
1199,Non-Target,Yes,705,Commission,ADHD
1200,Non-Target,No,0,None,ADHD
