"1.	Bạn thường không chú ý kỹ đến các chi tiết hoặc mắc lỗi bất cẩn trong việc học tập, làm việc hoặc trong các hoạt động khác (ví dụ: bỏ sót hoặc bỏ qua các chi tiết, công việc không chính xác).","2. Thường gặp khó khăn trong việc duy trì sự chú ý trong các nhiệm vụ hoặc hoạt động vui chơi (ví dụ: gặp khó khăn trong việc tập trung trong khi nghe giảng, trò chuyện hoặc đọc sách dài).","3.	Thường có vẻ không lắng nghe khi được nói chuyện trực tiếp (ví dụ, tâm trí dường như ở nơi khác, ngay cả khi không có bất kỳ sự xao lãng rõ ràng nào).","4.	Thường không làm theo hướng dẫn và không hoàn thành bài tập ở trường, công việc nhà hoặc nhiệm vụ ở nơi làm việc (ví dụ: bắt đầu làm việc nhưng nhanh chóng mất tập trung và dễ bị phân tâm).","5.	Thường gặp khó khăn trong việc tổ chức các nhiệm vụ và hoạt động (ví dụ: khó khăn trong việc quản lý các nhiệm vụ theo trình tự; khó khăn trong việc sắp xếp vật liệu và đồ đạc theo thứ tự; công việc lộn xộn, thiếu tổ chức; quản lý thời gian kém; không đáp ứng được thời hạn).","6.	Thường tránh né, không thích hoặc miễn cưỡng tham gia vào các nhiệm vụ đòi hỏi nỗ lực tinh thần liên tục (ví dụ: bài tập ở trường hoặc bài tập về nhà; đối với thanh thiếu niên lớn hơn và người lớn, là chuẩn bị báo cáo, hoàn thành biểu mẫu, xem xét các bài viết dài).","7.	Thường làm mất những đồ dùng cần thiết cho công việc hoặc hoạt động (ví dụ: đồ dùng học tập, bút chì, sách, dụng cụ, ví, chìa khóa, giấy tờ, kính mắt, điện thoại di động).","8.	Thường dễ bị phân tâm bởi các kích thích bên ngoài (đối với thanh thiếu niên lớn tuổi và người lớn, có thể bao gồm những suy nghĩ không liên quan).","9.	Thường hay quên trong các hoạt động hàng ngày (ví dụ như làm việc nhà, chạy việc vặt; đối với thanh thiếu niên lớn tuổi và người lớn, là quên gọi điện thoại, thanh toán hóa đơn, giữ đúng lịch hẹn).10.	Thường xuyên ngọ nguậy hoặc gõ tay, gõ chân hoặc ngọ nguậy trên ghế.","11.	Thường rời khỏi chỗ ngồi trong những tình huống mà người ta yêu cầu phải ngồi yên (ví dụ: rời khỏi chỗ trong lớp học, trong văn phòng hoặc nơi làm việc khác hoặc trong những tình huống khác đòi hỏi phải ngồi yên).","12.	Thường chạy nhảy hoặc leo trèo trong những tình huống không phù hợp. (Lưu ý: Ở thanh thiếu niên hoặc người lớn, có thể chỉ giới hạn ở cảm giác bồn chồn).",13.	Thường không thể chơi hoặc tham gia các hoạt động giải trí một cách yên tĩnh.,"14.	Thường “luôn di chuyển” như thể “được điều khiển bằng động cơ” (ví dụ: không thể hoặc không thoải mái khi phải ngồi yên trong thời gian dài, như trong nhà hàng, cuộc họp; người khác có thể cảm thấy bồn chồn hoặc khó theo kịp).",15.	Thường nói quá nhiều.,16.	Thường buột miệng trả lời trước khi câu hỏi được hoàn tất (ví dụ: hoàn thành câu của người khác; không thể chờ đến lượt mình trong cuộc trò chuyện).,17.	Thường gặp khó khăn khi phải chờ đến lượt mình (ví dụ như khi xếp hàng).,"18.	Thường xuyên ngắt lời hoặc xen vào việc của người khác (ví dụ: xen vào cuộc trò chuyện, trò chơi hoặc hoạt động; có thể bắt đầu sử dụng đồ của người khác mà không xin phép hoặc không được phép; đối với thanh thiếu niên và người lớn, có thể xen vào hoặc chiếm mất việc của người khác).",Độ tuổi
4,4,4,3,3,3,1,3,2,3,2,4,1,2,4,4,2,22
4,3,4,3,3,4,4,3,4,2,3,4,4,4,4,4,4,22
4,3,3,1,1,4,4,4,4,3,4,3,4,3,4,4,4,16
4,2,4,4,4,4,4,3,4,3,3,4,3,4,4,4,4,20
3,4,1,4,2,2,4,4,2,4,3,4,4,4,2,4,4,20
3,4,3,4,4,3,4,4,4,4,1,4,4,4,4,4,4,25
4,2,4,3,3,3,2,4,3,4,4,3,4,4,2,3,3,20
4,4,2,4,4,4,4,4,3,4,4,4,4,3,4,4,3,17
4,4,4,4,2,3,4,4,4,4,4,4,4,3,3,4,2,20
4,3,4,4,3,4,1,4,3,2,3,3,4,3,4,3,2,25
4,3,4,3,3,4,3,4,3,2,4,3,4,3,2,4,2,17
4,1,4,2,4,4,4,3,4,4,3,4,4,4,3,1,3,16
4,4,4,4,3,4,2,3,3,4,3,4,4,4,4,3,4,19
2,4,4,2,4,3,4,2,4,4,2,3,2,4,2,4,4,18
3,3,3,4,3,4,3,2,3,4,3,3,4,4,2,2,2,24
4,2,4,3,3,4,3,3,4,4,3,3,4,3,3,2,2,17
1,4,2,2,2,3,4,4,2,4,4,2,3,4,3,2,3,25
4,4,4,4,2,4,2,4,3,4,3,3,4,3,4,4,4,22
3,3,4,1,4,1,3,2,3,4,4,4,3,4,3,3,4,25
4,1,3,4,3,3,4,4,4,4,1,4,4,3,3,3,3,18
4,4,1,4,4,3,4,4,4,4,4,4,4,1,4,3,3,17
3,2,4,4,3,4,3,4,1,1,3,1,4,3,1,4,4,18
4,3,3,1,4,2,4,4,3,4,4,4,4,3,4,4,2,24
4,4,4,4,3,4,4,4,2,4,4,3,4,4,4,3,2,21
3,3,4,4,4,3,4,3,4,1,3,4,4,4,2,2,4,24
4,4,4,4,3,3,4,4,4,3,3,1,3,1,2,3,4,21
4,4,4,4,3,2,4,4,3,2,3,4,3,3,2,3,3,19
2,3,3,2,4,3,1,3,4,4,4,4,4,4,3,2,1,17
1,4,3,4,4,2,2,4,4,2,2,4,3,3,3,3,4,18
1,3,3,4,4,4,4,3,4,3,2,1,3,4,3,3,4,21
4,3,4,3,4,4,2,4,4,4,4,4,4,2,3,1,3,25
4,4,3,3,2,3,4,1,4,3,3,4,4,4,3,4,3,25
2,4,3,2,4,3,4,3,3,4,4,3,3,3,4,3,3,20
3,4,4,3,4,3,3,2,3,2,4,3,4,3,2,4,4,17
4,3,4,2,4,4,4,3,3,3,4,4,4,1,4,4,3,23
4,3,3,4,4,3,4,4,3,2,3,4,4,4,3,4,4,21
4,4,4,4,3,4,4,4,3,4,4,4,4,4,2,4,4,22
4,1,2,4,4,3,4,1,2,4,1,4,4,3,2,3,1,23
2,3,4,2,4,4,3,3,3,4,3,2,3,3,4,3,4,23
3,2,3,4,4,3,4,1,4,4,4,4,3,3,2,4,4,17
4,1,3,4,3,3,3,4,4,3,2,4,3,4,4,4,4,17
3,3,1,1,2,4,4,4,4,2,4,4,3,3,3,4,4,18
4,3,3,4,1,4,4,4,2,4,1,4,4,3,3,3,3,18
4,2,1,4,3,2,4,1,3,3,2,3,4,3,3,3,4,17
4,2,4,3,4,2,4,4,4,2,3,4,2,4,1,2,4,23
1,4,3,4,4,2,3,2,3,4,3,1,3,2,4,2,4,20
4,4,4,4,4,2,3,4,4,4,4,4,2,2,2,1,3,17
4,3,3,3,4,4,4,4,2,4,3,4,2,3,3,4,3,16
4,2,4,4,4,3,3,4,2,4,4,4,4,4,3,3,3,17
4,4,4,3,4,4,2,2,3,3,2,4,3,4,4,4,3,19
3,2,2,3,4,4,4,4,4,4,1,3,4,3,3,4,3,25
3,3,3,2,4,2,4,2,4,4,3,4,3,4,3,4,2,20
4,4,3,2,1,3,4,4,3,4,3,4,4,3,1,4,4,16
4,4,4,4,1,4,3,4,4,4,2,4,4,2,2,2,4,24
3,3,4,3,3,3,3,3,2,4,4,4,3,2,3,4,3,18
2,1,4,4,4,1,4,4,2,4,2,4,1,2,4,4,4,18
3,4,3,3,3,4,3,3,4,3,3,4,4,4,4,4,3,16
4,4,3,4,4,4,4,4,4,2,1,2,4,4,2,4,4,16
3,4,4,4,2,4,3,4,1,1,2,4,3,2,4,4,3,21
4,4,2,1,1,2,4,4,4,4,4,4,3,4,3,3,4,19
3,4,4,4,3,3,4,3,3,3,4,3,2,3,2,4,2,17
4,2,3,2,2,3,4,4,2,1,3,4,2,1,3,1,4,23
4,1,4,4,3,4,1,4,4,2,4,2,4,4,2,3,3,20
4,3,3,3,2,3,4,3,4,3,4,3,4,4,3,4,4,25
3,3,4,4,4,4,2,4,4,4,3,3,2,4,4,3,4,23
3,3,4,4,2,3,3,2,2,4,2,2,3,4,3,4,4,23
3,1,2,4,2,2,4,4,3,4,3,4,3,4,4,3,4,25
3,2,3,4,2,3,3,4,4,3,4,3,4,2,4,3,2,19
3,2,3,4,4,4,3,2,2,4,4,3,4,4,2,2,3,20
4,4,2,3,3,4,4,4,4,4,3,4,2,4,2,3,4,16
4,1,4,2,2,2,3,3,2,4,4,2,1,3,2,3,4,25
3,3,2,4,4,4,2,4,4,4,3,2,4,4,3,3,4,23
4,4,1,3,4,3,4,4,2,4,4,1,4,4,3,4,3,25
3,4,3,1,2,3,4,4,3,3,3,4,2,3,4,1,2,22
4,3,4,4,4,3,3,4,2,3,3,3,2,4,3,4,4,21
4,4,2,4,4,3,4,4,4,2,3,4,3,4,1,4,4,22
4,4,4,4,4,2,4,3,4,4,3,4,4,3,3,4,4,23
3,2,3,2,2,2,4,3,1,4,4,1,3,3,4,3,4,18
4,4,3,4,2,3,1,1,3,3,3,4,4,3,3,4,4,17
3,2,2,4,4,3,3,4,3,3,3,2,3,3,4,3,4,25
4,4,4,3,3,4,3,3,3,3,4,2,3,2,4,1,2,24
2,3,4,4,3,4,2,3,4,3,4,3,3,4,2,4,4,20
1,3,4,2,4,4,4,3,4,4,4,2,3,2,4,4,2,17
1,4,4,4,1,4,4,4,2,4,4,4,4,3,4,4,4,16
4,4,3,4,4,2,3,3,4,3,4,3,3,3,2,4,4,23
2,3,4,4,4,4,3,2,4,4,3,4,3,4,4,3,4,23
4,4,4,3,4,2,4,4,3,2,4,1,3,2,3,4,4,20
4,3,4,3,4,3,3,4,2,4,3,4,4,4,4,4,2,16
4,3,4,4,4,3,4,3,2,4,1,4,1,2,3,3,4,20
4,4,3,3,2,2,2,4,4,4,2,3,1,3,4,2,4,23
3,3,4,3,1,3,4,3,4,4,4,4,2,4,4,3,4,23
4,4,1,4,3,4,4,4,3,3,2,4,3,4,3,4,3,22
4,4,3,4,3,3,3,2,4,4,4,2,3,4,3,3,4,22
3,4,2,3,3,3,2,4,3,3,3,4,2,4,3,4,2,25
3,3,4,4,4,3,4,2,2,4,4,3,2,4,4,4,3,17
4,4,2,2,4,3,3,4,4,1,4,3,3,3,4,3,4,22
4,3,3,2,4,4,2,4,3,3,3,2,1,1,3,4,1,23
2,4,2,4,3,4,2,4,2,2,4,4,4,3,4,4,3,17
4,2,4,3,4,4,4,4,3,4,3,4,4,4,4,1,1,19
3,3,3,4,1,3,4,4,2,4,2,3,3,1,4,4,4,22
3,3,4,4,2,2,4,4,3,3,3,4,1,1,4,4,3,22
3,4,4,4,3,4,4,4,4,4,3,3,3,3,2,4,3,23
3,1,4,3,4,3,3,4,2,4,2,1,4,1,3,2,3,25
4,1,3,3,1,1,2,3,2,4,4,4,4,3,3,2,4,23
3,4,4,3,1,4,1,3,4,2,4,4,4,4,3,3,4,19
3,3,4,3,4,4,2,4,2,3,4,2,3,2,4,4,4,24
4,3,4,4,4,1,4,4,2,4,2,4,4,4,4,4,4,23
3,2,1,4,4,2,4,4,3,4,2,3,1,3,4,2,3,24
2,3,3,4,4,2,2,4,3,4,4,4,3,4,4,4,3,18
3,4,2,3,3,4,4,4,2,3,2,3,4,4,3,3,3,23
4,3,4,4,1,4,4,4,4,3,2,2,3,3,3,3,2,25
3,3,4,2,4,4,4,2,4,4,4,3,4,4,3,4,3,25
1,3,4,4,3,2,2,4,3,2,3,4,4,2,4,4,4,16
4,4,2,4,4,3,4,2,4,3,3,2,4,3,2,2,3,18
4,4,4,4,4,3,3,3,4,2,3,4,4,3,2,3,4,18
4,4,4,4,3,4,4,4,4,2,4,2,4,4,4,2,4,21
4,2,4,1,2,2,4,4,3,4,2,4,3,2,2,3,2,18
4,3,3,4,4,3,4,3,4,3,3,4,4,2,4,1,2,18
3,2,3,3,3,4,3,3,4,4,4,3,2,4,4,2,2,25
4,4,4,3,3,3,3,2,3,4,4,4,3,4,3,3,2,21
4,4,4,3,3,2,3,3,4,1,4,4,4,2,2,3,1,23
4,3,4,4,3,4,4,3,3,3,3,4,3,1,4,4,2,23
2,3,3,2,4,2,4,3,3,4,4,4,3,3,3,2,4,25
3,3,1,4,1,3,4,4,4,4,2,4,1,4,4,4,3,17
4,4,4,4,4,3,2,3,2,2,4,3,4,4,3,2,4,22
2,4,4,3,2,3,4,3,2,2,4,1,3,4,4,4,4,19
4,4,4,1,1,4,4,4,4,3,4,3,4,4,3,4,3,23
4,3,2,4,2,4,4,4,4,2,4,4,3,4,2,4,2,22
2,2,3,4,3,4,4,3,3,3,4,3,4,3,4,4,4,22
3,3,3,2,4,3,4,4,3,3,3,4,4,3,4,4,4,17
3,4,4,1,4,4,4,4,3,4,4,4,4,4,4,4,3,18
1,3,4,4,4,4,4,3,4,4,4,4,3,3,2,4,4,21
4,2,4,4,4,3,1,4,4,3,3,1,3,3,2,4,3,25
3,3,2,3,3,1,4,3,4,4,3,4,4,4,3,2,4,25
3,4,3,4,4,3,4,3,2,2,4,2,4,4,3,4,4,16
4,3,3,3,4,4,4,3,3,1,4,1,4,3,4,4,4,23
2,3,4,2,4,4,3,3,3,4,3,4,4,4,4,3,4,22
4,3,3,4,2,1,3,2,4,4,4,4,4,4,4,4,4,22
3,4,3,1,4,3,4,3,4,4,4,4,3,4,3,3,4,22
4,3,3,3,4,4,3,2,3,4,4,4,4,3,4,4,4,22
2,3,1,4,2,4,3,4,4,4,3,3,4,4,4,4,1,25
4,2,4,3,4,2,4,4,4,4,2,4,3,4,3,2,3,18
1,3,4,3,3,3,4,2,4,3,3,3,1,1,4,4,4,17
4,3,4,3,4,2,4,4,4,4,3,4,4,4,2,4,3,25
2,3,3,4,4,4,3,4,3,4,2,3,2,2,4,4,4,20
3,3,4,2,2,2,3,4,4,4,3,3,1,1,3,4,4,19
3,3,3,1,1,4,4,1,4,4,3,2,4,4,4,3,3,18
4,1,3,2,3,3,4,2,4,2,4,3,4,4,4,3,4,18
3,4,2,4,4,4,4,2,3,3,4,1,2,3,3,4,3,22
3,4,4,3,4,2,3,1,4,4,4,3,4,4,3,3,3,21
4,2,2,3,4,3,4,3,4,3,2,4,4,3,2,2,3,17
3,1,3,4,3,4,4,4,2,4,2,4,2,4,4,4,4,18
3,4,3,4,3,3,3,4,2,2,3,1,2,3,4,4,4,24
4,4,4,3,4,4,4,2,3,2,2,4,4,3,3,4,4,23
3,3,4,2,4,4,2,3,4,2,3,2,4,2,1,4,4,21
4,4,2,4,4,3,4,3,4,4,1,4,4,3,3,3,1,17
4,1,4,4,4,1,2,4,2,3,4,4,3,4,3,4,3,25
4,4,4,3,4,3,2,4,4,4,3,4,3,4,4,3,4,19
3,4,3,4,3,4,3,3,3,3,4,1,2,3,1,4,2,20
4,2,3,2,3,4,4,4,4,3,4,4,1,3,4,2,2,25
4,3,4,3,3,4,4,1,3,4,4,2,4,3,4,3,3,25
4,4,4,4,3,4,4,4,4,3,4,4,2,3,4,4,2,22
3,2,3,4,3,4,4,3,3,4,4,2,3,4,3,4,2,19
3,4,4,3,4,2,4,2,4,2,4,2,4,1,4,3,4,22
1,4,3,2,4,3,2,1,3,2,3,3,4,3,3,2,3,20
3,3,3,2,3,4,4,1,3,4,4,2,4,3,4,4,4,25
3,3,3,4,4,4,4,2,4,4,4,4,2,4,4,3,4,25
4,4,4,4,3,3,4,4,4,4,4,4,3,3,1,4,1,25
4,4,3,2,4,4,4,4,4,4,4,2,3,3,3,3,3,25
3,1,4,3,3,4,4,2,3,3,4,3,3,4,2,4,4,20
4,4,2,4,3,4,4,4,3,4,2,2,3,4,3,2,4,24
3,2,4,4,4,4,2,4,2,3,4,2,3,3,4,3,4,23
4,4,4,4,4,3,3,4,4,4,4,3,4,4,4,4,3,19
3,4,4,3,4,4,4,3,3,4,2,4,3,3,4,2,4,21
4,3,4,4,3,4,2,4,3,3,4,4,4,4,4,3,4,18
4,4,4,2,4,4,3,4,4,2,4,2,3,4,2,4,4,23
4,4,3,2,2,3,3,4,4,4,4,4,4,4,4,4,4,18
4,1,4,3,4,3,4,4,4,2,4,4,4,4,4,4,3,20
3,4,2,4,4,3,4,3,4,4,4,4,3,2,2,4,3,24
3,3,4,4,4,3,4,4,4,1,2,4,3,3,4,4,4,25
4,3,3,4,3,3,2,3,4,4,1,2,4,3,4,3,4,22
4,3,3,2,2,3,2,1,4,2,3,2,3,4,4,2,3,25
3,3,3,4,3,3,3,3,2,4,4,3,3,2,2,2,4,23
3,4,4,4,2,4,4,2,4,4,4,3,4,4,4,2,3,18
4,4,3,4,2,3,4,3,3,1,4,2,4,4,3,2,3,23
3,4,1,3,2,2,4,2,3,4,3,4,4,2,2,2,2,19
4,4,2,4,3,4,4,4,3,1,3,4,4,2,3,4,4,24
3,3,4,4,4,1,4,4,4,4,2,4,4,4,3,3,3,23
2,1,4,3,4,4,1,4,2,4,4,4,4,2,3,4,4,22
2,3,4,2,4,2,4,4,3,1,4,1,4,2,4,3,3,17
3,2,4,2,3,4,4,4,2,3,3,4,2,3,4,1,1,16
3,1,4,4,4,4,3,4,4,4,4,3,4,4,4,4,3,23
4,3,4,3,4,3,2,4,1,4,3,3,4,4,4,3,2,20
4,3,4,4,2,2,4,3,4,4,3,4,4,2,3,3,4,22
4,4,4,1,4,2,1,4,4,3,3,4,4,4,3,4,4,24
3,2,3,2,3,4,1,4,2,4,4,2,4,2,2,2,2,24
4,2,3,4,4,4,4,1,2,4,4,3,4,4,4,1,4,23
4,4,2,3,2,3,4,4,4,3,4,3,4,4,1,3,3,21
3,4,4,4,3,4,3,3,1,3,4,4,4,4,4,3,4,25
4,4,1,2,3,4,4,3,4,4,4,3,4,4,4,4,1,24
4,4,4,4,3,4,4,3,3,4,4,3,4,4,4,3,3,22
4,1,3,2,4,4,3,3,3,3,3,3,3,3,3,4,2,25
4,4,4,3,4,4,4,1,4,3,4,4,3,3,3,4,2,19
4,3,3,4,4,4,4,1,4,3,4,4,3,4,4,3,3,24
4,3,3,3,3,4,4,3,2,2,3,3,4,4,4,3,2,20
4,4,4,3,3,1,3,3,3,2,3,2,4,4,3,2,4,22
4,4,3,3,4,2,3,3,3,4,4,4,3,4,2,4,4,18
4,4,3,4,3,2,4,3,4,2,3,4,1,3,3,3,4,21
4,3,3,4,4,3,4,3,3,4,3,4,2,4,3,2,3,25
4,4,3,4,3,3,4,4,4,3,4,3,4,4,4,3,3,22
1,2,4,2,2,2,1,4,3,4,4,4,2,4,4,1,4,22
4,3,3,3,3,2,4,4,4,4,3,4,4,4,4,2,2,21
1,3,2,3,3,3,4,3,3,3,4,4,4,4,3,1,3,20
1,3,3,3,3,4,3,3,4,2,4,3,2,4,4,2,3,18
3,1,3,3,4,3,4,3,4,4,3,4,1,2,4,3,2,24
1,2,2,2,4,4,4,1,1,1,3,2,4,4,3,2,4,20
3,4,3,4,2,4,4,2,4,4,2,4,4,3,3,4,4,20
4,4,4,4,4,4,4,4,3,4,4,4,3,3,4,3,3,21
4,2,2,4,4,4,4,4,3,4,4,2,4,4,4,2,2,22
1,3,4,2,2,3,4,2,3,4,3,4,4,4,1,2,4,23
3,3,3,4,2,4,3,4,4,2,4,4,4,4,4,4,4,22
3,4,3,2,1,2,3,4,3,4,3,4,2,4,4,4,4,21
3,3,4,4,4,4,4,2,4,4,2,4,4,1,4,4,3,18
2,4,3,2,4,4,2,3,4,4,4,2,3,4,3,3,2,20
4,4,3,4,3,3,2,2,3,3,4,4,2,4,4,4,2,23
4,3,2,4,4,4,4,2,2,4,3,3,4,4,2,2,4,24
2,2,2,4,2,4,4,2,3,3,3,2,3,2,2,4,3,20
3,4,4,4,2,4,4,3,4,2,2,4,4,1,4,1,4,18
1,3,4,3,4,4,4,4,4,3,4,4,4,1,2,4,2,21
3,4,2,3,4,3,2,4,4,3,1,4,2,2,4,4,1,18
4,4,4,4,4,2,4,4,4,4,3,1,4,4,2,4,2,25
4,4,1,2,3,4,4,4,4,4,4,4,4,3,1,3,3,24
4,3,3,4,3,4,3,4,2,4,4,4,3,4,4,2,4,19
4,3,3,4,4,4,3,2,3,4,2,3,4,3,3,4,4,16
4,4,2,3,4,3,3,4,4,3,4,3,3,1,4,3,4,23
2,4,3,4,4,4,3,2,4,4,2,3,4,4,4,3,3,19
3,3,4,3,4,3,3,2,4,3,3,1,3,4,4,2,3,24
4,2,1,3,4,4,4,3,3,4,2,4,4,2,4,4,4,25
4,2,4,4,4,3,4,3,4,2,4,4,4,4,3,3,3,21
4,4,1,3,2,3,2,2,4,1,3,3,4,4,2,4,4,17
3,3,4,4,4,2,2,3,3,2,3,4,3,4,4,3,4,24
3,3,4,4,4,4,1,2,4,3,2,1,3,3,4,3,4,16
4,3,3,2,1,2,3,4,4,2,4,4,4,4,3,1,2,20
4,3,2,4,2,4,3,4,2,4,4,4,3,4,3,2,4,22
3,4,4,2,4,4,3,3,3,3,3,1,4,4,4,3,2,18
4,3,1,3,3,2,4,3,4,4,2,4,4,4,3,3,4,19
3,1,4,3,4,1,4,4,2,2,4,4,4,4,4,3,4,24
3,4,4,3,3,4,2,4,4,4,4,3,3,4,4,4,3,23
4,4,2,3,2,4,4,3,4,4,4,1,2,3,2,4,4,25
3,4,4,4,2,4,3,3,4,3,4,4,3,4,3,4,4,23
4,4,3,4,2,2,2,2,4,3,4,4,4,2,3,4,4,22
4,3,3,2,3,3,4,3,1,2,3,3,3,4,4,4,3,17
4,4,4,2,3,4,4,3,3,4,4,3,4,4,4,4,2,16
2,3,4,4,3,4,4,2,4,3,3,4,3,4,3,4,4,20
3,2,4,1,4,3,3,4,3,3,4,2,2,4,3,3,3,25
1,4,4,4,3,1,3,3,4,4,2,4,3,3,4,3,3,17
4,3,3,3,2,4,3,4,4,4,3,3,4,3,4,4,4,21
3,4,4,3,4,4,4,2,4,2,4,2,2,4,4,3,3,22
3,4,1,4,3,4,4,4,2,4,2,4,3,3,3,4,4,24
3,3,1,4,2,4,3,4,3,4,4,3,4,4,2,3,4,23
4,4,4,2,4,4,3,4,3,4,3,4,4,4,3,3,3,17
2,2,2,4,4,3,2,2,4,3,3,2,3,3,4,3,4,22
1,3,4,4,2,4,4,4,2,1,2,4,4,4,3,3,2,25
4,3,4,3,4,4,4,2,4,4,3,2,1,4,3,4,2,23
2,4,4,4,4,4,1,4,3,4,3,3,2,4,3,4,4,21
4,3,2,4,3,3,2,3,4,3,4,2,1,1,4,2,3,18
3,4,4,1,2,3,3,3,4,1,4,4,3,3,1,3,4,17
3,2,2,2,2,4,3,4,1,4,2,3,4,4,4,4,4,19
4,3,4,3,3,3,2,4,2,4,3,4,4,4,3,3,4,18
2,3,3,2,4,4,4,3,4,3,3,1,4,4,2,4,4,24
3,4,2,3,4,3,3,4,3,1,3,4,3,4,2,3,3,16
4,4,4,2,4,3,2,4,3,3,4,2,3,4,4,4,4,23
4,4,2,3,3,4,2,4,2,4,3,3,2,4,4,3,3,25
4,4,3,4,4,3,4,4,3,4,2,4,4,3,4,4,2,16
3,4,3,3,3,2,4,4,3,4,2,3,4,3,4,2,4,25
2,3,4,1,4,4,4,3,4,4,4,3,2,3,3,4,2,18
3,4,2,3,4,3,4,3,3,4,1,2,3,3,4,2,4,22
1,4,3,4,4,1,1,3,4,3,4,2,4,4,4,2,4,23
4,3,3,4,3,3,2,4,4,2,1,1,4,3,3,4,3,21
4,4,4,1,4,3,2,4,4,2,3,1,4,4,4,4,3,23
4,4,2,4,4,3,3,4,2,4,3,4,3,2,4,3,4,23
4,1,3,1,4,3,3,4,4,2,4,4,2,3,2,3,3,23
1,4,1,4,4,3,4,3,4,4,4,3,1,3,4,3,1,16
4,3,1,4,3,3,4,3,4,3,2,4,4,3,4,2,3,18
4,4,1,4,4,3,1,4,4,4,3,4,4,4,3,4,1,25
3,4,4,2,1,2,2,3,2,3,3,4,3,3,4,2,4,17
3,4,4,4,4,2,4,2,3,2,4,3,4,4,3,3,3,22
4,3,3,3,4,2,2,4,4,4,4,3,4,4,3,3,4,24
3,4,4,2,4,3,3,4,4,4,4,4,1,3,4,4,4,24
3,4,4,4,2,3,1,3,3,3,3,4,3,3,4,2,3,20
3,2,3,4,4,3,3,4,4,4,2,4,1,3,2,4,4,18
4,4,4,3,2,1,3,4,3,4,4,4,4,2,4,4,4,17
1,4,4,3,4,3,4,3,4,4,2,4,3,4,4,3,4,22
4,3,4,3,4,4,2,2,4,3,2,4,4,3,1,2,2,16
3,3,4,4,4,4,4,2,4,4,3,3,4,4,4,4,3,19
3,4,2,3,4,4,4,4,3,4,3,3,2,3,2,2,4,25
4,1,4,4,4,4,4,2,3,4,3,3,3,4,4,3,3,21
4,3,4,3,2,3,4,3,4,4,1,4,4,3,3,4,4,16
4,3,4,3,4,4,3,4,3,3,2,4,3,2,3,2,1,16
2,1,1,4,4,3,4,3,1,3,3,3,3,2,4,2,2,21
4,4,2,4,4,3,4,3,4,4,3,4,1,4,4,4,3,17
4,4,3,3,1,4,2,4,3,2,4,4,4,3,4,4,2,17
4,4,1,3,2,4,2,2,3,1,4,3,1,4,4,2,3,24
2,3,2,4,2,2,4,3,3,2,2,3,3,3,3,2,3,21
2,4,4,4,3,3,3,3,3,3,3,4,3,3,3,4,3,22
4,3,3,3,4,3,4,4,4,4,4,2,3,4,4,3,4,23
4,3,2,3,4,1,4,3,1,4,1,3,3,2,4,3,4,17
2,1,3,3,4,4,3,3,4,2,2,4,4,4,3,2,1,16
3,3,1,4,4,2,2,3,4,4,4,2,4,4,4,4,2,25
3,4,4,2,2,2,3,2,3,3,3,3,4,2,4,4,4,18
1,4,3,4,3,2,4,4,4,4,4,4,4,3,2,4,4,22
3,3,4,4,4,3,4,2,4,4,2,2,4,2,3,3,4,16
4,4,4,4,4,4,4,4,4,4,4,4,4,1,4,3,2,21
4,3,4,4,4,3,4,4,4,4,3,3,4,4,4,4,4,16
2,4,4,3,2,3,3,4,4,4,2,4,4,3,2,2,3,17
3,3,2,3,2,4,4,3,4,3,3,2,2,4,3,4,3,19
4,3,2,3,2,4,4,3,4,1,4,4,3,2,4,4,3,18
4,4,4,2,4,3,3,3,3,3,4,4,4,4,2,2,2,23
3,3,4,4,3,3,3,2,3,4,4,1,2,2,4,4,4,18
4,4,4,4,3,3,4,4,1,4,4,2,1,4,3,4,3,24
4,4,4,4,3,4,3,3,4,4,3,3,4,2,4,2,4,20
3,3,3,4,3,2,3,4,2,2,4,4,4,4,4,2,3,16
3,4,4,4,2,2,3,4,4,4,3,4,3,4,4,2,4,20
2,4,4,3,4,4,4,4,4,2,4,3,4,3,2,4,4,20
4,4,4,4,4,3,3,2,4,3,4,3,4,1,4,3,4,25
4,3,4,4,3,3,1,4,4,2,4,4,3,4,3,4,4,19
3,4,4,2,4,4,4,3,4,2,4,4,1,3,4,2,3,20
4,4,3,3,4,4,3,4,3,3,3,3,2,4,4,4,4,19
4,4,1,2,4,4,3,4,2,2,3,4,4,3,3,4,2,18
3,1,3,4,3,3,3,4,2,4,4,4,4,4,4,4,2,22
4,3,4,3,4,4,2,4,3,4,4,4,3,4,1,4,2,21
4,2,3,3,2,1,4,4,3,4,4,4,2,4,4,4,4,18
1,4,4,2,4,3,4,4,4,2,1,3,2,4,4,3,4,20
3,3,4,4,3,3,2,4,3,4,4,4,4,4,4,3,1,19
4,4,4,4,3,2,4,2,3,3,3,2,3,3,4,3,2,19
4,4,2,3,3,4,4,4,3,3,3,2,3,4,4,4,1,24
4,4,3,3,4,4,4,4,3,3,4,3,3,4,2,4,4,22
4,4,4,4,3,4,4,4,4,2,3,4,3,4,3,3,4,22
4,3,4,3,2,4,4,4,4,4,2,3,3,3,4,2,2,21
3,3,4,2,2,3,3,4,3,4,4,3,4,1,1,4,3,17
2,3,2,4,4,1,4,4,3,2,3,2,4,3,2,3,3,21
4,4,3,4,4,4,2,2,1,4,2,4,3,4,3,4,4,16
4,4,3,4,3,4,4,1,2,3,3,4,3,4,2,4,4,18
3,2,3,1,4,1,4,2,4,4,4,4,4,4,4,1,2,16
4,1,4,3,3,4,4,4,2,4,4,4,4,3,4,4,2,18
4,3,4,4,2,4,4,4,4,4,3,3,3,2,4,1,4,21
3,3,3,2,2,2,4,4,4,3,4,4,4,2,4,1,4,17
1,4,4,3,1,1,4,4,2,3,3,4,3,4,2,1,3,20
1,4,1,3,4,3,4,2,3,3,3,4,2,4,3,4,3,23
2,4,3,4,4,2,3,4,3,4,4,2,3,1,4,3,4,19
4,2,3,3,3,4,4,3,4,3,4,4,2,1,4,2,4,21
4,2,3,4,4,4,4,3,4,3,3,4,4,4,3,4,4,20
4,4,4,2,3,3,4,4,3,4,3,4,4,4,4,4,2,21
4,3,4,4,4,4,2,3,3,4,4,4,1,4,4,4,4,22
3,3,2,2,2,4,4,3,4,3,3,2,4,4,4,3,4,18
4,1,2,4,2,4,4,3,2,3,4,3,4,4,3,3,3,17
4,3,3,4,2,4,1,4,2,3,3,4,4,4,3,3,3,19
1,1,1,3,3,4,4,4,2,4,4,4,4,2,4,4,4,17
2,4,2,4,3,4,2,4,4,4,3,2,3,4,2,1,4,16
3,4,4,4,2,3,1,3,1,3,2,4,1,4,4,3,4,16
3,4,2,3,4,4,2,3,3,4,3,3,4,4,2,4,4,21
4,4,4,3,4,3,4,3,4,4,4,3,3,3,3,3,4,17
2,3,4,4,3,4,4,4,4,3,3,4,3,2,4,4,2,22
4,4,3,3,4,3,2,4,2,3,2,2,3,2,4,2,1,18
2,3,3,3,3,2,2,3,4,2,2,4,4,2,1,3,1,21
3,3,4,4,3,4,4,2,4,4,4,3,4,4,2,2,3,23
4,2,4,4,4,2,4,3,4,4,4,4,4,3,4,4,3,17
3,3,3,3,4,3,1,4,3,3,2,3,3,3,4,3,4,19
3,3,4,2,2,4,4,4,3,4,4,4,2,4,4,4,4,23
4,2,4,4,3,4,4,4,2,4,4,3,4,3,2,4,4,21
3,4,3,3,2,4,3,2,4,4,3,3,3,3,1,4,2,25
4,4,4,2,4,4,3,4,3,4,4,1,4,3,4,1,2,22
3,4,1,3,4,1,2,3,1,4,4,1,3,2,4,4,2,20
2,2,4,3,3,3,4,2,3,2,3,4,2,4,4,4,2,18
3,4,4,4,4,4,3,4,4,4,2,1,3,4,4,4,4,25
2,4,4,3,3,3,4,4,3,4,3,4,2,3,2,4,4,20
4,3,4,4,3,4,3,4,4,1,4,2,4,4,3,2,4,18
4,4,4,2,1,4,3,2,4,4,2,4,3,4,4,4,4,24
1,2,4,4,4,3,2,4,4,4,2,3,2,3,4,3,4,17
4,3,4,3,3,4,1,4,1,4,4,4,3,2,3,4,4,25
4,3,4,4,4,3,4,4,4,3,2,3,4,2,2,4,3,20
2,4,4,2,2,4,4,3,2,4,4,4,4,3,4,4,4,17
2,2,3,2,4,2,4,4,4,3,4,4,4,2,4,2,2,19
2,4,2,4,4,2,2,4,1,2,4,3,2,4,4,3,3,20
4,3,2,3,2,3,2,4,3,1,4,4,3,4,4,4,3,23
4,3,4,4,2,4,4,1,4,4,3,4,4,3,4,3,4,23
3,4,4,2,4,3,4,4,2,4,1,4,4,4,4,3,3,18
3,4,4,4,4,3,1,2,4,3,4,2,4,3,4,1,4,17
4,1,3,4,4,4,4,4,4,3,4,4,4,2,4,3,2,19
4,4,4,4,4,4,3,4,4,3,3,1,4,1,3,4,3,21
4,2,3,4,4,4,4,3,3,4,4,4,4,3,3,4,3,23
3,4,3,3,3,4,4,3,1,3,4,4,4,3,4,4,3,21
1,3,3,3,3,3,3,4,3,1,4,4,4,3,3,4,4,22
4,4,2,4,2,4,4,2,4,4,4,4,3,4,1,4,4,21
3,4,3,4,3,3,4,4,4,2,1,4,4,4,4,3,3,20
3,3,4,1,4,3,4,3,2,1,3,4,3,4,2,4,2,21
4,1,4,4,4,4,4,4,4,4,4,2,4,4,2,3,4,20
2,3,4,4,2,4,4,2,3,4,3,3,3,3,3,4,4,16
2,4,1,4,4,3,4,4,4,3,4,2,4,3,3,2,4,20
4,4,2,4,4,3,4,2,3,4,3,4,4,4,3,3,3,25
4,3,3,4,3,3,2,4,2,2,4,4,4,3,4,3,1,19
3,2,2,4,4,4,4,3,1,4,4,3,4,4,1,4,4,18
4,3,4,3,1,2,4,4,2,4,4,3,3,4,4,4,3,20
4,4,4,4,4,1,4,2,3,3,3,3,4,4,3,3,4,18
4,3,4,4,3,3,3,4,3,4,4,4,4,1,2,4,3,18
4,3,4,4,1,2,4,2,3,4,2,2,3,4,3,2,3,23
3,3,4,2,4,3,4,4,3,2,2,3,4,3,4,4,4,16
4,4,4,3,4,4,4,4,4,4,1,4,3,3,4,3,3,20
2,4,1,2,4,4,4,1,4,3,4,4,4,4,2,4,1,17
4,2,4,3,4,4,4,4,4,3,4,4,3,4,4,4,3,16
4,4,3,4,3,3,4,3,2,1,4,1,2,4,3,3,2,18
4,3,4,2,2,4,3,3,3,4,4,2,3,4,3,3,4,17
2,1,3,4,4,4,4,1,3,3,3,4,3,3,3,2,4,17
4,3,4,3,4,2,3,4,3,4,3,2,2,3,2,4,3,18
4,4,3,4,3,3,2,2,3,4,1,4,3,4,4,4,2,24
3,4,4,3,1,4,4,3,4,2,4,2,3,2,3,4,4,17
4,3,4,4,4,4,4,2,4,3,2,3,3,4,4,3,4,17
4,4,4,4,4,3,2,3,1,4,3,4,1,3,4,4,4,22
4,3,4,3,3,2,3,4,1,4,4,4,2,4,4,4,4,24
3,3,3,4,3,4,2,1,4,3,1,4,4,4,3,4,2,17
4,4,4,3,2,4,4,3,4,3,4,4,3,2,3,3,4,22
4,4,4,3,3,3,3,4,3,2,4,2,3,4,3,4,4,18
3,4,4,1,4,4,4,4,3,2,3,4,2,3,3,4,4,23
2,1,4,4,4,4,4,4,2,3,4,2,4,2,4,3,4,22
3,3,4,4,3,2,4,4,3,4,4,3,4,3,4,3,3,23
3,2,4,1,3,3,4,4,3,4,3,3,2,4,4,2,4,17
3,4,2,3,4,3,2,4,4,2,3,4,3,3,4,3,1,24
4,4,4,4,4,3,4,4,4,4,4,3,4,4,3,4,4,25
4,2,3,3,4,4,3,4,3,4,3,4,4,3,4,4,4,23
4,3,2,4,4,4,3,4,3,3,4,4,1,2,3,4,4,19
2,4,4,3,3,4,3,4,3,3,4,3,2,4,4,4,4,21
2,4,3,2,4,4,4,3,3,4,2,4,2,4,3,4,4,19
4,3,3,3,3,3,2,3,4,4,2,3,4,4,2,3,3,20
4,3,4,3,3,4,4,4,4,3,4,4,3,4,2,4,4,23
3,3,4,4,3,4,1,4,4,2,4,2,4,3,1,4,4,25
3,4,3,4,4,2,4,4,2,2,4,4,3,3,3,3,4,20
3,2,4,1,2,3,2,2,4,4,4,4,4,4,3,3,3,23
4,3,1,4,3,4,4,3,4,4,3,4,3,4,4,4,4,24
3,3,4,4,4,2,3,4,4,4,2,4,2,4,3,4,4,21
2,2,3,4,3,3,3,3,4,4,2,4,4,4,4,4,4,23
4,4,4,4,3,2,4,4,4,4,2,1,4,3,4,3,3,20
4,4,4,2,2,4,3,4,4,4,3,4,2,2,4,2,3,21
3,2,4,2,4,3,4,4,4,4,3,4,4,3,4,3,4,17
3,3,4,4,4,2,4,3,2,4,2,4,3,4,4,4,4,17
4,2,4,3,4,4,4,4,3,3,4,4,3,4,4,4,3,19
3,4,3,4,4,3,4,4,4,4,4,3,4,4,4,3,3,22
3,3,4,4,4,4,2,3,3,3,3,1,3,4,3,3,4,24
4,2,4,4,3,3,4,3,1,3,4,4,4,2,4,3,4,23
4,4,4,4,3,2,4,4,3,3,3,4,4,3,4,2,4,25
4,3,4,4,3,4,3,3,3,4,4,4,4,4,3,4,4,18
3,3,4,2,4,2,4,4,4,2,4,1,4,1,3,2,1,16
3,3,4,2,4,4,4,3,2,2,4,2,4,4,2,4,3,21
3,3,4,4,4,4,1,4,3,4,4,2,3,4,3,2,4,17
2,3,4,3,3,3,3,1,4,4,2,3,1,3,4,4,2,23
1,3,4,3,4,3,1,4,4,4,4,4,1,3,4,4,4,16
4,2,4,3,4,4,2,2,2,4,4,4,4,4,4,3,4,18
3,4,4,4,4,3,4,2,2,3,4,4,4,4,3,2,2,19
4,3,4,3,4,4,3,3,4,2,1,3,3,4,3,1,4,16
3,4,2,4,3,4,4,2,3,3,4,4,4,4,4,2,3,18
4,4,4,3,1,4,4,4,4,3,4,3,2,4,4,3,1,16
4,3,4,2,4,4,4,3,4,3,2,4,3,4,4,3,3,24
4,3,2,4,3,4,3,3,3,2,2,4,4,3,4,4,2,16
4,1,2,2,2,4,4,2,3,4,4,3,3,4,4,2,4,24
1,3,3,4,4,3,4,2,2,1,4,2,4,3,4,4,4,25
4,4,1,4,4,2,4,4,4,2,3,4,3,1,4,4,4,22
4,3,4,2,4,3,4,3,4,1,2,4,4,3,3,2,4,21
4,4,4,2,2,4,4,2,4,4,4,4,4,4,4,4,3,23
2,3,3,4,2,3,3,4,4,4,2,4,3,3,4,4,4,17
2,4,4,4,4,3,4,2,2,4,4,3,3,4,4,2,2,23
3,3,3,4,4,4,4,3,3,3,2,3,3,4,4,3,2,17
2,3,3,3,4,4,3,2,3,4,4,3,3,1,4,2,4,24
2,3,4,4,4,4,4,3,3,3,4,2,4,4,4,4,2,23
3,2,4,4,3,4,4,4,4,3,3,3,2,4,3,2,4,22
3,4,4,4,3,4,4,4,4,4,4,4,3,4,3,4,4,20
4,3,1,3,3,4,4,1,2,4,4,2,4,3,3,4,3,19
3,4,3,4,4,4,4,3,3,4,3,4,4,4,3,4,3,24
2,2,4,3,2,4,4,4,4,3,4,4,2,4,4,4,3,24
3,3,2,4,4,1,4,3,4,2,2,4,4,4,4,4,4,23
4,3,4,4,3,3,2,4,3,4,4,4,1,4,4,4,3,25
4,3,3,2,4,3,3,2,4,4,4,3,4,3,4,4,4,17
3,3,4,4,2,3,4,4,4,4,4,3,2,2,3,4,4,20
3,4,4,2,1,3,4,3,4,3,4,3,3,3,4,3,3,17
3,2,1,4,4,2,3,4,4,2,4,3,4,4,4,3,4,18
4,2,4,4,4,3,4,3,3,3,4,4,4,3,3,4,1,17
4,2,2,4,3,4,4,3,3,3,2,4,4,4,2,3,2,25
4,3,3,4,2,4,4,2,4,4,3,4,4,4,4,3,3,23
4,2,4,2,4,3,2,2,4,4,4,4,4,1,4,4,4,18
3,4,4,4,4,4,3,4,3,4,3,2,3,3,4,3,4,23
4,2,3,4,4,4,3,4,4,3,1,4,2,4,3,4,3,18
1,4,4,3,4,4,4,4,4,4,4,4,4,1,4,3,2,24
3,4,4,4,2,2,3,2,3,2,3,3,3,1,4,2,3,19
3,3,4,4,3,4,4,3,3,2,4,4,3,3,4,2,3,23
3,4,4,4,4,3,4,4,2,1,4,4,4,4,4,4,2,24
4,1,4,1,4,3,3,1,4,4,2,1,4,3,3,2,2,25
2,2,4,3,3,1,2,4,2,4,4,4,1,4,4,3,4,20
4,3,4,4,2,4,4,3,3,2,3,4,4,4,3,4,4,19
3,2,4,4,2,4,4,3,4,2,4,2,3,1,4,4,3,22
4,4,4,3,4,4,4,4,3,2,3,1,4,4,2,3,3,18
4,2,3,3,3,3,4,4,3,4,4,3,2,4,2,2,3,20
3,3,3,4,4,3,4,3,4,4,4,4,4,3,3,2,1,23
3,3,4,4,3,3,4,2,1,4,3,3,4,3,4,1,1,21
4,4,3,3,2,4,3,3,4,4,2,4,3,3,2,4,3,16
1,3,4,3,4,4,3,4,3,2,3,3,3,3,3,2,4,24
4,4,4,1,2,3,3,3,4,3,3,3,3,4,4,3,4,23
3,4,3,3,1,3,3,4,4,4,3,3,4,2,1,2,2,19
2,3,4,3,4,4,4,3,4,2,4,3,4,4,4,4,1,17
3,4,4,3,4,4,4,4,4,2,3,4,4,4,4,4,4,23
4,4,4,3,2,4,4,4,3,4,4,4,2,4,4,4,4,16
3,2,4,4,4,3,4,4,2,3,2,4,3,3,4,3,3,19
3,1,4,4,3,4,3,3,3,1,3,4,4,4,4,3,4,21
2,3,4,2,4,4,4,4,4,2,4,3,4,4,4,3,3,22
4,4,4,4,2,4,1,3,1,4,3,4,4,3,3,4,4,17
4,4,4,4,4,4,4,1,4,3,3,4,4,4,3,4,3,18
4,4,4,1,4,4,3,4,4,3,3,1,3,2,2,4,4,16
3,4,3,3,2,1,2,3,4,4,3,3,4,4,4,3,4,18
4,4,4,3,4,4,3,4,2,4,4,4,4,4,4,4,2,20
3,4,2,4,2,3,3,4,3,3,3,4,3,4,4,4,4,17
4,3,3,4,2,4,2,3,4,4,4,3,4,4,3,4,2,25
3,4,4,4,4,3,4,3,3,4,2,3,3,4,2,3,3,22
3,3,1,4,4,3,3,4,4,4,3,3,4,4,3,4,4,20
2,2,2,1,2,4,4,4,3,4,2,4,3,3,4,3,4,19
4,4,4,4,4,4,4,4,1,3,4,4,4,4,3,4,3,23
4,3,3,2,3,4,4,3,3,2,3,4,4,2,4,4,3,23
2,3,3,3,3,4,3,3,4,3,3,4,3,3,4,4,2,24
3,3,3,4,4,2,4,2,2,4,2,4,3,4,4,4,3,16
4,4,4,2,4,3,3,1,3,3,3,2,3,3,4,4,4,22
3,2,3,2,2,2,2,4,4,3,4,3,4,2,4,1,2,19
4,4,2,4,2,4,4,4,2,3,2,4,4,2,4,4,4,24
4,4,3,2,4,3,2,3,2,4,4,3,3,4,4,1,4,20
4,4,4,3,3,4,4,3,3,3,4,1,4,4,4,4,3,25
4,1,2,2,3,4,4,4,1,3,3,2,4,4,2,3,4,22
4,2,1,2,2,3,2,3,2,4,4,2,3,2,3,4,4,20
4,3,4,3,2,3,3,3,4,2,3,3,4,4,4,4,4,17
4,3,3,3,4,4,2,2,3,4,3,4,1,3,4,4,4,19
1,4,4,3,4,3,4,4,4,4,3,3,3,4,3,3,4,21
4,3,4,3,4,3,4,4,4,4,3,3,4,3,3,3,4,17
3,1,4,4,4,3,4,4,4,4,4,4,4,2,2,3,3,25
4,2,3,4,2,3,3,3,3,2,2,4,3,3,4,2,3,16
2,3,2,4,4,3,3,4,4,2,3,4,3,4,3,3,3,17
4,4,3,4,2,4,2,4,1,1,3,4,4,1,4,3,4,24
3,3,4,4,4,3,2,4,3,4,1,2,2,2,1,4,1,16
1,1,3,3,4,4,2,3,4,4,3,3,3,3,2,2,4,22
1,3,3,2,3,4,3,3,4,4,3,4,4,2,3,3,4,20
4,3,4,4,3,4,2,4,4,3,4,1,3,4,3,3,2,20
4,3,1,4,3,4,4,1,4,4,4,3,4,4,3,4,2,23
4,4,2,4,3,2,4,4,3,2,4,3,4,4,3,4,2,23
4,1,3,2,4,4,3,3,4,4,3,3,2,4,4,2,4,25
4,3,4,4,4,4,4,4,4,4,4,4,4,4,2,2,3,22
4,4,4,3,4,4,2,4,4,4,4,4,4,2,4,1,2,16
4,3,3,1,3,2,4,4,2,3,4,4,4,2,3,2,4,21
4,4,2,2,3,4,3,4,2,2,3,3,3,4,4,3,4,24
2,4,4,3,1,3,4,2,3,3,3,3,3,4,3,4,4,20
2,1,3,4,3,4,4,3,3,4,3,4,2,4,4,2,4,16
4,4,3,2,3,2,4,4,4,4,3,4,4,4,2,4,3,22
4,4,4,4,4,3,2,3,4,4,4,3,1,2,4,3,2,25
4,4,3,3,3,4,4,1,4,4,4,2,4,1,4,4,2,17
4,1,2,4,4,1,4,3,3,4,3,2,2,1,4,4,4,24
4,4,3,4,3,4,4,3,4,4,3,3,4,3,4,4,3,22
3,2,4,4,4,3,3,3,1,4,4,4,4,3,2,3,3,24
4,4,4,3,4,3,4,3,4,4,3,4,4,2,4,3,3,21
2,4,3,4,3,4,3,2,4,4,3,4,4,2,4,2,4,18
3,4,4,4,4,3,4,4,1,4,4,4,4,2,1,1,4,18
3,2,3,4,4,4,4,1,3,4,3,3,3,4,4,3,4,23
3,4,4,2,3,4,3,3,3,3,4,4,2,2,4,3,3,23
1,4,4,4,3,1,4,2,2,2,1,4,4,4,2,4,2,24
4,4,1,4,4,1,3,1,2,2,4,4,4,4,4,2,2,21
4,2,4,2,2,4,4,3,4,3,3,3,4,4,3,4,3,16
4,3,3,3,4,3,4,4,4,4,1,2,4,3,4,4,4,24
3,4,3,3,2,4,4,2,3,3,3,4,2,3,4,3,4,16
4,4,3,1,2,4,3,4,3,2,4,3,4,4,4,3,2,21
2,2,4,4,3,4,3,4,3,1,1,4,4,2,1,3,3,17
3,3,3,4,3,3,2,4,3,2,3,4,3,4,3,1,3,18
3,3,4,3,4,4,4,2,4,4,4,3,2,3,4,3,3,22
3,4,3,4,3,4,4,1,4,3,4,4,4,1,4,3,4,19
4,4,3,4,4,3,2,2,3,3,4,3,4,3,4,2,2,16
3,3,2,3,4,3,4,4,4,4,3,3,3,1,4,4,1,21
4,4,3,4,3,4,3,2,4,4,2,3,4,2,1,3,3,16
4,2,2,4,3,2,4,4,4,3,4,2,3,2,3,4,4,18
3,3,3,4,4,2,3,4,4,4,4,4,3,2,4,4,2,24
3,4,4,4,4,4,4,4,4,4,3,3,3,3,4,3,3,22
4,3,4,4,3,4,4,3,1,4,1,2,2,2,2,4,3,24
3,4,4,4,4,4,4,4,4,3,2,4,4,2,4,4,3,25
1,4,4,3,2,2,4,3,3,4,3,3,4,4,2,4,3,17
2,2,4,2,4,4,4,2,3,3,4,2,4,1,4,3,2,19
4,4,3,3,4,2,2,1,4,3,2,4,3,4,4,4,3,20
4,2,3,4,4,3,4,4,4,4,3,3,4,4,3,2,4,17
3,3,4,4,3,4,4,2,3,4,4,4,1,3,2,4,3,24
3,4,2,4,2,4,3,4,4,4,4,3,3,4,1,3,4,24
2,1,3,3,4,2,4,2,4,4,2,4,4,3,4,4,3,16
4,1,4,2,3,3,4,2,4,3,2,3,3,3,2,3,4,25
3,4,4,3,4,4,4,4,3,4,3,3,4,4,3,3,3,24
4,4,1,3,2,3,2,4,3,3,4,2,4,3,4,4,3,17
4,4,4,4,4,4,4,3,4,3,2,4,3,4,4,1,4,24
3,2,1,4,2,4,4,4,4,4,3,4,3,3,4,2,4,18
3,3,3,3,4,4,4,4,4,1,4,3,3,4,4,3,3,17
3,4,3,4,4,4,4,4,4,3,3,4,4,2,4,3,4,20
4,2,4,3,4,4,2,4,3,3,1,1,4,4,4,3,4,18
3,4,4,4,1,4,4,2,4,4,4,4,4,4,4,4,4,25
4,4,4,3,4,4,2,2,3,4,1,1,3,4,3,4,3,16
2,2,3,4,4,3,4,4,4,4,4,3,4,4,3,3,4,24
1,4,1,2,4,4,4,3,3,3,2,1,4,4,3,4,3,23
4,4,4,3,3,3,4,4,3,1,4,2,3,2,4,4,3,24
4,4,4,4,4,2,2,4,2,4,4,4,2,3,4,3,4,21
3,3,3,3,3,4,3,4,3,4,4,4,2,3,4,4,3,17
3,4,4,4,4,4,4,4,4,4,4,4,2,4,3,3,3,19
4,3,4,3,3,4,4,4,4,3,3,2,2,2,3,3,3,16
2,4,4,2,3,3,3,2,4,2,2,4,2,2,3,1,4,23
4,3,4,4,4,4,4,2,2,2,2,4,4,2,4,4,2,16
4,3,4,4,3,4,4,4,3,2,4,3,4,3,2,4,3,20
4,4,3,4,4,3,4,4,4,4,4,4,3,3,3,4,3,21
4,3,4,2,4,4,4,4,4,4,4,2,4,3,1,4,4,20
4,4,4,3,2,3,4,2,3,1,4,1,3,1,3,4,2,16
3,4,4,4,3,4,3,4,3,4,3,4,3,3,2,4,2,16
4,4,3,3,4,4,4,4,3,4,4,4,3,4,2,3,3,24
4,3,2,4,3,3,3,4,2,4,4,4,4,3,3,4,4,17
4,2,2,2,4,3,4,2,4,2,3,2,1,1,3,4,4,24
4,3,4,1,4,3,4,4,4,4,4,4,3,4,2,1,4,19
4,4,4,3,4,1,3,4,2,4,3,3,2,2,2,3,3,25
4,3,4,4,3,3,4,2,4,2,3,4,4,3,4,4,3,25
2,4,4,4,4,4,3,3,3,2,1,3,4,4,3,4,1,24
4,3,3,4,4,4,4,3,2,4,4,2,2,4,4,4,4,18
4,3,2,4,2,4,2,4,4,2,3,2,3,4,4,3,4,18
4,3,4,3,3,3,4,3,3,4,4,3,4,4,4,3,4,20
3,4,3,4,4,3,4,3,3,4,4,4,4,4,4,4,2,23
4,4,4,4,3,1,4,4,3,4,4,4,4,4,4,4,3,19
4,2,4,4,2,4,4,2,4,4,3,4,3,2,3,3,4,21
3,3,4,3,4,4,4,4,4,4,3,1,4,4,4,4,4,17
4,3,4,4,4,3,4,3,4,4,2,4,4,2,4,4,4,19
2,3,2,3,4,4,2,2,1,3,3,3,4,3,3,4,3,20
4,4,4,3,3,4,3,3,3,4,4,2,4,4,4,3,4,23
3,4,4,2,3,3,2,4,3,4,2,3,4,4,4,4,2,25
4,3,4,2,4,4,3,4,4,3,3,4,4,1,2,3,4,18
2,3,4,4,4,4,4,4,2,4,3,3,2,3,4,4,3,19
3,4,2,4,4,3,3,4,3,3,2,4,4,3,3,4,4,17
4,2,4,4,4,3,4,3,4,4,4,3,2,1,3,3,4,19
3,3,2,3,3,2,2,4,4,4,3,3,4,4,4,3,4,18
4,4,3,4,3,4,4,4,4,2,3,2,3,4,4,2,4,20
3,2,4,3,2,4,4,3,4,4,4,4,3,2,4,4,4,24
3,4,3,4,3,3,4,3,4,1,2,2,3,4,3,4,4,24
4,4,4,2,4,4,4,3,3,3,3,4,4,4,2,4,3,19
2,4,3,4,4,2,1,3,4,2,1,4,4,3,4,4,4,23
4,3,3,3,2,4,4,3,3,3,4,3,3,2,4,4,4,17
4,3,2,3,2,3,4,3,4,4,4,4,2,3,4,4,4,23
4,4,3,3,4,2,4,4,1,3,3,4,2,4,4,2,3,16
2,3,4,3,4,4,2,2,3,4,3,4,3,4,4,3,4,24
2,4,4,3,3,4,4,3,2,2,4,4,3,4,3,3,4,22
3,3,3,3,3,2,4,2,2,1,4,4,2,2,4,3,4,23
3,4,4,3,3,2,3,4,4,4,4,4,4,3,4,4,2,20
4,3,3,3,4,4,4,2,4,4,3,3,4,4,3,4,2,20
3,2,3,2,2,2,3,3,3,2,3,4,4,4,4,4,4,23
4,4,4,2,4,3,3,3,3,3,1,4,4,4,4,1,4,25
2,4,1,2,4,4,4,3,2,4,4,1,3,4,4,1,4,18
2,4,4,3,4,2,4,3,1,4,2,3,4,3,4,3,3,17
3,4,4,3,3,4,3,4,4,4,1,4,4,3,2,4,1,19
4,4,2,3,4,3,4,3,3,4,3,4,4,3,4,3,4,25
3,3,4,4,2,2,3,2,4,3,4,4,4,3,4,3,3,18
3,4,3,4,4,4,4,3,3,4,3,4,4,3,4,4,3,22
4,2,3,4,2,4,4,1,4,4,2,3,4,4,2,1,4,16
4,4,4,4,4,3,4,2,4,2,3,4,3,3,4,2,2,21
4,4,3,4,4,2,4,4,3,3,3,2,4,4,4,4,4,17
3,2,1,4,3,4,4,4,2,4,2,4,3,3,4,3,4,23
2,1,3,4,3,4,4,2,3,3,4,4,3,4,3,1,1,18
4,3,3,4,3,4,4,3,4,3,2,2,3,2,4,2,3,16
3,3,4,3,4,4,3,4,4,3,4,4,3,3,4,4,3,23
4,3,4,4,3,4,2,4,3,3,4,4,4,2,2,4,4,20
4,2,2,1,3,4,3,2,3,1,4,3,4,3,4,3,2,25
3,4,2,4,2,3,4,4,4,4,4,3,2,4,2,4,2,18
4,2,4,2,4,4,3,3,2,3,4,3,4,4,2,3,3,24
2,2,4,4,4,4,4,4,3,3,4,4,2,4,2,2,4,19
2,4,3,4,2,1,2,2,3,4,4,3,4,3,2,4,3,21
4,3,4,3,4,3,4,2,3,3,3,3,4,3,4,4,3,17
2,3,3,3,4,4,3,3,4,4,1,4,3,4,4,3,3,23
4,4,3,3,3,4,4,2,4,2,1,4,4,4,4,4,4,21
2,4,4,4,1,3,4,4,3,4,4,4,3,4,3,3,4,16
3,4,3,3,4,4,3,3,3,1,1,2,3,4,2,4,4,20
2,4,2,4,3,2,3,3,3,4,3,4,4,4,4,3,3,21
4,4,4,3,2,3,3,3,2,4,2,3,3,2,4,4,3,25
4,4,4,2,4,4,4,3,1,3,3,4,3,4,3,3,4,22
4,2,4,3,4,3,3,4,4,3,2,4,3,4,4,4,4,20
3,3,4,4,4,4,4,4,4,4,2,3,3,3,3,4,3,19
3,4,4,2,4,4,3,3,3,2,2,4,2,1,4,4,4,23
4,4,4,4,4,3,4,3,3,3,4,3,4,4,4,3,1,19
3,3,4,4,2,4,3,3,3,2,3,3,4,2,2,4,4,25
3,4,4,4,3,4,4,4,3,3,3,3,4,4,2,4,3,20
4,4,4,4,2,3,2,4,4,3,2,2,3,4,3,4,3,20
3,4,2,3,2,4,2,4,4,4,3,4,2,3,4,4,4,22
4,3,4,4,3,4,3,3,3,4,4,2,4,3,1,2,4,23
2,3,4,4,4,4,3,3,4,3,2,4,3,3,3,4,3,20
4,3,1,4,2,4,4,4,3,2,4,4,2,4,3,2,2,16
3,2,4,1,2,4,3,3,2,3,3,4,3,4,4,4,2,24
3,4,4,4,4,4,3,4,3,1,3,4,3,3,2,2,4,17
1,4,4,3,2,4,3,4,2,3,4,4,4,4,2,4,4,19
4,4,1,3,2,1,4,4,3,2,4,2,2,4,4,3,4,25
3,3,4,4,2,3,3,3,2,1,3,4,4,3,2,3,4,20
3,3,3,4,3,3,2,4,4,2,4,2,4,4,3,4,2,21
4,4,2,2,3,3,3,4,4,4,4,4,4,2,1,2,3,24
4,2,4,4,4,4,1,4,3,4,4,4,4,2,4,4,4,24
1,2,1,4,3,4,3,2,4,4,4,3,3,3,4,3,3,20
4,4,4,2,4,4,2,4,4,4,3,4,3,4,2,2,4,25
3,4,3,1,4,4,4,4,3,3,2,3,2,3,2,4,3,19
2,2,2,4,3,4,3,4,3,3,3,4,4,3,2,2,4,16
3,3,4,3,4,3,2,2,4,4,1,4,2,1,1,2,4,23
4,3,3,4,1,3,1,4,3,4,4,4,3,3,2,4,4,24
1,4,4,3,3,3,3,3,3,4,4,2,3,4,4,4,4,22
4,3,2,1,4,3,2,4,3,4,4,2,2,3,2,4,4,17
4,4,3,3,3,4,3,4,3,3,2,2,2,3,3,4,3,17
2,4,4,4,4,4,2,4,1,4,3,4,2,3,4,4,4,16
4,2,4,4,3,4,2,3,3,4,2,3,4,4,4,4,4,21
4,1,4,4,3,4,4,3,3,4,2,4,3,3,3,2,1,22
3,3,4,2,4,4,4,4,3,4,4,3,2,3,3,3,2,19
4,3,1,4,2,2,2,3,3,3,2,2,2,4,4,4,4,21
4,2,4,4,2,3,4,4,4,2,2,4,2,3,4,3,4,20
1,3,4,4,4,4,4,3,3,3,4,4,4,4,4,4,4,21
4,4,4,2,3,4,4,4,2,3,4,2,3,4,4,3,3,25
1,2,3,3,4,4,4,3,3,4,3,4,3,4,4,4,3,16
4,4,4,4,3,3,4,4,2,2,4,2,3,2,4,3,3,17
4,4,4,4,4,2,4,3,4,4,4,4,3,3,3,3,3,17
4,2,4,3,3,2,4,4,4,4,4,3,3,4,4,4,3,25
4,3,4,4,4,4,3,4,4,4,2,4,4,2,4,4,4,19
1,4,4,3,4,3,3,4,1,1,2,3,4,3,3,4,4,19
3,4,4,3,4,4,1,3,4,1,4,3,4,2,3,4,4,18
3,4,3,3,4,4,2,4,2,4,2,2,2,4,4,2,1,25
4,4,3,4,4,4,4,3,2,4,3,4,3,4,3,3,4,16
4,4,3,4,3,4,4,3,3,3,4,3,3,2,1,4,4,19
4,3,4,4,4,4,3,3,4,2,1,4,4,3,4,4,3,19
3,4,4,3,1,2,4,3,4,2,4,2,4,4,4,3,3,25
2,2,3,4,2,2,3,2,3,3,2,4,3,3,2,3,3,16
4,2,3,3,4,2,4,2,3,4,2,3,2,3,4,4,4,23
4,3,4,4,4,2,4,4,3,4,4,4,3,4,4,3,3,17
4,4,4,4,4,4,4,3,3,2,4,3,4,4,1,3,2,25
3,4,3,3,2,3,3,3,4,4,2,3,3,3,3,2,1,18
4,3,4,1,2,3,2,3,2,3,4,3,2,4,4,2,4,18
3,3,4,2,4,3,4,4,4,4,4,4,3,4,3,1,4,24
3,3,3,4,4,4,3,1,4,1,2,4,3,4,3,1,2,20
3,3,4,4,4,2,2,3,4,4,4,3,4,2,1,3,4,24
3,4,4,2,3,4,4,3,3,3,2,4,3,4,3,3,4,23
3,1,4,4,4,4,4,4,4,4,4,3,1,1,4,4,3,20
3,2,3,4,3,4,4,4,1,1,4,3,4,2,4,3,3,20
3,3,4,2,4,1,4,2,4,4,2,4,3,2,2,2,4,24
3,3,4,4,3,4,4,4,4,4,3,4,2,4,3,4,2,22
2,3,4,1,4,4,3,4,4,3,3,2,4,4,4,3,3,25
4,1,4,4,3,4,4,3,3,4,3,4,4,4,4,4,4,22
4,3,4,2,3,4,2,4,3,4,2,4,3,4,3,2,4,24
3,4,4,3,4,2,3,4,4,2,3,3,1,3,3,2,3,17
4,4,4,4,3,4,3,4,4,4,4,4,2,4,4,4,4,22
3,4,3,4,3,4,4,3,1,4,4,4,4,3,4,3,3,17
4,3,1,3,3,2,4,4,4,4,4,3,4,2,4,3,3,17
4,2,4,4,3,1,4,4,3,3,3,4,3,4,4,4,3,20
3,2,4,4,3,4,4,3,3,2,2,4,4,3,4,1,3,18
3,4,3,2,4,4,4,4,4,1,3,3,4,3,4,3,4,17
3,4,4,4,4,3,4,3,2,4,4,4,3,4,4,2,4,17
1,4,2,3,3,2,4,2,4,3,4,2,1,4,3,2,1,16
1,4,4,4,4,3,3,3,3,4,4,4,4,3,1,3,3,21
3,2,3,4,4,3,2,4,4,4,4,3,3,4,4,2,3,25
3,1,2,4,4,3,2,3,3,4,4,4,4,2,4,4,3,22
4,4,2,4,4,4,2,2,4,3,4,4,4,3,4,3,3,21
4,1,4,4,3,4,3,2,4,4,4,3,4,4,3,2,4,24
4,2,4,4,4,3,1,4,3,2,2,3,4,4,4,3,4,19
4,4,4,3,3,4,4,1,4,4,4,3,2,2,4,2,3,23
3,4,2,3,4,4,3,3,3,2,3,4,4,2,2,1,3,17
4,4,1,4,2,4,3,3,3,3,3,3,3,4,4,3,4,16
4,4,3,3,4,3,3,2,4,3,4,2,4,4,2,4,4,16
4,4,4,4,1,3,4,3,2,4,3,4,4,3,2,3,2,24
4,3,2,4,3,2,4,4,4,4,4,4,4,4,3,1,4,19
3,4,3,4,4,3,4,4,3,4,4,2,3,2,2,3,4,18
2,3,2,3,3,2,4,4,3,4,2,4,4,4,4,3,3,25
3,4,3,3,4,2,3,4,3,4,4,3,4,4,4,4,4,23
4,4,3,4,4,4,4,3,4,2,1,3,2,4,3,4,4,17
3,4,2,4,2,4,4,1,3,1,4,4,4,4,4,4,4,22
4,3,4,2,4,4,4,3,4,4,3,4,4,1,3,3,4,25
3,2,3,2,4,4,4,1,4,4,4,3,3,3,3,4,4,21
4,1,4,1,2,2,3,4,2,4,4,3,2,4,4,2,4,23
4,3,4,4,3,2,3,4,2,2,4,4,2,4,3,2,3,16
3,3,4,3,2,3,3,4,4,4,3,2,1,3,3,2,3,22
2,4,4,3,2,2,4,4,4,3,3,3,3,4,4,4,4,23
4,2,3,3,4,3,4,4,1,3,2,4,3,3,3,3,4,24
4,3,4,3,1,4,3,3,4,2,3,3,3,4,3,4,4,17
4,4,4,3,4,2,4,2,2,4,2,4,2,3,2,4,4,25
4,4,4,4,3,4,3,1,3,4,4,3,3,3,3,4,4,24
3,4,4,4,4,4,3,4,1,3,4,4,2,3,2,3,4,24
4,3,4,4,4,4,4,4,2,4,4,4,3,3,3,4,3,25
1,4,4,4,2,4,2,4,4,4,3,3,4,2,4,4,4,22
4,2,4,3,3,4,1,4,3,4,3,4,3,4,3,4,3,17
3,3,3,3,1,3,4,4,4,1,4,2,4,3,2,4,3,22
3,4,3,4,2,2,4,3,4,4,3,2,3,1,3,3,4,16
4,4,4,4,3,4,3,4,4,3,3,3,3,3,3,4,1,25
4,4,2,3,4,3,4,4,4,3,3,4,3,2,4,2,4,21
4,4,3,4,2,3,4,1,3,3,3,4,3,2,4,3,4,24
2,4,4,3,3,2,4,4,4,3,4,2,1,3,2,4,3,16
4,3,4,1,4,3,3,4,3,4,4,3,4,4,4,4,1,23
3,3,4,3,4,4,3,2,4,2,4,4,1,3,2,3,4,19
3,4,4,4,1,3,4,4,4,2,2,1,4,4,3,4,3,23
4,3,4,4,1,2,3,4,4,4,4,4,4,4,4,3,4,25
2,2,3,3,4,4,3,4,4,4,3,1,2,4,3,4,3,17
2,3,4,3,3,4,3,3,3,4,4,4,3,3,3,4,3,18
4,4,4,3,3,4,4,1,2,3,3,2,2,4,3,4,4,16
4,4,4,3,2,4,3,2,4,3,4,3,4,1,3,3,3,17
4,3,3,3,3,3,4,4,4,3,3,4,3,3,4,3,4,18
4,4,4,3,4,2,4,1,3,3,3,4,2,4,1,1,4,18
4,3,2,4,4,3,2,4,1,4,4,4,4,2,4,4,1,19
4,3,4,3,4,2,3,4,3,4,2,4,4,4,3,2,4,17
4,4,4,3,1,4,4,4,1,4,4,3,4,4,1,3,3,24
4,2,4,4,4,4,2,4,4,4,3,3,4,4,4,3,4,20
4,4,4,2,4,3,4,4,4,3,1,1,3,2,4,3,2,24
1,3,4,2,4,3,3,4,4,4,4,3,4,4,1,4,4,17
3,4,2,4,3,2,4,2,2,4,2,4,4,3,4,4,3,22
4,4,4,4,4,3,4,3,4,4,4,3,4,1,3,4,4,18
4,4,3,1,3,4,2,3,4,4,3,2,4,2,3,4,3,19
3,3,3,2,3,4,4,4,4,1,2,4,3,2,4,4,4,22
4,4,4,1,4,2,4,3,3,3,2,4,1,3,2,3,4,20
4,2,2,3,4,4,3,1,4,3,2,3,4,4,4,3,4,17
4,2,4,4,4,4,4,4,4,2,2,4,3,4,2,2,4,19
3,1,3,4,2,4,3,2,3,4,4,3,3,2,2,2,4,23
4,2,2,4,4,3,2,3,3,2,4,4,3,2,4,3,1,17
3,4,3,4,4,4,4,2,4,2,4,4,4,4,3,3,3,22
4,2,3,3,4,3,4,4,3,3,4,2,2,3,3,4,1,23
4,4,3,4,2,4,2,4,2,3,1,2,3,3,2,4,4,23
4,4,2,4,4,4,3,4,4,4,4,4,4,3,1,2,2,24
4,3,3,4,2,4,4,4,4,3,1,4,4,4,3,4,4,24
4,4,3,3,4,3,4,4,3,3,3,4,4,3,4,3,4,16
4,3,4,4,3,4,3,3,4,4,4,4,1,2,2,1,3,18
3,3,4,2,4,3,2,3,3,4,4,4,3,3,4,4,3,23
2,4,4,2,4,3,3,4,3,3,2,4,4,3,4,3,4,19
1,3,3,2,3,2,4,2,1,3,3,3,4,3,3,3,1,16
3,3,4,4,4,4,4,4,4,4,3,2,3,2,2,3,1,17
4,4,4,2,3,4,4,4,4,4,4,3,2,4,1,3,2,25
4,2,4,4,2,4,4,3,4,3,4,4,1,1,4,3,4,18
4,4,4,4,3,3,4,4,3,4,1,3,2,3,3,4,3,16
4,4,4,3,4,3,4,2,4,3,4,3,3,4,4,4,3,20
4,2,4,3,4,2,4,4,4,4,3,4,4,2,2,3,2,21
3,4,4,4,4,4,3,3,4,3,3,4,4,1,4,2,2,23
3,4,2,4,4,2,4,4,3,3,3,4,2,4,2,4,4,18
3,3,4,4,2,4,3,4,4,4,4,2,2,3,3,2,4,17
4,3,4,4,3,4,3,4,3,2,3,4,3,3,4,1,2,21
3,4,4,2,3,2,2,3,3,3,2,3,2,4,3,2,3,20
4,4,3,4,4,3,3,4,3,3,1,4,2,4,2,3,4,18
2,2,2,2,2,2,4,4,1,4,3,4,4,4,4,2,2,17
4,3,3,3,3,4,4,3,3,4,3,4,1,1,3,3,4,22
3,3,4,4,4,4,4,3,2,3,1,4,4,3,2,4,4,20
4,3,3,3,4,2,4,4,1,4,4,3,2,4,4,4,3,20
3,3,4,2,4,2,4,3,2,4,3,4,4,4,4,2,4,19
4,3,4,4,4,3,2,4,4,4,2,3,4,3,4,4,4,22
4,4,2,4,4,2,2,3,4,1,3,4,3,4,3,4,3,22
3,4,4,4,3,2,4,4,3,3,4,2,3,4,2,4,3,19
4,4,4,3,3,3,3,3,2,4,3,3,4,1,3,4,3,25
3,3,4,4,3,4,1,3,3,3,4,4,4,4,4,3,4,16
4,4,4,4,3,4,1,2,2,3,4,2,4,1,3,3,4,21
3,4,4,4,4,4,3,2,2,4,3,4,2,3,3,3,4,18
1,4,4,4,3,4,1,3,4,4,1,4,4,4,4,4,2,22
2,3,4,4,3,3,4,4,1,4,3,2,4,2,1,4,3,22
3,4,3,4,3,4,3,4,4,3,4,2,4,4,2,2,1,17
3,4,3,4,3,3,4,4,4,3,3,4,4,4,4,4,3,20
4,3,4,3,2,3,4,4,3,4,4,4,2,4,4,3,3,19
3,4,4,4,3,4,3,4,3,4,3,1,3,2,4,4,3,20
4,4,4,4,4,4,3,2,4,4,3,3,4,4,4,4,4,23
1,3,4,4,3,3,4,2,3,4,4,4,4,2,1,3,4,24
1,4,3,4,2,4,3,4,3,2,1,4,4,1,4,3,3,17
4,1,3,3,4,4,3,4,4,3,1,4,4,2,4,4,4,25
1,4,4,3,4,4,4,4,2,3,4,3,2,2,4,4,3,25
4,4,4,4,4,3,3,3,4,3,3,1,3,4,4,2,4,23
4,2,3,4,4,3,4,2,4,4,2,4,3,3,4,4,4,21
4,4,3,4,4,4,4,4,3,4,4,4,3,4,3,2,3,17
3,3,3,4,3,4,2,3,3,4,4,3,4,4,4,4,4,19
1,4,2,4,4,3,4,4,4,4,2,4,3,4,4,4,1,19
3,1,3,4,1,4,3,2,4,2,3,3,4,3,4,2,4,20
3,4,4,4,3,2,2,4,4,4,2,2,1,4,3,4,3,19
3,3,3,2,4,2,3,2,4,2,4,4,3,1,1,2,4,18
4,3,4,2,4,3,3,3,3,4,4,4,3,4,4,4,4,18
4,4,4,4,4,2,3,3,3,3,4,4,4,4,3,2,4,21
3,2,4,4,4,3,3,4,4,4,1,4,3,3,4,4,3,20
3,4,3,3,2,4,3,3,4,3,4,3,3,2,1,4,3,16
4,3,3,1,4,4,3,4,4,3,2,4,3,4,1,4,4,18
3,4,4,4,3,3,4,3,4,4,4,3,4,3,2,4,4,17
4,4,4,4,4,4,4,3,4,3,3,2,2,4,3,4,4,21
4,4,3,3,4,1,4,4,3,2,4,4,4,3,3,2,3,18
2,2,4,1,4,3,4,2,1,3,2,4,4,4,2,4,3,17
4,4,4,4,4,3,4,2,4,2,4,4,4,3,4,3,4,20
2,3,4,4,3,4,4,4,3,4,1,2,4,2,4,3,3,17
2,4,1,4,4,3,4,2,3,3,3,4,4,2,3,3,2,23
4,3,3,4,4,4,2,4,4,4,1,4,4,3,4,4,4,19
2,4,4,2,4,4,3,4,3,4,3,4,3,3,3,2,3,17
4,3,3,4,3,4,3,4,2,2,2,1,4,4,4,2,4,16
4,3,3,4,3,4,2,4,4,4,4,2,4,2,2,3,3,20
4,4,4,1,3,1,3,3,4,3,4,4,4,4,4,2,1,21
4,3,4,4,4,1,3,4,4,4,1,1,3,3,4,3,3,22
4,3,3,4,4,3,4,4,4,2,3,3,4,4,4,4,4,19
3,1,3,4,3,4,3,4,4,3,3,3,4,3,4,4,4,21
3,3,4,3,1,3,4,4,1,4,4,4,4,4,4,4,4,24
3,4,1,4,4,4,4,3,4,2,3,3,3,4,4,4,2,17
3,4,3,2,2,3,4,4,4,3,4,3,4,4,3,3,3,21
2,3,4,3,4,4,3,4,2,4,1,3,4,4,4,2,4,23
4,1,4,3,4,3,2,3,2,4,2,2,1,3,2,4,4,25
4,4,4,3,2,4,2,4,2,2,4,2,3,3,4,4,4,23
4,4,4,2,4,4,2,3,4,4,4,3,3,3,4,1,3,18
2,3,3,3,4,4,3,1,4,3,4,4,4,4,2,4,4,16
3,4,1,3,4,3,4,2,4,4,4,4,4,4,3,2,4,18
2,2,3,3,4,4,3,2,4,4,4,4,3,3,3,4,4,23
3,2,3,4,4,4,4,2,3,2,4,2,3,3,4,3,3,22
3,3,3,2,4,4,4,3,3,3,2,2,4,4,4,3,3,23
3,3,4,4,3,3,2,4,4,4,4,2,4,4,4,4,4,22
3,4,3,2,3,3,4,4,2,4,4,3,3,4,3,3,2,25
3,3,3,3,2,4,4,4,3,4,3,4,4,3,4,4,3,17
2,4,3,4,3,3,3,4,4,4,4,3,3,4,2,3,1,22
4,4,3,2,4,2,1,2,4,4,4,3,2,4,3,4,4,25
2,4,2,4,4,4,1,3,2,3,1,1,3,4,4,3,4,23
2,3,4,3,4,4,3,3,2,4,3,3,2,2,3,3,3,24
4,4,3,4,4,4,3,4,1,1,3,3,2,3,4,4,3,24
4,4,4,3,3,3,4,4,2,4,2,4,3,3,2,2,3,24
2,2,4,2,4,2,4,4,4,3,4,3,4,4,4,3,3,21
2,3,2,3,2,2,3,4,2,2,3,4,4,3,2,4,2,23
2,3,4,4,4,2,4,4,4,4,4,4,2,4,1,2,3,23
3,2,4,3,4,4,4,3,3,4,4,3,4,4,3,4,2,25
3,3,4,3,4,4,4,3,3,4,4,2,4,3,4,2,3,19
4,3,2,3,3,3,2,4,4,4,3,3,2,3,2,4,2,21
1,4,4,3,4,4,4,4,4,4,3,4,4,3,3,4,4,25
2,4,3,3,3,4,4,4,4,4,4,3,3,4,3,4,2,20
2,4,4,4,4,4,2,3,3,4,4,4,4,2,3,4,4,25
4,3,4,2,4,4,3,3,4,3,1,1,3,4,3,4,3,24
3,3,3,3,3,2,1,4,4,3,4,4,4,4,3,3,3,23
4,3,2,2,2,3,4,4,3,3,1,4,3,4,3,2,3,25
4,4,4,3,2,4,4,3,4,4,4,2,4,3,4,3,4,18
4,4,2,3,4,4,4,2,4,2,3,4,4,1,4,2,4,25
3,3,3,1,4,4,2,2,4,4,1,3,4,1,4,4,4,21
4,3,3,3,3,3,4,3,4,3,3,4,4,4,3,4,4,17
4,4,4,2,4,4,3,4,4,4,3,4,4,3,3,2,2,19
2,4,1,3,3,4,4,3,4,4,4,3,4,4,3,3,2,22
3,4,2,4,2,2,4,4,3,4,4,3,2,3,3,3,3,22
4,4,4,3,3,3,3,2,4,2,4,1,2,4,4,4,4,23
4,4,1,4,4,2,1,2,4,4,3,4,4,3,4,2,4,22
2,3,1,3,3,4,4,3,2,1,2,3,2,3,4,3,3,20
4,3,4,3,4,4,4,4,2,4,4,2,4,4,4,4,1,23
3,2,3,4,4,2,4,3,4,4,3,4,4,1,3,3,2,19
3,4,4,3,4,4,4,3,1,3,4,4,3,4,4,3,4,19
3,3,4,3,4,2,4,1,2,4,2,3,2,3,4,2,4,24
3,4,4,4,2,3,4,4,4,4,3,3,3,4,2,4,3,18
4,4,3,4,4,3,4,3,3,2,4,4,4,4,2,1,1,16
2,4,4,4,4,3,4,4,3,4,4,3,4,2,4,2,4,22
2,4,4,3,3,3,3,1,2,4,4,2,4,4,4,4,4,25
4,4,2,1,4,4,1,4,4,3,3,4,3,1,3,3,4,25
4,4,4,1,3,3,4,4,2,2,4,3,3,2,4,2,2,17
2,4,3,3,4,1,4,3,2,2,4,3,3,4,4,2,4,22
4,3,3,4,2,1,3,3,3,4,1,3,4,3,2,4,4,21
4,4,2,4,3,4,4,4,4,4,4,4,3,2,4,3,4,19
3,3,2,4,4,4,3,3,3,3,4,4,4,4,3,4,3,19
4,3,4,4,4,3,4,4,4,4,4,3,3,4,3,4,4,17
1,3,4,4,4,1,3,4,4,3,2,4,2,2,4,4,4,25
3,3,3,4,4,3,3,2,4,4,4,4,3,2,1,1,1,19
4,4,4,4,4,1,2,3,3,3,3,3,4,4,4,4,1,21
4,2,3,4,4,4,3,2,3,4,3,2,4,4,4,4,3,19
3,4,4,4,4,4,4,4,3,4,4,2,4,4,4,3,2,25
4,4,4,3,3,2,3,2,4,4,2,4,4,4,3,4,3,16
3,4,4,4,2,2,3,4,4,2,4,4,4,3,4,3,4,16
2,4,4,4,3,4,3,3,3,4,3,4,2,3,4,3,4,25
3,4,4,2,4,4,4,3,3,3,4,4,3,3,4,4,4,24
4,3,2,3,3,3,2,4,4,3,4,4,3,4,4,4,4,20
4,2,4,4,4,4,3,4,4,4,1,2,4,2,3,3,4,17
4,4,3,4,2,4,4,3,4,4,4,4,3,1,4,3,2,25
3,4,3,4,4,4,4,4,4,4,4,4,2,3,3,4,4,17
4,1,4,3,3,4,3,4,2,2,2,1,4,1,4,3,4,20
2,2,4,3,4,3,4,4,4,4,3,2,4,4,4,3,3,17
2,4,4,4,4,3,4,4,2,3,4,3,4,2,4,4,1,24
4,3,4,4,4,3,2,3,2,2,3,4,4,4,2,2,3,19
3,3,3,3,3,3,1,3,3,3,2,3,4,3,4,4,4,20
4,2,4,3,4,3,2,2,4,4,4,3,3,4,4,4,2,18
4,2,4,4,4,3,3,3,4,4,4,2,4,4,4,4,1,22
4,3,3,3,2,3,4,2,4,3,3,4,2,2,4,4,2,16
4,4,4,4,4,2,4,3,4,1,4,2,3,4,4,2,2,17
4,4,3,4,4,4,2,2,3,3,2,4,4,4,3,3,4,17
3,4,4,4,3,3,2,4,4,1,3,4,4,4,4,4,4,20
3,4,2,2,4,4,4,1,4,3,4,4,1,3,3,4,1,17
4,3,3,4,3,3,2,4,1,3,4,3,2,4,3,3,4,24
3,4,4,3,3,3,4,2,4,3,4,2,2,4,4,4,4,17
2,3,1,3,3,3,2,4,4,3,2,4,4,3,3,4,4,25
4,4,4,4,3,4,4,4,4,4,3,2,3,4,4,2,4,24
1,2,4,2,4,1,4,4,3,4,4,4,4,3,4,3,1,17
3,3,4,3,4,4,3,4,3,4,3,3,4,3,3,3,3,23
4,2,1,2,1,4,4,4,4,2,3,2,3,3,4,4,4,23
4,3,4,3,4,3,4,4,2,4,2,2,4,2,3,2,3,19
3,3,3,4,1,4,4,4,3,3,3,4,1,4,3,4,4,19
2,4,4,4,3,2,2,4,3,2,3,4,2,3,4,4,3,22
4,3,4,2,4,4,3,1,2,4,3,4,4,3,2,4,4,21
2,3,4,4,4,4,4,3,1,2,4,4,3,3,1,4,3,19
4,4,3,3,4,3,4,3,2,4,4,4,4,4,4,2,2,18
4,3,3,3,3,4,3,4,4,3,4,4,4,4,3,4,3,17
3,4,2,4,4,3,4,3,3,4,2,4,4,3,3,4,4,19
4,4,4,2,4,4,4,3,2,3,2,3,4,2,3,4,4,23
3,1,2,4,4,3,4,2,3,4,2,2,4,4,4,2,4,18
2,3,4,3,3,3,2,3,3,3,2,2,3,4,4,4,3,17
3,3,4,4,4,3,2,1,3,1,4,3,4,4,4,2,4,25
4,4,4,2,3,4,1,4,3,4,4,4,4,3,3,3,4,17
4,4,4,3,2,2,3,3,4,2,4,3,4,4,4,4,4,21
3,4,2,3,3,4,3,2,3,1,2,4,4,4,4,4,4,23
2,3,4,4,2,4,3,4,4,4,4,2,4,3,4,4,4,25
4,3,3,4,4,2,2,4,4,4,4,3,4,4,4,4,3,18
4,4,3,4,2,4,3,3,3,4,3,4,2,4,3,4,4,16
3,4,2,3,4,2,3,3,2,2,2,1,2,2,3,2,4,24
2,4,2,3,3,4,4,4,3,4,3,4,4,3,4,4,1,22
4,4,4,3,4,4,4,3,4,4,3,4,4,2,4,3,4,18
4,4,1,3,3,4,4,1,4,4,4,2,4,4,4,2,3,16
3,4,1,2,3,1,2,2,4,4,4,4,2,4,4,4,3,21
3,3,4,4,2,4,4,3,2,2,3,3,3,2,4,1,2,21
3,3,1,4,4,4,4,4,4,4,4,4,4,3,2,4,4,23
3,2,4,2,4,3,4,4,3,2,4,4,4,3,4,1,2,16
1,4,2,4,4,4,4,3,4,3,4,3,4,4,4,3,4,19
2,4,2,4,4,3,2,2,4,4,4,3,3,2,4,3,4,20
1,3,1,4,4,3,4,2,3,2,3,3,4,4,4,2,3,17
3,4,3,4,4,4,2,2,1,4,3,3,3,4,4,2,4,18
3,4,1,4,4,4,1,1,3,3,4,3,4,3,3,4,4,19
2,4,2,4,3,2,3,3,4,2,4,2,4,3,4,4,4,23
4,4,1,3,3,1,1,3,2,3,3,4,2,2,4,2,1,17
4,2,2,2,3,4,2,3,2,4,3,3,3,4,4,4,2,18
4,4,4,3,1,4,3,3,3,4,4,3,2,3,4,4,3,22
4,1,1,3,4,4,2,4,4,2,3,3,3,3,2,3,3,18
4,3,3,3,4,3,3,4,1,4,4,3,4,4,3,3,4,16
4,4,3,1,4,2,3,2,4,4,3,2,3,2,4,3,3,24
4,4,4,4,4,4,3,3,4,4,4,3,3,4,3,3,4,23
2,4,2,4,3,2,1,4,3,4,1,4,3,3,4,3,4,22
4,3,2,4,3,1,3,3,4,4,3,4,4,4,4,3,4,17
4,2,3,2,4,3,4,4,3,3,1,4,4,4,2,4,2,16
4,3,3,1,4,4,2,4,3,4,4,4,4,4,4,3,2,16
4,4,4,4,3,3,3,4,4,2,4,4,4,3,2,4,3,25
4,4,3,2,3,4,3,3,4,4,4,3,3,4,2,4,4,18
4,1,4,4,1,3,4,3,4,4,3,3,2,2,3,4,4,24
3,4,3,4,3,4,4,4,4,4,3,3,3,2,4,2,4,22
2,4,2,2,2,4,3,3,2,4,4,3,4,3,4,2,4,24
4,4,4,4,4,4,4,3,3,3,2,2,3,2,4,2,1,21
1,1,4,3,3,3,4,4,4,4,4,4,2,3,3,2,4,24
4,4,3,1,4,4,4,4,1,3,3,2,4,4,3,3,4,16
4,2,4,4,3,3,4,4,3,4,2,4,4,4,2,2,3,19
3,2,3,3,4,4,3,4,3,4,4,4,3,4,4,4,4,21
4,3,2,4,4,3,3,3,4,4,2,1,4,4,3,4,1,17
4,4,4,4,1,4,4,3,4,2,3,2,3,4,3,4,3,24
4,3,2,2,4,4,2,4,4,4,2,4,4,4,3,4,4,16
3,4,4,4,4,4,4,1,3,1,4,2,4,3,3,3,2,20
4,4,3,2,4,4,4,3,4,3,3,4,3,2,4,2,4,21
3,4,3,1,4,4,4,4,4,4,3,2,4,3,3,3,4,22
2,2,1,4,3,2,3,3,3,4,4,3,3,2,4,2,3,20
4,3,4,4,3,3,3,4,3,3,4,3,4,4,4,2,4,16
4,4,3,3,4,4,4,2,4,3,4,4,3,2,4,3,2,24
4,4,3,4,4,4,1,3,3,4,3,1,4,3,4,4,4,25
3,3,3,4,3,3,3,4,4,4,3,3,3,4,4,2,3,17
4,3,4,3,3,4,3,3,3,2,4,2,3,4,4,4,3,19
4,4,4,2,1,4,3,3,3,4,4,4,4,1,4,3,4,17
4,4,3,4,3,4,1,4,3,2,4,4,3,3,3,3,1,20
4,3,4,4,2,4,4,4,2,2,4,3,4,3,4,4,4,24
3,2,1,3,3,3,4,4,3,3,3,4,4,4,3,4,4,24
2,4,4,3,4,2,3,4,3,2,4,3,2,4,4,3,3,16
4,4,4,2,3,2,4,3,4,2,3,4,4,3,2,3,4,23
4,3,3,3,3,3,4,2,1,4,4,4,3,3,4,4,4,23
4,4,4,4,3,2,2,3,4,4,3,1,4,2,3,4,4,25
2,2,4,3,4,3,4,3,4,4,3,4,4,4,3,1,4,21
3,4,3,3,3,3,3,4,4,3,4,4,4,3,2,2,2,25
4,4,1,2,1,4,4,4,4,4,3,4,4,4,4,3,4,16
3,3,3,4,3,3,2,4,4,4,4,4,4,1,3,4,4,24
3,1,1,4,4,3,1,4,3,3,4,1,3,4,2,3,4,20
4,1,4,4,3,4,4,2,4,3,2,4,4,2,4,3,3,21
3,4,4,4,4,3,3,4,3,4,4,4,4,3,4,4,4,19
4,4,3,4,3,3,4,4,2,4,4,4,4,4,1,4,3,24
4,2,4,4,2,2,3,3,3,1,4,3,3,2,2,4,2,19
3,4,2,4,3,4,4,4,2,3,2,2,4,4,4,4,3,23
4,2,4,4,2,4,4,4,1,4,4,3,4,2,2,4,4,19
3,4,4,4,2,4,2,4,4,3,4,2,3,4,4,2,4,23
4,4,1,4,2,4,4,2,4,3,4,4,3,4,1,3,4,23
4,3,3,2,4,4,4,3,4,4,4,1,4,4,3,4,4,18
4,3,3,4,4,3,3,3,4,3,4,2,1,4,2,4,3,19
4,3,3,4,4,4,4,4,4,4,3,4,3,3,4,2,3,19
2,1,2,3,4,2,2,4,1,3,4,4,3,4,4,3,4,17
4,3,2,4,3,4,3,4,4,4,4,4,4,4,3,4,4,22
4,4,4,3,1,3,3,3,2,3,3,4,4,3,4,4,3,17
3,4,3,2,4,3,3,4,3,3,4,3,4,3,3,3,2,23
4,4,3,4,4,3,4,3,3,4,4,4,4,4,3,3,2,19
4,4,4,4,3,3,4,4,2,3,4,1,4,3,4,4,2,19
4,4,4,4,2,4,4,3,3,1,4,3,3,2,4,3,2,24
3,2,4,4,4,3,4,3,3,4,3,4,3,4,1,4,4,25
4,4,4,4,1,4,2,4,2,4,3,2,4,4,4,4,3,18
4,3,3,4,4,4,3,4,3,4,2,2,2,4,4,4,4,18
3,4,4,2,3,4,2,4,4,4,4,4,3,2,4,1,3,20
1,4,4,4,4,3,4,4,4,4,4,3,3,4,4,4,2,21
4,4,4,4,4,3,1,1,3,2,4,4,1,3,4,4,2,21
4,2,4,4,3,4,4,3,4,3,4,4,2,2,4,3,4,17
1,3,2,3,4,4,4,2,3,3,4,4,3,3,4,3,3,16
3,4,4,3,2,4,2,4,3,4,3,4,4,3,4,4,3,20
4,2,3,4,4,3,4,4,4,4,4,3,4,2,4,3,4,25
4,3,2,3,2,4,3,3,3,4,3,4,3,1,4,4,4,23
4,4,2,4,3,2,4,3,4,3,3,4,4,3,2,4,3,16
3,4,4,4,2,3,3,3,2,4,4,2,4,2,2,4,4,23
4,4,4,2,2,4,4,4,3,3,3,3,4,4,3,4,4,23
4,3,4,3,3,2,4,4,3,3,4,2,4,4,3,4,2,23
3,4,3,4,4,2,4,4,4,3,3,3,3,4,3,4,4,22
3,3,1,4,3,2,4,3,4,2,4,4,4,4,4,3,3,19
3,2,3,4,3,3,4,4,3,3,4,3,4,4,2,3,4,24
3,4,1,4,4,1,2,4,4,4,4,3,1,4,3,4,3,16
3,2,3,3,4,2,4,4,3,3,4,2,4,4,4,3,3,16
4,2,4,3,1,4,1,4,4,3,1,4,3,4,2,4,4,21
4,3,3,3,1,4,4,3,3,4,2,4,2,4,4,4,3,24
4,3,4,4,2,3,2,3,4,4,4,4,4,4,2,4,4,16
4,4,4,4,2,4,4,4,3,4,2,4,1,3,4,4,4,16
1,4,4,3,3,3,3,4,2,1,3,4,4,3,4,3,1,24
3,3,4,4,4,3,2,4,2,3,2,1,2,4,4,4,3,17
1,4,2,2,4,3,4,4,4,3,4,4,3,3,2,4,3,18
4,3,3,4,3,3,4,4,2,4,2,4,3,4,3,4,4,22
3,4,4,3,3,3,2,4,3,4,4,2,2,3,3,1,3,25
4,4,4,3,3,3,4,3,4,2,3,2,3,4,1,2,2,24
3,4,3,2,3,2,3,3,1,3,4,3,3,4,4,1,4,16
4,4,4,2,4,4,3,3,4,3,4,4,2,4,4,1,3,20
3,3,2,4,3,3,4,4,3,4,3,4,3,2,4,3,4,22
4,4,2,4,4,1,3,4,4,4,4,3,4,4,3,4,4,24
2,1,4,3,4,4,4,4,2,4,4,3,4,4,3,3,4,20
3,3,4,4,4,4,4,4,4,3,3,4,1,3,4,2,4,16
3,2,3,4,2,2,3,3,4,4,4,3,4,2,2,4,4,23
3,4,3,3,2,3,4,4,4,2,3,3,4,2,4,4,4,25
2,4,4,4,4,4,4,3,4,4,3,3,4,4,4,4,4,16
4,4,3,1,4,2,4,4,4,3,2,4,4,2,4,4,4,22
4,2,4,3,3,4,3,4,1,4,4,4,3,4,4,3,4,23
4,3,4,4,4,3,3,4,3,4,3,4,2,2,4,3,4,18
2,3,4,4,4,4,4,3,4,4,4,4,4,4,2,4,4,25
3,4,3,4,4,4,3,4,3,3,4,4,4,4,4,2,4,16
4,1,4,4,4,4,4,4,4,4,4,3,4,4,4,4,4,20
3,2,4,4,4,1,3,3,4,3,3,4,3,3,4,3,3,24
2,4,1,4,3,4,3,2,4,2,4,4,1,2,4,3,3,19
1,4,2,4,3,4,4,2,2,2,4,3,4,1,2,4,4,24
4,4,4,3,4,3,3,4,4,4,4,2,4,4,3,4,4,18
2,2,3,4,3,2,4,4,4,1,4,2,3,4,2,2,3,23
4,2,4,3,3,4,4,3,1,4,3,4,3,2,1,1,1,21
2,4,4,4,4,4,1,4,4,3,4,4,3,4,3,3,4,16
2,4,2,2,3,3,4,3,4,4,3,4,4,2,3,2,1,17
4,2,3,3,2,3,4,2,4,4,4,4,3,4,3,2,2,16
1,4,3,4,2,4,4,2,3,4,4,2,4,1,2,4,3,25
4,4,4,2,2,4,4,2,4,3,3,4,3,3,4,4,1,21
3,2,2,4,3,2,4,4,4,4,4,4,4,3,4,4,4,23
3,2,4,4,1,4,4,3,4,4,2,4,3,4,3,4,3,24
3,4,4,4,1,4,4,3,2,4,1,3,4,4,2,4,3,22
2,4,4,4,4,3,3,4,2,3,3,4,4,4,3,3,4,17
3,1,2,3,4,4,2,2,3,4,2,2,3,3,4,4,3,18
4,4,4,4,3,4,3,4,4,4,3,4,2,3,4,2,3,17
3,4,1,3,3,4,4,4,2,4,4,4,3,3,2,4,3,24
4,4,1,4,4,3,4,4,2,4,4,2,2,4,4,4,3,25
4,4,4,3,2,4,4,3,4,2,4,4,4,2,2,4,3,21
3,3,2,4,2,4,4,2,2,4,4,4,2,4,2,4,2,25
4,4,2,3,2,3,2,2,4,4,4,3,4,4,4,3,4,17
2,3,3,3,2,4,3,4,2,4,4,3,4,3,3,3,4,21
3,4,4,4,4,2,3,4,2,4,4,4,4,3,2,2,2,21
2,2,2,3,4,4,3,2,4,4,4,4,3,4,4,3,3,18
4,4,3,4,4,3,4,4,3,3,3,4,4,4,4,2,4,25
3,4,4,4,4,3,2,4,4,4,3,4,4,4,1,4,4,22
3,4,4,3,3,2,3,4,4,4,4,2,3,4,4,4,4,18
3,2,4,1,3,4,3,4,3,4,4,4,3,4,4,4,3,25
4,4,4,3,4,3,2,3,4,2,4,4,4,2,3,4,2,17
4,4,4,4,1,2,4,3,3,4,3,4,1,3,2,1,3,20
3,4,3,2,4,3,4,3,4,1,2,4,4,4,4,3,2,21
4,2,1,4,4,3,3,4,2,1,3,4,1,3,4,4,3,18
4,4,2,4,4,4,3,4,1,1,3,2,4,4,4,4,3,22
1,2,4,4,3,2,4,4,3,4,3,4,4,4,3,3,3,24
4,2,2,3,4,2,2,4,3,2,2,3,4,4,2,4,4,21
2,4,3,3,4,4,2,4,2,2,2,3,4,3,4,2,4,24
4,3,3,4,2,4,2,2,3,1,4,3,3,4,4,4,3,19
4,4,4,3,2,3,3,2,3,4,1,4,3,4,4,3,3,22
4,4,4,3,3,4,4,2,2,2,4,1,2,3,3,3,4,17
3,1,2,3,4,3,4,3,3,2,3,4,3,3,4,4,4,24
4,4,4,4,1,3,4,4,3,4,4,4,4,2,2,4,1,20
3,3,2,3,4,4,4,2,2,4,4,4,4,4,4,4,3,16
3,3,2,3,1,3,3,4,3,1,4,4,4,4,3,3,2,22
3,2,3,4,3,1,3,4,2,3,4,2,4,3,3,4,4,25
3,4,3,3,3,4,4,3,2,4,2,4,4,4,3,4,3,20
4,2,3,3,4,4,2,4,2,4,3,2,3,4,4,3,4,23
4,3,4,4,3,4,4,2,4,2,4,3,3,3,4,3,2,17
3,4,2,3,3,4,2,2,2,4,4,4,2,4,4,4,4,23
3,4,3,3,3,4,3,3,4,4,3,4,4,4,4,4,4,25
2,3,3,3,3,3,4,4,3,3,4,4,4,4,3,3,2,23
4,3,4,1,4,3,4,4,4,4,4,4,3,3,2,4,4,25
4,3,4,4,3,4,4,3,4,3,4,4,3,4,3,3,1,25
2,4,3,2,3,2,4,4,4,4,4,2,3,4,3,2,4,21
1,2,1,3,4,4,2,4,4,3,4,4,3,3,3,4,2,16
2,3,1,4,2,3,4,4,4,2,4,3,4,3,4,3,4,17
4,4,3,4,4,2,3,4,3,4,4,4,3,4,4,4,3,23
3,4,2,3,4,3,4,3,4,3,2,3,3,4,4,2,2,25
2,4,4,2,3,3,2,3,3,3,4,3,4,4,4,4,4,22
4,3,3,3,2,2,3,4,4,4,4,4,4,4,4,2,3,20
4,4,2,2,4,3,4,4,4,3,3,4,4,4,1,3,2,19
2,4,4,4,4,4,2,4,3,3,3,4,4,4,2,4,4,19
3,3,4,3,2,4,4,2,3,3,4,2,2,3,4,3,3,19
3,3,4,3,1,4,4,4,3,4,3,3,4,4,4,4,4,21
3,1,4,1,4,3,3,4,2,4,4,3,2,3,4,4,4,18
3,4,3,4,2,2,2,4,3,3,4,2,4,4,1,3,4,22
4,3,3,1,4,3,4,4,4,4,4,4,4,4,4,4,2,24
3,4,4,1,3,4,4,4,3,4,4,4,4,4,3,3,4,24
4,4,4,2,2,4,4,4,2,4,3,2,3,4,4,4,4,17
4,3,4,4,3,4,3,3,3,4,3,4,4,3,4,3,2,23
3,3,3,3,4,2,4,3,4,2,3,2,4,4,2,4,4,16
2,2,4,2,4,4,4,3,4,3,3,4,3,3,2,3,2,17
4,3,4,3,4,3,3,2,4,2,4,4,3,4,4,4,4,19
4,1,3,4,4,4,4,4,4,4,3,4,3,3,3,2,1,16
3,4,4,4,4,3,3,4,2,3,4,4,3,4,4,4,2,22
4,4,4,4,4,3,4,3,2,4,4,4,3,2,4,4,4,17
3,4,4,3,4,4,4,3,4,3,3,2,2,3,4,4,3,20
3,3,4,3,2,4,3,3,3,3,4,4,2,4,2,4,3,23
4,4,2,4,3,3,3,3,4,3,4,4,4,4,4,4,4,23
2,2,2,2,3,3,4,4,2,2,4,4,4,3,3,3,4,18
2,2,3,4,3,3,4,3,4,4,4,4,4,4,4,4,4,17
4,2,3,2,2,4,3,4,4,4,3,4,3,3,2,4,3,23
4,3,4,4,4,4,1,3,4,3,3,3,1,2,4,3,3,23
4,4,4,3,4,3,3,4,4,4,4,3,2,3,4,4,4,18
3,4,1,2,3,4,2,4,3,3,4,3,2,2,4,2,3,16
4,4,4,4,1,4,4,3,4,4,2,4,4,4,3,4,4,23
4,1,1,4,3,3,2,4,1,4,3,3,2,4,4,4,4,17
4,3,4,4,3,4,4,3,4,2,3,4,4,1,3,3,2,24
3,4,2,4,2,4,2,4,3,3,3,4,3,4,4,3,3,18
3,4,3,4,4,4,2,4,4,2,4,4,4,3,4,3,4,18
4,4,3,3,3,3,3,4,4,4,2,3,3,2,3,4,4,22
2,4,4,3,4,4,3,3,4,2,1,3,4,4,1,4,4,18
3,4,3,4,4,3,3,1,4,4,3,1,2,4,3,2,4,16
3,3,4,2,4,4,2,1,3,3,3,4,4,4,4,4,2,16
3,3,4,2,4,4,2,4,3,4,3,4,4,4,4,3,4,17
3,4,4,4,4,4,3,4,3,3,4,2,2,3,4,4,3,23
4,3,4,2,4,1,2,4,4,3,3,4,4,4,1,3,4,18
2,3,4,4,3,2,4,3,3,3,4,1,3,4,1,3,3,25
3,4,2,4,4,4,4,2,3,3,2,2,4,3,4,3,2,17
1,2,1,4,4,4,4,4,3,3,4,4,4,2,2,4,4,22
3,4,4,3,4,4,1,4,3,1,4,3,4,2,4,1,4,19
4,4,3,3,4,4,3,3,4,4,4,3,4,3,3,3,4,16
3,3,2,2,3,4,2,3,4,3,1,4,3,4,4,2,3,22
4,3,3,2,3,3,4,3,4,3,4,4,4,4,4,3,3,18
3,3,3,4,2,3,3,3,4,3,2,3,2,4,3,2,4,25
3,3,4,4,3,4,4,4,3,4,4,3,3,4,3,3,3,16
2,4,4,4,3,4,4,4,3,2,2,4,3,4,3,4,3,21
2,4,2,4,2,4,4,3,3,4,1,4,4,4,2,4,3,21
4,4,4,4,4,4,4,1,3,2,4,3,4,3,2,4,2,18
4,3,1,4,2,4,3,3,4,4,2,2,4,4,4,1,3,16
4,4,3,2,4,3,2,4,4,4,4,4,1,3,3,2,4,21
4,1,3,4,3,4,2,1,4,3,3,3,4,4,4,4,4,25
3,3,4,4,3,3,4,4,3,2,4,3,3,3,4,3,2,19
4,4,3,2,4,4,1,4,4,3,3,4,4,4,3,4,1,17
3,3,4,3,3,2,4,2,3,3,3,3,3,4,4,3,3,21
3,1,2,4,3,4,4,4,4,4,3,2,3,4,3,4,4,23
4,4,3,3,4,4,4,4,3,2,3,2,4,4,3,3,3,21
3,4,4,2,4,1,3,4,4,3,2,4,3,4,4,4,1,16
4,3,4,4,4,4,4,1,4,4,3,4,4,4,4,4,4,20
3,2,3,3,4,1,4,3,2,3,4,4,3,1,4,3,1,21
4,4,4,3,3,4,2,3,2,3,2,4,4,3,4,3,4,19
1,4,3,1,4,3,4,3,4,4,2,4,4,4,3,1,3,19
4,3,4,4,4,1,4,4,4,4,4,3,4,4,3,4,3,18
3,4,2,3,1,3,3,3,4,3,3,4,4,3,4,4,2,19
2,3,4,3,3,2,3,3,3,3,4,3,3,4,3,2,4,16
3,3,4,4,4,1,3,4,4,4,4,3,4,3,3,3,2,21
3,2,4,1,4,4,4,3,3,4,4,2,4,4,4,3,4,19
4,4,2,4,4,3,3,3,4,4,4,3,4,4,4,4,4,25
4,3,4,3,2,4,4,3,3,3,3,3,4,4,4,4,2,20
4,3,4,3,4,4,4,3,2,2,4,3,3,1,3,4,2,21
4,4,4,4,4,4,4,3,1,4,4,4,2,3,4,4,1,23
3,4,4,3,2,4,2,3,4,1,4,4,3,4,3,3,4,21
3,4,4,4,3,3,4,4,4,4,4,4,4,1,4,4,3,16
4,1,1,3,4,2,4,3,4,3,4,3,2,2,4,2,4,18
2,4,4,4,3,3,4,3,4,4,2,2,4,4,3,3,3,22
4,2,3,1,4,4,2,4,4,3,4,3,3,4,3,3,4,25
4,4,4,4,4,4,4,4,2,3,3,3,3,4,4,4,4,21
3,3,3,4,1,3,3,3,2,4,4,1,4,4,4,4,4,24
4,4,3,3,3,4,2,4,3,4,3,4,4,3,1,3,4,25
2,3,4,4,3,4,4,4,4,4,4,4,4,4,3,2,2,23
3,2,2,1,4,4,3,4,3,4,4,4,4,4,1,4,4,25
4,4,2,4,3,4,4,4,2,4,2,3,4,2,4,4,4,20
4,4,4,4,4,3,3,3,3,2,4,4,1,3,3,3,3,19
1,4,4,4,4,4,2,4,2,3,2,3,3,3,3,4,2,22
4,4,4,3,4,4,3,3,4,4,2,3,4,3,2,2,4,25
3,3,2,3,2,2,1,2,4,3,2,2,3,3,3,4,1,20
2,3,1,2,4,4,4,4,4,2,4,4,3,3,2,3,4,19
3,3,4,3,4,3,3,4,2,3,2,4,3,2,2,4,3,24
3,3,2,4,4,4,3,4,2,2,3,4,2,4,4,4,4,21
4,2,1,2,4,3,2,4,3,2,2,2,3,3,4,4,3,16
4,4,3,4,4,4,1,2,4,4,4,3,3,3,4,4,4,25
2,4,2,4,4,2,4,3,1,3,4,4,1,3,4,3,4,25
4,3,4,4,4,4,3,4,4,4,4,3,4,3,4,4,3,16
3,2,4,3,2,4,4,3,4,4,4,4,4,3,4,2,4,17
2,3,2,4,2,4,4,4,4,2,3,4,3,4,4,3,2,23
4,4,2,4,2,4,3,1,2,4,2,3,4,3,4,3,4,18
4,4,1,4,4,3,3,3,4,3,4,4,3,3,3,4,3,20
4,3,4,4,4,4,4,3,4,4,4,3,3,3,4,2,3,17
3,3,4,4,3,4,4,4,4,3,4,4,4,2,4,3,2,21
4,4,3,3,4,1,4,4,4,4,4,2,3,3,3,3,4,16
4,2,2,4,2,4,1,3,4,4,1,4,4,4,4,4,3,23
4,3,3,3,3,4,3,4,2,4,4,4,4,4,4,4,3,19
4,4,4,2,3,3,3,3,4,3,4,4,4,4,4,3,3,25
4,3,3,3,4,4,4,4,3,4,2,4,3,3,4,2,4,19
3,3,4,1,1,3,3,3,4,3,2,4,4,4,4,4,4,19
3,3,4,4,4,4,3,3,4,4,4,4,4,2,4,4,2,23
4,4,1,3,4,3,3,4,3,3,1,3,3,2,2,4,4,25
3,4,4,1,4,4,3,3,4,4,4,3,4,4,4,3,2,21
2,4,3,4,4,4,2,3,4,3,4,3,3,3,4,3,1,17
3,3,4,2,4,2,3,4,4,3,3,4,3,4,1,3,2,18
4,4,2,4,4,4,3,4,4,4,4,4,4,3,3,3,2,23
3,3,4,4,4,4,4,4,3,3,4,4,2,4,3,4,4,24
3,4,4,4,3,3,4,3,3,4,4,4,3,3,4,3,3,24
3,3,1,3,3,4,1,3,4,4,2,1,4,2,3,4,4,20
4,2,4,4,4,4,3,3,1,4,4,3,4,4,4,3,1,18
3,4,3,4,4,3,3,2,3,4,4,2,3,3,4,4,2,20
2,3,2,4,4,1,3,3,4,4,4,2,4,4,4,3,4,18
3,4,3,2,2,4,2,4,3,4,4,4,3,3,3,4,4,22
3,4,2,4,3,1,4,4,4,3,2,1,4,2,3,2,3,16
4,3,4,4,2,3,3,4,4,3,3,4,4,2,1,4,4,18
3,4,4,4,2,4,4,4,4,4,4,4,3,3,3,3,4,16
3,4,4,2,2,4,2,2,4,3,4,3,4,2,4,3,3,16
4,3,3,4,4,4,4,4,4,4,4,4,4,3,3,4,4,17
1,4,3,3,3,3,4,4,3,4,3,4,3,4,1,4,3,25
4,4,4,4,4,3,4,4,2,4,2,3,4,4,2,2,4,21
4,4,4,3,4,2,3,4,4,3,2,4,4,3,4,3,4,21
3,3,4,4,4,3,4,2,4,3,3,4,4,4,2,1,4,19
3,4,4,2,4,2,3,4,4,2,4,3,3,3,2,4,3,19
4,4,4,3,4,4,4,2,4,4,4,2,4,3,2,1,4,23
3,2,4,1,3,4,3,4,4,3,1,4,3,4,4,2,4,21
3,2,4,4,4,1,4,4,2,3,1,4,3,4,4,2,4,24
4,2,1,3,3,2,4,1,1,3,3,3,3,2,3,4,4,17
4,4,4,4,4,2,4,2,3,4,3,4,4,2,4,3,4,21
3,2,1,4,2,3,2,3,4,4,4,4,4,4,3,4,2,19
2,2,4,2,3,4,3,4,4,4,4,3,4,1,2,2,4,17
4,3,4,3,3,3,2,2,3,3,3,4,4,3,4,4,2,16
2,2,2,4,4,4,1,4,4,4,4,4,2,4,4,4,4,17
4,2,4,4,1,3,4,4,4,4,2,4,4,4,4,2,2,19
4,2,4,2,3,2,4,4,4,4,4,2,2,3,4,3,4,24
4,2,4,4,3,4,3,3,4,3,3,1,4,4,4,3,4,17
4,3,4,3,3,3,4,3,4,3,4,3,4,4,3,2,4,17
3,4,4,3,4,3,2,3,4,3,2,4,3,4,4,4,3,18
2,4,3,3,4,3,4,2,4,2,4,4,2,4,3,3,4,22
4,4,4,1,2,2,3,4,4,2,4,3,1,4,3,4,4,21
4,3,3,3,4,4,3,2,3,3,3,3,4,1,2,4,3,19
2,3,4,4,2,4,3,4,4,4,4,3,4,1,3,4,4,22
1,3,3,4,4,4,2,4,2,4,4,3,2,3,3,3,4,18
4,2,3,2,4,4,4,4,3,3,3,4,4,1,3,3,4,18
1,4,3,4,2,4,4,4,4,4,3,4,4,4,3,4,3,20
4,4,3,4,4,1,4,4,4,2,4,4,2,4,4,2,1,22
3,3,3,2,1,2,2,3,4,3,2,3,2,3,1,3,4,25
4,3,4,3,2,4,4,4,4,1,2,2,3,4,3,2,4,20
4,3,4,3,4,2,2,4,2,3,4,3,4,1,4,4,3,17
2,3,2,3,4,4,2,2,4,3,3,2,4,4,4,4,1,23
4,2,1,4,4,2,4,3,4,4,3,4,3,4,4,4,4,22
4,4,4,2,4,3,4,4,1,2,4,2,1,3,4,4,2,19
4,3,2,4,4,3,3,4,2,2,3,3,2,4,4,3,2,19
4,3,4,2,4,1,4,2,4,1,4,3,4,4,4,4,4,25
2,2,4,3,3,4,3,2,4,3,2,2,3,3,2,4,4,16
4,3,2,4,2,4,3,3,1,3,4,4,4,2,4,4,3,19
2,4,3,4,3,4,2,4,4,2,3,4,2,4,4,4,4,19
1,3,3,2,4,4,2,1,4,4,4,4,2,3,4,4,3,16
4,4,4,4,4,4,3,4,4,4,4,2,2,3,4,1,1,19
4,3,1,4,3,3,4,4,4,1,3,4,4,4,4,4,2,20
3,4,4,4,4,3,2,2,4,4,4,4,4,4,3,3,4,17
4,4,3,4,2,4,3,4,3,3,4,1,2,3,3,1,3,20
3,3,4,2,4,4,3,4,2,3,4,3,4,3,4,2,2,20
2,3,4,4,2,3,4,4,4,4,3,3,3,4,4,4,4,24
4,3,4,4,4,4,3,4,4,3,4,4,3,4,4,3,3,18
4,4,2,4,1,4,1,4,2,4,4,3,4,4,4,4,3,24
3,3,3,3,4,3,4,3,2,3,4,3,3,3,2,4,4,20
4,2,4,4,3,2,3,4,3,3,3,3,4,4,3,4,4,21
4,4,2,4,3,4,3,2,3,4,4,3,4,4,4,4,1,17
4,1,1,4,4,2,3,4,3,2,3,4,4,3,4,4,4,18
4,3,2,4,2,4,4,3,4,4,3,4,4,3,4,2,3,23
3,3,4,4,3,4,4,4,1,2,4,4,3,3,3,1,3,21
4,2,4,4,4,3,3,2,4,3,3,2,3,1,4,3,2,20
4,4,4,4,3,4,4,4,4,1,4,4,4,4,4,4,1,24
4,3,1,2,3,4,3,4,4,4,4,3,2,3,3,4,4,18
3,3,3,4,4,3,4,2,4,3,3,2,4,4,4,4,2,16
3,2,2,3,3,4,3,4,4,4,3,4,4,4,2,4,2,25
4,3,2,4,4,3,2,2,4,3,4,2,3,4,3,4,3,21
3,4,4,1,3,4,4,4,3,4,1,3,4,4,4,4,4,18
4,3,3,2,3,4,2,4,4,3,4,1,3,4,3,4,2,18
3,4,4,4,3,3,3,1,3,4,4,4,4,2,3,3,2,25
4,3,2,3,3,2,4,4,4,4,2,3,3,4,4,4,2,17
4,4,1,3,2,4,4,4,3,4,3,4,4,2,3,4,3,23
4,3,3,4,3,4,2,3,3,2,4,3,3,4,4,2,4,16
3,4,4,2,3,3,2,4,2,4,4,3,2,4,4,4,4,16
3,4,3,2,3,2,4,2,4,2,1,4,3,4,4,2,3,25
3,3,4,3,4,3,3,2,4,3,3,4,4,3,4,3,1,19
3,4,4,4,4,4,2,3,4,2,4,3,3,2,2,3,4,23
4,4,2,4,4,4,2,3,4,4,4,3,4,3,2,4,3,18
4,4,4,4,4,4,3,4,1,2,3,4,3,2,2,3,4,22
3,1,2,2,2,4,4,3,4,4,2,1,3,3,3,3,3,22
4,4,4,3,3,3,3,4,2,2,3,4,3,1,4,4,3,24
4,3,3,4,4,4,3,3,4,3,3,4,4,2,2,4,3,22
3,4,4,3,3,4,4,3,4,4,4,4,2,4,2,2,4,19
4,1,4,3,4,2,4,3,4,4,3,4,4,3,4,3,4,21
4,2,3,4,4,3,2,4,4,2,3,3,3,4,4,3,3,22
2,4,4,3,4,4,3,3,2,3,4,4,3,3,4,3,4,22
2,3,4,4,3,2,2,3,4,3,4,2,4,1,1,4,3,17
3,4,4,3,3,3,4,2,3,3,4,3,4,4,4,3,4,17
4,2,4,3,4,4,4,4,4,4,3,3,3,3,4,3,3,20
2,2,2,3,4,4,4,4,4,3,4,4,3,4,4,4,3,17
4,1,4,4,4,2,4,4,4,4,2,4,4,4,4,2,4,20
3,2,3,2,3,4,4,4,1,2,4,4,3,4,4,3,3,18
4,4,4,3,4,4,3,3,4,3,4,4,4,2,3,4,4,18
2,4,3,4,4,4,4,3,3,4,4,3,2,4,3,4,4,23
4,1,4,2,4,4,4,4,4,2,4,4,3,2,4,3,4,25
3,4,4,3,4,4,2,4,4,4,4,4,4,3,4,4,2,18
2,4,4,4,4,4,3,3,2,3,4,3,4,3,4,4,4,22
4,2,4,4,4,3,3,4,4,2,3,3,2,1,4,3,3,21
3,4,2,3,4,4,2,4,4,3,2,4,4,4,3,4,2,21
2,4,4,3,3,4,4,3,3,3,4,4,1,4,4,4,4,16
4,4,3,4,4,4,4,4,3,3,4,4,2,4,2,4,2,18
4,4,4,3,3,2,4,3,1,4,3,4,4,4,4,4,4,22
3,2,3,3,3,3,4,4,2,3,3,2,3,4,3,4,4,19
4,4,4,2,2,3,4,4,4,2,4,4,3,4,3,2,4,23
3,3,1,4,1,2,3,3,4,3,3,3,4,4,4,4,4,22
3,4,4,4,2,2,3,4,3,4,3,4,4,4,3,4,2,25
3,3,4,4,3,2,4,2,4,4,3,2,3,4,3,4,2,20
2,4,2,3,3,4,3,4,3,3,3,4,2,3,4,4,2,19
4,4,3,4,3,4,3,4,3,4,3,4,4,4,2,4,3,17
3,2,4,4,3,2,4,4,3,4,3,4,2,4,3,2,4,24
4,2,1,4,4,4,2,1,2,3,3,3,1,2,2,3,4,25
3,3,4,2,3,4,4,4,2,3,1,3,4,3,4,4,4,19
4,4,2,2,1,4,1,4,4,4,2,4,2,3,4,4,1,20
3,3,4,3,2,4,1,1,3,1,4,3,4,4,1,4,4,25
4,4,3,2,4,4,3,3,3,3,4,4,4,4,4,2,3,21
4,4,4,4,4,4,4,4,4,2,4,4,3,1,4,4,3,22
1,4,4,4,4,3,4,4,4,3,4,4,2,3,4,2,4,24
4,3,2,3,4,3,4,4,4,3,4,4,1,4,4,3,3,17
4,4,3,3,2,4,4,3,3,3,1,3,4,4,3,4,4,20
4,4,4,2,4,3,4,4,4,4,3,4,4,3,4,4,4,24
4,4,3,3,4,4,1,3,3,3,3,3,3,3,3,2,4,16
4,2,3,4,3,4,3,1,3,4,4,2,4,4,4,4,2,25
4,2,3,4,4,2,3,3,3,3,3,2,2,4,4,4,4,16
4,4,3,2,4,4,3,3,4,2,4,1,4,4,2,3,3,18
4,2,4,4,3,3,4,4,3,2,3,4,4,4,2,4,4,21
3,3,3,2,4,3,3,1,4,3,4,2,4,4,4,4,4,25
4,3,4,4,4,4,4,4,3,4,4,4,4,4,3,1,4,18
4,1,4,3,4,4,2,4,3,3,3,4,2,3,4,3,3,19
4,4,4,2,4,3,3,2,4,4,2,4,3,3,2,1,4,19
4,4,4,4,4,4,3,2,4,4,3,2,3,3,2,4,4,16
3,4,4,1,1,3,4,4,3,4,4,4,3,3,1,4,4,23
4,3,3,1,2,1,3,2,1,4,3,2,4,3,1,3,4,23
3,3,3,4,4,2,3,2,4,3,4,2,2,3,1,3,3,21
4,2,3,3,4,4,4,2,3,3,4,4,3,4,4,4,3,20
1,3,3,4,4,4,3,4,4,2,3,2,2,3,4,4,4,19
2,4,4,4,4,2,3,4,3,4,4,4,4,4,4,4,4,16
3,4,4,4,4,4,3,3,4,4,4,4,4,4,3,3,3,17
4,3,1,4,4,3,3,4,3,1,3,3,4,4,4,3,3,20
2,2,2,4,3,3,3,4,4,3,3,4,4,4,2,3,4,24
3,4,4,2,2,4,4,4,4,4,4,4,3,3,4,4,4,25
3,4,4,4,4,4,4,4,2,4,4,3,4,4,3,3,1,21
4,3,2,3,4,4,3,4,4,2,4,4,3,4,2,4,3,23
3,4,3,4,3,4,2,4,4,2,3,3,4,4,4,2,3,18
4,3,4,3,2,4,4,4,3,3,4,4,3,4,3,4,2,21
4,3,4,4,2,4,3,4,4,3,4,4,2,4,3,2,3,17
1,3,2,4,3,2,4,3,1,4,3,3,2,3,4,4,3,20
3,2,4,4,3,4,4,2,2,3,4,1,4,3,3,2,4,22
3,3,3,4,4,4,4,4,4,1,3,4,4,4,4,3,3,18
4,3,3,4,4,4,2,3,1,3,2,2,3,2,4,4,4,19
4,4,4,4,4,4,4,3,2,4,4,2,3,4,2,2,4,21
2,4,3,4,4,4,2,3,4,4,4,4,2,4,3,4,4,16
3,4,4,3,3,2,3,4,4,4,3,3,4,4,2,3,4,20
4,3,4,3,4,2,4,4,1,2,3,4,4,3,4,2,3,19
4,4,4,2,2,4,3,4,4,3,2,4,1,3,2,4,4,25
2,4,1,3,2,4,3,3,4,3,3,4,3,4,3,4,4,19
4,4,4,3,3,4,2,3,2,4,3,3,1,4,3,3,3,22
4,1,3,3,3,4,3,3,2,4,2,1,4,4,3,3,4,22
2,4,4,2,4,4,3,3,3,4,4,3,4,4,2,3,3,21
4,3,4,4,4,4,4,3,3,2,4,4,4,2,4,3,4,22
4,3,3,4,3,4,3,2,4,4,2,4,4,3,4,3,2,17
4,2,1,2,2,4,2,4,3,4,3,4,4,3,3,4,4,22
4,4,4,2,4,4,4,4,1,2,4,3,4,2,2,1,1,23
2,4,2,4,3,2,3,4,4,3,3,4,4,4,2,2,2,17
2,1,3,3,4,4,4,4,4,4,3,3,4,3,3,4,1,17
4,4,3,4,4,4,2,3,3,3,4,4,4,4,4,4,3,23
4,2,4,4,4,4,4,2,4,4,3,4,4,3,4,4,3,25
2,4,4,4,3,3,4,4,3,4,4,3,3,4,4,3,4,22
3,4,1,3,3,4,4,3,4,4,2,4,3,2,4,4,4,24
4,4,3,4,2,3,4,4,4,4,4,3,3,4,1,4,1,24
2,4,3,3,4,3,4,2,1,3,4,4,2,4,2,3,3,25
3,4,4,3,3,2,4,3,3,4,4,4,3,2,1,4,4,16
2,4,3,3,3,2,4,4,2,4,3,4,3,4,4,4,3,18
4,3,3,4,4,4,3,4,4,4,3,4,3,3,3,4,1,19
3,4,4,4,4,3,1,4,3,4,4,3,4,3,4,4,4,19
4,1,4,3,4,4,3,4,3,4,3,4,3,4,4,4,4,25
4,3,3,3,3,4,4,4,4,4,1,4,4,4,4,3,3,22
4,3,2,4,4,4,1,4,3,1,4,4,4,2,4,3,4,18
4,4,3,4,4,3,4,4,3,4,3,3,4,4,4,4,3,23
4,3,2,4,4,4,4,4,4,4,2,3,4,3,4,4,4,20
3,2,4,4,3,4,4,4,3,2,4,4,4,4,2,2,3,19
4,4,1,2,2,4,3,3,4,1,4,4,4,3,3,3,3,19
3,4,1,2,3,1,4,4,2,1,3,2,4,4,4,2,4,18
3,4,4,2,3,4,4,3,4,4,3,3,3,4,4,4,4,25
3,4,1,4,3,4,3,4,3,4,3,4,4,4,2,3,4,20
4,4,4,2,4,2,2,3,4,4,4,4,3,3,4,4,3,20
3,4,4,4,3,3,3,3,4,4,4,3,4,4,3,4,4,16
3,4,4,4,4,2,3,4,1,4,2,2,3,3,3,3,2,21
2,4,2,3,4,4,4,4,4,1,4,2,1,4,1,4,4,22
3,4,3,4,4,4,4,2,3,4,2,4,4,4,1,3,3,25
3,4,3,3,3,3,3,3,3,4,4,4,3,3,4,3,4,17
3,2,2,4,3,4,3,3,4,2,4,3,2,4,4,4,3,21
4,4,4,2,4,2,4,4,3,3,3,4,4,2,4,4,4,21
2,4,3,3,2,3,2,3,4,3,4,3,2,1,4,4,4,22
3,4,2,4,3,4,4,4,2,4,4,3,4,1,4,4,3,17
4,3,2,1,4,4,2,4,3,4,4,3,3,3,4,1,3,17
4,4,2,4,3,4,4,4,4,4,4,4,2,4,3,2,4,19
4,4,3,4,4,4,1,1,4,4,3,4,1,4,4,4,3,22
3,4,4,2,4,4,4,4,2,4,3,4,4,4,4,3,4,25
4,3,4,3,3,4,4,4,3,4,4,1,4,3,4,1,3,16
4,2,3,3,1,4,2,2,2,3,4,4,2,3,4,4,4,23
4,3,4,3,4,1,4,3,4,4,4,4,3,4,3,4,4,21
3,4,3,3,4,3,1,2,4,3,1,2,2,3,3,4,3,20
4,2,2,4,4,3,4,3,3,4,4,2,4,4,4,3,4,22
3,4,4,2,2,1,2,2,4,3,4,3,3,3,1,3,4,21
3,2,3,4,4,1,2,4,4,3,1,3,4,2,2,3,3,18
4,2,2,4,4,1,4,4,3,4,4,4,4,2,3,4,3,25
4,3,4,3,4,2,2,3,4,3,3,4,2,4,3,2,2,17
2,3,4,4,4,3,4,4,4,4,4,4,1,1,3,4,4,18
3,3,3,3,3,4,4,4,2,3,4,3,4,2,4,3,2,18
3,3,2,4,3,3,3,2,3,3,4,3,4,3,4,3,4,24
4,4,1,4,3,4,4,3,4,4,4,2,2,2,4,4,1,20
3,4,4,3,2,4,4,4,4,4,1,1,4,3,2,4,4,19
4,2,2,4,3,3,2,3,3,2,4,2,4,3,3,3,2,20
4,3,4,2,2,3,2,3,3,3,4,4,4,3,1,3,3,23
4,4,3,2,4,4,4,4,4,4,3,4,4,3,4,2,4,18
4,3,2,3,3,4,3,4,1,2,3,2,3,2,3,4,3,20
2,4,3,4,4,2,4,4,4,4,1,3,4,4,4,3,4,22
3,2,1,4,4,4,2,2,4,4,3,4,4,4,4,4,3,25
4,4,1,4,4,2,2,4,4,4,4,2,3,4,3,3,4,20
4,4,3,2,3,4,4,4,1,3,4,4,4,4,1,3,3,18
2,4,3,4,4,4,2,3,3,3,4,4,4,4,4,4,2,24
4,4,4,4,2,3,4,4,4,4,4,2,3,4,3,3,1,16
2,4,1,4,3,4,3,2,3,4,4,4,3,4,3,4,2,24
4,4,3,4,3,4,4,4,4,2,3,2,4,1,4,4,3,20
4,4,3,1,4,2,4,3,4,3,2,4,3,4,2,3,4,19
4,3,4,3,3,4,4,3,3,3,4,3,4,4,4,4,2,25
4,4,4,3,3,3,3,4,2,4,4,4,4,2,3,4,3,16
4,4,4,3,3,1,2,4,4,3,3,2,3,4,4,3,3,20
4,4,4,3,4,4,2,4,3,4,2,3,4,4,4,3,4,21
3,4,2,4,4,1,3,4,2,4,3,4,4,4,3,3,4,25
4,4,3,4,3,4,3,4,2,3,3,3,4,4,3,4,4,25
3,2,4,3,4,4,4,4,3,2,3,4,4,4,3,4,4,25
1,3,4,3,4,2,3,3,2,4,3,4,3,4,4,3,4,17
4,3,3,1,4,3,2,3,4,3,3,4,4,2,4,2,4,18
4,4,4,3,4,3,4,3,4,4,2,3,2,4,4,1,4,20
3,2,3,1,3,4,3,3,2,4,4,2,4,4,4,2,4,16
4,2,4,3,3,3,3,3,2,4,3,3,4,3,2,3,4,19
4,4,4,4,2,2,4,4,3,4,2,4,4,4,4,4,4,23
2,4,4,4,2,4,1,2,4,3,4,3,4,3,2,4,3,19
4,4,3,2,4,2,1,4,1,4,2,4,4,3,4,3,4,18
4,4,3,4,2,2,2,4,3,3,1,3,4,4,2,2,2,23
4,3,4,4,3,3,4,1,4,3,2,3,4,4,2,4,1,24
4,3,3,4,4,4,4,2,3,3,4,2,4,4,4,3,4,20
4,4,1,2,2,3,3,4,3,3,4,4,3,3,2,4,4,21
4,4,4,3,4,4,4,4,4,4,3,3,2,4,2,4,4,25
4,4,4,3,3,4,4,3,3,4,3,3,4,2,4,2,4,19
4,4,4,4,1,3,3,2,2,4,2,2,4,3,2,4,4,18
2,4,3,4,4,3,3,2,2,4,4,2,2,3,3,4,1,16
3,3,2,4,3,4,4,2,3,3,4,4,3,4,2,4,4,22
4,3,3,4,4,4,4,4,4,4,1,4,4,4,4,4,4,20
4,4,1,2,4,3,4,3,4,4,3,2,4,3,3,4,4,24
3,4,4,3,2,3,3,1,3,4,3,4,2,3,4,4,1,19
4,3,4,4,3,2,4,4,4,4,2,4,4,4,3,3,2,25
4,4,2,3,4,3,4,3,3,2,4,2,2,4,4,2,2,23
4,4,4,4,4,2,3,4,3,4,3,3,3,3,2,3,3,25
2,4,4,3,3,3,3,4,4,4,4,2,2,2,4,4,4,23
4,4,1,2,4,4,4,4,4,4,2,4,4,4,3,3,4,21
3,3,4,3,3,4,1,4,4,2,3,4,4,4,4,1,3,19
4,4,4,4,4,3,4,4,3,4,3,2,3,4,3,4,3,23
4,4,2,3,3,4,4,3,2,4,4,4,2,4,4,4,4,22
2,3,4,3,4,2,3,3,1,1,2,3,3,1,4,4,4,18
2,3,4,4,4,4,4,4,4,3,4,4,4,2,4,4,2,20
3,1,2,4,3,3,4,4,3,4,1,3,1,4,3,3,2,20
4,4,4,4,4,4,3,2,4,1,4,4,4,3,4,4,4,20
4,1,4,4,3,4,4,4,4,3,2,4,4,4,4,3,4,19
4,1,4,4,4,2,4,4,1,4,2,3,3,4,4,4,3,25
4,4,3,4,3,4,3,2,2,3,4,3,4,4,2,4,4,22
3,3,4,2,4,3,4,1,3,3,4,2,3,2,4,4,3,22
4,4,2,3,3,3,4,2,4,2,2,4,4,4,4,3,2,20
2,2,4,3,2,4,4,4,4,4,4,3,4,4,3,3,2,22
3,3,4,4,2,4,4,4,4,3,3,4,3,3,3,4,3,20
4,4,4,3,2,2,3,3,4,4,4,4,3,1,2,4,3,17
4,4,2,2,1,3,2,4,2,2,3,3,4,1,4,2,2,24
3,4,3,3,3,4,3,4,2,4,2,3,4,3,4,4,4,16
4,4,1,4,3,4,4,3,2,4,4,4,1,3,2,2,4,19
4,3,2,2,4,4,4,3,4,3,3,3,4,4,3,4,3,22
4,2,4,4,3,4,4,4,3,4,4,3,4,3,4,4,4,20
4,4,3,3,4,4,4,4,3,1,4,4,3,3,2,2,3,23
3,4,4,4,3,2,3,3,2,4,4,3,4,2,2,3,3,22
4,1,4,4,4,2,3,3,2,4,3,4,4,1,4,4,4,19
1,1,4,3,4,2,3,4,4,4,3,3,4,3,3,4,4,20
3,4,3,3,4,4,3,4,3,1,3,4,4,4,3,4,3,21
2,3,4,4,3,2,4,4,4,4,4,4,1,4,2,4,4,17
4,4,4,3,3,3,3,3,4,1,4,4,3,3,3,3,4,16
4,4,2,4,1,4,4,3,4,4,3,4,3,3,3,4,4,17
4,4,4,4,3,4,3,4,3,3,3,3,4,4,3,4,1,20
4,4,3,4,2,4,4,4,3,3,2,4,4,4,4,2,3,21
3,2,1,3,2,3,4,3,4,4,4,4,4,1,4,1,3,21
3,4,4,4,4,4,4,3,4,4,1,2,4,4,4,4,3,16
2,2,4,4,4,2,3,2,4,4,4,2,3,4,4,4,4,17
4,2,2,3,4,2,3,2,3,4,3,4,2,3,4,4,4,19
4,4,1,2,3,3,4,2,3,2,2,4,4,4,4,2,4,24
3,2,4,2,4,4,4,3,3,4,4,3,4,4,4,2,4,22
1,2,1,4,4,3,4,3,3,4,4,3,4,4,2,3,4,18
3,4,4,4,3,4,2,4,3,3,4,3,2,4,4,4,4,22
4,4,4,4,4,3,4,2,1,2,4,4,3,4,4,4,3,24
4,4,2,4,3,2,4,4,4,3,4,3,4,4,4,4,4,25
4,2,4,4,4,4,1,4,3,3,2,3,2,2,4,4,2,17
4,3,3,3,4,3,4,3,2,4,4,3,4,4,4,4,2,24
4,3,1,4,3,2,3,4,3,4,2,4,3,4,2,3,4,16
3,4,4,4,4,3,4,4,4,4,4,3,4,1,4,4,4,17
4,4,2,4,4,4,4,3,4,4,1,4,4,2,2,4,1,16
4,4,2,3,3,4,4,4,4,4,2,4,4,2,3,4,4,17
4,3,3,3,4,4,4,2,4,3,3,4,3,4,4,3,3,23
2,2,4,3,3,3,3,1,3,4,2,3,2,4,4,3,4,24
2,4,2,2,4,4,3,3,4,3,3,3,1,4,4,4,2,23
4,3,4,4,2,2,1,4,3,4,2,2,4,2,3,4,4,20
4,4,2,4,3,4,3,4,4,4,3,2,4,3,4,4,4,22
4,4,3,4,4,3,4,4,1,4,4,4,3,4,2,2,4,24
4,4,3,4,3,4,4,3,3,4,4,4,4,2,1,1,2,18
4,1,4,2,3,4,4,4,4,3,3,3,4,4,3,4,3,18
4,3,4,4,3,3,2,4,2,4,4,4,4,3,4,3,4,24
4,3,3,3,4,4,4,3,4,4,4,4,4,3,3,4,4,16
2,4,3,4,2,4,1,3,4,4,1,4,4,4,3,4,3,19
4,4,4,3,4,4,3,4,4,3,4,4,3,4,1,1,3,16
4,4,3,4,3,2,4,4,3,3,3,4,3,4,4,1,2,19
3,4,4,2,2,2,3,2,3,3,3,4,4,4,3,3,2,16
3,4,3,2,4,2,3,4,2,4,4,1,4,4,2,4,4,23
3,4,3,4,3,1,4,3,2,3,3,4,4,4,3,4,2,17
3,2,3,4,2,4,4,3,4,2,3,4,4,1,3,2,2,18
4,3,2,4,3,3,2,4,3,3,4,3,2,1,1,3,4,22
4,4,4,4,3,4,3,4,1,3,3,2,4,4,4,4,4,20
4,4,4,3,3,3,4,2,2,3,3,3,4,3,4,4,3,20
2,1,1,3,4,4,4,4,2,3,3,3,2,4,4,4,3,21
4,3,3,2,4,3,2,4,4,4,2,3,4,3,4,4,3,23
4,3,4,3,3,3,1,3,4,4,4,4,3,3,3,4,3,16
4,1,2,1,4,2,3,4,3,1,4,4,3,4,4,2,4,21
3,4,4,4,3,4,2,4,2,4,4,2,3,3,4,4,3,23
2,4,1,1,4,3,4,3,3,3,3,3,4,4,4,4,3,20
4,4,2,4,4,4,2,2,4,4,4,3,2,3,4,4,1,24
3,3,3,2,4,4,4,2,3,1,4,3,2,2,4,3,2,24
2,4,4,4,3,4,1,4,1,4,2,4,1,4,4,4,2,17
4,3,4,2,3,4,4,4,4,3,4,4,1,3,3,3,2,24
3,2,3,4,4,2,4,4,4,4,4,4,2,4,4,4,3,20
4,4,1,3,3,1,1,3,4,2,4,3,4,4,1,4,4,17
4,3,3,3,2,3,2,4,3,3,4,2,4,4,3,3,4,24
4,3,3,3,4,4,4,4,4,4,2,2,2,3,3,3,4,23
4,2,3,3,4,3,3,4,3,1,3,2,4,3,3,4,4,22
1,4,4,3,1,4,3,2,3,2,2,2,4,3,3,3,4,24
3,3,2,4,4,4,4,3,2,3,2,4,3,3,4,4,2,21
3,3,3,4,4,4,3,4,4,4,4,3,2,4,4,4,2,24
4,3,2,3,4,4,4,4,4,4,4,4,4,4,4,2,4,16
4,3,4,2,4,3,3,2,2,3,4,3,4,3,3,4,2,21
3,4,3,1,4,4,1,3,1,4,4,4,4,3,4,2,4,21
4,4,4,4,4,1,4,3,2,3,1,3,4,3,4,4,2,23
4,3,3,4,4,3,4,3,4,4,3,3,4,1,4,4,2,25
3,4,4,4,4,4,4,3,3,3,3,4,4,3,4,4,4,25
3,2,4,4,4,3,3,4,4,3,3,4,3,4,3,3,4,16
3,4,4,4,3,4,4,4,2,3,4,4,2,3,4,2,4,19
1,4,4,2,3,3,4,4,3,4,4,4,4,4,3,3,3,19
4,3,3,3,4,4,3,3,4,4,3,2,2,4,4,4,3,22
4,3,2,4,3,4,3,4,3,3,4,4,4,4,3,4,4,20
4,4,2,4,4,4,4,2,4,2,4,2,4,4,4,2,3,21
2,3,2,3,3,3,4,3,4,3,4,4,4,3,4,3,4,23
4,3,4,4,4,2,4,3,4,4,4,4,4,4,2,4,3,21
4,4,4,4,4,1,3,4,4,3,4,3,1,1,2,3,3,25
3,2,3,3,3,4,2,2,1,2,4,3,4,4,3,4,4,25
3,4,2,4,3,2,3,3,2,3,4,3,4,2,4,4,1,25
2,4,2,3,2,4,2,4,4,4,4,3,4,4,4,4,4,20
3,3,3,4,3,4,4,1,4,4,4,4,3,2,1,3,4,20
3,3,2,4,4,3,3,4,4,2,4,4,2,3,4,3,4,24
4,3,4,3,2,2,3,4,4,3,4,3,4,4,4,1,3,23
2,3,3,1,3,4,4,4,4,3,2,3,4,3,2,2,2,16
3,3,3,4,4,4,2,4,3,2,3,2,2,4,4,3,4,22
4,3,3,2,4,2,3,3,3,4,4,3,2,4,2,3,4,25
4,4,2,4,3,2,4,3,4,3,3,3,4,4,4,3,3,22
1,3,2,4,3,3,4,4,3,3,4,3,4,1,2,4,2,16
3,4,3,3,4,3,3,4,4,4,4,4,3,3,3,1,1,21
4,3,3,1,4,4,3,3,2,4,3,2,4,3,3,3,3,18
3,4,3,3,4,4,3,3,4,3,4,3,4,4,3,3,4,16
4,3,4,4,4,3,1,4,1,4,1,4,4,4,4,4,4,23
4,4,4,4,3,4,4,3,1,4,2,3,4,4,4,3,4,23
4,3,4,4,3,3,4,2,4,3,4,4,4,3,4,4,4,25
4,4,4,3,2,4,4,4,4,1,3,4,3,4,2,4,4,18
2,4,4,3,4,4,4,4,4,3,3,3,4,4,3,4,3,18
3,4,3,2,3,4,3,4,4,4,3,4,3,4,3,4,3,21
3,4,1,3,4,3,4,3,4,4,3,2,2,3,3,3,4,25
3,4,3,2,1,4,4,4,3,4,3,3,3,2,4,4,4,19
3,1,3,2,3,4,4,3,4,4,3,4,3,2,4,2,3,19
2,3,4,3,1,1,4,4,4,2,2,4,4,4,4,3,4,16
1,4,2,2,4,4,4,2,2,3,4,4,2,2,4,4,2,17
4,3,3,4,4,3,4,2,4,3,4,4,2,4,1,4,2,23
3,4,4,4,4,2,3,4,3,4,4,3,3,2,4,3,4,22
3,3,3,4,3,3,4,3,3,4,4,2,3,4,3,2,3,20
2,4,4,4,4,3,4,3,4,4,3,4,4,2,3,3,2,22
4,3,2,4,4,2,4,3,1,2,4,4,4,4,3,4,3,22
3,4,2,4,2,4,4,3,3,4,3,3,4,4,2,3,3,19
4,2,4,2,4,3,4,3,4,2,4,1,4,1,3,4,3,25
2,4,2,2,3,2,2,2,4,3,1,3,3,4,4,3,4,24
4,3,3,4,4,1,4,2,1,3,4,4,3,3,4,4,2,25
3,4,2,3,3,4,4,2,4,4,4,3,2,3,1,3,2,18
3,4,3,2,3,3,3,4,4,2,2,2,4,3,3,4,3,18
4,4,4,4,4,4,4,3,1,4,3,4,3,4,4,4,3,19
3,2,4,4,3,4,2,4,3,3,3,2,3,4,4,4,4,21
3,2,2,4,2,4,2,4,4,2,4,4,4,4,3,3,2,17
4,2,4,1,2,3,4,2,3,4,4,2,4,4,4,4,4,21
2,4,3,2,4,4,3,2,3,4,2,4,3,2,4,4,2,21
4,2,4,3,4,2,4,3,3,4,3,4,4,2,3,4,4,16
3,4,4,2,1,4,4,3,2,1,3,3,1,4,3,3,3,23
4,1,2,4,4,4,1,3,2,2,1,3,4,1,4,4,4,21
2,3,4,4,4,4,4,2,4,3,1,4,3,3,2,4,3,16
3,3,4,2,1,3,3,3,4,4,4,2,4,3,2,4,3,20
4,4,4,3,4,3,4,4,3,3,4,1,3,4,3,4,4,17
2,4,4,2,1,1,4,3,1,4,4,4,4,4,4,2,4,16
3,4,4,4,3,3,2,2,4,4,3,4,4,4,4,3,4,19
3,3,3,3,3,4,3,2,2,4,4,3,3,2,4,2,2,24
4,3,3,3,2,2,2,4,1,4,4,4,2,1,4,4,1,16
3,3,4,4,4,4,4,4,3,2,3,4,3,3,3,4,4,17
2,4,2,3,4,2,1,3,4,4,3,3,4,3,2,4,3,23
3,4,4,4,3,4,4,2,3,4,3,1,2,4,4,2,4,16
4,3,3,4,4,3,2,4,2,3,1,4,4,2,1,4,2,25
4,4,2,4,3,3,4,4,4,4,4,2,2,3,4,2,4,18
4,1,3,3,3,3,1,1,3,4,3,4,3,3,4,3,1,18
4,2,3,4,1,4,4,4,4,4,3,3,3,4,4,4,3,22
2,4,2,4,4,4,2,4,4,4,2,2,4,4,2,1,3,17
2,3,4,3,4,3,3,2,4,4,2,4,4,3,4,4,4,21
4,3,3,3,4,4,4,3,3,2,4,1,2,4,4,3,4,18
4,4,3,3,4,4,4,1,4,4,4,4,4,4,4,4,4,16
4,4,4,2,2,4,4,3,3,2,4,3,1,4,4,4,3,20
2,4,2,4,4,4,4,3,3,4,4,3,4,3,4,4,4,18
3,4,3,4,3,1,4,3,1,3,4,4,4,4,4,2,4,17
3,4,4,4,3,4,3,4,4,3,2,4,4,3,4,4,3,19
1,3,4,3,3,4,3,4,1,4,4,2,3,1,3,4,4,24
4,3,4,1,3,4,2,4,4,3,4,3,4,3,3,3,4,19
4,3,4,3,4,4,2,4,3,4,4,4,3,2,3,4,2,23
2,4,3,3,3,4,4,4,3,1,4,4,4,4,4,4,4,17
2,4,4,4,1,2,3,4,4,4,3,4,4,4,3,4,1,21
3,2,3,2,2,4,4,4,4,3,4,3,3,4,2,4,4,19
2,1,4,3,3,4,4,2,4,1,4,3,4,4,3,2,3,19
4,3,2,3,4,4,4,1,4,2,4,4,4,1,3,3,4,23
2,2,4,4,3,2,4,4,4,2,4,3,3,3,3,3,3,22
4,4,3,4,4,3,4,4,2,1,3,2,4,4,3,1,3,20
3,4,3,1,1,2,3,4,3,2,4,3,3,4,2,4,3,24
3,4,3,4,3,4,1,4,4,4,3,3,3,3,4,3,4,20
2,4,4,4,4,3,4,2,3,3,4,4,4,1,4,4,4,22
3,4,4,4,4,3,2,4,2,4,4,3,4,4,2,4,4,16
2,4,4,4,4,3,2,2,3,4,3,2,2,4,4,4,2,20
4,3,4,4,3,3,4,4,4,3,4,3,3,4,3,1,4,24
3,2,4,4,4,4,4,4,3,3,3,3,4,3,4,4,4,20
4,4,3,4,4,4,3,3,4,1,4,3,3,3,2,4,4,16
4,3,4,4,4,1,4,4,1,4,2,4,4,4,4,4,3,22
4,4,4,4,4,2,4,4,2,4,2,3,4,1,2,2,2,24
4,3,4,4,3,3,3,3,4,4,2,3,4,3,4,3,4,22
3,4,4,3,4,4,4,4,3,4,2,4,4,1,3,4,4,16
3,4,3,3,2,4,2,4,2,2,2,1,4,4,3,3,4,20
4,4,3,4,2,3,4,4,4,4,3,4,3,3,4,3,4,21
3,4,3,3,2,2,3,2,3,4,4,2,3,4,3,3,3,17
4,3,2,4,4,4,3,4,3,2,3,4,3,4,4,3,4,22
3,4,3,3,4,2,3,2,1,3,4,4,4,3,3,1,2,24
4,4,4,4,1,2,4,4,3,4,4,2,4,3,4,4,2,17
1,3,4,2,4,4,1,3,4,2,4,4,3,4,4,3,4,21
2,4,3,3,4,3,4,3,4,2,4,2,3,4,4,4,2,23
3,2,3,4,3,4,4,4,3,2,4,2,3,3,3,3,2,17
4,2,4,4,3,4,4,3,2,2,4,1,4,4,1,4,3,16
3,3,3,4,2,3,4,3,1,2,3,3,4,3,4,3,4,24
3,4,4,3,3,4,4,4,4,3,4,3,3,3,3,4,3,19
3,3,3,4,2,3,3,3,4,4,3,3,4,4,2,3,3,25
2,1,1,4,4,3,4,4,4,1,4,4,3,3,4,1,4,18
3,4,4,3,4,3,1,4,4,4,4,2,3,2,2,2,4,24
4,4,4,3,2,3,4,4,3,3,3,4,4,2,3,1,3,20
1,4,4,4,3,4,3,2,3,2,4,2,4,4,4,4,3,25
4,4,4,2,3,4,3,4,3,4,3,2,4,4,4,3,2,22
2,1,3,3,3,1,4,3,1,4,3,4,3,1,4,4,4,22
4,4,4,4,3,3,2,3,4,4,2,4,3,4,4,3,4,17
3,2,2,4,3,3,3,3,3,3,3,4,4,4,4,4,1,19
4,4,4,4,4,4,4,4,2,3,3,2,4,1,4,1,3,20
3,4,1,3,3,3,1,3,4,3,4,4,2,3,3,4,3,25
4,2,4,2,4,4,4,4,4,2,2,3,4,4,4,3,4,19
4,4,2,4,3,4,4,4,4,4,4,4,4,3,4,4,3,16
4,4,3,4,2,3,3,4,4,3,3,4,3,1,2,3,4,25
4,4,3,4,1,2,2,4,3,4,3,3,4,4,4,4,4,24
4,4,4,4,2,4,4,4,4,2,4,4,2,3,2,3,2,22
4,3,3,4,4,4,4,4,2,3,1,4,3,4,4,1,4,20
3,3,3,2,3,4,4,4,3,3,3,3,1,4,4,3,4,20
4,4,4,3,2,4,3,1,3,3,3,4,4,2,3,4,4,25
4,1,4,3,4,2,3,3,4,4,2,3,3,4,4,4,3,17
4,3,4,3,4,2,4,3,4,4,2,4,4,4,1,4,3,23
2,4,3,3,4,4,1,3,3,3,4,4,3,2,2,1,4,19
3,4,4,3,3,2,1,4,4,3,4,4,4,4,4,4,4,18
3,3,4,4,4,4,2,4,3,4,3,4,4,4,4,4,3,17
3,2,4,3,1,3,4,3,4,3,4,4,4,3,3,4,4,19
4,2,2,4,4,4,4,3,4,4,3,4,4,2,3,2,2,22
2,3,3,3,4,3,4,4,2,3,2,3,2,3,3,4,4,20
2,3,2,3,4,3,2,4,4,4,4,4,3,4,3,3,3,22
3,4,1,4,1,2,2,3,4,3,3,3,2,3,2,4,4,20
4,4,4,3,4,4,1,2,2,3,3,3,4,3,1,4,4,24
4,4,4,2,3,4,4,3,2,2,4,4,3,4,4,1,4,21
4,4,4,2,2,3,4,4,4,4,3,4,4,3,3,3,3,21
4,3,2,2,3,3,3,4,3,3,4,3,2,3,3,3,4,17
3,4,4,4,4,4,3,4,4,4,4,2,4,3,4,3,2,20
4,4,4,4,4,4,3,2,2,3,3,4,3,4,4,3,3,22
4,4,4,4,3,4,3,4,4,4,3,4,4,3,3,2,4,21
4,2,2,3,4,4,3,2,3,4,3,2,4,4,2,4,4,22
3,4,3,4,2,4,4,2,4,3,4,4,4,3,3,3,3,25
4,4,4,4,2,4,3,1,3,3,1,3,4,4,3,4,4,17
4,2,4,4,3,4,2,4,3,3,4,4,4,4,3,3,4,25
4,2,3,2,2,3,2,4,4,1,3,4,4,4,3,4,4,17
4,2,1,4,2,1,4,4,4,4,3,3,3,4,3,4,4,20
4,3,4,1,3,3,4,4,4,3,4,4,4,3,4,4,4,17
3,3,3,4,4,3,3,4,2,4,4,4,3,3,3,4,2,24
3,4,2,4,1,3,3,3,4,4,3,4,4,4,3,4,4,25
1,4,4,4,3,4,4,4,4,4,3,4,1,2,3,3,1,19
3,4,4,4,3,3,4,3,2,4,3,4,4,1,3,2,4,22
4,4,3,3,3,4,4,4,3,4,4,4,4,4,4,3,4,20
4,2,3,3,3,2,4,4,4,3,4,2,4,3,3,3,4,22
4,4,2,2,2,3,2,4,3,1,4,3,4,2,2,4,3,17
4,4,3,3,4,3,4,3,4,1,4,3,4,4,2,3,4,18
4,4,3,3,2,2,3,1,4,4,4,2,4,4,3,4,4,18
4,4,4,2,3,4,4,4,2,2,4,3,4,3,4,3,4,23
2,2,4,2,3,4,2,4,4,4,4,4,2,4,3,4,4,17
3,4,4,4,4,3,4,4,3,4,4,4,3,4,4,4,3,25
4,4,4,4,4,1,4,4,3,4,3,2,3,4,4,2,4,23
3,4,4,4,2,3,4,4,2,4,3,4,3,2,4,4,4,16
3,2,4,3,4,3,2,4,4,1,4,2,3,3,2,4,2,17
4,4,4,3,4,4,4,4,2,4,4,4,3,4,4,2,3,16
4,3,2,4,4,3,4,4,4,4,2,2,4,4,2,3,3,19
4,4,4,4,4,4,4,4,3,4,4,4,3,4,4,4,2,20
4,3,4,4,3,4,4,4,3,4,2,3,4,4,4,3,2,18
2,4,4,3,4,3,2,3,4,2,2,4,3,3,2,3,4,25
4,3,3,2,3,4,4,4,2,4,4,2,2,4,3,3,3,23
2,4,4,3,3,4,4,4,4,4,4,4,4,2,2,4,2,16
3,4,4,4,3,1,3,2,4,4,4,4,4,3,3,2,2,16
3,2,2,4,4,4,3,1,3,3,4,4,4,2,2,3,4,24
3,4,4,3,2,4,2,3,3,3,4,4,4,3,1,3,3,24
4,3,3,4,4,2,4,3,4,2,3,2,3,2,3,4,3,19
3,4,4,4,4,3,4,4,3,3,2,4,3,4,4,2,4,17
3,4,2,3,1,3,3,4,4,3,4,3,4,2,2,4,3,20
2,4,4,4,4,4,1,4,2,2,2,2,4,2,4,4,4,21
2,3,4,4,3,2,4,3,1,4,2,2,3,2,2,3,2,17
3,2,3,4,4,3,3,4,4,3,4,4,4,1,4,3,4,22
4,4,4,4,3,4,4,4,4,4,4,3,3,4,1,3,4,24
3,1,4,2,4,3,3,3,2,2,4,4,4,3,4,4,4,16
3,3,4,4,3,2,2,2,4,4,3,3,3,4,4,4,1,24
4,4,4,2,4,2,4,2,4,4,4,4,4,4,2,1,4,18
4,2,4,4,4,4,4,2,4,3,4,1,4,3,3,4,4,16
4,3,2,3,3,4,4,4,4,4,4,3,4,3,4,4,3,17
4,4,3,3,4,4,4,3,1,3,3,2,4,4,1,4,2,25
2,3,4,3,3,2,3,3,4,2,4,4,4,4,2,2,2,23
2,3,3,4,4,4,4,2,4,4,3,4,4,4,3,4,2,25
3,3,1,2,2,3,3,4,4,4,4,4,4,3,3,4,4,17
4,3,1,4,4,3,4,3,3,4,4,3,4,3,2,3,4,19
3,3,4,4,3,2,4,4,1,1,2,4,1,4,4,3,4,19
4,3,4,3,4,2,4,4,4,4,3,4,4,3,4,4,1,19
3,3,4,2,4,2,3,3,4,4,4,4,3,3,4,4,2,16
4,2,3,2,2,4,3,2,2,2,4,3,2,4,3,1,4,25
3,4,2,4,4,4,2,2,4,3,4,4,3,4,3,4,4,16
2,4,2,3,4,4,3,2,4,2,2,4,1,3,3,4,4,19
4,2,4,4,3,3,4,4,1,4,4,4,4,4,2,2,3,23
4,4,4,4,2,4,4,2,4,1,3,3,3,4,1,4,4,16
2,4,4,4,4,4,1,4,4,4,4,3,4,2,3,4,3,22
3,3,3,3,4,3,4,4,4,3,3,3,4,2,4,1,3,24
4,3,4,4,4,3,2,2,2,4,4,4,4,3,4,4,4,22
2,3,3,3,3,3,4,3,4,4,3,2,4,3,4,3,2,22
1,1,3,4,3,1,1,4,4,3,4,3,4,2,4,4,2,25
4,4,3,4,3,4,2,3,4,4,4,4,4,4,4,4,4,23
1,4,3,2,1,2,3,3,2,4,2,4,3,3,4,3,3,18
2,1,4,4,4,4,4,4,4,3,4,4,4,4,3,3,4,17
3,4,4,2,4,4,4,4,4,4,4,2,4,4,4,2,3,18
4,4,2,4,2,4,3,2,4,3,2,3,4,4,4,4,3,24
1,4,4,3,4,4,3,3,4,2,4,4,2,3,4,4,4,17
3,4,3,1,3,3,4,3,2,3,3,3,4,3,4,4,4,18
4,3,1,3,2,3,3,4,4,4,2,2,2,3,4,2,4,20
4,2,3,4,2,2,4,4,3,4,4,4,2,3,4,3,3,25
3,3,4,4,4,4,3,3,3,2,4,3,3,4,4,4,3,18
3,4,4,3,4,4,3,4,2,4,4,3,3,3,2,4,3,23
2,4,4,4,2,3,4,4,4,2,4,4,3,3,4,2,4,21
4,4,3,1,3,3,4,3,3,4,4,4,2,1,4,4,4,22
4,4,3,4,4,3,4,4,4,4,3,4,4,4,3,2,4,20
4,3,2,4,4,2,1,4,4,4,3,3,3,4,3,3,4,24
1,2,1,4,4,3,4,3,4,3,3,1,4,4,4,2,3,25
3,3,4,2,4,4,3,3,3,4,1,3,4,4,1,3,3,23
4,4,4,4,4,4,2,4,2,3,4,4,4,2,3,3,4,20
3,3,4,4,4,4,2,3,3,3,2,4,4,1,2,4,3,17
4,4,3,3,4,4,4,4,4,4,2,4,4,4,4,3,4,24
4,2,4,3,4,4,4,3,4,4,2,4,2,4,4,3,2,20
3,2,3,4,3,2,3,4,3,2,3,4,4,4,4,3,2,18
4,4,4,4,4,3,3,4,3,4,2,3,3,3,4,4,1,17
1,4,3,4,2,3,4,4,4,4,2,3,4,4,4,4,2,23
4,1,4,3,3,4,3,3,4,4,4,4,3,4,4,3,2,18
4,4,4,4,3,4,4,4,2,3,2,3,3,4,4,3,3,18
4,1,4,3,2,4,4,4,2,4,2,4,3,4,4,4,3,19
3,3,1,4,4,2,4,4,3,3,4,4,4,4,4,3,4,22
4,4,4,4,2,1,1,4,1,1,3,2,4,4,3,4,3,25
3,2,3,3,2,4,2,3,1,3,3,4,4,3,4,2,2,18
3,4,3,4,3,2,4,4,3,4,4,4,4,4,1,4,2,18
4,4,4,4,3,4,4,3,3,3,4,4,4,3,2,3,2,18
3,3,4,4,4,4,3,3,4,3,3,3,4,4,3,4,3,19
2,4,4,4,2,3,4,4,4,4,1,3,2,4,3,4,3,24
3,3,4,3,3,4,1,4,4,4,2,3,4,4,4,4,4,22
4,4,3,4,2,4,4,3,4,4,4,4,3,4,4,3,4,19
4,2,3,4,3,2,2,4,4,3,4,4,4,2,4,4,1,24
2,4,2,2,4,4,4,1,3,4,3,2,2,4,4,4,3,22
4,4,2,4,4,4,4,4,3,3,3,4,3,4,4,3,4,18
2,2,4,3,4,4,4,2,3,4,3,2,3,4,4,4,4,16
2,4,4,3,3,3,4,4,3,4,2,4,4,4,4,4,2,22
4,3,4,4,2,2,2,3,4,4,4,4,3,1,4,4,4,18
1,4,3,3,3,3,3,4,3,4,4,4,4,3,4,2,4,18
4,4,3,3,3,2,4,2,2,4,4,1,4,4,4,2,3,23
3,4,1,3,4,2,3,4,4,3,4,4,2,3,4,4,4,19
4,4,3,3,4,4,4,2,4,4,3,4,3,4,4,4,2,23
3,4,4,4,3,4,2,4,3,2,4,3,3,2,3,3,3,19
4,4,4,4,3,3,3,3,3,4,3,4,3,3,4,4,4,17
4,2,4,2,2,4,4,3,3,3,3,2,4,2,4,4,3,25
4,4,2,1,2,2,1,4,2,4,4,2,4,3,4,4,4,23
3,4,2,4,4,3,2,4,2,3,3,3,4,4,4,3,3,18
4,4,4,4,4,4,4,4,3,4,4,4,4,3,4,4,3,23
3,2,4,4,4,4,4,4,4,3,4,4,3,2,3,3,4,21
4,4,2,3,3,4,2,4,3,2,4,4,2,4,3,4,3,17
4,2,3,4,3,4,1,3,3,2,3,4,4,2,2,4,3,16
3,3,4,3,3,4,1,3,4,2,4,4,4,4,4,2,2,23
4,4,4,4,3,1,4,2,4,3,3,4,3,2,1,3,4,20
4,4,4,4,2,4,4,3,4,2,4,3,3,4,4,4,3,17
4,4,2,4,1,3,3,2,1,3,4,4,4,4,4,4,3,23
3,4,2,4,4,3,4,3,3,2,3,4,4,3,2,2,2,23
4,3,3,4,2,3,4,3,2,4,4,3,4,3,4,4,4,23
4,2,4,3,2,3,2,4,4,4,4,2,1,3,4,2,1,20
3,4,4,4,1,3,2,3,1,2,4,1,3,4,4,4,3,18
4,4,4,2,3,3,3,4,3,4,4,2,3,2,2,4,4,24
4,3,1,4,4,3,3,4,2,2,4,4,3,4,4,4,3,23
4,3,4,4,4,4,3,4,4,3,3,4,2,3,4,2,3,24
3,3,4,3,3,4,4,4,3,4,4,3,4,3,2,3,3,24
2,4,2,3,4,2,2,4,3,3,1,4,4,2,2,3,2,22
3,4,4,3,2,3,1,4,3,3,3,3,3,4,2,2,4,16
4,2,2,2,4,4,3,4,4,4,4,4,4,3,3,4,4,23
4,3,4,4,4,3,2,2,3,4,4,4,2,1,2,3,2,23
4,4,3,1,4,4,3,4,1,4,2,4,3,2,3,4,3,18
3,3,3,4,4,3,1,3,3,4,4,4,4,4,1,4,4,24
4,4,3,4,4,2,1,3,4,4,2,3,3,4,4,3,3,17
4,4,4,4,4,4,3,3,1,4,4,2,4,2,1,4,3,24
3,4,3,2,4,3,3,4,4,3,4,4,1,3,3,4,4,22
4,2,4,2,3,4,4,3,4,3,4,4,4,4,2,4,4,25
1,3,4,3,2,3,4,3,1,4,3,3,4,1,4,4,4,17
4,4,2,4,4,3,4,3,1,4,4,4,3,4,2,4,3,18
4,4,4,1,4,4,4,4,4,3,4,4,3,3,4,2,1,17
3,2,3,4,3,4,4,3,3,4,4,4,3,3,2,3,3,17
3,4,4,2,4,3,4,4,4,2,4,3,4,3,4,2,2,23
3,3,3,2,2,3,2,4,4,3,4,3,2,3,3,4,4,23
4,3,2,3,2,4,3,4,4,3,2,1,4,4,3,3,3,23
4,3,4,4,3,3,4,3,4,4,3,4,2,3,4,4,4,21
2,1,3,4,2,4,4,4,3,4,3,4,4,1,4,4,1,21
3,4,4,3,1,3,4,4,4,3,3,4,4,3,4,4,4,21
3,3,4,4,4,4,3,4,4,4,4,4,3,4,2,4,3,19
4,2,4,3,4,4,4,3,2,2,3,2,4,4,3,1,3,16
4,4,4,3,3,2,4,4,2,3,3,4,3,4,4,4,4,22
4,4,3,4,4,4,3,3,3,4,3,4,4,3,3,4,4,16
3,4,4,4,3,4,4,4,2,4,4,3,4,3,4,3,3,16
3,3,4,1,4,4,3,4,3,2,3,3,4,4,4,4,3,19
3,4,2,4,2,1,3,4,2,4,3,4,4,4,4,4,2,21
2,1,3,4,4,2,4,4,4,4,4,2,4,4,3,2,3,22
2,4,3,4,4,2,4,3,3,4,4,3,3,4,4,4,4,23
4,4,3,4,3,4,4,3,3,4,4,4,4,4,2,4,4,23
4,4,3,4,1,2,4,4,2,4,4,3,4,3,4,3,3,24
2,3,3,4,4,4,3,4,4,4,4,1,3,4,4,4,4,25
4,4,4,4,4,2,4,4,2,4,3,4,4,4,4,2,4,25
4,4,4,4,4,2,1,2,2,3,4,4,3,4,1,4,3,25
3,3,1,3,4,4,4,2,3,4,3,1,3,4,4,4,4,18
4,4,2,1,4,4,3,4,4,4,3,4,3,3,4,4,2,25
3,4,3,4,2,4,4,3,3,3,4,4,4,3,3,3,4,21
3,2,4,3,4,4,4,2,4,4,4,3,3,3,3,2,3,21
4,3,4,3,3,4,4,3,1,4,4,4,3,3,1,4,1,20
1,4,2,4,3,4,4,2,4,4,2,3,4,4,2,3,4,17
3,4,1,1,3,4,3,2,2,4,4,4,4,4,4,4,4,18
2,3,3,3,4,3,4,2,4,4,3,1,4,3,4,2,1,25
4,4,4,4,3,3,1,2,2,4,2,4,3,3,2,3,4,19
3,2,4,3,3,4,4,3,3,2,2,3,2,3,2,4,4,19
3,4,2,4,4,4,4,4,4,4,4,4,3,3,4,4,3,21
4,3,4,3,4,4,4,1,4,3,4,2,3,2,2,4,4,24
3,2,4,3,4,2,4,3,3,2,4,2,4,1,4,4,1,18
4,4,3,3,2,3,1,3,4,4,3,2,3,3,4,1,2,17
4,4,4,4,4,3,4,4,4,3,4,3,4,4,3,4,4,25
1,3,4,4,3,3,4,4,2,4,4,4,4,2,2,3,4,17
3,2,4,4,4,4,3,4,3,2,4,4,4,4,4,4,4,19
3,3,2,4,4,4,3,2,4,4,4,3,4,4,3,4,2,23
4,4,4,4,4,3,2,4,3,4,3,4,4,4,4,4,3,16
4,4,2,3,3,3,2,4,3,4,3,4,4,4,4,4,2,21
4,4,4,3,3,3,3,1,4,4,2,3,4,3,4,3,3,17
1,2,2,4,4,4,4,3,3,4,2,3,4,3,4,4,3,25
4,3,4,3,4,3,2,4,2,4,4,3,4,4,4,4,3,16
2,4,4,4,3,4,4,4,1,3,3,1,3,4,3,4,3,19
3,4,4,2,4,4,4,1,4,3,1,4,3,1,3,4,4,22
4,4,3,2,1,3,4,4,4,4,4,2,4,4,3,3,4,17
4,4,3,4,3,4,2,2,2,2,4,4,3,3,4,4,2,23
4,3,4,4,2,2,4,2,3,3,4,2,4,4,4,3,3,23
2,4,2,3,4,3,4,4,3,2,3,3,2,1,3,4,3,24
4,4,3,4,4,4,4,4,2,1,4,4,4,2,3,4,2,22
2,3,4,4,4,2,3,3,4,4,3,4,4,2,3,4,4,19
4,4,4,2,3,1,3,4,1,4,1,4,3,3,2,3,3,21
4,3,4,3,4,3,4,4,2,2,3,3,3,4,4,2,4,18
3,4,4,4,4,3,4,2,4,4,2,2,4,4,4,4,3,21
4,1,4,4,4,3,4,3,4,4,4,3,3,3,2,4,3,19
3,1,4,2,2,3,4,3,4,3,4,4,2,3,3,3,3,19
4,3,4,4,4,4,4,4,2,4,4,1,1,4,3,4,4,21
4,2,3,3,3,2,3,2,4,3,4,3,3,2,3,4,2,21
4,4,3,4,4,4,3,2,3,4,1,3,3,3,4,4,4,20
4,4,4,4,4,4,2,3,4,3,4,3,3,4,3,4,3,23
4,4,2,4,2,4,4,4,4,3,4,4,4,4,4,4,4,25
2,3,4,4,4,1,3,3,4,4,3,4,3,3,4,2,4,22
3,2,3,3,3,3,4,4,4,4,4,4,4,4,4,3,4,22
3,4,3,4,3,3,4,2,1,3,4,4,4,4,4,3,4,21
4,3,4,4,4,3,4,3,3,3,2,3,3,4,4,4,2,23
2,4,4,4,4,4,3,4,4,4,1,4,2,4,4,4,4,17
4,4,4,4,1,3,3,3,4,4,3,3,4,4,1,3,3,23
1,4,4,2,4,3,4,4,4,4,2,3,3,4,4,4,4,21
4,2,3,4,4,4,3,1,4,1,3,4,4,4,4,4,4,16
2,1,4,4,4,4,3,3,4,2,3,4,2,4,4,4,3,23
2,3,2,4,4,3,2,4,2,3,1,4,3,3,3,3,4,23
4,2,3,4,4,3,2,4,4,4,3,4,2,3,2,4,4,20
